variant,backend,bandwidth_hz,rate,link,channel,snr_db,snr_reference,pipe,ramp,bytes,seconds,goodput_bps,ideal_bps,efficiency,mode_min,mode_max,mode_final,mode_changes,bursts,frames_sent,frames_resent,harq_rescues,ack_timeouts,ok,wall_s
beta.52,sim,2300,,,awgn,-18.0,average,fading,,2000,608.9,26.3,35.8,0.734,0,0,0,0,16,96,0,0,0,1,0.0
beta.52,sim,2300,,,awgn,-18.0,average,fading,,2000,618.2,25.9,35.8,0.723,0,0,0,0,17,97,1,0,0,1,0.0
beta.52,sim,2300,,,awgn,-18.0,average,fading,,2000,616.7,25.9,35.8,0.724,0,0,0,0,17,97,1,0,0,1,0.0
beta.52,sim,2300,,,awgn,-18.0,average,fading,,2000,608.1,26.3,35.8,0.735,0,0,0,0,16,96,0,0,0,1,0.0
beta.52,sim,2300,,,awgn,-18.0,average,fading,,2000,608.0,26.3,35.8,0.735,0,0,0,0,16,96,0,0,0,1,0.0
beta.52,sim,2300,,,awgn,-18.0,average,fading,,2000,607.7,26.3,35.8,0.735,0,0,0,0,16,96,0,0,0,1,0.0
beta.52,sim,2300,,,awgn,-18.0,average,fading,,2000,608.4,26.3,35.8,0.734,0,0,0,0,16,96,0,0,0,1,0.0
beta.52,sim,2300,,,awgn,-18.0,average,fading,,2000,606.3,26.4,35.8,0.737,0,0,0,0,16,96,0,0,0,1,0.0
beta.52,sim,2300,,,awgn,-18.0,average,fading,,2000,608.1,26.3,35.8,0.735,0,0,0,0,16,96,0,0,0,1,0.0
beta.52,sim,2300,,,awgn,-18.0,average,fading,,2000,609.1,26.3,35.8,0.733,0,0,0,0,16,96,0,0,0,1,0.0
beta.52,sim,2300,,,awgn,-18.0,average,fading,,2000,608.2,26.3,35.8,0.734,0,0,0,0,16,96,0,0,0,1,0.0
beta.52,sim,2300,,,awgn,-18.0,average,fading,,2000,606.7,26.4,35.8,0.736,0,0,0,0,16,96,0,0,0,1,0.0
beta.52,sim,2300,,,awgn,-18.0,average,fading,,2000,607.1,26.4,35.8,0.736,0,0,0,0,16,96,0,0,0,1,0.0
beta.52,sim,2300,,,awgn,-18.0,average,fading,,2000,607.7,26.3,35.8,0.735,0,0,0,0,16,96,0,0,0,1,0.0
beta.52,sim,2300,,,awgn,-18.0,average,fading,,2000,607.6,26.3,35.8,0.735,0,0,0,0,16,96,0,0,0,1,0.0
beta.52,sim,2300,,,awgn,-18.0,average,fading,,2000,615.8,26.0,35.8,0.725,0,0,0,0,17,97,1,0,0,1,0.0
beta.52,sim,2300,,,awgn,-18.0,average,fading,,2000,643.5,24.9,35.8,0.694,0,0,0,0,17,102,6,0,1,1,0.0
beta.52,sim,2300,,,awgn,-18.0,average,fading,,2000,607.9,26.3,35.8,0.735,0,0,0,0,16,96,0,0,0,1,0.0
beta.52,sim,2300,,,awgn,-18.0,average,fading,,2000,607.0,26.4,35.8,0.736,0,0,0,0,16,96,0,0,0,1,0.0
beta.52,sim,2300,,,awgn,-18.0,average,fading,,2000,607.1,26.4,35.8,0.736,0,0,0,0,16,96,0,0,0,1,0.0
beta.52,sim,2300,,,awgn,-18.0,average,fading,,2000,606.3,26.4,35.8,0.737,0,0,0,0,16,96,0,0,0,1,0.0
beta.52,sim,2300,,,awgn,-18.0,average,fading,,2000,616.3,26.0,35.8,0.725,0,0,0,0,17,97,1,0,0,1,0.0
beta.52,sim,2300,,,awgn,-18.0,average,fading,,2000,607.2,26.3,35.8,0.736,0,0,0,0,16,96,0,0,0,1,0.0
beta.52,sim,2300,,,awgn,-18.0,average,fading,,2000,616.6,25.9,35.8,0.724,0,0,0,0,17,97,1,0,0,1,0.0
beta.52,sim,2300,,,awgn,-18.0,average,fading,,2000,608.5,26.3,35.8,0.734,0,0,0,0,16,96,0,0,0,1,0.0
beta.52,sim,2300,,,awgn,-18.0,average,fading,,2000,607.0,26.4,35.8,0.736,0,0,0,0,16,96,0,0,0,1,0.0
beta.52,sim,2300,,,awgn,-18.0,average,fading,,2000,607.1,26.4,35.8,0.736,0,0,0,0,16,96,0,0,0,1,0.0
beta.52,sim,2300,,,awgn,-18.0,average,fading,,2000,609.0,26.3,35.8,0.733,0,0,0,0,16,96,0,0,0,1,0.0
beta.52,sim,2300,,,awgn,-18.0,average,fading,,2000,617.2,25.9,35.8,0.724,0,0,0,0,17,97,1,0,0,1,0.0
beta.52,sim,2300,,,awgn,-18.0,average,fading,,2000,617.3,25.9,35.8,0.724,0,0,0,0,17,97,1,0,0,1,0.0
beta.52,sim,2300,,,awgn,-14.0,average,fading,,2000,463.4,34.5,53.7,0.643,0,1,1,1,12,72,0,0,0,1,0.0
beta.52,sim,2300,,,awgn,-14.0,average,fading,,2000,452.4,35.4,53.7,0.658,0,1,1,1,12,70,0,0,0,1,0.0
beta.52,sim,2300,,,awgn,-14.0,average,fading,,2000,461.7,34.7,53.7,0.645,0,1,1,1,12,72,0,0,0,1,0.0
beta.52,sim,2300,,,awgn,-14.0,average,fading,,2000,462.6,34.6,53.7,0.644,0,1,1,1,12,72,0,0,0,1,0.0
beta.52,sim,2300,,,awgn,-14.0,average,fading,,2000,462.5,34.6,53.7,0.644,0,1,1,1,12,72,0,0,0,1,0.0
beta.52,sim,2300,,,awgn,-14.0,average,fading,,2000,462.2,34.6,53.7,0.644,0,1,1,1,12,72,0,0,0,1,0.0
beta.52,sim,2300,,,awgn,-14.0,average,fading,,2000,452.2,35.4,53.7,0.659,0,1,1,1,12,70,0,0,0,1,0.0
beta.52,sim,2300,,,awgn,-14.0,average,fading,,2000,460.8,34.7,53.7,0.646,0,1,1,1,12,72,0,0,0,1,0.0
beta.52,sim,2300,,,awgn,-14.0,average,fading,,2000,477.6,33.5,53.7,0.624,0,1,1,1,13,74,0,0,0,1,0.0
beta.52,sim,2300,,,awgn,-14.0,average,fading,,2000,463.6,34.5,53.7,0.642,0,1,1,1,12,72,0,0,0,1,0.0
beta.52,sim,2300,,,awgn,-14.0,average,fading,,2000,452.0,35.4,53.7,0.659,0,1,1,1,12,70,0,0,0,1,0.0
beta.52,sim,2300,,,awgn,-14.0,average,fading,,2000,476.1,33.6,53.7,0.625,0,1,1,1,13,74,0,0,0,1,0.0
beta.52,sim,2300,,,awgn,-14.0,average,fading,,2000,461.6,34.7,53.7,0.645,0,1,1,1,12,72,0,0,0,1,0.0
beta.52,sim,2300,,,awgn,-14.0,average,fading,,2000,462.3,34.6,53.7,0.644,0,1,1,1,12,72,0,0,0,1,0.0
beta.52,sim,2300,,,awgn,-14.0,average,fading,,2000,477.1,33.5,53.7,0.624,0,1,1,1,13,74,0,0,0,1,0.0
beta.52,sim,2300,,,awgn,-14.0,average,fading,,2000,475.7,33.6,53.7,0.626,0,1,1,1,13,74,0,0,0,1,0.0
beta.52,sim,2300,,,awgn,-14.0,average,fading,,2000,460.8,34.7,53.7,0.646,0,1,1,1,12,72,0,0,0,1,0.0
beta.52,sim,2300,,,awgn,-14.0,average,fading,,2000,477.3,33.5,53.7,0.624,0,1,1,1,13,74,0,0,0,1,0.0
beta.52,sim,2300,,,awgn,-14.0,average,fading,,2000,461.5,34.7,53.7,0.645,0,1,1,1,12,72,0,0,0,1,0.0
beta.52,sim,2300,,,awgn,-14.0,average,fading,,2000,476.6,33.6,53.7,0.625,0,1,1,1,13,74,0,0,0,1,0.0
beta.52,sim,2300,,,awgn,-14.0,average,fading,,2000,475.8,33.6,53.7,0.626,0,1,1,1,13,74,0,0,0,1,0.0
beta.52,sim,2300,,,awgn,-14.0,average,fading,,2000,476.2,33.6,53.7,0.625,0,1,1,1,13,74,0,0,0,1,0.0
beta.52,sim,2300,,,awgn,-14.0,average,fading,,2000,461.8,34.7,53.7,0.645,0,1,1,1,12,72,0,0,0,1,0.0
beta.52,sim,2300,,,awgn,-14.0,average,fading,,2000,476.5,33.6,53.7,0.625,0,1,1,1,13,74,0,0,0,1,0.0
beta.52,sim,2300,,,awgn,-14.0,average,fading,,2000,441.6,36.2,53.7,0.674,0,1,1,1,12,68,0,0,0,1,0.0
beta.52,sim,2300,,,awgn,-14.0,average,fading,,2000,476.4,33.6,53.7,0.625,0,1,1,1,13,74,0,0,0,1,0.0
beta.52,sim,2300,,,awgn,-14.0,average,fading,,2000,476.5,33.6,53.7,0.625,0,1,1,1,13,74,0,0,0,1,0.0
beta.52,sim,2300,,,awgn,-14.0,average,fading,,2000,463.6,34.5,53.7,0.642,0,1,1,1,12,72,0,0,0,1,0.0
beta.52,sim,2300,,,awgn,-14.0,average,fading,,2000,462.2,34.6,53.7,0.644,0,1,1,1,12,72,0,0,0,1,0.0
beta.52,sim,2300,,,awgn,-14.0,average,fading,,2000,477.2,33.5,53.7,0.624,0,1,1,1,13,74,0,0,0,1,0.0
beta.52,sim,2300,,,awgn,-12.0,average,fading,,2000,410.9,38.9,53.7,0.725,0,1,1,1,11,63,0,0,0,1,0.0
beta.52,sim,2300,,,awgn,-12.0,average,fading,,2000,410.7,39.0,53.7,0.725,0,1,1,1,11,63,0,0,0,1,0.0
beta.52,sim,2300,,,awgn,-12.0,average,fading,,2000,409.2,39.1,53.7,0.728,0,1,1,1,11,63,0,0,0,1,0.0
beta.52,sim,2300,,,awgn,-12.0,average,fading,,2000,410.2,39.0,53.7,0.726,0,1,1,1,11,63,0,0,0,1,0.0
beta.52,sim,2300,,,awgn,-12.0,average,fading,,2000,410.0,39.0,53.7,0.726,0,1,1,1,11,63,0,0,0,1,0.0
beta.52,sim,2300,,,awgn,-12.0,average,fading,,2000,409.8,39.0,53.7,0.727,0,1,1,1,11,63,0,0,0,1,0.0
beta.52,sim,2300,,,awgn,-12.0,average,fading,,2000,410.4,39.0,53.7,0.726,0,1,1,1,11,63,0,0,0,1,0.0
beta.52,sim,2300,,,awgn,-12.0,average,fading,,2000,408.4,39.2,53.7,0.729,0,1,1,1,11,63,0,0,0,1,0.0
beta.52,sim,2300,,,awgn,-12.0,average,fading,,2000,410.2,39.0,53.7,0.726,0,1,1,1,11,63,0,0,0,1,0.0
beta.52,sim,2300,,,awgn,-12.0,average,fading,,2000,411.1,38.9,53.7,0.724,0,1,1,1,11,63,0,0,0,1,0.0
beta.52,sim,2300,,,awgn,-12.0,average,fading,,2000,410.3,39.0,53.7,0.726,0,1,1,1,11,63,0,0,0,1,0.0
beta.52,sim,2300,,,awgn,-12.0,average,fading,,2000,408.7,39.1,53.7,0.729,0,1,1,1,11,63,0,0,0,1,0.0
beta.52,sim,2300,,,awgn,-12.0,average,fading,,2000,409.2,39.1,53.7,0.728,0,1,1,1,11,63,0,0,0,1,0.0
beta.52,sim,2300,,,awgn,-12.0,average,fading,,2000,409.8,39.0,53.7,0.727,0,1,1,1,11,63,0,0,0,1,0.0
beta.52,sim,2300,,,awgn,-12.0,average,fading,,2000,409.7,39.1,53.7,0.727,0,1,1,1,11,63,0,0,0,1,0.0
beta.52,sim,2300,,,awgn,-12.0,average,fading,,2000,408.3,39.2,53.7,0.729,0,1,1,1,11,63,0,0,0,1,0.0
beta.52,sim,2300,,,awgn,-12.0,average,fading,,2000,408.4,39.2,53.7,0.729,0,1,1,1,11,63,0,0,0,1,0.0
beta.52,sim,2300,,,awgn,-12.0,average,fading,,2000,410.0,39.0,53.7,0.726,0,1,1,1,11,63,0,0,0,1,0.0
beta.52,sim,2300,,,awgn,-12.0,average,fading,,2000,409.1,39.1,53.7,0.728,0,1,1,1,11,63,0,0,0,1,0.0
beta.52,sim,2300,,,awgn,-12.0,average,fading,,2000,409.2,39.1,53.7,0.728,0,1,1,1,11,63,0,0,0,1,0.0
beta.52,sim,2300,,,awgn,-12.0,average,fading,,2000,408.4,39.2,53.7,0.729,0,1,1,1,11,63,0,0,0,1,0.0
beta.52,sim,2300,,,awgn,-12.0,average,fading,,2000,408.8,39.1,53.7,0.728,0,1,1,1,11,63,0,0,0,1,0.0
beta.52,sim,2300,,,awgn,-12.0,average,fading,,2000,409.3,39.1,53.7,0.728,0,1,1,1,11,63,0,0,0,1,0.0
beta.52,sim,2300,,,awgn,-12.0,average,fading,,2000,409.1,39.1,53.7,0.728,0,1,1,1,11,63,0,0,0,1,0.0
beta.52,sim,2300,,,awgn,-12.0,average,fading,,2000,410.6,39.0,53.7,0.725,0,1,1,1,11,63,0,0,0,1,0.0
beta.52,sim,2300,,,awgn,-12.0,average,fading,,2000,409.1,39.1,53.7,0.728,0,1,1,1,11,63,0,0,0,1,0.0
beta.52,sim,2300,,,awgn,-12.0,average,fading,,2000,409.1,39.1,53.7,0.728,0,1,1,1,11,63,0,0,0,1,0.0
beta.52,sim,2300,,,awgn,-12.0,average,fading,,2000,411.1,38.9,53.7,0.724,0,1,1,1,11,63,0,0,0,1,0.0
beta.52,sim,2300,,,awgn,-12.0,average,fading,,2000,409.7,39.0,53.7,0.727,0,1,1,1,11,63,0,0,0,1,0.0
beta.52,sim,2300,,,awgn,-12.0,average,fading,,2000,409.8,39.0,53.7,0.727,0,1,1,1,11,63,0,0,0,1,0.0
beta.52,sim,2300,,,awgn,-10.0,average,fading,,2000,410.9,38.9,53.7,0.725,0,1,1,1,11,63,0,0,0,1,0.0
beta.52,sim,2300,,,awgn,-10.0,average,fading,,2000,410.7,39.0,53.7,0.725,0,1,1,1,11,63,0,0,0,1,0.0
beta.52,sim,2300,,,awgn,-10.0,average,fading,,2000,409.2,39.1,53.7,0.728,0,1,1,1,11,63,0,0,0,1,0.0
beta.52,sim,2300,,,awgn,-10.0,average,fading,,2000,410.2,39.0,53.7,0.726,0,1,1,1,11,63,0,0,0,1,0.0
beta.52,sim,2300,,,awgn,-10.0,average,fading,,2000,410.0,39.0,53.7,0.726,0,1,1,1,11,63,0,0,0,1,0.0
beta.52,sim,2300,,,awgn,-10.0,average,fading,,2000,409.8,39.0,53.7,0.727,0,1,1,1,11,63,0,0,0,1,0.0
beta.52,sim,2300,,,awgn,-10.0,average,fading,,2000,410.4,39.0,53.7,0.726,0,1,1,1,11,63,0,0,0,1,0.0
beta.52,sim,2300,,,awgn,-10.0,average,fading,,2000,408.4,39.2,53.7,0.729,0,1,1,1,11,63,0,0,0,1,0.0
beta.52,sim,2300,,,awgn,-10.0,average,fading,,2000,410.2,39.0,53.7,0.726,0,1,1,1,11,63,0,0,0,1,0.0
beta.52,sim,2300,,,awgn,-10.0,average,fading,,2000,411.1,38.9,53.7,0.724,0,1,1,1,11,63,0,0,0,1,0.0
beta.52,sim,2300,,,awgn,-10.0,average,fading,,2000,410.3,39.0,53.7,0.726,0,1,1,1,11,63,0,0,0,1,0.0
beta.52,sim,2300,,,awgn,-10.0,average,fading,,2000,408.7,39.1,53.7,0.729,0,1,1,1,11,63,0,0,0,1,0.0
beta.52,sim,2300,,,awgn,-10.0,average,fading,,2000,409.2,39.1,53.7,0.728,0,1,1,1,11,63,0,0,0,1,0.0
beta.52,sim,2300,,,awgn,-10.0,average,fading,,2000,409.8,39.0,53.7,0.727,0,1,1,1,11,63,0,0,0,1,0.0
beta.52,sim,2300,,,awgn,-10.0,average,fading,,2000,409.7,39.1,53.7,0.727,0,1,1,1,11,63,0,0,0,1,0.0
beta.52,sim,2300,,,awgn,-10.0,average,fading,,2000,408.3,39.2,53.7,0.729,0,1,1,1,11,63,0,0,0,1,0.0
beta.52,sim,2300,,,awgn,-10.0,average,fading,,2000,408.4,39.2,53.7,0.729,0,1,1,1,11,63,0,0,0,1,0.0
beta.52,sim,2300,,,awgn,-10.0,average,fading,,2000,410.0,39.0,53.7,0.726,0,1,1,1,11,63,0,0,0,1,0.0
beta.52,sim,2300,,,awgn,-10.0,average,fading,,2000,409.1,39.1,53.7,0.728,0,1,1,1,11,63,0,0,0,1,0.0
beta.52,sim,2300,,,awgn,-10.0,average,fading,,2000,409.2,39.1,53.7,0.728,0,1,1,1,11,63,0,0,0,1,0.0
beta.52,sim,2300,,,awgn,-10.0,average,fading,,2000,408.4,39.2,53.7,0.729,0,1,1,1,11,63,0,0,0,1,0.0
beta.52,sim,2300,,,awgn,-10.0,average,fading,,2000,408.8,39.1,53.7,0.728,0,1,1,1,11,63,0,0,0,1,0.0
beta.52,sim,2300,,,awgn,-10.0,average,fading,,2000,409.3,39.1,53.7,0.728,0,1,1,1,11,63,0,0,0,1,0.0
beta.52,sim,2300,,,awgn,-10.0,average,fading,,2000,409.1,39.1,53.7,0.728,0,1,1,1,11,63,0,0,0,1,0.0
beta.52,sim,2300,,,awgn,-10.0,average,fading,,2000,410.6,39.0,53.7,0.725,0,1,1,1,11,63,0,0,0,1,0.0
beta.52,sim,2300,,,awgn,-10.0,average,fading,,2000,409.1,39.1,53.7,0.728,0,1,1,1,11,63,0,0,0,1,0.0
beta.52,sim,2300,,,awgn,-10.0,average,fading,,2000,409.1,39.1,53.7,0.728,0,1,1,1,11,63,0,0,0,1,0.0
beta.52,sim,2300,,,awgn,-10.0,average,fading,,2000,411.1,38.9,53.7,0.724,0,1,1,1,11,63,0,0,0,1,0.0
beta.52,sim,2300,,,awgn,-10.0,average,fading,,2000,409.7,39.0,53.7,0.727,0,1,1,1,11,63,0,0,0,1,0.0
beta.52,sim,2300,,,awgn,-10.0,average,fading,,2000,409.8,39.0,53.7,0.727,0,1,1,1,11,63,0,0,0,1,0.0
beta.52,sim,2300,,,awgn,-8.0,average,fading,,2000,410.9,38.9,53.7,0.725,0,1,1,1,11,63,0,0,0,1,0.0
beta.52,sim,2300,,,awgn,-8.0,average,fading,,2000,410.7,39.0,53.7,0.725,0,1,1,1,11,63,0,0,0,1,0.0
beta.52,sim,2300,,,awgn,-8.0,average,fading,,2000,409.2,39.1,53.7,0.728,0,1,1,1,11,63,0,0,0,1,0.0
beta.52,sim,2300,,,awgn,-8.0,average,fading,,2000,410.2,39.0,53.7,0.726,0,1,1,1,11,63,0,0,0,1,0.0
beta.52,sim,2300,,,awgn,-8.0,average,fading,,2000,410.0,39.0,53.7,0.726,0,1,1,1,11,63,0,0,0,1,0.0
beta.52,sim,2300,,,awgn,-8.0,average,fading,,2000,409.8,39.0,53.7,0.727,0,1,1,1,11,63,0,0,0,1,0.0
beta.52,sim,2300,,,awgn,-8.0,average,fading,,2000,410.4,39.0,53.7,0.726,0,1,1,1,11,63,0,0,0,1,0.0
beta.52,sim,2300,,,awgn,-8.0,average,fading,,2000,408.4,39.2,53.7,0.729,0,1,1,1,11,63,0,0,0,1,0.0
beta.52,sim,2300,,,awgn,-8.0,average,fading,,2000,410.2,39.0,53.7,0.726,0,1,1,1,11,63,0,0,0,1,0.0
beta.52,sim,2300,,,awgn,-8.0,average,fading,,2000,411.1,38.9,53.7,0.724,0,1,1,1,11,63,0,0,0,1,0.0
beta.52,sim,2300,,,awgn,-8.0,average,fading,,2000,410.3,39.0,53.7,0.726,0,1,1,1,11,63,0,0,0,1,0.0
beta.52,sim,2300,,,awgn,-8.0,average,fading,,2000,408.7,39.1,53.7,0.729,0,1,1,1,11,63,0,0,0,1,0.0
beta.52,sim,2300,,,awgn,-8.0,average,fading,,2000,409.2,39.1,53.7,0.728,0,1,1,1,11,63,0,0,0,1,0.0
beta.52,sim,2300,,,awgn,-8.0,average,fading,,2000,409.8,39.0,53.7,0.727,0,1,1,1,11,63,0,0,0,1,0.0
beta.52,sim,2300,,,awgn,-8.0,average,fading,,2000,409.7,39.1,53.7,0.727,0,1,1,1,11,63,0,0,0,1,0.0
beta.52,sim,2300,,,awgn,-8.0,average,fading,,2000,408.3,39.2,53.7,0.729,0,1,1,1,11,63,0,0,0,1,0.0
beta.52,sim,2300,,,awgn,-8.0,average,fading,,2000,408.4,39.2,53.7,0.729,0,1,1,1,11,63,0,0,0,1,0.0
beta.52,sim,2300,,,awgn,-8.0,average,fading,,2000,410.0,39.0,53.7,0.726,0,1,1,1,11,63,0,0,0,1,0.0
beta.52,sim,2300,,,awgn,-8.0,average,fading,,2000,409.1,39.1,53.7,0.728,0,1,1,1,11,63,0,0,0,1,0.0
beta.52,sim,2300,,,awgn,-8.0,average,fading,,2000,409.2,39.1,53.7,0.728,0,1,1,1,11,63,0,0,0,1,0.0
beta.52,sim,2300,,,awgn,-8.0,average,fading,,2000,408.4,39.2,53.7,0.729,0,1,1,1,11,63,0,0,0,1,0.0
beta.52,sim,2300,,,awgn,-8.0,average,fading,,2000,408.8,39.1,53.7,0.728,0,1,1,1,11,63,0,0,0,1,0.0
beta.52,sim,2300,,,awgn,-8.0,average,fading,,2000,409.3,39.1,53.7,0.728,0,1,1,1,11,63,0,0,0,1,0.0
beta.52,sim,2300,,,awgn,-8.0,average,fading,,2000,409.1,39.1,53.7,0.728,0,1,1,1,11,63,0,0,0,1,0.0
beta.52,sim,2300,,,awgn,-8.0,average,fading,,2000,410.6,39.0,53.7,0.725,0,1,1,1,11,63,0,0,0,1,0.0
beta.52,sim,2300,,,awgn,-8.0,average,fading,,2000,409.1,39.1,53.7,0.728,0,1,1,1,11,63,0,0,0,1,0.0
beta.52,sim,2300,,,awgn,-8.0,average,fading,,2000,409.1,39.1,53.7,0.728,0,1,1,1,11,63,0,0,0,1,0.0
beta.52,sim,2300,,,awgn,-8.0,average,fading,,2000,411.1,38.9,53.7,0.724,0,1,1,1,11,63,0,0,0,1,0.0
beta.52,sim,2300,,,awgn,-8.0,average,fading,,2000,409.7,39.0,53.7,0.727,0,1,1,1,11,63,0,0,0,1,0.0
beta.52,sim,2300,,,awgn,-8.0,average,fading,,2000,409.8,39.0,53.7,0.727,0,1,1,1,11,63,0,0,0,1,0.0
beta.52,sim,2300,,,awgn,-6.0,average,fading,,2000,416.3,38.4,53.7,0.715,0,1,1,1,11,64,1,0,0,1,0.0
beta.52,sim,2300,,,awgn,-6.0,average,fading,,2000,416.0,38.5,53.7,0.716,0,1,1,1,11,64,1,0,0,1,0.0
beta.52,sim,2300,,,awgn,-6.0,average,fading,,2000,392.5,40.8,53.7,0.759,0,1,1,1,11,63,0,0,0,1,0.0
beta.52,sim,2300,,,awgn,-6.0,average,fading,,2000,415.5,38.5,53.7,0.717,0,1,1,1,11,64,1,0,0,1,0.0
beta.52,sim,2300,,,awgn,-6.0,average,fading,,2000,415.4,38.5,53.7,0.717,0,1,1,1,11,64,1,0,0,1,0.0
beta.52,sim,2300,,,awgn,-6.0,average,fading,,2000,409.8,39.0,53.7,0.727,0,1,1,1,11,63,0,0,0,1,0.0
beta.52,sim,2300,,,awgn,-6.0,average,fading,,2000,410.4,39.0,53.7,0.726,0,1,1,1,11,63,0,0,0,1,0.0
beta.52,sim,2300,,,awgn,-6.0,average,fading,,2000,392.5,40.8,53.7,0.759,0,1,1,1,11,63,0,0,0,1,0.0
beta.52,sim,2300,,,awgn,-6.0,average,fading,,2000,410.2,39.0,53.7,0.726,0,1,1,1,11,63,0,0,0,1,0.0
beta.52,sim,2300,,,awgn,-6.0,average,fading,,2000,411.1,38.9,53.7,0.724,0,1,1,1,11,63,0,0,0,1,0.0
beta.52,sim,2300,,,awgn,-6.0,average,fading,,2000,410.3,39.0,53.7,0.726,0,1,1,1,11,63,0,0,0,1,0.0
beta.52,sim,2300,,,awgn,-6.0,average,fading,,2000,408.7,39.1,53.7,0.729,0,1,1,1,11,63,0,0,0,1,0.0
beta.52,sim,2300,,,awgn,-6.0,average,fading,,2000,392.5,40.8,53.7,0.759,0,1,1,1,11,63,0,0,0,1,0.0
beta.52,sim,2300,,,awgn,-6.0,average,fading,,2000,409.8,39.0,53.7,0.727,0,1,1,1,11,63,0,0,0,1,0.0
beta.52,sim,2300,,,awgn,-6.0,average,fading,,2000,415.0,38.6,53.7,0.717,0,1,1,1,11,64,1,0,0,1,0.0
beta.52,sim,2300,,,awgn,-6.0,average,fading,,2000,408.3,39.2,53.7,0.729,0,1,1,1,11,63,0,0,0,1,0.0
beta.52,sim,2300,,,awgn,-6.0,average,fading,,2000,408.4,39.2,53.7,0.729,0,1,1,1,11,63,0,0,0,1,0.0
beta.52,sim,2300,,,awgn,-6.0,average,fading,,2000,410.0,39.0,53.7,0.726,0,1,1,1,11,63,0,0,0,1,0.0
beta.52,sim,2300,,,awgn,-6.0,average,fading,,2000,409.1,39.1,53.7,0.728,0,1,1,1,11,63,0,0,0,1,0.0
beta.52,sim,2300,,,awgn,-6.0,average,fading,,2000,409.2,39.1,53.7,0.728,0,1,1,1,11,63,0,0,0,1,0.0
beta.52,sim,2300,,,awgn,-6.0,average,fading,,2000,413.7,38.7,53.7,0.72,0,1,1,1,11,64,1,0,0,1,0.0
beta.52,sim,2300,,,awgn,-6.0,average,fading,,2000,414.1,38.6,53.7,0.719,0,1,1,1,11,64,1,0,0,1,0.0
beta.52,sim,2300,,,awgn,-6.0,average,fading,,2000,414.7,38.6,53.7,0.718,0,1,1,1,11,64,1,0,0,1,0.0
beta.52,sim,2300,,,awgn,-6.0,average,fading,,2000,409.1,39.1,53.7,0.728,0,1,1,1,11,63,0,0,0,1,0.0
beta.52,sim,2300,,,awgn,-6.0,average,fading,,2000,410.6,39.0,53.7,0.725,0,1,1,1,11,63,0,0,0,1,0.0
beta.52,sim,2300,,,awgn,-6.0,average,fading,,2000,409.1,39.1,53.7,0.728,0,1,1,1,11,63,0,0,0,1,0.0
beta.52,sim,2300,,,awgn,-6.0,average,fading,,2000,409.1,39.1,53.7,0.728,0,1,1,1,11,63,0,0,0,1,0.0
beta.52,sim,2300,,,awgn,-6.0,average,fading,,2000,416.5,38.4,53.7,0.715,0,1,1,1,11,64,1,0,0,1,0.0
beta.52,sim,2300,,,awgn,-6.0,average,fading,,2000,415.1,38.5,53.7,0.717,0,1,1,1,11,64,1,0,0,1,0.0
beta.52,sim,2300,,,awgn,-6.0,average,fading,,2000,415.2,38.5,53.7,0.717,0,1,1,1,11,64,1,0,0,1,0.0
beta.52,sim,2300,,,awgn,-4.0,average,fading,,2000,392.5,40.8,197.3,0.207,0,1,1,1,11,63,0,0,0,1,0.0
beta.52,sim,2300,,,awgn,-4.0,average,fading,,2000,392.5,40.8,197.3,0.207,0,1,1,1,11,63,0,0,0,1,0.0
beta.52,sim,2300,,,awgn,-4.0,average,fading,,2000,392.5,40.8,197.3,0.207,0,1,1,1,11,63,0,0,0,1,0.0
beta.52,sim,2300,,,awgn,-4.0,average,fading,,2000,392.5,40.8,197.3,0.207,0,1,1,1,11,63,0,0,0,1,0.0
beta.52,sim,2300,,,awgn,-4.0,average,fading,,2000,392.5,40.8,197.3,0.207,0,1,1,1,11,63,0,0,0,1,0.0
beta.52,sim,2300,,,awgn,-4.0,average,fading,,2000,392.5,40.8,197.3,0.207,0,1,1,1,11,63,0,0,0,1,0.0
beta.52,sim,2300,,,awgn,-4.0,average,fading,,2000,392.5,40.8,197.3,0.207,0,1,1,1,11,63,0,0,0,1,0.0
beta.52,sim,2300,,,awgn,-4.0,average,fading,,2000,392.5,40.8,197.3,0.207,0,1,1,1,11,63,0,0,0,1,0.0
beta.52,sim,2300,,,awgn,-4.0,average,fading,,2000,392.5,40.8,197.3,0.207,0,1,1,1,11,63,0,0,0,1,0.0
beta.52,sim,2300,,,awgn,-4.0,average,fading,,2000,392.5,40.8,197.3,0.207,0,1,1,1,11,63,0,0,0,1,0.0
beta.52,sim,2300,,,awgn,-4.0,average,fading,,2000,392.5,40.8,197.3,0.207,0,1,1,1,11,63,0,0,0,1,0.1
beta.52,sim,2300,,,awgn,-4.0,average,fading,,2000,392.5,40.8,197.3,0.207,0,1,1,1,11,63,0,0,0,1,0.1
beta.52,sim,2300,,,awgn,-4.0,average,fading,,2000,392.5,40.8,197.3,0.207,0,1,1,1,11,63,0,0,0,1,0.0
beta.52,sim,2300,,,awgn,-4.0,average,fading,,2000,392.5,40.8,197.3,0.207,0,1,1,1,11,63,0,0,0,1,0.0
beta.52,sim,2300,,,awgn,-4.0,average,fading,,2000,392.5,40.8,197.3,0.207,0,1,1,1,11,63,0,0,0,1,0.1
beta.52,sim,2300,,,awgn,-4.0,average,fading,,2000,392.5,40.8,197.3,0.207,0,1,1,1,11,63,0,0,0,1,0.0
beta.52,sim,2300,,,awgn,-4.0,average,fading,,2000,392.5,40.8,197.3,0.207,0,1,1,1,11,63,0,0,0,1,0.0
beta.52,sim,2300,,,awgn,-4.0,average,fading,,2000,392.5,40.8,197.3,0.207,0,1,1,1,11,63,0,0,0,1,0.0
beta.52,sim,2300,,,awgn,-4.0,average,fading,,2000,392.5,40.8,197.3,0.207,0,1,1,1,11,63,0,0,0,1,0.0
beta.52,sim,2300,,,awgn,-4.0,average,fading,,2000,392.5,40.8,197.3,0.207,0,1,1,1,11,63,0,0,0,1,0.0
beta.52,sim,2300,,,awgn,-4.0,average,fading,,2000,392.5,40.8,197.3,0.207,0,1,1,1,11,63,0,0,0,1,0.0
beta.52,sim,2300,,,awgn,-4.0,average,fading,,2000,392.5,40.8,197.3,0.207,0,1,1,1,11,63,0,0,0,1,0.0
beta.52,sim,2300,,,awgn,-4.0,average,fading,,2000,392.5,40.8,197.3,0.207,0,1,1,1,11,63,0,0,0,1,0.0
beta.52,sim,2300,,,awgn,-4.0,average,fading,,2000,392.5,40.8,197.3,0.207,0,1,1,1,11,63,0,0,0,1,0.0
beta.52,sim,2300,,,awgn,-4.0,average,fading,,2000,392.5,40.8,197.3,0.207,0,1,1,1,11,63,0,0,0,1,0.0
beta.52,sim,2300,,,awgn,-4.0,average,fading,,2000,392.5,40.8,197.3,0.207,0,1,1,1,11,63,0,0,0,1,0.0
beta.52,sim,2300,,,awgn,-4.0,average,fading,,2000,392.5,40.8,197.3,0.207,0,1,1,1,11,63,0,0,0,1,0.0
beta.52,sim,2300,,,awgn,-4.0,average,fading,,2000,392.5,40.8,197.3,0.207,0,1,1,1,11,63,0,0,0,1,0.0
beta.52,sim,2300,,,awgn,-4.0,average,fading,,2000,392.5,40.8,197.3,0.207,0,1,1,1,11,63,0,0,0,1,0.0
beta.52,sim,2300,,,awgn,-4.0,average,fading,,2000,392.5,40.8,197.3,0.207,0,1,1,1,11,63,0,0,0,1,0.0
beta.52,sim,2300,,,awgn,-2.0,average,fading,,2000,111.2,143.9,531.3,0.271,2,2,2,0,15,88,0,0,0,1,0.0
beta.52,sim,2300,,,awgn,-2.0,average,fading,,2000,111.2,143.9,531.3,0.271,2,2,2,0,15,88,0,0,0,1,0.0
beta.52,sim,2300,,,awgn,-2.0,average,fading,,2000,111.2,143.9,531.3,0.271,2,2,2,0,15,88,0,0,0,1,0.0
beta.52,sim,2300,,,awgn,-2.0,average,fading,,2000,111.2,143.9,531.3,0.271,2,2,2,0,15,88,0,0,0,1,0.0
beta.52,sim,2300,,,awgn,-2.0,average,fading,,2000,111.2,143.9,531.3,0.271,2,2,2,0,15,88,0,0,0,1,0.0
beta.52,sim,2300,,,awgn,-2.0,average,fading,,2000,111.2,143.9,531.3,0.271,2,2,2,0,15,88,0,0,0,1,0.1
beta.52,sim,2300,,,awgn,-2.0,average,fading,,2000,140.2,114.1,531.3,0.215,0,2,2,1,15,88,0,0,0,1,0.0
beta.52,sim,2300,,,awgn,-2.0,average,fading,,2000,111.2,143.9,531.3,0.271,2,2,2,0,15,88,0,0,0,1,0.0
beta.52,sim,2300,,,awgn,-2.0,average,fading,,2000,111.2,143.9,531.3,0.271,2,2,2,0,15,88,0,0,0,1,0.0
beta.52,sim,2300,,,awgn,-2.0,average,fading,,2000,111.2,143.9,531.3,0.271,2,2,2,0,15,88,0,0,0,1,0.0
beta.52,sim,2300,,,awgn,-2.0,average,fading,,2000,111.2,143.9,531.3,0.271,2,2,2,0,15,88,0,0,0,1,0.0
beta.52,sim,2300,,,awgn,-2.0,average,fading,,2000,111.2,143.9,531.3,0.271,2,2,2,0,15,88,0,0,0,1,0.0
beta.52,sim,2300,,,awgn,-2.0,average,fading,,2000,111.2,143.9,531.3,0.271,2,2,2,0,15,88,0,0,0,1,0.0
beta.52,sim,2300,,,awgn,-2.0,average,fading,,2000,111.2,143.9,531.3,0.271,2,2,2,0,15,88,0,0,0,1,0.0
beta.52,sim,2300,,,awgn,-2.0,average,fading,,2000,111.2,143.9,531.3,0.271,2,2,2,0,15,88,0,0,0,1,0.0
beta.52,sim,2300,,,awgn,-2.0,average,fading,,2000,140.2,114.1,531.3,0.215,0,2,2,1,15,88,0,0,0,1,0.0
beta.52,sim,2300,,,awgn,-2.0,average,fading,,2000,111.2,143.9,531.3,0.271,2,2,2,0,15,88,0,0,0,1,0.0
beta.52,sim,2300,,,awgn,-2.0,average,fading,,2000,111.2,143.9,531.3,0.271,2,2,2,0,15,88,0,0,0,1,0.0
beta.52,sim,2300,,,awgn,-2.0,average,fading,,2000,111.2,143.9,531.3,0.271,2,2,2,0,15,88,0,0,0,1,0.0
beta.52,sim,2300,,,awgn,-2.0,average,fading,,2000,111.2,143.9,531.3,0.271,2,2,2,0,15,88,0,0,0,1,0.0
beta.52,sim,2300,,,awgn,-2.0,average,fading,,2000,111.2,143.9,531.3,0.271,2,2,2,0,15,88,0,0,0,1,0.0
beta.52,sim,2300,,,awgn,-2.0,average,fading,,2000,111.2,143.9,531.3,0.271,2,2,2,0,15,88,0,0,0,1,0.0
beta.52,sim,2300,,,awgn,-2.0,average,fading,,2000,111.2,143.9,531.3,0.271,2,2,2,0,15,88,0,0,0,1,0.0
beta.52,sim,2300,,,awgn,-2.0,average,fading,,2000,111.2,143.9,531.3,0.271,2,2,2,0,15,88,0,0,0,1,0.0
beta.52,sim,2300,,,awgn,-2.0,average,fading,,2000,111.2,143.9,531.3,0.271,2,2,2,0,15,88,0,0,0,1,0.0
beta.52,sim,2300,,,awgn,-2.0,average,fading,,2000,111.2,143.9,531.3,0.271,2,2,2,0,15,88,0,0,0,1,0.0
beta.52,sim,2300,,,awgn,-2.0,average,fading,,2000,111.2,143.9,531.3,0.271,2,2,2,0,15,88,0,0,0,1,0.0
beta.52,sim,2300,,,awgn,-2.0,average,fading,,2000,111.2,143.9,531.3,0.271,2,2,2,0,15,88,0,0,0,1,0.0
beta.52,sim,2300,,,awgn,-2.0,average,fading,,2000,111.2,143.9,531.3,0.271,2,2,2,0,15,88,0,0,0,1,0.0
beta.52,sim,2300,,,awgn,-2.0,average,fading,,2000,111.2,143.9,531.3,0.271,2,2,2,0,15,88,0,0,0,1,0.0
beta.52,sim,2300,,,awgn,0.0,average,fading,,2000,78.6,203.5,721.1,0.282,2,3,3,1,11,61,0,0,0,1,0.0
beta.52,sim,2300,,,awgn,0.0,average,fading,,2000,78.6,203.5,721.1,0.282,2,3,3,1,11,61,0,0,0,1,0.0
beta.52,sim,2300,,,awgn,0.0,average,fading,,2000,81.8,195.7,721.1,0.271,2,3,3,1,11,64,0,0,0,1,0.0
beta.52,sim,2300,,,awgn,0.0,average,fading,,2000,78.6,203.5,721.1,0.282,2,3,3,1,11,61,0,0,0,1,0.0
beta.52,sim,2300,,,awgn,0.0,average,fading,,2000,74.4,215.0,721.1,0.298,2,3,3,1,10,58,0,0,0,1,0.0
beta.52,sim,2300,,,awgn,0.0,average,fading,,2000,81.8,195.7,721.1,0.271,2,3,3,1,11,64,0,0,0,1,0.0
beta.52,sim,2300,,,awgn,0.0,average,fading,,2000,78.6,203.5,721.1,0.282,2,3,3,1,11,61,0,0,0,1,0.0
beta.52,sim,2300,,,awgn,0.0,average,fading,,2000,78.6,203.5,721.1,0.282,2,3,3,1,11,61,0,0,0,1,0.0
beta.52,sim,2300,,,awgn,0.0,average,fading,,2000,81.8,195.7,721.1,0.271,2,3,3,1,11,64,0,0,0,1,0.0
beta.52,sim,2300,,,awgn,0.0,average,fading,,2000,78.6,203.5,721.1,0.282,2,3,3,1,11,61,0,0,0,1,0.0
beta.52,sim,2300,,,awgn,0.0,average,fading,,2000,78.6,203.5,721.1,0.282,2,3,3,1,11,61,0,0,0,1,0.0
beta.52,sim,2300,,,awgn,0.0,average,fading,,2000,81.8,195.7,721.1,0.271,2,3,3,1,11,64,0,0,0,1,0.0
beta.52,sim,2300,,,awgn,0.0,average,fading,,2000,81.8,195.7,721.1,0.271,2,3,3,1,11,64,0,0,0,1,0.0
beta.52,sim,2300,,,awgn,0.0,average,fading,,2000,78.6,203.5,721.1,0.282,2,3,3,1,11,61,0,0,0,1,0.0
beta.52,sim,2300,,,awgn,0.0,average,fading,,2000,81.8,195.7,721.1,0.271,2,3,3,1,11,64,0,0,0,1,0.0
beta.52,sim,2300,,,awgn,0.0,average,fading,,2000,81.8,195.7,721.1,0.271,2,3,3,1,11,64,0,0,0,1,0.0
beta.52,sim,2300,,,awgn,0.0,average,fading,,2000,78.6,203.5,721.1,0.282,2,3,3,1,11,61,0,0,0,1,0.0
beta.52,sim,2300,,,awgn,0.0,average,fading,,2000,78.6,203.5,721.1,0.282,2,3,3,1,11,61,0,0,0,1,0.0
beta.52,sim,2300,,,awgn,0.0,average,fading,,2000,81.8,195.7,721.1,0.271,2,3,3,1,11,64,0,0,0,1,0.0
beta.52,sim,2300,,,awgn,0.0,average,fading,,2000,81.8,195.7,721.1,0.271,2,3,3,1,11,64,0,0,0,1,0.0
beta.52,sim,2300,,,awgn,0.0,average,fading,,2000,81.8,195.7,721.1,0.271,2,3,3,1,11,64,0,0,0,1,0.0
beta.52,sim,2300,,,awgn,0.0,average,fading,,2000,81.8,195.7,721.1,0.271,2,3,3,1,11,64,0,0,0,1,0.0
beta.52,sim,2300,,,awgn,0.0,average,fading,,2000,78.6,203.5,721.1,0.282,2,3,3,1,11,61,0,0,0,1,0.0
beta.52,sim,2300,,,awgn,0.0,average,fading,,2000,81.8,195.7,721.1,0.271,2,3,3,1,11,64,0,0,0,1,0.0
beta.52,sim,2300,,,awgn,0.0,average,fading,,2000,81.8,195.7,721.1,0.271,2,3,3,1,11,64,0,0,0,1,0.0
beta.52,sim,2300,,,awgn,0.0,average,fading,,2000,78.6,203.5,721.1,0.282,2,3,3,1,11,61,0,0,0,1,0.0
beta.52,sim,2300,,,awgn,0.0,average,fading,,2000,81.8,195.7,721.1,0.271,2,3,3,1,11,64,0,0,0,1,0.0
beta.52,sim,2300,,,awgn,0.0,average,fading,,2000,78.6,203.5,721.1,0.282,2,3,3,1,11,61,0,0,0,1,0.0
beta.52,sim,2300,,,awgn,0.0,average,fading,,2000,81.8,195.7,721.1,0.271,2,3,3,1,11,64,0,0,0,1,0.0
beta.52,sim,2300,,,awgn,0.0,average,fading,,2000,81.8,195.7,721.1,0.271,2,3,3,1,11,64,0,0,0,1,0.0
beta.52,sim,2300,,,awgn,2.0,average,fading,,2000,51.3,311.8,1093.0,0.285,2,4,4,2,7,39,0,0,0,1,0.0
beta.52,sim,2300,,,awgn,2.0,average,fading,,2000,51.3,311.8,1093.0,0.285,2,4,4,2,7,39,0,0,0,1,0.0
beta.52,sim,2300,,,awgn,2.0,average,fading,,2000,51.3,311.8,1093.0,0.285,2,4,4,2,7,39,0,0,0,1,0.0
beta.52,sim,2300,,,awgn,2.0,average,fading,,2000,51.3,311.8,1093.0,0.285,2,4,4,2,7,39,0,0,0,1,0.0
beta.52,sim,2300,,,awgn,2.0,average,fading,,2000,45.0,355.5,1093.0,0.325,2,4,4,1,6,34,0,0,0,1,0.0
beta.52,sim,2300,,,awgn,2.0,average,fading,,2000,51.3,311.8,1093.0,0.285,2,4,4,2,7,39,0,0,0,1,0.0
beta.52,sim,2300,,,awgn,2.0,average,fading,,2000,53.4,299.5,1093.0,0.274,2,4,4,2,7,41,0,0,0,1,0.0
beta.52,sim,2300,,,awgn,2.0,average,fading,,2000,51.3,311.8,1093.0,0.285,2,4,4,2,7,39,0,0,0,1,0.0
beta.52,sim,2300,,,awgn,2.0,average,fading,,2000,47.1,339.6,1093.0,0.311,2,4,4,2,6,36,0,0,0,1,0.0
beta.52,sim,2300,,,awgn,2.0,average,fading,,2000,47.1,339.6,1093.0,0.311,2,4,4,2,6,36,0,0,0,1,0.0
beta.52,sim,2300,,,awgn,2.0,average,fading,,2000,45.0,355.5,1093.0,0.325,2,4,4,1,6,34,0,0,0,1,0.0
beta.52,sim,2300,,,awgn,2.0,average,fading,,2000,53.4,299.5,1093.0,0.274,2,4,4,2,7,41,0,0,0,1,0.0
beta.52,sim,2300,,,awgn,2.0,average,fading,,2000,51.3,311.8,1093.0,0.285,2,4,4,2,7,39,0,0,0,1,0.0
beta.52,sim,2300,,,awgn,2.0,average,fading,,2000,51.3,311.8,1093.0,0.285,2,4,4,2,7,39,0,0,0,1,0.0
beta.52,sim,2300,,,awgn,2.0,average,fading,,2000,47.1,339.6,1093.0,0.311,2,4,4,2,6,36,0,0,0,1,0.0
beta.52,sim,2300,,,awgn,2.0,average,fading,,2000,53.4,299.5,1093.0,0.274,2,4,4,2,7,41,0,0,0,1,0.0
beta.52,sim,2300,,,awgn,2.0,average,fading,,2000,51.3,311.8,1093.0,0.285,2,4,4,2,7,39,0,0,0,1,0.0
beta.52,sim,2300,,,awgn,2.0,average,fading,,2000,51.3,311.8,1093.0,0.285,2,4,4,2,7,39,0,0,0,1,0.0
beta.52,sim,2300,,,awgn,2.0,average,fading,,2000,53.4,299.5,1093.0,0.274,2,4,4,2,7,41,0,0,0,1,0.0
beta.52,sim,2300,,,awgn,2.0,average,fading,,2000,53.4,299.5,1093.0,0.274,2,4,4,2,7,41,0,0,0,1,0.0
beta.52,sim,2300,,,awgn,2.0,average,fading,,2000,51.3,311.8,1093.0,0.285,2,4,4,2,7,39,0,0,0,1,0.0
beta.52,sim,2300,,,awgn,2.0,average,fading,,2000,47.1,339.6,1093.0,0.311,2,4,4,2,6,36,0,0,0,1,0.0
beta.52,sim,2300,,,awgn,2.0,average,fading,,2000,47.1,339.6,1093.0,0.311,2,4,4,2,6,36,0,0,0,1,0.0
beta.52,sim,2300,,,awgn,2.0,average,fading,,2000,51.3,311.8,1093.0,0.285,2,4,4,2,7,39,0,0,0,1,0.0
beta.52,sim,2300,,,awgn,2.0,average,fading,,2000,51.3,311.8,1093.0,0.285,2,4,4,2,7,39,0,0,0,1,0.0
beta.52,sim,2300,,,awgn,2.0,average,fading,,2000,45.0,355.5,1093.0,0.325,2,4,4,1,6,34,0,0,0,1,0.0
beta.52,sim,2300,,,awgn,2.0,average,fading,,2000,51.3,311.8,1093.0,0.285,2,4,4,2,7,39,0,0,0,1,0.0
beta.52,sim,2300,,,awgn,2.0,average,fading,,2000,47.1,339.6,1093.0,0.311,2,4,4,2,6,36,0,0,0,1,0.0
beta.52,sim,2300,,,awgn,2.0,average,fading,,2000,53.4,299.5,1093.0,0.274,2,4,4,2,7,41,0,0,0,1,0.0
beta.52,sim,2300,,,awgn,2.0,average,fading,,2000,51.3,311.8,1093.0,0.285,2,4,4,2,7,39,0,0,0,1,0.0
beta.52,sim,2300,,,awgn,6.0,average,fading,,2000,25.1,638.4,2208.7,0.289,4,6,6,1,3,18,0,0,0,1,0.0
beta.52,sim,2300,,,awgn,6.0,average,fading,,2000,25.1,638.4,2208.7,0.289,4,6,6,1,3,18,0,0,0,1,0.0
beta.52,sim,2300,,,awgn,6.0,average,fading,,2000,25.1,638.4,2208.7,0.289,4,6,6,1,3,18,0,0,0,1,0.0
beta.52,sim,2300,,,awgn,6.0,average,fading,,2000,28.2,567.4,2208.7,0.257,4,6,6,2,4,20,0,0,0,1,0.0
beta.52,sim,2300,,,awgn,6.0,average,fading,,2000,25.1,638.4,2208.7,0.289,4,6,6,1,3,18,0,0,0,1,0.0
beta.52,sim,2300,,,awgn,6.0,average,fading,,2000,25.1,638.4,2208.7,0.289,4,6,6,1,3,18,0,0,0,1,0.0
beta.52,sim,2300,,,awgn,6.0,average,fading,,2000,29.3,547.0,2208.7,0.248,3,6,6,2,4,21,0,0,0,1,0.0
beta.52,sim,2300,,,awgn,6.0,average,fading,,2000,25.1,638.4,2208.7,0.289,4,6,6,1,3,18,0,0,0,1,0.0
beta.52,sim,2300,,,awgn,6.0,average,fading,,2000,25.1,638.4,2208.7,0.289,4,6,6,1,3,18,0,0,0,1,0.0
beta.52,sim,2300,,,awgn,6.0,average,fading,,2000,25.1,638.4,2208.7,0.289,4,6,6,1,3,18,0,0,0,1,0.0
beta.52,sim,2300,,,awgn,6.0,average,fading,,2000,25.1,638.4,2208.7,0.289,4,6,6,1,3,18,0,0,0,1,0.0
beta.52,sim,2300,,,awgn,6.0,average,fading,,2000,28.2,567.4,2208.7,0.257,4,6,6,2,4,20,0,0,0,1,0.0
beta.52,sim,2300,,,awgn,6.0,average,fading,,2000,25.1,638.4,2208.7,0.289,4,6,6,1,3,18,0,0,0,1,0.0
beta.52,sim,2300,,,awgn,6.0,average,fading,,2000,25.1,638.4,2208.7,0.289,4,6,6,1,3,18,0,0,0,1,0.0
beta.52,sim,2300,,,awgn,6.0,average,fading,,2000,25.1,638.4,2208.7,0.289,4,6,6,1,3,18,0,0,0,1,0.0
beta.52,sim,2300,,,awgn,6.0,average,fading,,2000,29.3,547.0,2208.7,0.248,3,6,6,2,4,21,0,0,0,1,0.0
beta.52,sim,2300,,,awgn,6.0,average,fading,,2000,25.1,638.4,2208.7,0.289,4,6,6,1,3,18,0,0,0,1,0.0
beta.52,sim,2300,,,awgn,6.0,average,fading,,2000,25.1,638.4,2208.7,0.289,4,6,6,1,3,18,0,0,0,1,0.0
beta.52,sim,2300,,,awgn,6.0,average,fading,,2000,28.2,567.4,2208.7,0.257,4,6,6,2,4,20,0,0,0,1,0.0
beta.52,sim,2300,,,awgn,6.0,average,fading,,2000,25.1,638.4,2208.7,0.289,4,6,6,1,3,18,0,0,0,1,0.0
beta.52,sim,2300,,,awgn,6.0,average,fading,,2000,28.2,567.4,2208.7,0.257,4,6,6,2,4,20,0,0,0,1,0.0
beta.52,sim,2300,,,awgn,6.0,average,fading,,2000,25.1,638.4,2208.7,0.289,4,6,6,1,3,18,0,0,0,1,0.0
beta.52,sim,2300,,,awgn,6.0,average,fading,,2000,25.1,638.4,2208.7,0.289,4,6,6,1,3,18,0,0,0,1,0.0
beta.52,sim,2300,,,awgn,6.0,average,fading,,2000,25.1,638.4,2208.7,0.289,4,6,6,1,3,18,0,0,0,1,0.0
beta.52,sim,2300,,,awgn,6.0,average,fading,,2000,25.1,638.4,2208.7,0.289,4,6,6,1,3,18,0,0,0,1,0.0
beta.52,sim,2300,,,awgn,6.0,average,fading,,2000,25.1,638.4,2208.7,0.289,4,6,6,1,3,18,0,0,0,1,0.0
beta.52,sim,2300,,,awgn,6.0,average,fading,,2000,25.1,638.4,2208.7,0.289,4,6,6,1,3,18,0,0,0,1,0.0
beta.52,sim,2300,,,awgn,6.0,average,fading,,2000,25.1,638.4,2208.7,0.289,4,6,6,1,3,18,0,0,0,1,0.0
beta.52,sim,2300,,,awgn,6.0,average,fading,,2000,28.2,567.4,2208.7,0.257,4,6,6,2,4,20,0,0,0,1,0.0
beta.52,sim,2300,,,awgn,6.0,average,fading,,2000,25.1,638.4,2208.7,0.289,4,6,6,1,3,18,0,0,0,1,0.0
beta.52,sim,2300,,,good,-18.0,average,fading,,2000,159.4,0.0,0.0,,,,,0,0,0,0,0,0,0,0.0
beta.52,sim,2300,,,good,-18.0,average,fading,,2000,237.4,0.0,0.0,,,,,0,0,0,0,0,0,0,0.0
beta.52,sim,2300,,,good,-18.0,average,fading,,2000,301.3,3.3,0.0,,0,0,0,0,4,24,18,2,3,0,0.1
beta.52,sim,2300,,,good,-18.0,average,fading,,2000,158.6,0.0,0.0,,,,,0,0,0,0,0,0,0,0.0
beta.52,sim,2300,,,good,-18.0,average,fading,,2000,183.3,0.0,0.0,,,,,0,0,0,0,0,0,0,0.1
beta.52,sim,2300,,,good,-18.0,average,fading,,2000,764.1,9.5,0.0,,0,0,0,0,16,96,53,11,8,0,0.2
beta.52,sim,2300,,,good,-18.0,average,fading,,2000,79.4,0.0,0.0,,,,,0,0,0,0,0,0,0,0.0
beta.52,sim,2300,,,good,-18.0,average,fading,,2000,1114.7,14.4,0.0,,0,0,0,0,30,176,80,29,7,1,0.3
beta.52,sim,2300,,,good,-18.0,average,fading,,2000,543.1,7.4,0.0,,0,0,0,0,11,66,42,8,6,0,0.1
beta.52,sim,2300,,,good,-18.0,average,fading,,2000,565.5,7.1,0.0,,0,0,0,0,11,66,42,4,6,0,0.1
beta.52,sim,2300,,,good,-18.0,average,fading,,2000,444.0,6.8,0.0,,0,0,0,0,8,48,30,1,5,0,0.1
beta.52,sim,2300,,,good,-18.0,average,fading,,2000,157.2,0.0,0.0,,,,,0,0,0,0,0,0,0,0.0
beta.52,sim,2300,,,good,-18.0,average,fading,,2000,193.7,0.0,0.0,,,,,0,0,0,0,0,0,0,0.0
beta.52,sim,2300,,,good,-18.0,average,fading,,2000,135.6,0.0,0.0,,,,,0,0,0,0,0,0,0,0.0
beta.52,sim,2300,,,good,-18.0,average,fading,,2000,192.2,0.0,0.0,,,,,0,0,0,0,0,0,0,0.0
beta.52,sim,2300,,,good,-18.0,average,fading,,2000,236.0,0.0,0.0,,,,,0,0,0,0,0,0,0,0.0
beta.52,sim,2300,,,good,-18.0,average,fading,,2000,156.8,0.0,0.0,,,,,0,0,0,0,0,0,0,0.0
beta.52,sim,2300,,,good,-18.0,average,fading,,2000,348.7,2.9,0.0,,0,0,0,0,4,24,18,3,3,0,0.0
beta.52,sim,2300,,,good,-18.0,average,fading,,2000,982.2,8.4,0.0,,0,0,0,0,21,126,77,18,7,0,0.2
beta.52,sim,2300,,,good,-18.0,average,fading,,2000,181.5,0.0,0.0,,,,,0,0,0,0,0,0,0,0.0
beta.52,sim,2300,,,good,-18.0,average,fading,,2000,781.0,8.6,0.0,,0,0,0,0,16,96,56,14,7,0,0.1
beta.52,sim,2300,,,good,-18.0,average,fading,,2000,204.6,0.0,0.0,,,,,0,0,0,0,0,0,0,0.0
beta.52,sim,2300,,,good,-18.0,average,fading,,2000,360.9,2.8,0.0,,0,0,0,0,4,24,18,1,3,0,0.0
beta.52,sim,2300,,,good,-18.0,average,fading,,2000,639.7,6.0,0.0,,0,0,0,0,11,66,43,7,6,0,0.1
beta.52,sim,2300,,,good,-18.0,average,fading,,2000,94.3,0.0,0.0,,,,,0,0,0,0,0,0,0,0.0
beta.52,sim,2300,,,good,-18.0,average,fading,,2000,190.5,0.0,0.0,,,,,0,0,0,0,0,0,0,0.0
beta.52,sim,2300,,,good,-18.0,average,fading,,2000,1051.0,8.6,0.0,,0,0,0,0,23,138,84,16,11,0,0.2
beta.52,sim,2300,,,good,-18.0,average,fading,,2000,925.5,9.4,0.0,,0,0,0,0,21,126,74,10,9,0,0.2
beta.52,sim,2300,,,good,-18.0,average,fading,,2000,183.6,0.0,0.0,,,,,0,0,0,0,0,0,0,0.0
beta.52,sim,2300,,,good,-18.0,average,fading,,2000,216.3,0.0,0.0,,,,,0,0,0,0,0,0,0,0.0
beta.52,sim,2300,,,good,-14.0,average,fading,,2000,887.3,18.0,0.0,,0,0,0,0,25,140,44,3,6,1,0.2
beta.52,sim,2300,,,good,-14.0,average,fading,,2000,1039.1,15.4,0.0,,0,0,0,0,26,150,54,6,7,1,0.2
beta.52,sim,2300,,,good,-14.0,average,fading,,2000,670.4,15.4,0.0,,0,1,0,2,14,84,26,2,3,0,0.1
beta.52,sim,2300,,,good,-14.0,average,fading,,2000,158.6,0.0,0.0,,,,,0,0,0,0,0,0,0,0.0
beta.52,sim,2300,,,good,-14.0,average,fading,,2000,855.7,18.7,0.0,,0,0,0,0,23,136,40,1,5,1,0.2
beta.52,sim,2300,,,good,-14.0,average,fading,,2000,938.6,17.0,0.0,,0,0,0,0,26,149,53,3,6,1,0.2
beta.52,sim,2300,,,good,-14.0,average,fading,,2000,1051.7,15.2,0.0,,0,0,0,0,27,158,62,6,8,1,0.2
beta.52,sim,2300,,,good,-14.0,average,fading,,2000,901.1,17.8,0.0,,0,0,0,0,24,144,48,9,5,1,0.2
beta.52,sim,2300,,,good,-14.0,average,fading,,2000,866.6,18.5,0.0,,0,1,0,2,23,138,46,11,5,1,0.2
beta.52,sim,2300,,,good,-14.0,average,fading,,2000,783.7,13.4,0.0,,0,1,0,2,17,102,43,4,6,0,0.2
beta.52,sim,2300,,,good,-14.0,average,fading,,2000,453.2,10.0,0.0,,0,0,0,0,8,48,21,0,3,0,0.1
beta.52,sim,2300,,,good,-14.0,average,fading,,2000,827.9,19.3,0.0,,0,0,0,0,22,128,32,4,1,1,0.2
beta.52,sim,2300,,,good,-14.0,average,fading,,2000,225.8,0.0,0.0,,,,,0,0,0,0,0,0,0,0.0
beta.52,sim,2300,,,good,-14.0,average,fading,,2000,945.8,16.9,0.0,,0,0,0,0,23,135,39,4,3,1,0.2
beta.52,sim,2300,,,good,-14.0,average,fading,,2000,192.2,0.0,0.0,,,,,0,0,0,0,0,0,0,0.0
beta.52,sim,2300,,,good,-14.0,average,fading,,2000,1017.5,15.7,0.0,,0,0,0,0,28,162,66,6,9,1,0.2
beta.52,sim,2300,,,good,-14.0,average,fading,,2000,210.8,0.0,0.0,,,,,0,0,0,0,0,0,0,0.0
beta.52,sim,2300,,,good,-14.0,average,fading,,2000,963.2,16.6,0.0,,0,0,0,0,26,146,50,3,6,1,0.2
beta.52,sim,2300,,,good,-14.0,average,fading,,2000,1083.0,14.0,0.0,,0,0,0,0,26,156,66,6,7,0,0.2
beta.52,sim,2300,,,good,-14.0,average,fading,,2000,524.9,10.6,0.0,,0,0,0,0,10,60,27,4,3,0,0.1
beta.52,sim,2300,,,good,-14.0,average,fading,,2000,862.5,18.6,0.0,,0,0,0,0,22,132,36,2,3,1,0.2
beta.52,sim,2300,,,good,-14.0,average,fading,,2000,919.8,17.4,0.0,,0,0,0,0,26,143,47,4,5,1,0.2
beta.52,sim,2300,,,good,-14.0,average,fading,,2000,838.1,19.1,0.0,,0,0,0,0,23,133,37,4,4,1,0.2
beta.52,sim,2300,,,good,-14.0,average,fading,,2000,1066.4,15.0,0.0,,0,0,0,0,27,155,59,5,7,1,0.2
beta.52,sim,2300,,,good,-14.0,average,fading,,2000,935.9,17.1,0.0,,0,0,0,0,25,146,50,6,5,1,0.2
beta.52,sim,2300,,,good,-14.0,average,fading,,2000,190.5,0.0,0.0,,,,,0,0,0,0,0,0,0,0.0
beta.52,sim,2300,,,good,-14.0,average,fading,,2000,562.0,10.8,0.0,,0,0,0,0,11,66,30,0,4,0,0.1
beta.52,sim,2300,,,good,-14.0,average,fading,,2000,828.9,19.3,0.0,,0,0,0,0,22,128,32,3,3,1,0.2
beta.52,sim,2300,,,good,-14.0,average,fading,,2000,158.2,0.0,0.0,,,,,0,0,0,0,0,0,0,0.0
beta.52,sim,2300,,,good,-14.0,average,fading,,2000,1050.3,15.2,0.0,,0,0,0,0,28,165,69,3,9,1,0.3
beta.52,sim,2300,,,good,-12.0,average,fading,,2000,803.4,19.9,0.0,,0,0,0,0,22,127,31,2,4,1,0.2
beta.52,sim,2300,,,good,-12.0,average,fading,,2000,864.8,18.5,0.0,,0,0,0,0,21,122,26,0,3,1,0.2
beta.52,sim,2300,,,good,-12.0,average,fading,,2000,669.2,23.9,0.0,,0,1,0,2,18,106,14,1,0,1,0.1
beta.52,sim,2300,,,good,-12.0,average,fading,,2000,856.6,18.7,0.0,,0,1,0,2,24,134,42,1,5,1,0.2
beta.52,sim,2300,,,good,-12.0,average,fading,,2000,734.3,21.8,0.0,,0,1,0,2,20,116,24,1,3,1,0.2
beta.52,sim,2300,,,good,-12.0,average,fading,,2000,644.9,24.8,0.0,,0,1,0,2,17,102,13,0,1,1,0.1
beta.52,sim,2300,,,good,-12.0,average,fading,,2000,802.9,19.9,0.0,,0,0,0,0,22,127,31,2,4,1,0.2
beta.52,sim,2300,,,good,-12.0,average,fading,,2000,837.2,19.1,0.0,,0,0,0,0,23,133,37,2,4,1,0.2
beta.52,sim,2300,,,good,-12.0,average,fading,,2000,718.8,22.3,0.0,,0,1,0,2,19,114,22,4,2,1,0.1
beta.52,sim,2300,,,good,-12.0,average,fading,,2000,746.2,21.4,0.0,,0,1,0,2,20,118,26,2,3,1,0.2
beta.52,sim,2300,,,good,-12.0,average,fading,,2000,750.5,21.3,0.0,,0,1,0,2,20,116,27,0,4,1,0.2
beta.52,sim,2300,,,good,-12.0,average,fading,,2000,701.9,22.8,0.0,,0,1,0,2,19,107,14,3,0,1,0.2
beta.52,sim,2300,,,good,-12.0,average,fading,,2000,775.2,20.6,0.0,,0,0,0,0,21,123,27,1,3,1,0.2
beta.52,sim,2300,,,good,-12.0,average,fading,,2000,892.7,17.9,0.0,,0,0,0,0,24,142,46,3,6,1,0.2
beta.52,sim,2300,,,good,-12.0,average,fading,,2000,192.2,0.0,0.0,,,,,0,0,0,0,0,0,0,0.0
beta.52,sim,2300,,,good,-12.0,average,fading,,2000,905.5,17.7,0.0,,0,0,0,0,24,142,46,0,5,1,0.2
beta.52,sim,2300,,,good,-12.0,average,fading,,2000,743.4,21.5,0.0,,0,0,0,0,20,118,22,0,3,1,0.2
beta.52,sim,2300,,,good,-12.0,average,fading,,2000,668.5,23.9,0.0,,0,1,0,2,18,101,12,3,0,1,0.1
beta.52,sim,2300,,,good,-12.0,average,fading,,2000,743.3,21.5,0.0,,0,0,0,0,20,118,22,0,2,1,0.2
beta.52,sim,2300,,,good,-12.0,average,fading,,2000,795.5,20.1,0.0,,0,0,0,0,22,126,30,3,3,1,0.2
beta.52,sim,2300,,,good,-12.0,average,fading,,2000,699.7,22.9,0.0,,0,0,0,0,20,110,14,0,2,1,0.1
beta.52,sim,2300,,,good,-12.0,average,fading,,2000,753.4,21.2,0.0,,0,1,0,2,21,119,27,1,3,1,0.2
beta.52,sim,2300,,,good,-12.0,average,fading,,2000,634.9,14.4,0.0,,0,1,0,2,13,78,27,1,4,0,0.1
beta.52,sim,2300,,,good,-12.0,average,fading,,2000,732.1,21.9,0.0,,0,0,0,0,19,114,18,2,1,1,0.2
beta.52,sim,2300,,,good,-12.0,average,fading,,2000,788.8,20.3,0.0,,0,0,0,0,21,122,26,4,3,1,0.2
beta.52,sim,2300,,,good,-12.0,average,fading,,2000,793.0,20.2,0.0,,0,0,0,0,21,125,29,0,3,1,0.2
beta.52,sim,2300,,,good,-12.0,average,fading,,2000,562.0,11.7,0.0,,0,0,0,0,11,66,27,0,4,0,0.1
beta.52,sim,2300,,,good,-12.0,average,fading,,2000,629.8,25.4,0.0,,0,1,0,2,16,96,7,1,0,1,0.1
beta.52,sim,2300,,,good,-12.0,average,fading,,2000,158.2,0.0,0.0,,,,,0,0,0,0,0,0,0,0.0
beta.52,sim,2300,,,good,-12.0,average,fading,,2000,802.3,19.9,0.0,,0,0,0,0,22,127,31,0,4,1,0.2
beta.52,sim,2300,,,good,-10.0,average,fading,,2000,682.8,23.4,35.8,0.654,0,1,0,6,19,107,21,0,3,1,0.1
beta.52,sim,2300,,,good,-10.0,average,fading,,2000,829.4,19.3,35.8,0.539,0,0,0,0,20,119,23,0,3,1,0.2
beta.52,sim,2300,,,good,-10.0,average,fading,,2000,534.4,29.9,35.8,0.836,0,1,0,4,14,84,5,0,0,1,0.1
beta.52,sim,2300,,,good,-10.0,average,fading,,2000,602.7,26.5,35.8,0.741,0,1,0,2,16,95,6,0,0,1,0.1
beta.52,sim,2300,,,good,-10.0,average,fading,,2000,645.1,24.8,35.8,0.692,0,1,0,2,17,102,10,0,1,1,0.1
beta.52,sim,2300,,,good,-10.0,average,fading,,2000,628.8,25.4,35.8,0.71,0,1,0,4,17,99,13,0,1,1,0.1
beta.52,sim,2300,,,good,-10.0,average,fading,,2000,634.8,25.2,35.8,0.704,0,1,0,2,17,100,8,2,1,1,0.1
beta.52,sim,2300,,,good,-10.0,average,fading,,2000,652.2,24.5,35.8,0.685,0,0,0,0,18,103,7,1,0,1,0.1
beta.52,sim,2300,,,good,-10.0,average,fading,,2000,612.3,26.1,35.8,0.729,0,1,0,4,17,96,7,1,0,1,0.1
beta.52,sim,2300,,,good,-10.0,average,fading,,2000,699.1,22.9,35.8,0.639,0,1,0,4,19,110,21,1,3,1,0.1
beta.52,sim,2300,,,good,-10.0,average,fading,,2000,645.0,24.8,35.8,0.693,0,1,0,2,18,101,15,0,2,1,0.1
beta.52,sim,2300,,,good,-10.0,average,fading,,2000,650.6,24.6,35.8,0.686,0,1,0,2,17,99,6,2,0,1,0.1
beta.52,sim,2300,,,good,-10.0,average,fading,,2000,680.5,23.5,35.8,0.656,0,1,0,4,18,105,16,1,2,1,0.1
beta.52,sim,2300,,,good,-10.0,average,fading,,2000,654.5,24.4,35.8,0.682,0,1,0,2,18,103,11,0,1,1,0.1
beta.52,sim,2300,,,good,-10.0,average,fading,,2000,192.2,0.0,35.8,0.0,,,,0,0,0,0,0,0,0,0.0
beta.52,sim,2300,,,good,-10.0,average,fading,,2000,712.3,22.5,35.8,0.627,0,1,0,4,19,113,27,0,3,1,0.2
beta.52,sim,2300,,,good,-10.0,average,fading,,2000,612.3,26.1,35.8,0.729,0,1,0,6,16,94,15,0,2,1,0.1
beta.52,sim,2300,,,good,-10.0,average,fading,,2000,682.2,23.5,35.8,0.655,0,1,0,2,18,108,16,0,2,1,0.1
beta.52,sim,2300,,,good,-10.0,average,fading,,2000,621.9,25.7,35.8,0.718,0,1,0,4,17,98,9,0,0,1,0.1
beta.52,sim,2300,,,good,-10.0,average,fading,,2000,658.4,24.3,35.8,0.678,0,1,0,2,18,104,12,3,0,1,0.1
beta.52,sim,2300,,,good,-10.0,average,fading,,2000,621.2,25.8,35.8,0.719,0,1,0,2,17,98,6,0,0,1,0.1
beta.52,sim,2300,,,good,-10.0,average,fading,,2000,717.0,22.3,35.8,0.623,0,1,0,2,20,113,24,1,3,1,0.1
beta.52,sim,2300,,,good,-10.0,average,fading,,2000,622.2,25.7,35.8,0.718,0,1,0,2,17,98,6,0,0,1,0.1
beta.52,sim,2300,,,good,-10.0,average,fading,,2000,690.2,23.2,35.8,0.647,0,0,0,0,19,109,13,0,1,1,0.2
beta.52,sim,2300,,,good,-10.0,average,fading,,2000,619.7,25.8,35.8,0.721,0,1,0,4,17,97,18,0,2,1,0.1
beta.52,sim,2300,,,good,-10.0,average,fading,,2000,648.0,24.7,35.8,0.689,0,1,0,4,19,101,15,1,2,1,0.1
beta.52,sim,2300,,,good,-10.0,average,fading,,2000,638.9,25.0,35.8,0.699,0,1,0,2,17,101,9,0,1,1,0.1
beta.52,sim,2300,,,good,-10.0,average,fading,,2000,520.7,30.7,35.8,0.858,0,1,0,4,13,78,3,0,0,1,0.1
beta.52,sim,2300,,,good,-10.0,average,fading,,2000,158.2,0.0,35.8,0.0,,,,0,0,0,0,0,0,0,0.0
beta.52,sim,2300,,,good,-10.0,average,fading,,2000,726.4,22.0,35.8,0.615,0,1,0,2,19,114,22,0,3,1,0.2
beta.52,sim,2300,,,good,-8.0,average,fading,,2000,562.6,28.4,53.7,0.529,0,1,1,5,15,88,8,0,1,1,0.1
beta.52,sim,2300,,,good,-8.0,average,fading,,2000,562.3,28.5,53.7,0.53,0,1,0,6,15,88,9,0,1,1,0.1
beta.52,sim,2300,,,good,-8.0,average,fading,,2000,523.7,30.6,53.7,0.569,0,1,0,4,14,82,3,0,0,1,0.1
beta.52,sim,2300,,,good,-8.0,average,fading,,2000,530.0,30.2,53.7,0.562,0,1,0,4,14,83,4,0,0,1,0.1
beta.52,sim,2300,,,good,-8.0,average,fading,,2000,498.8,32.1,53.7,0.597,0,1,1,5,13,78,2,0,0,1,0.1
beta.52,sim,2300,,,good,-8.0,average,fading,,2000,425.9,37.6,53.7,0.699,0,1,1,3,11,66,1,0,0,1,0.1
beta.52,sim,2300,,,good,-8.0,average,fading,,2000,508.8,31.4,53.7,0.585,0,1,0,4,14,79,4,1,0,1,0.1
beta.52,sim,2300,,,good,-8.0,average,fading,,2000,584.8,27.4,53.7,0.509,0,1,0,4,16,92,6,1,0,1,0.1
beta.52,sim,2300,,,good,-8.0,average,fading,,2000,581.3,27.5,53.7,0.512,0,1,0,6,16,91,5,1,0,1,0.1
beta.52,sim,2300,,,good,-8.0,average,fading,,2000,525.6,30.4,53.7,0.567,0,1,0,4,14,82,3,0,0,1,0.1
beta.52,sim,2300,,,good,-8.0,average,fading,,2000,499.1,32.1,53.7,0.597,0,1,1,5,13,78,2,0,0,1,0.1
beta.52,sim,2300,,,good,-8.0,average,fading,,2000,571.1,28.0,53.7,0.521,0,1,1,5,15,90,8,0,1,1,0.1
beta.52,sim,2300,,,good,-8.0,average,fading,,2000,523.6,30.6,53.7,0.569,0,1,0,6,14,82,3,0,0,1,0.1
beta.52,sim,2300,,,good,-8.0,average,fading,,2000,566.0,28.3,53.7,0.526,0,1,0,4,15,89,3,1,0,1,0.1
beta.52,sim,2300,,,good,-8.0,average,fading,,2000,606.0,26.4,53.7,0.491,0,1,0,6,15,90,11,1,1,1,0.1
beta.52,sim,2300,,,good,-8.0,average,fading,,2000,524.3,30.5,53.7,0.568,0,1,1,7,14,82,15,0,2,1,0.1
beta.52,sim,2300,,,good,-8.0,average,fading,,2000,513.7,31.1,53.7,0.58,0,1,1,5,14,80,13,0,2,1,0.1
beta.52,sim,2300,,,good,-8.0,average,fading,,2000,519.1,30.8,53.7,0.574,0,1,1,5,14,81,3,0,0,1,0.1
beta.52,sim,2300,,,good,-8.0,average,fading,,2000,554.5,28.9,53.7,0.537,0,1,0,6,15,87,5,0,0,1,0.1
beta.52,sim,2300,,,good,-8.0,average,fading,,2000,627.0,25.5,53.7,0.475,0,1,0,2,18,98,6,1,1,1,0.1
beta.52,sim,2300,,,good,-8.0,average,fading,,2000,548.5,29.2,53.7,0.543,0,1,0,6,15,86,4,0,0,1,0.1
beta.52,sim,2300,,,good,-8.0,average,fading,,2000,465.4,34.4,53.7,0.64,0,1,0,4,13,72,4,0,0,1,0.1
beta.52,sim,2300,,,good,-8.0,average,fading,,2000,532.6,30.0,53.7,0.559,0,1,0,6,15,86,4,0,0,1,0.1
beta.52,sim,2300,,,good,-8.0,average,fading,,2000,596.3,26.8,53.7,0.499,0,1,0,2,16,94,5,0,0,1,0.1
beta.52,sim,2300,,,good,-8.0,average,fading,,2000,483.4,33.1,53.7,0.616,0,1,0,6,13,75,3,0,0,1,0.1
beta.52,sim,2300,,,good,-8.0,average,fading,,2000,570.6,28.0,53.7,0.522,0,1,0,4,15,90,4,1,0,1,0.1
beta.52,sim,2300,,,good,-8.0,average,fading,,2000,535.1,29.9,53.7,0.556,0,1,1,5,14,84,8,0,1,1,0.1
beta.52,sim,2300,,,good,-8.0,average,fading,,2000,442.1,36.2,53.7,0.674,0,1,1,3,12,68,1,0,0,1,0.1
beta.52,sim,2300,,,good,-8.0,average,fading,,2000,555.2,28.8,53.7,0.536,0,1,1,3,15,87,3,0,0,1,0.1
beta.52,sim,2300,,,good,-8.0,average,fading,,2000,608.1,26.3,53.7,0.49,0,1,0,6,17,95,16,0,2,1,0.1
beta.52,sim,2300,,,good,-6.0,average,fading,,2000,484.5,33.0,53.7,0.615,0,1,1,5,13,75,8,0,1,1,0.1
beta.52,sim,2300,,,good,-6.0,average,fading,,2000,426.8,37.5,53.7,0.698,0,1,1,3,11,66,1,0,0,1,0.1
beta.52,sim,2300,,,good,-6.0,average,fading,,2000,396.6,40.3,53.7,0.751,0,1,1,1,11,63,0,0,0,1,0.1
beta.52,sim,2300,,,good,-6.0,average,fading,,2000,514.7,31.1,53.7,0.579,0,1,0,6,14,80,6,0,1,1,0.1
beta.52,sim,2300,,,good,-6.0,average,fading,,2000,457.1,35.0,53.7,0.651,0,1,1,5,12,71,2,0,0,1,0.1
beta.52,sim,2300,,,good,-6.0,average,fading,,2000,409.8,39.0,53.7,0.727,0,1,1,1,11,63,0,0,0,1,0.1
beta.52,sim,2300,,,good,-6.0,average,fading,,2000,436.1,36.7,53.7,0.683,0,1,1,3,12,67,2,1,0,1,0.1
beta.52,sim,2300,,,good,-6.0,average,fading,,2000,444.7,36.0,53.7,0.67,0,1,1,3,12,69,2,0,0,1,0.1
beta.52,sim,2300,,,good,-6.0,average,fading,,2000,457.3,35.0,53.7,0.651,0,1,0,6,12,71,3,0,0,1,0.1
beta.52,sim,2300,,,good,-6.0,average,fading,,2000,427.2,37.5,53.7,0.697,0,1,1,3,11,66,1,0,0,1,0.1
beta.52,sim,2300,,,good,-6.0,average,fading,,2000,520.9,30.7,53.7,0.572,0,2,1,6,17,100,24,7,4,1,0.1
beta.52,sim,2300,,,good,-6.0,average,fading,,2000,476.1,33.6,53.7,0.625,0,1,1,5,13,74,3,0,0,1,0.1
beta.52,sim,2300,,,good,-6.0,average,fading,,2000,434.8,36.8,53.7,0.685,0,1,1,3,12,67,2,0,0,1,0.1
beta.52,sim,2300,,,good,-6.0,average,fading,,2000,409.8,39.0,53.7,0.727,0,1,1,1,11,63,0,0,0,1,0.1
beta.52,sim,2300,,,good,-6.0,average,fading,,2000,451.4,35.4,53.7,0.66,0,1,1,5,12,70,3,0,0,1,0.1
beta.52,sim,2300,,,good,-6.0,average,fading,,2000,461.5,34.7,53.7,0.645,0,1,1,5,12,72,7,0,1,1,0.1
beta.52,sim,2300,,,good,-6.0,average,fading,,2000,444.7,36.0,53.7,0.67,0,1,1,5,12,69,2,0,0,1,0.1
beta.52,sim,2300,,,good,-6.0,average,fading,,2000,396.8,40.3,53.7,0.75,0,1,1,1,11,63,0,0,0,1,0.1
beta.52,sim,2300,,,good,-6.0,average,fading,,2000,432.3,37.0,53.7,0.689,0,1,1,3,11,66,1,0,0,1,0.1
beta.52,sim,2300,,,good,-6.0,average,fading,,2000,507.0,31.6,53.7,0.587,0,1,0,6,14,82,3,0,0,1,0.1
beta.52,sim,2300,,,good,-6.0,average,fading,,2000,408.6,39.2,53.7,0.729,0,1,1,3,11,66,1,0,0,1,0.1
beta.52,sim,2300,,,good,-6.0,average,fading,,2000,418.2,38.3,53.7,0.712,0,1,0,4,12,67,2,0,0,1,0.1
beta.52,sim,2300,,,good,-6.0,average,fading,,2000,512.2,31.2,53.7,0.581,0,2,0,5,16,96,14,0,2,1,0.1
beta.52,sim,2300,,,good,-6.0,average,fading,,2000,554.6,28.8,53.7,0.537,0,1,0,4,15,87,5,0,0,1,0.2
beta.52,sim,2300,,,good,-6.0,average,fading,,2000,436.3,36.7,53.7,0.683,0,1,0,4,12,67,2,0,0,1,0.1
beta.52,sim,2300,,,good,-6.0,average,fading,,2000,528.9,30.3,53.7,0.563,0,1,0,6,14,83,4,0,0,1,0.1
beta.52,sim,2300,,,good,-6.0,average,fading,,2000,484.3,33.0,53.7,0.615,0,1,0,6,13,78,3,0,0,1,0.1
beta.52,sim,2300,,,good,-6.0,average,fading,,2000,411.1,38.9,53.7,0.724,0,1,1,1,11,63,0,0,0,1,0.1
beta.52,sim,2300,,,good,-6.0,average,fading,,2000,534.9,29.9,53.7,0.557,0,1,1,7,14,84,4,0,0,1,0.1
beta.52,sim,2300,,,good,-6.0,average,fading,,2000,452.3,35.4,53.7,0.658,0,1,1,3,12,70,7,0,1,1,0.1
beta.52,sim,2300,,,good,-4.0,average,fading,,2000,408.6,39.2,53.7,0.729,0,1,1,3,11,66,1,0,0,1,0.1
beta.52,sim,2300,,,good,-4.0,average,fading,,2000,430.3,37.2,53.7,0.692,0,2,1,4,15,78,11,0,1,1,0.1
beta.52,sim,2300,,,good,-4.0,average,fading,,2000,353.4,45.3,53.7,0.843,1,2,1,1,13,71,6,5,0,1,0.1
beta.52,sim,2300,,,good,-4.0,average,fading,,2000,364.3,43.9,53.7,0.817,0,2,1,2,14,79,10,3,1,1,0.1
beta.52,sim,2300,,,good,-4.0,average,fading,,2000,370.4,43.2,53.7,0.804,0,2,1,6,17,89,14,5,3,1,0.1
beta.52,sim,2300,,,good,-4.0,average,fading,,2000,412.3,38.8,53.7,0.722,0,1,1,3,11,66,1,0,0,1,0.1
beta.52,sim,2300,,,good,-4.0,average,fading,,2000,420.0,38.1,53.7,0.709,0,1,0,2,12,64,1,0,0,1,0.1
beta.52,sim,2300,,,good,-4.0,average,fading,,2000,444.7,36.0,53.7,0.67,0,1,1,3,12,69,2,0,0,1,0.1
beta.52,sim,2300,,,good,-4.0,average,fading,,2000,396.3,40.4,53.7,0.751,0,1,1,1,11,63,0,0,0,1,0.1
beta.52,sim,2300,,,good,-4.0,average,fading,,2000,413.9,38.7,53.7,0.72,0,2,1,4,15,87,18,3,3,1,0.1
beta.52,sim,2300,,,good,-4.0,average,fading,,2000,404.6,39.5,53.7,0.736,0,2,1,7,16,87,20,0,2,1,0.1
beta.52,sim,2300,,,good,-4.0,average,fading,,2000,525.0,30.5,53.7,0.567,0,2,1,6,18,98,22,3,3,1,0.1
beta.52,sim,2300,,,good,-4.0,average,fading,,2000,431.6,37.1,53.7,0.69,0,2,1,3,15,80,13,4,2,1,0.1
beta.52,sim,2300,,,good,-4.0,average,fading,,2000,409.8,39.0,53.7,0.727,0,1,1,1,11,63,0,0,0,1,0.1
beta.52,sim,2300,,,good,-4.0,average,fading,,2000,472.1,33.9,53.7,0.631,0,2,1,6,16,82,8,3,1,1,0.1
beta.52,sim,2300,,,good,-4.0,average,fading,,2000,408.3,39.2,53.7,0.729,0,1,1,1,11,63,0,0,0,1,0.1
beta.52,sim,2300,,,good,-4.0,average,fading,,2000,408.4,39.2,53.7,0.729,0,1,1,1,11,63,0,0,0,1,0.1
beta.52,sim,2300,,,good,-4.0,average,fading,,2000,402.9,39.7,53.7,0.739,0,2,1,2,14,83,18,7,3,1,0.1
beta.52,sim,2300,,,good,-4.0,average,fading,,2000,388.9,41.1,53.7,0.766,0,2,1,2,13,67,2,0,0,1,0.1
beta.52,sim,2300,,,good,-4.0,average,fading,,2000,405.3,39.5,53.7,0.735,0,2,0,5,15,82,17,6,2,1,0.1
beta.52,sim,2300,,,good,-4.0,average,fading,,2000,378.3,42.3,53.7,0.787,0,2,1,4,16,90,22,4,2,1,0.1
beta.52,sim,2300,,,good,-4.0,average,fading,,2000,460.1,34.8,53.7,0.647,0,2,1,7,19,97,20,3,4,1,0.1
beta.52,sim,2300,,,good,-4.0,average,fading,,2000,358.9,44.6,53.7,0.83,0,2,1,5,16,88,21,2,2,1,0.1
beta.52,sim,2300,,,good,-4.0,average,fading,,2000,507.5,31.5,53.7,0.587,0,1,0,6,14,79,4,0,0,1,0.1
beta.52,sim,2300,,,good,-4.0,average,fading,,2000,410.6,39.0,53.7,0.725,0,1,1,1,11,63,0,0,0,1,0.1
beta.52,sim,2300,,,good,-4.0,average,fading,,2000,414.4,38.6,53.7,0.719,0,1,1,1,11,64,1,0,0,1,0.1
beta.52,sim,2300,,,good,-4.0,average,fading,,2000,375.7,42.6,53.7,0.793,0,2,1,4,14,75,9,2,1,1,0.1
beta.52,sim,2300,,,good,-4.0,average,fading,,2000,416.5,38.4,53.7,0.715,0,1,1,1,11,64,1,0,0,1,0.1
beta.52,sim,2300,,,good,-4.0,average,fading,,2000,493.2,32.4,53.7,0.604,0,1,1,5,13,77,3,0,0,1,0.1
beta.52,sim,2300,,,good,-4.0,average,fading,,2000,415.2,38.5,53.7,0.717,0,1,1,1,11,64,1,0,0,1,0.1
beta.52,sim,2300,,,good,-2.0,average,fading,,2000,348.6,45.9,53.7,0.854,0,2,1,6,18,99,28,2,3,1,0.1
beta.52,sim,2300,,,good,-2.0,average,fading,,2000,335.7,47.7,53.7,0.887,0,2,2,4,14,81,11,0,1,1,0.1
beta.52,sim,2300,,,good,-2.0,average,fading,,2000,203.4,78.7,53.7,1.464,0,2,1,6,20,109,26,4,2,1,0.1
beta.52,sim,2300,,,good,-2.0,average,fading,,2000,330.5,48.4,53.7,0.901,0,2,1,4,15,84,14,3,2,1,0.1
beta.52,sim,2300,,,good,-2.0,average,fading,,2000,278.7,57.4,53.7,1.069,0,2,1,4,16,87,13,5,1,1,0.1
beta.52,sim,2300,,,good,-2.0,average,fading,,2000,206.7,77.4,53.7,1.44,0,2,2,9,20,113,31,5,3,1,0.1
beta.52,sim,2300,,,good,-2.0,average,fading,,2000,410.4,39.0,53.7,0.726,0,1,1,1,11,63,0,0,0,1,0.1
beta.52,sim,2300,,,good,-2.0,average,fading,,2000,434.0,36.9,53.7,0.686,0,1,1,3,12,67,2,0,0,1,0.1
beta.52,sim,2300,,,good,-2.0,average,fading,,2000,218.0,73.4,53.7,1.366,0,3,1,7,18,105,26,3,3,1,0.1
beta.52,sim,2300,,,good,-2.0,average,fading,,2000,358.3,44.6,53.7,0.831,0,2,1,4,17,93,21,8,1,1,0.1
beta.52,sim,2300,,,good,-2.0,average,fading,,2000,237.0,67.5,53.7,1.257,0,2,1,11,25,129,42,0,5,1,0.1
beta.52,sim,2300,,,good,-2.0,average,fading,,2000,373.6,42.8,53.7,0.797,0,2,1,2,13,74,8,2,1,1,0.1
beta.52,sim,2300,,,good,-2.0,average,fading,,2000,313.8,51.0,53.7,0.949,0,2,2,3,15,86,17,3,2,1,0.1
beta.52,sim,2300,,,good,-2.0,average,fading,,2000,358.7,44.6,53.7,0.83,0,2,1,2,12,72,8,6,1,1,0.1
beta.52,sim,2300,,,good,-2.0,average,fading,,2000,385.5,41.5,53.7,0.773,0,2,0,5,16,92,22,7,3,1,0.1
beta.52,sim,2300,,,good,-2.0,average,fading,,2000,301.5,53.1,53.7,0.988,0,2,1,5,16,93,17,2,2,1,0.1
beta.52,sim,2300,,,good,-2.0,average,fading,,2000,346.6,46.2,53.7,0.859,0,2,2,5,15,80,7,2,0,1,0.1
beta.52,sim,2300,,,good,-2.0,average,fading,,2000,388.6,41.2,53.7,0.766,0,2,1,2,13,76,11,2,1,1,0.1
beta.52,sim,2300,,,good,-2.0,average,fading,,2000,347.9,46.0,53.7,0.856,0,2,1,5,15,89,18,1,3,1,0.1
beta.52,sim,2300,,,good,-2.0,average,fading,,2000,381.0,42.0,53.7,0.782,0,2,1,3,14,80,16,2,1,1,0.1
beta.52,sim,2300,,,good,-2.0,average,fading,,2000,275.0,58.2,53.7,1.083,0,2,1,7,22,119,39,6,3,1,0.1
beta.52,sim,2300,,,good,-2.0,average,fading,,2000,270.2,59.2,53.7,1.102,1,2,1,3,17,94,19,4,0,1,0.1
beta.52,sim,2300,,,good,-2.0,average,fading,,2000,316.2,50.6,53.7,0.942,0,2,1,4,14,84,15,0,2,1,0.1
beta.52,sim,2300,,,good,-2.0,average,fading,,2000,409.1,39.1,53.7,0.728,0,1,1,1,11,63,0,0,0,1,0.1
beta.52,sim,2300,,,good,-2.0,average,fading,,2000,329.0,48.6,53.7,0.905,0,2,1,8,17,100,27,6,4,1,0.1
beta.52,sim,2300,,,good,-2.0,average,fading,,2000,354.6,45.1,53.7,0.84,0,2,1,5,18,98,22,6,2,1,0.1
beta.52,sim,2300,,,good,-2.0,average,fading,,2000,375.1,42.7,53.7,0.794,0,2,1,5,18,94,16,4,1,1,0.1
beta.52,sim,2300,,,good,-2.0,average,fading,,2000,277.0,57.8,53.7,1.075,0,2,2,9,18,99,25,3,2,1,0.1
beta.52,sim,2300,,,good,-2.0,average,fading,,2000,414.5,38.6,53.7,0.718,0,2,0,4,19,98,18,4,2,1,0.1
beta.52,sim,2300,,,good,-2.0,average,fading,,2000,394.2,40.6,53.7,0.755,0,2,1,4,15,73,8,3,1,1,0.1
beta.52,sim,2300,,,good,0.0,average,fading,,2000,131.9,121.3,53.7,2.258,0,2,0,3,20,102,14,1,1,1,0.1
beta.52,sim,2300,,,good,0.0,average,fading,,2000,224.2,71.4,53.7,1.328,0,2,1,7,18,103,23,2,2,1,0.1
beta.52,sim,2300,,,good,0.0,average,fading,,2000,169.1,94.6,53.7,1.761,0,2,0,4,19,110,22,4,2,1,0.1
beta.52,sim,2300,,,good,0.0,average,fading,,2000,365.0,43.8,53.7,0.816,0,2,1,7,17,92,20,5,3,1,0.1
beta.52,sim,2300,,,good,0.0,average,fading,,2000,138.7,115.4,53.7,2.147,0,3,2,7,20,107,25,3,3,1,0.1
beta.52,sim,2300,,,good,0.0,average,fading,,2000,119.1,134.4,53.7,2.501,2,3,2,2,16,91,9,2,0,1,0.1
beta.52,sim,2300,,,good,0.0,average,fading,,2000,232.4,68.9,53.7,1.281,0,2,2,8,18,99,16,1,2,1,0.1
beta.52,sim,2300,,,good,0.0,average,fading,,2000,197.5,81.0,53.7,1.508,0,2,2,5,20,110,22,4,2,1,0.1
beta.52,sim,2300,,,good,0.0,average,fading,,2000,111.5,143.6,53.7,2.672,0,4,2,6,14,81,25,2,2,1,0.1
beta.52,sim,2300,,,good,0.0,average,fading,,2000,215.0,74.4,53.7,1.385,0,2,2,3,20,114,26,5,2,1,0.1
beta.52,sim,2300,,,good,0.0,average,fading,,2000,121.7,131.5,53.7,2.448,1,2,2,2,17,96,8,1,0,1,0.1
beta.52,sim,2300,,,good,0.0,average,fading,,2000,254.2,62.9,53.7,1.171,0,2,1,10,22,119,36,8,4,1,0.1
beta.52,sim,2300,,,good,0.0,average,fading,,2000,158.8,100.7,53.7,1.875,0,3,2,7,18,102,22,8,1,1,0.1
beta.52,sim,2300,,,good,0.0,average,fading,,2000,308.7,42.9,53.7,0.798,0,2,0,5,19,109,37,4,4,0,0.1
beta.52,sim,2300,,,good,0.0,average,fading,,2000,223.4,71.6,53.7,1.333,0,2,2,10,19,105,25,8,4,1,0.1
beta.52,sim,2300,,,good,0.0,average,fading,,2000,237.3,67.4,53.7,1.255,0,2,2,11,19,104,24,2,3,1,0.1
beta.52,sim,2300,,,good,0.0,average,fading,,2000,204.7,78.2,53.7,1.455,0,2,2,8,21,104,19,1,1,1,0.1
beta.52,sim,2300,,,good,0.0,average,fading,,2000,184.5,86.7,53.7,1.614,0,2,2,7,23,116,28,7,3,1,0.1
beta.52,sim,2300,,,good,0.0,average,fading,,2000,131.9,121.3,53.7,2.257,1,3,2,5,18,104,22,4,1,1,0.1
beta.52,sim,2300,,,good,0.0,average,fading,,2000,277.6,57.6,53.7,1.073,0,2,1,11,22,111,34,3,2,1,0.1
beta.52,sim,2300,,,good,0.0,average,fading,,2000,134.5,118.9,53.7,2.214,0,3,2,8,18,105,28,5,3,1,0.1
beta.52,sim,2300,,,good,0.0,average,fading,,2000,124.8,128.2,53.7,2.386,2,2,2,0,17,99,11,0,0,1,0.1
beta.52,sim,2300,,,good,0.0,average,fading,,2000,134.0,119.4,53.7,2.222,0,2,2,6,19,105,17,0,1,1,0.1
beta.52,sim,2300,,,good,0.0,average,fading,,2000,364.8,43.9,53.7,0.816,0,2,2,2,12,68,1,0,0,1,0.1
beta.52,sim,2300,,,good,0.0,average,fading,,2000,185.5,86.3,53.7,1.606,0,2,2,7,18,99,17,2,2,1,0.1
beta.52,sim,2300,,,good,0.0,average,fading,,2000,177.2,90.3,53.7,1.68,0,2,2,7,20,106,18,0,1,1,0.1
beta.52,sim,2300,,,good,0.0,average,fading,,2000,125.9,127.1,53.7,2.366,1,3,2,6,18,99,17,1,0,1,0.1
beta.52,sim,2300,,,good,0.0,average,fading,,2000,145.6,109.9,53.7,2.046,0,2,2,6,20,110,22,1,2,1,0.1
beta.52,sim,2300,,,good,0.0,average,fading,,2000,208.4,76.8,53.7,1.429,0,2,2,8,19,93,13,5,1,1,0.1
beta.52,sim,2300,,,good,0.0,average,fading,,2000,146.6,109.2,53.7,2.031,0,2,2,4,21,115,27,4,1,1,0.1
beta.52,sim,2300,,,good,2.0,average,fading,,2000,100.7,158.9,197.3,0.805,2,5,5,2,14,79,4,0,0,1,0.0
beta.52,sim,2300,,,good,2.0,average,fading,,2000,126.9,126.1,197.3,0.639,1,2,2,2,18,100,12,0,0,1,0.1
beta.52,sim,2300,,,good,2.0,average,fading,,2000,66.0,242.4,197.3,1.228,2,4,3,3,9,51,2,0,0,1,0.0
beta.52,sim,2300,,,good,2.0,average,fading,,2000,116.4,137.4,197.3,0.696,2,2,2,0,16,92,4,0,0,1,0.1
beta.52,sim,2300,,,good,2.0,average,fading,,2000,53.4,299.7,197.3,1.519,2,5,2,4,8,40,6,3,0,1,0.0
beta.52,sim,2300,,,good,2.0,average,fading,,2000,64.5,248.2,197.3,1.258,2,4,2,3,8,47,3,2,0,1,0.0
beta.52,sim,2300,,,good,2.0,average,fading,,2000,191.8,83.4,197.3,0.423,0,2,2,4,17,101,15,0,1,1,0.1
beta.52,sim,2300,,,good,2.0,average,fading,,2000,124.8,128.2,197.3,0.65,1,3,2,4,18,98,16,1,0,1,0.1
beta.52,sim,2300,,,good,2.0,average,fading,,2000,150.1,106.6,197.3,0.54,0,4,2,6,16,85,17,0,1,1,0.1
beta.52,sim,2300,,,good,2.0,average,fading,,2000,181.8,88.0,197.3,0.446,0,2,2,3,20,110,22,1,2,1,0.1
beta.52,sim,2300,,,good,2.0,average,fading,,2000,95.4,167.7,197.3,0.85,2,4,4,4,13,75,3,0,0,1,0.1
beta.52,sim,2300,,,good,2.0,average,fading,,2000,144.7,110.5,197.3,0.56,0,2,0,5,20,112,24,3,4,1,0.1
beta.52,sim,2300,,,good,2.0,average,fading,,2000,143.1,111.8,197.3,0.567,0,4,2,5,15,90,17,6,1,1,0.1
beta.52,sim,2300,,,good,2.0,average,fading,,2000,136.6,117.1,197.3,0.594,0,3,0,7,19,106,24,2,3,1,0.1
beta.52,sim,2300,,,good,2.0,average,fading,,2000,134.0,119.4,197.3,0.605,0,2,2,8,20,104,16,2,1,1,0.1
beta.52,sim,2300,,,good,2.0,average,fading,,2000,155.7,102.8,197.3,0.521,0,2,2,3,17,100,12,0,1,1,0.1
beta.52,sim,2300,,,good,2.0,average,fading,,2000,82.8,193.2,197.3,0.979,2,4,2,3,11,65,6,0,0,1,0.1
beta.52,sim,2300,,,good,2.0,average,fading,,2000,125.8,127.2,197.3,0.644,1,2,2,4,19,98,10,3,0,1,0.1
beta.52,sim,2300,,,good,2.0,average,fading,,2000,95.1,168.2,197.3,0.852,0,4,2,5,13,74,12,1,1,1,0.1
beta.52,sim,2300,,,good,2.0,average,fading,,2000,137.1,116.7,197.3,0.591,0,3,2,10,21,106,24,1,1,1,0.1
beta.52,sim,2300,,,good,2.0,average,fading,,2000,116.1,137.8,197.3,0.698,0,3,0,6,16,91,14,0,1,1,0.1
beta.52,sim,2300,,,good,2.0,average,fading,,2000,104.9,152.6,197.3,0.773,2,3,2,3,14,83,6,0,0,1,0.1
beta.52,sim,2300,,,good,2.0,average,fading,,2000,79.4,201.5,197.3,1.021,1,4,2,3,11,61,9,0,1,1,0.1
beta.52,sim,2300,,,good,2.0,average,fading,,2000,161.8,98.9,197.3,0.501,0,3,2,5,17,94,11,2,1,1,0.1
beta.52,sim,2300,,,good,2.0,average,fading,,2000,120.4,132.9,197.3,0.674,0,3,2,4,16,95,13,2,1,1,0.1
beta.52,sim,2300,,,good,2.0,average,fading,,2000,132.9,120.4,197.3,0.61,0,2,2,4,19,104,16,0,1,1,0.1
beta.52,sim,2300,,,good,2.0,average,fading,,2000,97.5,164.1,197.3,0.831,2,4,2,3,13,77,5,1,0,1,0.0
beta.52,sim,2300,,,good,2.0,average,fading,,2000,133.3,120.1,197.3,0.608,0,2,2,2,17,102,14,0,1,1,0.1
beta.52,sim,2300,,,good,2.0,average,fading,,2000,117.5,136.2,197.3,0.69,1,3,2,6,17,92,10,1,0,1,0.1
beta.52,sim,2300,,,good,2.0,average,fading,,2000,113.0,141.6,197.3,0.717,0,3,2,6,15,89,12,1,1,1,0.0
beta.52,sim,2300,,,good,6.0,average,fading,,2000,61.8,258.8,531.3,0.487,2,4,3,4,8,48,4,0,0,1,0.0
beta.52,sim,2300,,,good,6.0,average,fading,,2000,81.8,195.7,531.3,0.368,2,3,2,3,11,64,3,0,0,1,0.0
beta.52,sim,2300,,,good,6.0,average,fading,,2000,31.4,510.2,531.3,0.96,2,6,6,2,4,23,0,0,0,1,0.0
beta.52,sim,2300,,,good,6.0,average,fading,,2000,36.6,437.1,531.3,0.823,2,6,6,3,5,27,0,0,0,1,0.0
beta.52,sim,2300,,,good,6.0,average,fading,,2000,24.0,666.4,531.3,1.254,5,7,6,2,3,17,2,1,0,1,0.0
beta.52,sim,2300,,,good,6.0,average,fading,,2000,47.1,339.6,531.3,0.639,2,5,3,4,6,36,2,0,0,1,0.0
beta.52,sim,2300,,,good,6.0,average,fading,,2000,56.6,282.9,531.3,0.533,2,5,5,5,8,43,5,0,0,1,0.0
beta.52,sim,2300,,,good,6.0,average,fading,,2000,44.6,359.0,531.3,0.676,2,5,4,3,6,32,2,0,0,1,0.0
beta.52,sim,2300,,,good,6.0,average,fading,,2000,31.4,510.2,531.3,0.96,2,6,6,2,4,23,0,0,0,1,0.0
beta.52,sim,2300,,,good,6.0,average,fading,,2000,109.1,146.7,531.3,0.276,2,3,2,2,15,86,4,0,0,1,0.1
beta.52,sim,2300,,,good,6.0,average,fading,,2000,35.5,450.1,531.3,0.847,2,6,2,4,5,26,4,0,0,1,0.0
beta.52,sim,2300,,,good,6.0,average,fading,,2000,83.6,191.4,531.3,0.36,2,5,3,4,12,64,8,0,1,1,0.0
beta.52,sim,2300,,,good,6.0,average,fading,,2000,44.0,364.0,531.3,0.685,3,6,3,3,6,33,7,6,0,1,0.0
beta.52,sim,2300,,,good,6.0,average,fading,,2000,37.7,424.9,531.3,0.8,3,6,3,3,5,28,6,1,0,1,0.0
beta.52,sim,2300,,,good,6.0,average,fading,,2000,61.8,258.8,531.3,0.487,2,5,2,3,8,48,3,1,0,1,0.0
beta.52,sim,2300,,,good,6.0,average,fading,,2000,55.5,288.3,531.3,0.543,2,5,2,5,8,42,4,0,0,1,0.0
beta.52,sim,2300,,,good,6.0,average,fading,,2000,29.2,547.5,531.3,1.03,4,7,4,3,5,20,5,0,0,1,0.0
beta.52,sim,2300,,,good,6.0,average,fading,,2000,76.5,209.1,531.3,0.394,2,4,4,5,10,60,3,1,0,1,0.0
beta.52,sim,2300,,,good,6.0,average,fading,,2000,24.0,666.4,531.3,1.254,5,7,6,2,3,17,2,0,0,1,0.0
beta.52,sim,2300,,,good,6.0,average,fading,,2000,93.3,171.5,531.3,0.323,2,5,2,3,13,73,12,3,0,1,0.0
beta.52,sim,2300,,,good,6.0,average,fading,,2000,20.8,767.5,531.3,1.445,5,7,7,1,3,14,0,0,0,1,0.0
beta.52,sim,2300,,,good,6.0,average,fading,,2000,38.7,413.3,531.3,0.778,4,5,4,3,5,29,3,0,0,1,0.0
beta.52,sim,2300,,,good,6.0,average,fading,,2000,27.1,589.4,531.3,1.109,5,6,6,2,4,19,3,0,0,1,0.0
beta.52,sim,2300,,,good,6.0,average,fading,,2000,94.9,168.6,531.3,0.317,0,5,4,3,8,40,2,0,0,1,0.0
beta.52,sim,2300,,,good,6.0,average,fading,,2000,44.0,364.0,531.3,0.685,2,5,2,3,6,33,3,1,0,1,0.0
beta.52,sim,2300,,,good,6.0,average,fading,,2000,73.4,218.1,531.3,0.41,2,4,4,3,10,57,2,0,0,1,0.0
beta.52,sim,2300,,,good,6.0,average,fading,,2000,23.0,697.0,531.3,1.312,5,7,6,2,3,16,1,1,0,1,0.0
beta.52,sim,2300,,,good,6.0,average,fading,,2000,52.4,305.6,531.3,0.575,2,5,4,5,7,40,4,0,0,1,0.0
beta.52,sim,2300,,,good,6.0,average,fading,,2000,34.5,463.8,531.3,0.873,4,6,5,3,5,25,3,0,0,1,0.0
beta.52,sim,2300,,,good,6.0,average,fading,,2000,32.4,493.6,531.3,0.929,4,6,5,2,4,24,3,0,0,1,0.0
beta.52,sim,2300,,,moderate,-18.0,average,fading,,2000,79.7,0.0,0.0,,,,,0,0,0,0,0,0,0,0.0
beta.52,sim,2300,,,moderate,-18.0,average,fading,,2000,125.6,0.0,0.0,,,,,0,0,0,0,0,0,0,0.0
beta.52,sim,2300,,,moderate,-18.0,average,fading,,2000,108.3,0.0,0.0,,,,,0,0,0,0,0,0,0,0.0
beta.52,sim,2300,,,moderate,-18.0,average,fading,,2000,158.6,0.0,0.0,,,,,0,0,0,0,0,0,0,0.0
beta.52,sim,2300,,,moderate,-18.0,average,fading,,2000,231.7,0.0,0.0,,,,,0,0,0,0,0,0,0,0.0
beta.52,sim,2300,,,moderate,-18.0,average,fading,,2000,93.8,0.0,0.0,,,,,0,0,0,0,0,0,0,0.0
beta.52,sim,2300,,,moderate,-18.0,average,fading,,2000,79.4,0.0,0.0,,,,,0,0,0,0,0,0,0,0.0
beta.52,sim,2300,,,moderate,-18.0,average,fading,,2000,64.4,0.0,0.0,,,,,0,0,0,0,0,0,0,0.0
beta.52,sim,2300,,,moderate,-18.0,average,fading,,2000,495.9,5.4,0.0,,0,0,0,0,9,54,38,9,5,0,0.1
beta.52,sim,2300,,,moderate,-18.0,average,fading,,2000,182.3,0.0,0.0,,,,,0,0,0,0,0,0,0,0.0
beta.52,sim,2300,,,moderate,-18.0,average,fading,,2000,180.5,0.0,0.0,,,,,0,0,0,0,0,0,0,0.0
beta.52,sim,2300,,,moderate,-18.0,average,fading,,2000,120.7,0.0,0.0,,,,,0,0,0,0,0,0,0,0.0
beta.52,sim,2300,,,moderate,-18.0,average,fading,,2000,134.0,0.0,0.0,,,,,0,0,0,0,0,0,0,0.0
beta.52,sim,2300,,,moderate,-18.0,average,fading,,2000,195.4,0.0,0.0,,,,,0,0,0,0,0,0,0,0.0
beta.52,sim,2300,,,moderate,-18.0,average,fading,,2000,100.2,0.0,0.0,,,,,0,0,0,0,0,0,0,0.0
beta.52,sim,2300,,,moderate,-18.0,average,fading,,2000,134.9,0.0,0.0,,,,,0,0,0,0,0,0,0,0.0
beta.52,sim,2300,,,moderate,-18.0,average,fading,,2000,210.8,0.0,0.0,,,,,0,0,0,0,0,0,0,0.0
beta.52,sim,2300,,,moderate,-18.0,average,fading,,2000,226.6,0.0,0.0,,,,,0,0,0,0,0,0,0,0.0
beta.52,sim,2300,,,moderate,-18.0,average,fading,,2000,189.3,0.0,0.0,,,,,0,0,0,0,0,0,0,0.0
beta.52,sim,2300,,,moderate,-18.0,average,fading,,2000,85.7,0.0,0.0,,,,,0,0,0,0,0,0,0,0.0
beta.52,sim,2300,,,moderate,-18.0,average,fading,,2000,238.4,0.0,0.0,,,,,0,0,0,0,0,0,0,0.0
beta.52,sim,2300,,,moderate,-18.0,average,fading,,2000,89.2,0.0,0.0,,,,,0,0,0,0,0,0,0,0.0
beta.52,sim,2300,,,moderate,-18.0,average,fading,,2000,119.9,0.0,0.0,,,,,0,0,0,0,0,0,0,0.0
beta.52,sim,2300,,,moderate,-18.0,average,fading,,2000,112.9,0.0,0.0,,,,,0,0,0,0,0,0,0,0.0
beta.52,sim,2300,,,moderate,-18.0,average,fading,,2000,196.2,0.0,0.0,,,,,0,0,0,0,0,0,0,0.0
beta.52,sim,2300,,,moderate,-18.0,average,fading,,2000,129.5,0.0,0.0,,,,,0,0,0,0,0,0,0,0.0
beta.52,sim,2300,,,moderate,-18.0,average,fading,,2000,93.0,0.0,0.0,,,,,0,0,0,0,0,0,0,0.0
beta.52,sim,2300,,,moderate,-18.0,average,fading,,2000,180.3,0.0,0.0,,,,,0,0,0,0,0,0,0,0.0
beta.52,sim,2300,,,moderate,-18.0,average,fading,,2000,140.7,0.0,0.0,,,,,0,0,0,0,0,0,0,0.0
beta.52,sim,2300,,,moderate,-18.0,average,fading,,2000,124.9,0.0,0.0,,,,,0,0,0,0,0,0,0,0.0
beta.52,sim,2300,,,moderate,-14.0,average,fading,,2000,851.5,18.8,0.0,,0,0,0,0,22,127,31,5,2,1,0.1
beta.52,sim,2300,,,moderate,-14.0,average,fading,,2000,753.7,21.2,0.0,,0,0,0,0,21,119,23,4,1,1,0.1
beta.52,sim,2300,,,moderate,-14.0,average,fading,,2000,775.5,20.6,0.0,,0,0,0,0,21,122,26,4,1,1,0.1
beta.52,sim,2300,,,moderate,-14.0,average,fading,,2000,716.8,22.3,0.0,,0,1,0,2,20,113,21,7,1,1,0.1
beta.52,sim,2300,,,moderate,-14.0,average,fading,,2000,838.0,19.1,0.0,,0,0,0,0,22,129,33,1,4,1,0.2
beta.52,sim,2300,,,moderate,-14.0,average,fading,,2000,743.2,21.5,0.0,,0,0,0,0,20,118,22,1,1,1,0.2
beta.52,sim,2300,,,moderate,-14.0,average,fading,,2000,726.6,22.0,0.0,,0,0,0,0,19,106,10,2,1,1,0.1
beta.52,sim,2300,,,moderate,-14.0,average,fading,,2000,748.0,21.4,0.0,,0,0,0,0,20,119,23,4,2,1,0.2
beta.52,sim,2300,,,moderate,-14.0,average,fading,,2000,722.2,22.2,0.0,,0,0,0,0,20,114,18,6,1,1,0.1
beta.52,sim,2300,,,moderate,-14.0,average,fading,,2000,740.9,21.6,0.0,,0,0,0,0,19,114,18,3,0,1,0.2
beta.52,sim,2300,,,moderate,-14.0,average,fading,,2000,744.5,21.5,0.0,,0,0,0,0,20,118,22,1,2,1,0.2
beta.52,sim,2300,,,moderate,-14.0,average,fading,,2000,805.8,19.9,0.0,,0,0,0,0,22,128,32,2,3,1,0.2
beta.52,sim,2300,,,moderate,-14.0,average,fading,,2000,818.8,19.5,0.0,,0,0,0,0,22,129,33,4,3,1,0.2
beta.52,sim,2300,,,moderate,-14.0,average,fading,,2000,778.5,20.6,0.0,,0,0,0,0,22,123,27,0,1,1,0.2
beta.52,sim,2300,,,moderate,-14.0,average,fading,,2000,766.4,20.9,0.0,,0,0,0,0,20,116,20,3,1,1,0.1
beta.52,sim,2300,,,moderate,-14.0,average,fading,,2000,741.8,21.6,0.0,,0,0,0,0,20,118,22,0,1,1,0.1
beta.52,sim,2300,,,moderate,-14.0,average,fading,,2000,846.8,18.9,0.0,,0,0,0,0,24,134,38,3,4,1,0.2
beta.52,sim,2300,,,moderate,-14.0,average,fading,,2000,764.5,20.9,0.0,,0,0,0,0,21,121,25,5,2,1,0.1
beta.52,sim,2300,,,moderate,-14.0,average,fading,,2000,792.2,20.2,0.0,,0,0,0,0,20,117,21,0,2,1,0.1
beta.52,sim,2300,,,moderate,-14.0,average,fading,,2000,732.7,21.8,0.0,,0,0,0,0,20,116,20,2,2,1,0.1
beta.52,sim,2300,,,moderate,-14.0,average,fading,,2000,777.5,20.6,0.0,,0,0,0,0,20,118,22,2,1,1,0.1
beta.52,sim,2300,,,moderate,-14.0,average,fading,,2000,843.2,19.0,0.0,,0,0,0,0,22,132,36,2,4,1,0.1
beta.52,sim,2300,,,moderate,-14.0,average,fading,,2000,800.5,20.0,0.0,,0,0,0,0,22,123,27,0,2,1,0.1
beta.52,sim,2300,,,moderate,-14.0,average,fading,,2000,679.8,23.5,0.0,,0,0,0,0,18,108,12,3,0,1,0.1
beta.52,sim,2300,,,moderate,-14.0,average,fading,,2000,755.6,21.2,0.0,,0,0,0,0,20,120,24,2,2,1,0.1
beta.52,sim,2300,,,moderate,-14.0,average,fading,,2000,759.5,21.1,0.0,,0,0,0,0,20,115,19,1,1,1,0.1
beta.52,sim,2300,,,moderate,-14.0,average,fading,,2000,704.3,22.7,0.0,,0,0,0,0,20,111,15,3,0,1,0.1
beta.52,sim,2300,,,moderate,-14.0,average,fading,,2000,722.0,22.2,0.0,,0,0,0,0,21,113,17,1,1,1,0.1
beta.52,sim,2300,,,moderate,-14.0,average,fading,,2000,880.3,18.2,0.0,,0,0,0,0,24,140,44,4,4,1,0.2
beta.52,sim,2300,,,moderate,-14.0,average,fading,,2000,759.1,21.1,0.0,,0,0,0,0,20,116,20,6,1,1,0.1
beta.52,sim,2300,,,moderate,-12.0,average,fading,,2000,677.0,23.6,35.8,0.66,0,0,0,0,18,107,11,0,1,1,0.1
beta.52,sim,2300,,,moderate,-12.0,average,fading,,2000,618.2,25.9,35.8,0.723,0,1,0,2,17,97,5,1,0,1,0.1
beta.52,sim,2300,,,moderate,-12.0,average,fading,,2000,616.7,25.9,35.8,0.724,0,1,0,2,17,97,5,1,0,1,0.1
beta.52,sim,2300,,,moderate,-12.0,average,fading,,2000,608.1,26.3,35.8,0.735,0,1,0,2,16,96,4,1,0,1,0.1
beta.52,sim,2300,,,moderate,-12.0,average,fading,,2000,602.6,26.6,35.8,0.741,0,1,0,4,16,95,6,1,0,1,0.1
beta.52,sim,2300,,,moderate,-12.0,average,fading,,2000,602.3,26.6,35.8,0.742,0,1,0,2,16,95,3,1,0,1,0.1
beta.52,sim,2300,,,moderate,-12.0,average,fading,,2000,586.9,27.3,35.8,0.761,0,1,1,5,16,92,4,1,0,1,0.1
beta.52,sim,2300,,,moderate,-12.0,average,fading,,2000,632.7,25.3,35.8,0.706,0,1,0,2,17,100,8,1,1,1,0.1
beta.52,sim,2300,,,moderate,-12.0,average,fading,,2000,650.5,24.6,35.8,0.687,0,1,0,2,18,101,9,1,0,1,0.1
beta.52,sim,2300,,,moderate,-12.0,average,fading,,2000,609.1,26.3,35.8,0.733,0,1,0,2,16,96,4,2,0,1,0.1
beta.52,sim,2300,,,moderate,-12.0,average,fading,,2000,675.2,23.7,35.8,0.662,0,0,0,0,19,106,10,0,1,1,0.1
beta.52,sim,2300,,,moderate,-12.0,average,fading,,2000,579.9,27.6,35.8,0.77,0,1,0,2,16,91,4,0,0,1,0.1
beta.52,sim,2300,,,moderate,-12.0,average,fading,,2000,543.9,29.4,35.8,0.821,0,1,0,4,15,85,3,1,0,1,0.1
beta.52,sim,2300,,,moderate,-12.0,average,fading,,2000,648.3,24.7,35.8,0.689,0,0,0,0,18,102,6,0,0,1,0.1
beta.52,sim,2300,,,moderate,-12.0,average,fading,,2000,644.0,24.8,35.8,0.694,0,0,0,0,17,102,6,0,0,1,0.1
beta.52,sim,2300,,,moderate,-12.0,average,fading,,2000,631.9,25.3,35.8,0.707,0,0,0,0,17,100,4,0,0,1,0.1
beta.52,sim,2300,,,moderate,-12.0,average,fading,,2000,637.3,25.1,35.8,0.701,0,0,0,0,17,101,5,0,0,1,0.1
beta.52,sim,2300,,,moderate,-12.0,average,fading,,2000,597.2,26.8,35.8,0.748,0,1,0,2,16,94,5,1,0,1,0.1
beta.52,sim,2300,,,moderate,-12.0,average,fading,,2000,621.9,25.7,35.8,0.718,0,1,0,2,17,98,6,0,0,1,0.1
beta.52,sim,2300,,,moderate,-12.0,average,fading,,2000,596.4,26.8,35.8,0.749,0,1,1,3,16,94,3,0,0,1,0.1
beta.52,sim,2300,,,moderate,-12.0,average,fading,,2000,677.9,23.6,35.8,0.659,0,1,0,4,18,101,12,1,1,1,0.1
beta.52,sim,2300,,,moderate,-12.0,average,fading,,2000,612.8,26.1,35.8,0.729,0,1,0,4,17,95,6,0,0,1,0.1
beta.52,sim,2300,,,moderate,-12.0,average,fading,,2000,654.0,24.5,35.8,0.683,0,1,0,2,18,103,11,1,1,1,0.1
beta.52,sim,2300,,,moderate,-12.0,average,fading,,2000,596.3,26.8,35.8,0.749,0,1,0,2,16,94,5,0,0,1,0.1
beta.52,sim,2300,,,moderate,-12.0,average,fading,,2000,597.8,26.8,35.8,0.747,0,1,0,4,16,94,5,1,0,1,0.1
beta.52,sim,2300,,,moderate,-12.0,average,fading,,2000,640.0,25.0,35.8,0.698,0,1,0,2,16,96,4,0,0,1,0.1
beta.52,sim,2300,,,moderate,-12.0,average,fading,,2000,622.0,25.7,35.8,0.718,0,1,0,2,17,98,6,0,0,1,0.1
beta.52,sim,2300,,,moderate,-12.0,average,fading,,2000,645.4,24.8,35.8,0.692,0,0,0,0,17,102,6,0,0,1,0.1
beta.52,sim,2300,,,moderate,-12.0,average,fading,,2000,607.7,26.3,35.8,0.735,0,1,0,2,16,96,4,0,0,1,0.1
beta.52,sim,2300,,,moderate,-12.0,average,fading,,2000,638.7,25.0,35.8,0.699,0,1,0,2,17,101,9,1,0,1,0.1
beta.52,sim,2300,,,moderate,-10.0,average,fading,,2000,608.9,26.3,53.7,0.489,0,1,0,2,16,96,4,0,0,1,0.1
beta.52,sim,2300,,,moderate,-10.0,average,fading,,2000,540.1,29.6,53.7,0.551,0,1,0,6,15,84,4,1,0,1,0.1
beta.52,sim,2300,,,moderate,-10.0,average,fading,,2000,549.3,29.1,53.7,0.542,0,1,0,6,15,86,4,1,0,1,0.1
beta.52,sim,2300,,,moderate,-10.0,average,fading,,2000,513.9,31.1,53.7,0.579,0,1,1,5,14,80,2,1,0,1,0.1
beta.52,sim,2300,,,moderate,-10.0,average,fading,,2000,529.9,30.2,53.7,0.562,0,1,0,4,14,83,4,0,0,1,0.1
beta.52,sim,2300,,,moderate,-10.0,average,fading,,2000,549.9,29.1,53.7,0.542,0,1,1,5,15,86,2,0,0,1,0.1
beta.52,sim,2300,,,moderate,-10.0,average,fading,,2000,457.5,35.0,53.7,0.651,0,1,0,4,12,71,3,0,0,1,0.1
beta.52,sim,2300,,,moderate,-10.0,average,fading,,2000,533.5,30.0,53.7,0.558,0,1,1,3,14,84,2,0,0,1,0.1
beta.52,sim,2300,,,moderate,-10.0,average,fading,,2000,482.9,33.1,53.7,0.617,0,1,0,4,13,75,3,0,0,1,0.2
beta.52,sim,2300,,,moderate,-10.0,average,fading,,2000,525.6,30.4,53.7,0.567,0,1,1,5,14,82,2,1,0,1,0.1
beta.52,sim,2300,,,moderate,-10.0,average,fading,,2000,477.6,33.5,53.7,0.623,0,1,0,4,13,74,2,0,0,1,0.1
beta.52,sim,2300,,,moderate,-10.0,average,fading,,2000,533.9,30.0,53.7,0.558,0,1,1,3,14,84,2,0,0,1,0.1
beta.52,sim,2300,,,moderate,-10.0,average,fading,,2000,512.9,31.2,53.7,0.581,0,1,0,6,14,80,4,1,0,1,0.1
beta.52,sim,2300,,,moderate,-10.0,average,fading,,2000,566.0,28.3,53.7,0.526,0,1,0,6,15,89,3,0,0,1,0.1
beta.52,sim,2300,,,moderate,-10.0,average,fading,,2000,549.8,29.1,53.7,0.542,0,1,1,5,15,86,2,0,0,1,0.1
beta.52,sim,2300,,,moderate,-10.0,average,fading,,2000,579.4,27.6,53.7,0.514,0,1,0,4,16,91,5,0,0,1,0.1
beta.52,sim,2300,,,moderate,-10.0,average,fading,,2000,548.5,29.2,53.7,0.543,0,1,1,5,15,86,4,0,0,1,0.1
beta.52,sim,2300,,,moderate,-10.0,average,fading,,2000,529.8,30.2,53.7,0.562,0,1,1,5,14,83,3,1,0,1,0.1
beta.52,sim,2300,,,moderate,-10.0,average,fading,,2000,481.8,33.2,53.7,0.618,0,1,0,4,13,75,3,0,0,1,0.1
beta.52,sim,2300,,,moderate,-10.0,average,fading,,2000,544.0,29.4,53.7,0.547,0,1,1,5,15,85,3,0,0,1,0.1
beta.52,sim,2300,,,moderate,-10.0,average,fading,,2000,434.0,36.9,53.7,0.686,0,1,0,4,12,67,2,0,0,1,0.1
beta.52,sim,2300,,,moderate,-10.0,average,fading,,2000,439.8,36.4,53.7,0.677,0,1,0,4,12,68,3,0,0,1,0.1
beta.52,sim,2300,,,moderate,-10.0,average,fading,,2000,571.6,28.0,53.7,0.521,0,1,1,5,15,90,8,1,1,1,0.1
beta.52,sim,2300,,,moderate,-10.0,average,fading,,2000,512.9,31.2,53.7,0.581,0,1,0,6,14,80,5,1,0,1,0.1
beta.52,sim,2300,,,moderate,-10.0,average,fading,,2000,514.4,31.1,53.7,0.579,0,1,0,6,14,80,5,0,0,1,0.1
beta.52,sim,2300,,,moderate,-10.0,average,fading,,2000,492.5,32.5,53.7,0.605,0,1,0,4,13,77,2,0,0,1,0.1
beta.52,sim,2300,,,moderate,-10.0,average,fading,,2000,549.3,29.1,53.7,0.542,0,1,1,5,15,86,2,0,0,1,0.1
beta.52,sim,2300,,,moderate,-10.0,average,fading,,2000,458.2,34.9,53.7,0.65,0,1,0,4,12,71,3,0,0,1,0.1
beta.52,sim,2300,,,moderate,-10.0,average,fading,,2000,471.8,33.9,53.7,0.631,0,1,0,4,13,73,3,0,0,1,0.1
beta.52,sim,2300,,,moderate,-10.0,average,fading,,2000,549.9,29.1,53.7,0.541,0,1,1,3,15,86,4,0,0,1,0.1
beta.52,sim,2300,,,moderate,-8.0,average,fading,,2000,545.7,29.3,53.7,0.546,0,1,0,6,15,85,3,0,0,1,0.1
beta.52,sim,2300,,,moderate,-8.0,average,fading,,2000,410.7,39.0,53.7,0.725,0,1,1,1,11,63,0,0,0,1,0.1
beta.52,sim,2300,,,moderate,-8.0,average,fading,,2000,433.0,37.0,53.7,0.688,0,1,1,5,12,69,2,0,0,1,0.1
beta.52,sim,2300,,,moderate,-8.0,average,fading,,2000,426.3,37.5,53.7,0.699,0,1,1,3,11,66,1,0,0,1,0.1
beta.52,sim,2300,,,moderate,-8.0,average,fading,,2000,426.1,37.5,53.7,0.699,0,1,1,3,11,66,1,0,0,1,0.1
beta.52,sim,2300,,,moderate,-8.0,average,fading,,2000,425.9,37.6,53.7,0.699,0,1,1,3,11,66,1,0,0,1,0.1
beta.52,sim,2300,,,moderate,-8.0,average,fading,,2000,410.4,39.0,53.7,0.726,0,1,1,1,11,63,0,0,0,1,0.1
beta.52,sim,2300,,,moderate,-8.0,average,fading,,2000,434.0,36.9,53.7,0.686,0,1,0,4,12,67,2,0,0,1,0.1
beta.52,sim,2300,,,moderate,-8.0,average,fading,,2000,435.8,36.7,53.7,0.683,0,1,1,3,12,67,2,0,0,1,0.1
beta.52,sim,2300,,,moderate,-8.0,average,fading,,2000,411.1,38.9,53.7,0.724,0,1,1,1,11,63,0,0,0,1,0.1
beta.52,sim,2300,,,moderate,-8.0,average,fading,,2000,419.8,38.1,53.7,0.709,0,1,0,2,12,64,1,0,0,1,0.1
beta.52,sim,2300,,,moderate,-8.0,average,fading,,2000,408.7,39.1,53.7,0.729,0,1,1,1,11,63,0,0,0,1,0.1
beta.52,sim,2300,,,moderate,-8.0,average,fading,,2000,425.2,37.6,53.7,0.7,0,1,1,3,11,66,1,0,0,1,0.1
beta.52,sim,2300,,,moderate,-8.0,average,fading,,2000,455.8,35.1,53.7,0.653,0,1,0,6,13,70,3,0,0,1,0.1
beta.52,sim,2300,,,moderate,-8.0,average,fading,,2000,498.5,32.1,53.7,0.597,0,1,1,5,13,78,2,0,0,1,0.1
beta.52,sim,2300,,,moderate,-8.0,average,fading,,2000,590.5,27.1,53.7,0.504,0,2,1,4,19,114,25,7,4,1,0.1
beta.52,sim,2300,,,moderate,-8.0,average,fading,,2000,444.7,36.0,53.7,0.67,0,1,1,5,12,69,2,0,0,1,0.1
beta.52,sim,2300,,,moderate,-8.0,average,fading,,2000,426.0,37.6,53.7,0.699,0,1,1,3,11,66,1,0,0,1,0.1
beta.52,sim,2300,,,moderate,-8.0,average,fading,,2000,434.7,36.8,53.7,0.685,0,1,1,3,12,67,2,0,0,1,0.1
beta.52,sim,2300,,,moderate,-8.0,average,fading,,2000,409.2,39.1,53.7,0.728,0,1,1,1,11,63,0,0,0,1,0.1
beta.52,sim,2300,,,moderate,-8.0,average,fading,,2000,434.0,36.9,53.7,0.686,0,1,1,3,12,67,2,0,0,1,0.1
beta.52,sim,2300,,,moderate,-8.0,average,fading,,2000,424.9,37.7,53.7,0.701,0,1,1,3,11,66,1,0,0,1,0.1
beta.52,sim,2300,,,moderate,-8.0,average,fading,,2000,446.5,35.8,53.7,0.667,0,1,1,3,12,69,6,0,1,1,0.1
beta.52,sim,2300,,,moderate,-8.0,average,fading,,2000,425.2,37.6,53.7,0.7,0,1,1,3,11,66,1,0,0,1,0.1
beta.52,sim,2300,,,moderate,-8.0,average,fading,,2000,410.6,39.0,53.7,0.725,0,1,1,1,11,63,0,0,0,1,0.1
beta.52,sim,2300,,,moderate,-8.0,average,fading,,2000,434.7,36.8,53.7,0.685,0,1,1,3,12,67,2,0,0,1,0.1
beta.52,sim,2300,,,moderate,-8.0,average,fading,,2000,409.1,39.1,53.7,0.728,0,1,1,1,11,63,0,0,0,1,0.1
beta.52,sim,2300,,,moderate,-8.0,average,fading,,2000,427.2,37.5,53.7,0.697,0,1,1,3,11,66,1,0,0,1,0.1
beta.52,sim,2300,,,moderate,-8.0,average,fading,,2000,409.7,39.0,53.7,0.727,0,1,1,1,11,63,0,0,0,1,0.1
beta.52,sim,2300,,,moderate,-8.0,average,fading,,2000,498.6,32.1,53.7,0.597,0,1,1,5,13,78,3,0,0,1,0.1
beta.52,sim,2300,,,moderate,-6.0,average,fading,,2000,416.3,38.4,53.7,0.715,0,1,1,1,11,64,1,0,0,1,0.1
beta.52,sim,2300,,,moderate,-6.0,average,fading,,2000,410.7,39.0,53.7,0.725,0,1,1,1,11,63,0,0,0,1,0.1
beta.52,sim,2300,,,moderate,-6.0,average,fading,,2000,396.6,40.3,53.7,0.751,0,1,1,1,11,63,0,0,0,1,0.1
beta.52,sim,2300,,,moderate,-6.0,average,fading,,2000,415.5,38.5,53.7,0.717,0,1,1,1,11,64,1,0,0,1,0.1
beta.52,sim,2300,,,moderate,-6.0,average,fading,,2000,398.6,40.1,53.7,0.747,0,2,1,2,14,83,18,5,3,1,0.1
beta.52,sim,2300,,,moderate,-6.0,average,fading,,2000,458.7,34.9,53.7,0.649,0,2,1,4,16,87,21,5,3,1,0.1
beta.52,sim,2300,,,moderate,-6.0,average,fading,,2000,410.4,39.0,53.7,0.726,0,1,1,1,11,63,0,0,0,1,0.1
beta.52,sim,2300,,,moderate,-6.0,average,fading,,2000,408.4,39.2,53.7,0.729,0,1,1,1,11,63,0,0,0,1,0.1
beta.52,sim,2300,,,moderate,-6.0,average,fading,,2000,396.3,40.4,53.7,0.751,0,1,1,1,11,63,0,0,0,1,0.1
beta.52,sim,2300,,,moderate,-6.0,average,fading,,2000,411.1,38.9,53.7,0.724,0,1,1,1,11,63,0,0,0,1,0.1
beta.52,sim,2300,,,moderate,-6.0,average,fading,,2000,410.3,39.0,53.7,0.726,0,1,1,1,11,63,0,0,0,1,0.1
beta.52,sim,2300,,,moderate,-6.0,average,fading,,2000,414.1,38.6,53.7,0.719,0,1,1,1,11,64,1,0,0,1,0.1
beta.52,sim,2300,,,moderate,-6.0,average,fading,,2000,414.5,38.6,53.7,0.718,0,1,1,1,11,64,1,0,0,1,0.1
beta.52,sim,2300,,,moderate,-6.0,average,fading,,2000,415.2,38.5,53.7,0.717,0,1,1,1,11,64,1,0,0,1,0.1
beta.52,sim,2300,,,moderate,-6.0,average,fading,,2000,409.7,39.1,53.7,0.727,0,1,1,1,11,63,0,0,0,1,0.1
beta.52,sim,2300,,,moderate,-6.0,average,fading,,2000,422.8,37.8,53.7,0.704,0,2,1,4,15,86,19,6,3,1,0.1
beta.52,sim,2300,,,moderate,-6.0,average,fading,,2000,424.5,37.7,53.7,0.702,0,1,1,3,11,66,1,0,0,1,0.1
beta.52,sim,2300,,,moderate,-6.0,average,fading,,2000,410.0,39.0,53.7,0.726,0,1,1,1,11,63,0,0,0,1,0.1
beta.52,sim,2300,,,moderate,-6.0,average,fading,,2000,409.1,39.1,53.7,0.728,0,1,1,1,11,63,0,0,0,1,0.1
beta.52,sim,2300,,,moderate,-6.0,average,fading,,2000,409.2,39.1,53.7,0.728,0,1,1,1,11,63,0,0,0,1,0.1
beta.52,sim,2300,,,moderate,-6.0,average,fading,,2000,392.6,40.8,53.7,0.759,0,2,1,2,14,78,13,3,2,1,0.1
beta.52,sim,2300,,,moderate,-6.0,average,fading,,2000,390.9,40.9,53.7,0.762,0,2,1,4,13,74,9,4,1,1,0.1
beta.52,sim,2300,,,moderate,-6.0,average,fading,,2000,409.3,39.1,53.7,0.728,0,1,1,1,11,63,0,0,0,1,0.1
beta.52,sim,2300,,,moderate,-6.0,average,fading,,2000,414.5,38.6,53.7,0.718,0,1,1,1,11,64,1,0,0,1,0.1
beta.52,sim,2300,,,moderate,-6.0,average,fading,,2000,410.6,39.0,53.7,0.725,0,1,1,1,11,63,0,0,0,1,0.1
beta.52,sim,2300,,,moderate,-6.0,average,fading,,2000,409.1,39.1,53.7,0.728,0,1,1,1,11,63,0,0,0,1,0.1
beta.52,sim,2300,,,moderate,-6.0,average,fading,,2000,409.1,39.1,53.7,0.728,0,1,1,1,11,63,0,0,0,1,0.1
beta.52,sim,2300,,,moderate,-6.0,average,fading,,2000,411.1,38.9,53.7,0.724,0,1,1,1,11,63,0,0,0,1,0.1
beta.52,sim,2300,,,moderate,-6.0,average,fading,,2000,409.7,39.0,53.7,0.727,0,1,1,1,11,63,0,0,0,1,0.1
beta.52,sim,2300,,,moderate,-6.0,average,fading,,2000,435.5,36.7,53.7,0.684,0,1,1,3,12,67,2,0,0,1,0.1
beta.52,sim,2300,,,moderate,-4.0,average,fading,,2000,374.6,42.7,53.7,0.795,1,2,1,1,13,72,8,2,0,1,0.1
beta.52,sim,2300,,,moderate,-4.0,average,fading,,2000,430.3,37.2,53.7,0.692,0,2,1,4,15,78,11,2,1,1,0.1
beta.52,sim,2300,,,moderate,-4.0,average,fading,,2000,353.5,45.3,53.7,0.842,1,2,1,1,12,68,4,1,0,1,0.1
beta.52,sim,2300,,,moderate,-4.0,average,fading,,2000,415.5,38.5,53.7,0.717,0,1,1,1,11,64,1,0,0,1,0.1
beta.52,sim,2300,,,moderate,-4.0,average,fading,,2000,390.5,41.0,53.7,0.763,0,2,1,2,13,77,12,3,2,1,0.1
beta.52,sim,2300,,,moderate,-4.0,average,fading,,2000,401.6,39.8,53.7,0.742,0,1,1,1,11,64,1,0,0,1,0.1
beta.52,sim,2300,,,moderate,-4.0,average,fading,,2000,381.0,42.0,53.7,0.782,0,2,1,4,14,71,8,1,2,1,0.1
beta.52,sim,2300,,,moderate,-4.0,average,fading,,2000,392.5,40.8,53.7,0.759,0,1,1,1,11,63,0,0,0,1,0.1
beta.52,sim,2300,,,moderate,-4.0,average,fading,,2000,402.4,39.8,53.7,0.74,0,2,1,2,14,83,18,3,3,1,0.1
beta.52,sim,2300,,,moderate,-4.0,average,fading,,2000,425.5,37.6,53.7,0.7,0,2,1,3,14,74,7,1,1,1,0.1
beta.52,sim,2300,,,moderate,-4.0,average,fading,,2000,410.3,39.0,53.7,0.726,0,1,1,1,11,63,0,0,0,1,0.1
beta.52,sim,2300,,,moderate,-4.0,average,fading,,2000,396.5,40.4,53.7,0.751,0,2,1,2,14,73,6,0,0,1,0.1
beta.52,sim,2300,,,moderate,-4.0,average,fading,,2000,390.5,41.0,53.7,0.763,0,2,1,2,13,77,12,3,2,1,0.1
beta.52,sim,2300,,,moderate,-4.0,average,fading,,2000,367.6,43.5,53.7,0.81,1,2,1,1,13,69,5,4,0,1,0.1
beta.52,sim,2300,,,moderate,-4.0,average,fading,,2000,396.6,40.3,53.7,0.751,0,1,1,1,11,63,0,0,0,1,0.1
beta.52,sim,2300,,,moderate,-4.0,average,fading,,2000,407.9,39.2,53.7,0.73,0,2,1,2,14,84,19,3,3,1,0.1
beta.52,sim,2300,,,moderate,-4.0,average,fading,,2000,408.4,39.2,53.7,0.729,0,1,1,1,11,63,0,0,0,1,0.1
beta.52,sim,2300,,,moderate,-4.0,average,fading,,2000,410.0,39.0,53.7,0.726,0,1,1,1,11,63,0,0,0,1,0.1
beta.52,sim,2300,,,moderate,-4.0,average,fading,,2000,414.4,38.6,53.7,0.719,0,1,1,1,11,64,1,0,0,1,0.1
beta.52,sim,2300,,,moderate,-4.0,average,fading,,2000,409.2,39.1,53.7,0.728,0,1,1,1,11,63,0,0,0,1,0.1
beta.52,sim,2300,,,moderate,-4.0,average,fading,,2000,368.3,43.4,53.7,0.809,0,2,1,2,13,73,9,2,1,1,0.1
beta.52,sim,2300,,,moderate,-4.0,average,fading,,2000,376.9,42.5,53.7,0.79,0,2,1,4,14,72,9,0,1,1,0.1
beta.52,sim,2300,,,moderate,-4.0,average,fading,,2000,420.0,38.1,53.7,0.709,0,2,1,3,15,80,15,2,2,1,0.1
beta.52,sim,2300,,,moderate,-4.0,average,fading,,2000,398.6,40.1,53.7,0.747,0,2,1,2,14,83,18,1,3,1,0.1
beta.52,sim,2300,,,moderate,-4.0,average,fading,,2000,397.3,40.3,53.7,0.749,0,1,1,1,11,63,0,0,0,1,0.1
beta.52,sim,2300,,,moderate,-4.0,average,fading,,2000,397.2,40.3,53.7,0.75,0,1,1,1,11,63,0,0,0,1,0.1
beta.52,sim,2300,,,moderate,-4.0,average,fading,,2000,409.1,39.1,53.7,0.728,0,1,1,1,11,63,0,0,0,1,0.1
beta.52,sim,2300,,,moderate,-4.0,average,fading,,2000,411.1,38.9,53.7,0.724,0,1,1,1,11,63,0,0,0,1,0.1
beta.52,sim,2300,,,moderate,-4.0,average,fading,,2000,402.8,39.7,53.7,0.739,0,1,1,1,11,64,1,0,0,1,0.1
beta.52,sim,2300,,,moderate,-4.0,average,fading,,2000,415.2,38.5,53.7,0.717,0,1,1,1,11,64,1,0,0,1,0.1
beta.52,sim,2300,,,moderate,-2.0,average,fading,,2000,323.8,49.4,53.7,0.92,0,2,1,8,19,99,28,5,2,1,0.1
beta.52,sim,2300,,,moderate,-2.0,average,fading,,2000,370.5,43.2,53.7,0.804,0,2,1,10,21,107,31,4,4,1,0.1
beta.52,sim,2300,,,moderate,-2.0,average,fading,,2000,398.1,40.2,53.7,0.748,0,2,1,10,20,107,32,3,5,1,0.1
beta.52,sim,2300,,,moderate,-2.0,average,fading,,2000,339.0,47.2,53.7,0.878,0,2,0,8,19,95,23,3,3,1,0.1
beta.52,sim,2300,,,moderate,-2.0,average,fading,,2000,319.9,50.0,53.7,0.931,0,2,1,6,18,87,14,5,3,1,0.1
beta.52,sim,2300,,,moderate,-2.0,average,fading,,2000,302.4,52.9,53.7,0.985,0,2,2,7,19,89,14,2,1,1,0.1
beta.52,sim,2300,,,moderate,-2.0,average,fading,,2000,204.6,78.2,53.7,1.456,0,2,2,16,27,131,43,5,3,1,0.1
beta.52,sim,2300,,,moderate,-2.0,average,fading,,2000,286.3,55.9,53.7,1.04,1,2,1,7,18,89,16,3,0,1,0.1
beta.52,sim,2300,,,moderate,-2.0,average,fading,,2000,243.0,65.9,53.7,1.226,0,2,1,15,26,116,36,7,5,1,0.1
beta.52,sim,2300,,,moderate,-2.0,average,fading,,2000,285.3,56.1,53.7,1.044,0,2,1,13,23,106,26,2,4,1,0.1
beta.52,sim,2300,,,moderate,-2.0,average,fading,,2000,232.8,68.7,53.7,1.279,0,2,1,13,22,108,25,2,1,1,0.1
beta.52,sim,2300,,,moderate,-2.0,average,fading,,2000,320.2,50.0,53.7,0.93,0,2,1,8,20,100,24,4,1,1,0.1
beta.52,sim,2300,,,moderate,-2.0,average,fading,,2000,295.7,54.1,53.7,1.007,0,2,1,9,21,105,28,4,3,1,0.1
beta.52,sim,2300,,,moderate,-2.0,average,fading,,2000,303.5,52.7,53.7,0.981,0,2,2,8,18,97,22,6,2,1,0.1
beta.52,sim,2300,,,moderate,-2.0,average,fading,,2000,357.5,44.8,53.7,0.833,0,2,2,4,13,72,4,1,0,1,0.1
beta.52,sim,2300,,,moderate,-2.0,average,fading,,2000,276.0,58.0,53.7,1.079,0,2,1,13,21,106,30,4,3,1,0.1
beta.52,sim,2300,,,moderate,-2.0,average,fading,,2000,297.0,53.9,53.7,1.003,0,2,1,11,21,103,26,4,2,1,0.1
beta.52,sim,2300,,,moderate,-2.0,average,fading,,2000,328.5,48.7,53.7,0.907,0,2,1,6,19,99,25,3,2,1,0.1
beta.52,sim,2300,,,moderate,-2.0,average,fading,,2000,347.6,46.0,53.7,0.857,0,2,1,5,16,78,9,3,1,1,0.1
beta.52,sim,2300,,,moderate,-2.0,average,fading,,2000,334.9,47.8,53.7,0.889,0,2,2,6,17,89,17,6,1,1,0.1
beta.52,sim,2300,,,moderate,-2.0,average,fading,,2000,245.5,65.2,53.7,1.213,0,2,1,13,23,103,24,2,2,1,0.1
beta.52,sim,2300,,,moderate,-2.0,average,fading,,2000,255.0,62.7,53.7,1.168,0,2,1,13,23,108,30,7,2,1,0.1
beta.52,sim,2300,,,moderate,-2.0,average,fading,,2000,305.7,52.3,53.7,0.974,0,2,2,9,22,115,34,5,3,1,0.1
beta.52,sim,2300,,,moderate,-2.0,average,fading,,2000,330.0,48.5,53.7,0.902,0,2,1,7,16,84,16,2,2,1,0.1
beta.52,sim,2300,,,moderate,-2.0,average,fading,,2000,284.8,56.2,53.7,1.045,0,2,2,9,20,108,30,3,3,1,0.1
beta.52,sim,2300,,,moderate,-2.0,average,fading,,2000,331.4,48.3,53.7,0.899,0,2,1,15,25,112,33,4,6,1,0.1
beta.52,sim,2300,,,moderate,-2.0,average,fading,,2000,367.3,43.6,53.7,0.811,0,2,1,5,16,85,12,3,1,1,0.1
beta.52,sim,2300,,,moderate,-2.0,average,fading,,2000,300.7,53.2,53.7,0.99,0,2,2,7,19,93,18,2,2,1,0.1
beta.52,sim,2300,,,moderate,-2.0,average,fading,,2000,259.2,61.7,53.7,1.149,0,2,0,16,24,128,42,4,6,1,0.1
beta.52,sim,2300,,,moderate,-2.0,average,fading,,2000,392.6,40.8,53.7,0.759,0,2,1,4,14,78,13,4,2,1,0.1
beta.52,sim,2300,,,moderate,0.0,average,fading,,2000,161.9,98.8,53.7,1.839,0,2,2,8,21,102,14,3,1,1,0.1
beta.52,sim,2300,,,moderate,0.0,average,fading,,2000,196.4,81.5,53.7,1.516,0,2,2,15,26,118,30,2,2,1,0.1
beta.52,sim,2300,,,moderate,0.0,average,fading,,2000,163.0,98.2,53.7,1.827,0,2,2,8,20,104,16,1,1,1,0.0
beta.52,sim,2300,,,moderate,0.0,average,fading,,2000,157.8,101.4,53.7,1.888,0,2,2,4,18,101,13,4,1,1,0.1
beta.52,sim,2300,,,moderate,0.0,average,fading,,2000,157.6,101.5,53.7,1.89,0,2,2,12,23,122,34,3,3,1,0.1
beta.52,sim,2300,,,moderate,0.0,average,fading,,2000,131.9,121.3,53.7,2.258,0,2,1,5,19,103,15,0,1,1,0.1
beta.52,sim,2300,,,moderate,0.0,average,fading,,2000,137.9,116.0,53.7,2.159,0,2,2,4,19,108,20,2,2,1,0.0
beta.52,sim,2300,,,moderate,0.0,average,fading,,2000,131.1,122.0,53.7,2.271,1,2,2,4,19,103,15,0,0,1,0.0
beta.52,sim,2300,,,moderate,0.0,average,fading,,2000,150.5,106.3,53.7,1.979,0,2,2,12,23,116,28,1,2,1,0.1
beta.52,sim,2300,,,moderate,0.0,average,fading,,2000,174.7,91.6,53.7,1.705,0,3,2,7,20,104,21,5,1,1,0.1
beta.52,sim,2300,,,moderate,0.0,average,fading,,2000,163.3,98.0,53.7,1.823,0,2,2,13,24,125,37,0,5,1,0.1
beta.52,sim,2300,,,moderate,0.0,average,fading,,2000,198.7,80.5,53.7,1.499,0,2,2,12,23,111,23,0,3,1,0.1
beta.52,sim,2300,,,moderate,0.0,average,fading,,2000,141.0,113.4,53.7,2.111,0,2,2,10,21,109,21,1,2,1,0.1
beta.52,sim,2300,,,moderate,0.0,average,fading,,2000,140.0,114.3,53.7,2.127,0,2,0,6,21,108,20,1,2,1,0.1
beta.52,sim,2300,,,moderate,0.0,average,fading,,2000,142.1,112.6,53.7,2.096,0,2,2,9,22,109,21,2,2,1,0.1
beta.52,sim,2300,,,moderate,0.0,average,fading,,2000,188.8,84.7,53.7,1.577,0,2,2,8,19,99,13,2,0,1,0.1
beta.52,sim,2300,,,moderate,0.0,average,fading,,2000,181.7,88.1,53.7,1.639,0,2,0,4,19,107,19,1,2,1,0.1
beta.52,sim,2300,,,moderate,0.0,average,fading,,2000,154.4,103.6,53.7,1.928,0,2,2,10,23,119,31,3,3,1,0.1
beta.52,sim,2300,,,moderate,0.0,average,fading,,2000,129.0,124.0,53.7,2.308,1,2,2,2,18,102,14,1,0,1,0.0
beta.52,sim,2300,,,moderate,0.0,average,fading,,2000,132.1,121.1,53.7,2.254,1,2,2,6,20,103,15,3,0,1,0.1
beta.52,sim,2300,,,moderate,0.0,average,fading,,2000,149.2,107.2,53.7,1.996,0,2,2,8,21,116,28,0,3,1,0.1
beta.52,sim,2300,,,moderate,0.0,average,fading,,2000,136.1,117.6,53.7,2.188,0,2,2,4,19,107,19,1,1,1,0.1
beta.52,sim,2300,,,moderate,0.0,average,fading,,2000,137.4,116.5,53.7,2.168,1,2,2,6,21,107,19,1,0,1,0.1
beta.52,sim,2300,,,moderate,0.0,average,fading,,2000,137.9,116.0,53.7,2.159,0,2,2,6,19,108,20,1,2,1,0.1
beta.52,sim,2300,,,moderate,0.0,average,fading,,2000,133.7,119.6,53.7,2.227,0,2,2,4,18,105,17,1,2,1,0.0
beta.52,sim,2300,,,moderate,0.0,average,fading,,2000,130.5,122.6,53.7,2.283,1,2,2,6,19,98,10,0,0,1,0.0
beta.52,sim,2300,,,moderate,0.0,average,fading,,2000,128.9,124.1,53.7,2.309,1,2,1,7,21,99,11,1,0,1,0.1
beta.52,sim,2300,,,moderate,0.0,average,fading,,2000,165.4,96.8,53.7,1.801,0,2,2,9,20,102,17,1,1,1,0.1
beta.52,sim,2300,,,moderate,0.0,average,fading,,2000,153.6,104.2,53.7,1.939,0,3,2,3,16,88,5,1,0,1,0.1
beta.52,sim,2300,,,moderate,0.0,average,fading,,2000,133.2,120.2,53.7,2.236,1,2,2,10,21,103,15,2,0,1,0.1
beta.52,sim,2300,,,moderate,2.0,average,fading,,2000,109.1,146.7,197.3,0.743,2,3,2,2,15,86,4,0,0,1,0.0
beta.52,sim,2300,,,moderate,2.0,average,fading,,2000,123.7,129.3,197.3,0.655,1,2,2,4,18,97,9,0,0,1,0.1
beta.52,sim,2300,,,moderate,2.0,average,fading,,2000,122.7,130.4,197.3,0.661,1,2,2,6,19,95,7,1,0,1,0.1
beta.52,sim,2300,,,moderate,2.0,average,fading,,2000,49.2,325.2,197.3,1.648,2,4,3,2,7,37,1,0,0,1,0.0
beta.52,sim,2300,,,moderate,2.0,average,fading,,2000,105.7,151.4,197.3,0.767,1,4,2,3,14,83,11,2,1,1,0.0
beta.52,sim,2300,,,moderate,2.0,average,fading,,2000,124.5,128.5,197.3,0.651,0,2,2,3,19,96,8,0,1,1,0.0
beta.52,sim,2300,,,moderate,2.0,average,fading,,2000,108.0,148.1,197.3,0.751,2,3,2,2,15,85,3,0,0,1,0.0
beta.52,sim,2300,,,moderate,2.0,average,fading,,2000,91.2,175.4,197.3,0.889,1,4,2,6,13,71,5,1,0,1,0.0
beta.52,sim,2300,,,moderate,2.0,average,fading,,2000,113.3,141.3,197.3,0.716,1,3,2,4,16,89,7,0,0,1,0.0
beta.52,sim,2300,,,moderate,2.0,average,fading,,2000,108.5,147.4,197.3,0.747,0,4,0,5,15,84,13,0,2,1,0.0
beta.52,sim,2300,,,moderate,2.0,average,fading,,2000,104.3,153.4,197.3,0.777,0,4,3,7,14,81,15,1,2,1,0.0
beta.52,sim,2300,,,moderate,2.0,average,fading,,2000,169.8,94.3,197.3,0.478,0,3,2,2,16,91,8,0,0,1,0.1
beta.52,sim,2300,,,moderate,2.0,average,fading,,2000,117.2,136.5,197.3,0.692,0,3,2,3,16,92,10,0,1,1,0.0
beta.52,sim,2300,,,moderate,2.0,average,fading,,2000,110.1,145.3,197.3,0.736,1,3,2,3,16,86,4,0,0,1,0.0
beta.52,sim,2300,,,moderate,2.0,average,fading,,2000,131.6,121.6,197.3,0.616,0,2,2,5,19,102,14,1,2,1,0.1
beta.52,sim,2300,,,moderate,2.0,average,fading,,2000,121.2,132.0,197.3,0.669,1,2,2,2,17,94,6,0,0,1,0.0
beta.52,sim,2300,,,moderate,2.0,average,fading,,2000,164.2,97.5,197.3,0.494,0,3,2,5,18,96,13,0,1,1,0.0
beta.52,sim,2300,,,moderate,2.0,average,fading,,2000,126.5,126.4,197.3,0.641,0,3,2,6,18,95,13,0,1,1,0.0
beta.52,sim,2300,,,moderate,2.0,average,fading,,2000,112.2,142.6,197.3,0.723,1,3,2,4,16,88,6,1,0,1,0.1
beta.52,sim,2300,,,moderate,2.0,average,fading,,2000,109.1,146.7,197.3,0.743,2,3,2,2,15,86,4,0,0,1,0.1
beta.52,sim,2300,,,moderate,2.0,average,fading,,2000,104.6,153.0,197.3,0.775,0,4,2,5,14,82,11,0,1,1,0.1
beta.52,sim,2300,,,moderate,2.0,average,fading,,2000,84.9,188.4,197.3,0.955,2,4,2,5,12,66,5,1,0,1,0.0
beta.52,sim,2300,,,moderate,2.0,average,fading,,2000,97.5,164.1,197.3,0.831,2,4,2,3,13,77,9,2,0,1,0.1
beta.52,sim,2300,,,moderate,2.0,average,fading,,2000,128.5,124.5,197.3,0.631,0,3,2,7,18,100,18,1,2,1,0.1
beta.52,sim,2300,,,moderate,2.0,average,fading,,2000,103.6,154.5,197.3,0.783,0,4,4,6,14,81,9,1,1,1,0.1
beta.52,sim,2300,,,moderate,2.0,average,fading,,2000,110.1,145.3,197.3,0.736,2,3,2,2,15,87,5,0,0,1,0.1
beta.52,sim,2300,,,moderate,2.0,average,fading,,2000,102.7,155.7,197.3,0.789,1,4,2,5,15,80,7,0,0,1,0.1
beta.52,sim,2300,,,moderate,2.0,average,fading,,2000,110.1,145.3,197.3,0.736,1,3,2,4,16,86,4,0,0,1,0.1
beta.52,sim,2300,,,moderate,2.0,average,fading,,2000,108.0,148.1,197.3,0.751,2,3,3,3,15,85,3,0,0,1,0.1
beta.52,sim,2300,,,moderate,2.0,average,fading,,2000,110.1,145.3,197.3,0.736,1,3,2,4,16,86,4,0,0,1,0.1
beta.52,sim,2300,,,moderate,6.0,average,fading,,2000,51.3,311.8,531.3,0.587,2,5,2,4,7,39,2,0,0,1,0.0
beta.52,sim,2300,,,moderate,6.0,average,fading,,2000,37.6,425.2,531.3,0.8,4,5,4,3,6,27,4,0,0,1,0.0
beta.52,sim,2300,,,moderate,6.0,average,fading,,2000,41.8,382.3,531.3,0.72,3,5,4,2,6,31,1,0,0,1,0.0
beta.52,sim,2300,,,moderate,6.0,average,fading,,2000,25.1,638.4,531.3,1.202,4,6,6,1,3,18,0,0,0,1,0.0
beta.52,sim,2300,,,moderate,6.0,average,fading,,2000,31.4,510.2,531.3,0.96,4,6,4,2,4,23,3,2,0,1,0.0
beta.52,sim,2300,,,moderate,6.0,average,fading,,2000,46.1,347.3,531.3,0.654,3,4,4,2,6,35,1,0,0,1,0.0
beta.52,sim,2300,,,moderate,6.0,average,fading,,2000,41.8,382.3,531.3,0.72,2,5,4,3,6,31,1,1,0,1,0.0
beta.52,sim,2300,,,moderate,6.0,average,fading,,2000,25.1,638.4,531.3,1.202,4,6,6,1,3,18,0,0,0,1,0.0
beta.52,sim,2300,,,moderate,6.0,average,fading,,2000,39.8,402.4,531.3,0.757,4,5,4,2,5,30,2,0,0,1,0.0
beta.52,sim,2300,,,moderate,6.0,average,fading,,2000,25.1,638.4,531.3,1.202,5,7,6,2,3,18,3,2,0,1,0.0
beta.52,sim,2300,,,moderate,6.0,average,fading,,2000,33.4,478.4,531.3,0.9,3,6,5,3,5,24,1,0,0,1,0.0
beta.52,sim,2300,,,moderate,6.0,average,fading,,2000,53.1,301.1,531.3,0.567,2,5,5,4,7,40,7,0,1,1,0.0
beta.52,sim,2300,,,moderate,6.0,average,fading,,2000,39.8,402.4,531.3,0.757,4,5,4,1,5,30,3,0,0,1,0.0
beta.52,sim,2300,,,moderate,6.0,average,fading,,2000,38.7,413.3,531.3,0.778,4,5,4,1,5,29,1,0,0,1,0.0
beta.52,sim,2300,,,moderate,6.0,average,fading,,2000,49.2,325.2,531.3,0.612,2,5,2,4,7,37,3,0,0,1,0.0
beta.52,sim,2300,,,moderate,6.0,average,fading,,2000,68.1,234.9,531.3,0.442,2,4,2,3,9,53,2,0,0,1,0.0
beta.52,sim,2300,,,moderate,6.0,average,fading,,2000,42.9,372.9,531.3,0.702,2,5,2,4,6,32,2,0,0,1,0.0
beta.52,sim,2300,,,moderate,6.0,average,fading,,2000,30.3,527.9,531.3,0.994,4,6,5,2,4,22,1,0,0,1,0.0
beta.52,sim,2300,,,moderate,6.0,average,fading,,2000,34.5,463.8,531.3,0.873,4,6,4,3,5,25,3,1,0,1,0.0
beta.52,sim,2300,,,moderate,6.0,average,fading,,2000,45.0,355.5,531.3,0.669,2,5,4,3,6,34,2,1,0,1,0.0
beta.52,sim,2300,,,moderate,6.0,average,fading,,2000,32.4,493.6,531.3,0.929,4,6,4,2,4,24,2,0,0,1,0.0
beta.52,sim,2300,,,moderate,6.0,average,fading,,2000,32.4,493.6,531.3,0.929,4,6,4,2,4,24,2,0,0,1,0.0
beta.52,sim,2300,,,moderate,6.0,average,fading,,2000,30.3,527.9,531.3,0.994,5,6,5,2,4,22,3,1,0,1,0.0
beta.52,sim,2300,,,moderate,6.0,average,fading,,2000,74.4,215.0,531.3,0.405,2,5,3,4,10,58,4,0,0,1,0.1
beta.52,sim,2300,,,moderate,6.0,average,fading,,2000,40.8,392.2,531.3,0.738,3,5,3,3,6,30,2,0,0,1,0.0
beta.52,sim,2300,,,moderate,6.0,average,fading,,2000,49.2,325.2,531.3,0.612,2,5,3,4,7,37,3,0,0,1,0.0
beta.52,sim,2300,,,moderate,6.0,average,fading,,2000,36.6,437.1,531.3,0.823,4,6,4,3,5,27,4,0,0,1,0.0
beta.52,sim,2300,,,moderate,6.0,average,fading,,2000,65.0,246.3,531.3,0.464,2,5,2,4,9,50,2,0,0,1,0.0
beta.52,sim,2300,,,moderate,6.0,average,fading,,2000,61.8,258.8,531.3,0.487,2,5,2,4,8,48,3,0,0,1,0.0
beta.52,sim,2300,,,moderate,6.0,average,fading,,2000,41.8,382.3,531.3,0.72,3,5,4,2,6,31,1,0,0,1,0.0
beta.52,sim,2300,,,poor,-18.0,average,fading,,2000,79.7,0.0,0.0,,,,,0,0,0,0,0,0,0,0.0
beta.52,sim,2300,,,poor,-18.0,average,fading,,2000,125.6,0.0,0.0,,,,,0,0,0,0,0,0,0,0.0
beta.52,sim,2300,,,poor,-18.0,average,fading,,2000,108.3,0.0,0.0,,,,,0,0,0,0,0,0,0,0.0
beta.52,sim,2300,,,poor,-18.0,average,fading,,2000,109.6,0.0,0.0,,,,,0,0,0,0,0,0,0,0.0
beta.52,sim,2300,,,poor,-18.0,average,fading,,2000,183.3,0.0,0.0,,,,,0,0,0,0,0,0,0,0.0
beta.52,sim,2300,,,poor,-18.0,average,fading,,2000,220.6,0.0,0.0,,,,,0,0,0,0,0,0,0,0.0
beta.52,sim,2300,,,poor,-18.0,average,fading,,2000,79.4,0.0,0.0,,,,,0,0,0,0,0,0,0,0.0
beta.52,sim,2300,,,poor,-18.0,average,fading,,2000,64.4,0.0,0.0,,,,,0,0,0,0,0,0,0,0.0
beta.52,sim,2300,,,poor,-18.0,average,fading,,2000,190.3,0.0,0.0,,,,,0,0,0,0,0,0,0,0.0
beta.52,sim,2300,,,poor,-18.0,average,fading,,2000,105.2,0.0,0.0,,,,,0,0,0,0,0,0,0,0.0
beta.52,sim,2300,,,poor,-18.0,average,fading,,2000,91.4,0.0,0.0,,,,,0,0,0,0,0,0,0,0.0
beta.52,sim,2300,,,poor,-18.0,average,fading,,2000,120.7,0.0,0.0,,,,,0,0,0,0,0,0,0,0.0
beta.52,sim,2300,,,poor,-18.0,average,fading,,2000,134.0,0.0,0.0,,,,,0,0,0,0,0,0,0,0.0
beta.52,sim,2300,,,poor,-18.0,average,fading,,2000,195.4,0.0,0.0,,,,,0,0,0,0,0,0,0,0.0
beta.52,sim,2300,,,poor,-18.0,average,fading,,2000,100.2,0.0,0.0,,,,,0,0,0,0,0,0,0,0.0
beta.52,sim,2300,,,poor,-18.0,average,fading,,2000,134.9,0.0,0.0,,,,,0,0,0,0,0,0,0,0.0
beta.52,sim,2300,,,poor,-18.0,average,fading,,2000,210.8,0.0,0.0,,,,,0,0,0,0,0,0,0,0.0
beta.52,sim,2300,,,poor,-18.0,average,fading,,2000,158.4,0.0,0.0,,,,,0,0,0,0,0,0,0,0.0
beta.52,sim,2300,,,poor,-18.0,average,fading,,2000,122.0,0.0,0.0,,,,,0,0,0,0,0,0,0,0.0
beta.52,sim,2300,,,poor,-18.0,average,fading,,2000,85.7,0.0,0.0,,,,,0,0,0,0,0,0,0,0.0
beta.52,sim,2300,,,poor,-18.0,average,fading,,2000,238.4,0.0,0.0,,,,,0,0,0,0,0,0,0,0.0
beta.52,sim,2300,,,poor,-18.0,average,fading,,2000,658.0,6.9,0.0,,0,0,0,0,13,78,51,21,8,0,0.1
beta.52,sim,2300,,,poor,-18.0,average,fading,,2000,119.9,0.0,0.0,,,,,0,0,0,0,0,0,0,0.0
beta.52,sim,2300,,,poor,-18.0,average,fading,,2000,233.8,0.0,0.0,,,,,0,0,0,0,0,0,0,0.0
beta.52,sim,2300,,,poor,-18.0,average,fading,,2000,94.3,0.0,0.0,,,,,0,0,0,0,0,0,0,0.0
beta.52,sim,2300,,,poor,-18.0,average,fading,,2000,129.5,0.0,0.0,,,,,0,0,0,0,0,0,0,0.0
beta.52,sim,2300,,,poor,-18.0,average,fading,,2000,93.0,0.0,0.0,,,,,0,0,0,0,0,0,0,0.0
beta.52,sim,2300,,,poor,-18.0,average,fading,,2000,180.3,0.0,0.0,,,,,0,0,0,0,0,0,0,0.0
beta.52,sim,2300,,,poor,-18.0,average,fading,,2000,140.7,0.0,0.0,,,,,0,0,0,0,0,0,0,0.0
beta.52,sim,2300,,,poor,-18.0,average,fading,,2000,124.9,0.0,0.0,,,,,0,0,0,0,0,0,0,0.0
beta.52,sim,2300,,,poor,-14.0,average,fading,,2000,660.2,24.2,35.8,0.677,0,0,0,0,18,104,8,0,0,1,0.1
beta.52,sim,2300,,,poor,-14.0,average,fading,,2000,729.3,21.9,35.8,0.612,0,0,0,0,19,110,14,1,1,1,0.1
beta.52,sim,2300,,,poor,-14.0,average,fading,,2000,653.1,24.5,35.8,0.684,0,0,0,0,18,103,7,1,0,1,0.1
beta.52,sim,2300,,,poor,-14.0,average,fading,,2000,644.5,24.8,35.8,0.693,0,0,0,0,17,102,6,0,0,1,0.1
beta.52,sim,2300,,,poor,-14.0,average,fading,,2000,628.2,25.5,35.8,0.711,0,1,0,2,17,99,7,5,0,1,0.1
beta.52,sim,2300,,,poor,-14.0,average,fading,,2000,633.4,25.3,35.8,0.705,0,0,0,0,17,100,4,0,0,1,0.1
beta.52,sim,2300,,,poor,-14.0,average,fading,,2000,634.0,25.2,35.8,0.704,0,0,0,0,17,100,4,0,0,1,0.1
beta.52,sim,2300,,,poor,-14.0,average,fading,,2000,637.3,25.1,35.8,0.701,0,0,0,0,17,101,5,0,0,1,0.1
beta.52,sim,2300,,,poor,-14.0,average,fading,,2000,676.2,23.7,35.8,0.661,0,1,0,2,17,102,10,2,0,1,0.1
beta.52,sim,2300,,,poor,-14.0,average,fading,,2000,710.5,22.5,35.8,0.629,0,0,0,0,19,107,11,0,0,1,0.1
beta.52,sim,2300,,,poor,-14.0,average,fading,,2000,617.8,25.9,35.8,0.723,0,1,0,2,17,97,5,1,0,1,0.1
beta.52,sim,2300,,,poor,-14.0,average,fading,,2000,669.5,23.9,35.8,0.667,0,0,0,0,18,106,10,0,1,1,0.1
beta.52,sim,2300,,,poor,-14.0,average,fading,,2000,653.0,24.5,35.8,0.684,0,0,0,0,18,103,7,0,0,1,0.1
beta.52,sim,2300,,,poor,-14.0,average,fading,,2000,695.4,23.0,35.8,0.642,0,0,0,0,19,110,14,0,0,1,0.1
beta.52,sim,2300,,,poor,-14.0,average,fading,,2000,701.4,22.8,35.8,0.637,0,0,0,0,19,111,15,0,1,1,0.1
beta.52,sim,2300,,,poor,-14.0,average,fading,,2000,668.2,23.9,35.8,0.668,0,0,0,0,18,106,10,1,0,1,0.1
beta.52,sim,2300,,,poor,-14.0,average,fading,,2000,684.0,23.4,35.8,0.653,0,0,0,0,19,108,12,0,1,1,0.1
beta.52,sim,2300,,,poor,-14.0,average,fading,,2000,633.5,25.3,35.8,0.705,0,1,0,2,17,100,7,4,0,1,0.1
beta.52,sim,2300,,,poor,-14.0,average,fading,,2000,627.3,25.5,35.8,0.712,0,1,0,2,17,99,7,2,0,1,0.1
beta.52,sim,2300,,,poor,-14.0,average,fading,,2000,622.1,25.7,35.8,0.718,0,1,0,2,17,98,6,4,0,1,0.1
beta.52,sim,2300,,,poor,-14.0,average,fading,,2000,674.5,23.7,35.8,0.662,0,0,0,0,18,107,11,1,1,1,0.1
beta.52,sim,2300,,,poor,-14.0,average,fading,,2000,627.0,25.5,35.8,0.712,0,0,0,0,17,99,3,1,0,1,0.1
beta.52,sim,2300,,,poor,-14.0,average,fading,,2000,638.2,25.1,35.8,0.7,0,1,0,2,17,101,9,4,0,1,0.1
beta.52,sim,2300,,,poor,-14.0,average,fading,,2000,632.7,25.3,35.8,0.706,0,0,0,0,17,100,4,0,0,1,0.1
beta.52,sim,2300,,,poor,-14.0,average,fading,,2000,686.3,23.3,35.8,0.651,0,0,0,0,19,108,12,0,1,1,0.1
beta.52,sim,2300,,,poor,-14.0,average,fading,,2000,673.2,23.8,35.8,0.663,0,1,0,2,19,106,14,4,0,1,0.1
beta.52,sim,2300,,,poor,-14.0,average,fading,,2000,643.4,24.9,35.8,0.694,0,0,0,0,17,102,6,0,0,1,0.1
beta.52,sim,2300,,,poor,-14.0,average,fading,,2000,708.2,22.6,35.8,0.631,0,0,0,0,19,112,16,0,1,1,0.1
beta.52,sim,2300,,,poor,-14.0,average,fading,,2000,725.1,22.1,35.8,0.616,0,0,0,0,18,103,7,2,0,1,0.1
beta.52,sim,2300,,,poor,-14.0,average,fading,,2000,644.1,24.8,35.8,0.693,0,0,0,0,17,102,6,1,0,1,0.1
beta.52,sim,2300,,,poor,-12.0,average,fading,,2000,592.8,27.0,35.8,0.754,0,1,0,4,16,93,4,2,0,1,0.1
beta.52,sim,2300,,,poor,-12.0,average,fading,,2000,587.2,27.2,35.8,0.761,0,1,1,5,16,92,4,1,0,1,0.1
beta.52,sim,2300,,,poor,-12.0,average,fading,,2000,607.1,26.4,35.8,0.736,0,1,0,4,16,96,7,2,0,1,0.1
beta.52,sim,2300,,,poor,-12.0,average,fading,,2000,601.6,26.6,35.8,0.742,0,1,0,6,17,94,6,1,0,1,0.1
beta.52,sim,2300,,,poor,-12.0,average,fading,,2000,566.2,28.3,35.8,0.789,0,1,0,4,15,89,3,1,0,1,0.1
beta.52,sim,2300,,,poor,-12.0,average,fading,,2000,580.9,27.5,35.8,0.769,0,1,1,5,16,91,3,0,0,1,0.1
beta.52,sim,2300,,,poor,-12.0,average,fading,,2000,597.7,26.8,35.8,0.747,0,1,0,4,16,94,8,4,0,1,0.1
beta.52,sim,2300,,,poor,-12.0,average,fading,,2000,559.2,28.6,35.8,0.799,0,1,0,4,15,88,6,1,0,1,0.1
beta.52,sim,2300,,,poor,-12.0,average,fading,,2000,602.7,26.5,35.8,0.741,0,1,0,4,16,95,6,1,0,1,0.1
beta.52,sim,2300,,,poor,-12.0,average,fading,,2000,567.3,28.2,35.8,0.787,0,1,0,4,15,89,3,2,0,1,0.1
beta.52,sim,2300,,,poor,-12.0,average,fading,,2000,581.4,27.5,35.8,0.768,0,1,1,5,16,91,3,1,0,1,0.1
beta.52,sim,2300,,,poor,-12.0,average,fading,,2000,570.3,28.1,35.8,0.783,0,1,0,4,15,90,4,1,0,1,0.1
beta.52,sim,2300,,,poor,-12.0,average,fading,,2000,554.6,28.8,35.8,0.805,0,1,0,4,15,87,5,3,0,1,0.1
beta.52,sim,2300,,,poor,-12.0,average,fading,,2000,580.9,27.5,35.8,0.769,0,1,1,5,16,91,6,1,0,1,0.1
beta.52,sim,2300,,,poor,-12.0,average,fading,,2000,596.9,26.8,35.8,0.748,0,1,0,4,16,94,5,2,0,1,0.1
beta.52,sim,2300,,,poor,-12.0,average,fading,,2000,605.1,26.4,35.8,0.738,0,1,0,6,17,95,7,2,0,1,0.1
beta.52,sim,2300,,,poor,-12.0,average,fading,,2000,579.5,27.6,35.8,0.771,0,1,1,5,16,91,3,1,0,1,0.1
beta.52,sim,2300,,,poor,-12.0,average,fading,,2000,581.1,27.5,35.8,0.769,0,1,1,5,16,91,3,2,0,1,0.1
beta.52,sim,2300,,,poor,-12.0,average,fading,,2000,595.1,26.9,35.8,0.751,0,1,0,6,17,93,5,0,0,1,0.1
beta.52,sim,2300,,,poor,-12.0,average,fading,,2000,565.4,28.3,35.8,0.79,0,1,0,4,15,89,3,1,0,1,0.1
beta.52,sim,2300,,,poor,-12.0,average,fading,,2000,584.9,27.4,35.8,0.764,0,1,1,5,16,92,4,1,0,1,0.1
beta.52,sim,2300,,,poor,-12.0,average,fading,,2000,585.3,27.3,35.8,0.763,0,1,1,5,16,92,4,3,0,1,0.1
beta.52,sim,2300,,,poor,-12.0,average,fading,,2000,590.0,27.1,35.8,0.757,0,1,0,4,17,92,4,0,0,1,0.1
beta.52,sim,2300,,,poor,-12.0,average,fading,,2000,580.3,27.6,35.8,0.77,0,1,0,4,16,91,2,0,0,1,0.1
beta.52,sim,2300,,,poor,-12.0,average,fading,,2000,566.8,28.2,35.8,0.788,0,1,0,4,15,89,3,0,0,1,0.1
beta.52,sim,2300,,,poor,-12.0,average,fading,,2000,600.5,26.6,35.8,0.744,0,1,0,4,17,94,3,0,0,1,0.1
beta.52,sim,2300,,,poor,-12.0,average,fading,,2000,560.0,28.6,35.8,0.798,0,1,0,4,15,88,2,0,0,1,0.1
beta.52,sim,2300,,,poor,-12.0,average,fading,,2000,607.9,26.3,35.8,0.735,0,1,0,6,17,95,8,3,0,1,0.2
beta.52,sim,2300,,,poor,-12.0,average,fading,,2000,591.6,27.0,35.8,0.755,0,1,0,4,16,93,4,0,0,1,0.2
beta.52,sim,2300,,,poor,-12.0,average,fading,,2000,597.0,26.8,35.8,0.748,0,1,0,4,16,94,5,3,0,1,0.1
beta.52,sim,2300,,,poor,-10.0,average,fading,,2000,436.6,36.6,53.7,0.682,0,1,0,4,12,67,2,0,0,1,0.1
beta.52,sim,2300,,,poor,-10.0,average,fading,,2000,426.8,37.5,53.7,0.698,0,1,1,3,11,66,1,0,0,1,0.1
beta.52,sim,2300,,,poor,-10.0,average,fading,,2000,544.0,29.4,53.7,0.547,0,1,0,6,15,85,3,1,0,1,0.1
beta.52,sim,2300,,,poor,-10.0,average,fading,,2000,426.3,37.5,53.7,0.699,0,1,1,3,11,66,1,0,0,1,0.1
beta.52,sim,2300,,,poor,-10.0,average,fading,,2000,451.8,35.4,53.7,0.659,0,1,0,4,12,70,2,0,0,1,0.1
beta.52,sim,2300,,,poor,-10.0,average,fading,,2000,513.5,31.2,53.7,0.58,0,1,1,5,14,80,2,0,0,1,0.1
beta.52,sim,2300,,,poor,-10.0,average,fading,,2000,426.5,37.5,53.7,0.698,0,1,0,2,11,66,1,0,0,1,0.1
beta.52,sim,2300,,,poor,-10.0,average,fading,,2000,455.4,35.1,53.7,0.654,0,1,1,3,12,71,1,0,0,1,0.1
beta.52,sim,2300,,,poor,-10.0,average,fading,,2000,535.4,29.9,53.7,0.556,0,1,0,4,14,84,2,0,0,1,0.1
beta.52,sim,2300,,,poor,-10.0,average,fading,,2000,560.8,28.5,53.7,0.531,0,1,0,6,16,87,3,0,0,1,0.1
beta.52,sim,2300,,,poor,-10.0,average,fading,,2000,426.3,37.5,53.7,0.698,0,1,0,2,11,66,1,0,0,1,0.1
beta.52,sim,2300,,,poor,-10.0,average,fading,,2000,465.4,34.4,53.7,0.64,0,1,0,4,13,72,2,0,0,1,0.1
beta.52,sim,2300,,,poor,-10.0,average,fading,,2000,440.2,36.3,53.7,0.676,0,1,0,4,12,68,3,1,0,1,0.1
beta.52,sim,2300,,,poor,-10.0,average,fading,,2000,544.6,29.4,53.7,0.547,0,1,1,5,15,85,3,0,0,1,0.1
beta.52,sim,2300,,,poor,-10.0,average,fading,,2000,518.8,30.8,53.7,0.574,0,1,1,5,14,81,3,0,0,1,0.1
beta.52,sim,2300,,,poor,-10.0,average,fading,,2000,543.0,29.5,53.7,0.548,0,1,0,6,15,85,3,0,0,1,0.1
beta.52,sim,2300,,,poor,-10.0,average,fading,,2000,512.1,31.2,53.7,0.581,0,1,1,5,14,80,2,0,0,1,0.1
beta.52,sim,2300,,,poor,-10.0,average,fading,,2000,441.0,36.3,53.7,0.675,0,1,1,3,12,68,1,0,0,1,0.1
beta.52,sim,2300,,,poor,-10.0,average,fading,,2000,434.7,36.8,53.7,0.685,0,1,0,4,12,67,2,0,0,1,0.1
beta.52,sim,2300,,,poor,-10.0,average,fading,,2000,471.2,34.0,53.7,0.632,0,1,1,3,13,73,1,0,0,1,0.1
beta.52,sim,2300,,,poor,-10.0,average,fading,,2000,443.6,36.1,53.7,0.671,0,1,0,4,13,68,3,0,0,1,0.1
beta.52,sim,2300,,,poor,-10.0,average,fading,,2000,517.9,30.9,53.7,0.575,0,1,0,4,14,81,2,0,0,1,0.1
beta.52,sim,2300,,,poor,-10.0,average,fading,,2000,476.7,33.6,53.7,0.625,0,1,0,4,13,74,2,0,0,1,0.1
beta.52,sim,2300,,,poor,-10.0,average,fading,,2000,518.2,30.9,53.7,0.575,0,1,1,5,14,81,3,0,0,1,0.1
beta.52,sim,2300,,,poor,-10.0,average,fading,,2000,461.9,34.6,53.7,0.645,0,1,0,6,13,71,4,1,0,1,0.1
beta.52,sim,2300,,,poor,-10.0,average,fading,,2000,492.5,32.5,53.7,0.605,0,1,0,4,13,77,2,0,0,1,0.1
beta.52,sim,2300,,,poor,-10.0,average,fading,,2000,434.8,36.8,53.7,0.685,0,1,1,3,12,67,2,0,0,1,0.1
beta.52,sim,2300,,,poor,-10.0,average,fading,,2000,478.5,33.4,53.7,0.622,0,1,0,4,13,74,2,0,0,1,0.1
beta.52,sim,2300,,,poor,-10.0,average,fading,,2000,533.8,30.0,53.7,0.558,0,1,0,6,15,83,3,0,0,1,0.1
beta.52,sim,2300,,,poor,-10.0,average,fading,,2000,529.6,30.2,53.7,0.562,0,1,1,5,14,83,3,1,0,1,0.1
beta.52,sim,2300,,,poor,-8.0,average,fading,,2000,410.9,38.9,53.7,0.725,0,1,1,1,11,63,0,0,0,1,0.1
beta.52,sim,2300,,,poor,-8.0,average,fading,,2000,410.7,39.0,53.7,0.725,0,1,1,1,11,63,0,0,0,1,0.1
beta.52,sim,2300,,,poor,-8.0,average,fading,,2000,434.9,36.8,53.7,0.685,0,1,0,4,12,67,2,0,0,1,0.1
beta.52,sim,2300,,,poor,-8.0,average,fading,,2000,410.2,39.0,53.7,0.726,0,1,1,1,11,63,0,0,0,1,0.1
beta.52,sim,2300,,,poor,-8.0,average,fading,,2000,410.0,39.0,53.7,0.726,0,1,1,1,11,63,0,0,0,1,0.1
beta.52,sim,2300,,,poor,-8.0,average,fading,,2000,409.8,39.0,53.7,0.727,0,1,1,1,11,63,0,0,0,1,0.1
beta.52,sim,2300,,,poor,-8.0,average,fading,,2000,410.4,39.0,53.7,0.726,0,1,1,1,11,63,0,0,0,1,0.1
beta.52,sim,2300,,,poor,-8.0,average,fading,,2000,408.4,39.2,53.7,0.729,0,1,1,1,11,63,0,0,0,1,0.1
beta.52,sim,2300,,,poor,-8.0,average,fading,,2000,426.3,37.5,53.7,0.699,0,1,1,3,11,66,1,0,0,1,0.1
beta.52,sim,2300,,,poor,-8.0,average,fading,,2000,411.1,38.9,53.7,0.724,0,1,1,1,11,63,0,0,0,1,0.1
beta.52,sim,2300,,,poor,-8.0,average,fading,,2000,410.3,39.0,53.7,0.726,0,1,1,1,11,63,0,0,0,1,0.1
beta.52,sim,2300,,,poor,-8.0,average,fading,,2000,408.7,39.1,53.7,0.729,0,1,1,1,11,63,0,0,0,1,0.1
beta.52,sim,2300,,,poor,-8.0,average,fading,,2000,409.2,39.1,53.7,0.728,0,1,1,1,11,63,0,0,0,1,0.1
beta.52,sim,2300,,,poor,-8.0,average,fading,,2000,409.8,39.0,53.7,0.727,0,1,1,1,11,63,0,0,0,1,0.1
beta.52,sim,2300,,,poor,-8.0,average,fading,,2000,409.7,39.1,53.7,0.727,0,1,1,1,11,63,0,0,0,1,0.1
beta.52,sim,2300,,,poor,-8.0,average,fading,,2000,408.3,39.2,53.7,0.729,0,1,1,1,11,63,0,0,0,1,0.1
beta.52,sim,2300,,,poor,-8.0,average,fading,,2000,424.5,37.7,53.7,0.702,0,1,1,3,11,66,1,0,0,1,0.1
beta.52,sim,2300,,,poor,-8.0,average,fading,,2000,410.0,39.0,53.7,0.726,0,1,1,1,11,63,0,0,0,1,0.1
beta.52,sim,2300,,,poor,-8.0,average,fading,,2000,425.1,37.6,53.7,0.7,0,1,1,3,11,66,1,0,0,1,0.1
beta.52,sim,2300,,,poor,-8.0,average,fading,,2000,425.3,37.6,53.7,0.7,0,1,1,3,11,66,1,0,0,1,0.1
beta.52,sim,2300,,,poor,-8.0,average,fading,,2000,408.4,39.2,53.7,0.729,0,1,1,1,11,63,0,0,0,1,0.1
beta.52,sim,2300,,,poor,-8.0,average,fading,,2000,408.8,39.1,53.7,0.728,0,1,1,1,11,63,0,0,0,1,0.1
beta.52,sim,2300,,,poor,-8.0,average,fading,,2000,414.7,38.6,53.7,0.718,0,1,1,1,11,64,1,0,0,1,0.1
beta.52,sim,2300,,,poor,-8.0,average,fading,,2000,409.1,39.1,53.7,0.728,0,1,1,1,11,63,0,0,0,1,0.1
beta.52,sim,2300,,,poor,-8.0,average,fading,,2000,410.6,39.0,53.7,0.725,0,1,1,1,11,63,0,0,0,1,0.1
beta.52,sim,2300,,,poor,-8.0,average,fading,,2000,425.1,37.6,53.7,0.7,0,1,1,3,11,66,1,0,0,1,0.1
beta.52,sim,2300,,,poor,-8.0,average,fading,,2000,409.1,39.1,53.7,0.728,0,1,1,1,11,63,0,0,0,1,0.1
beta.52,sim,2300,,,poor,-8.0,average,fading,,2000,411.1,38.9,53.7,0.724,0,1,1,1,11,63,0,0,0,1,0.1
beta.52,sim,2300,,,poor,-8.0,average,fading,,2000,425.8,37.6,53.7,0.699,0,1,1,3,11,66,1,0,0,1,0.1
beta.52,sim,2300,,,poor,-8.0,average,fading,,2000,498.6,32.1,53.7,0.597,0,1,1,5,13,78,2,0,0,1,0.1
beta.52,sim,2300,,,poor,-6.0,average,fading,,2000,392.5,40.8,53.7,0.759,0,1,1,1,11,63,0,0,0,1,0.1
beta.52,sim,2300,,,poor,-6.0,average,fading,,2000,416.0,38.5,53.7,0.716,0,1,1,1,11,64,1,0,0,1,0.1
beta.52,sim,2300,,,poor,-6.0,average,fading,,2000,409.2,39.1,53.7,0.728,0,1,1,1,11,63,0,0,0,1,0.1
beta.52,sim,2300,,,poor,-6.0,average,fading,,2000,410.2,39.0,53.7,0.726,0,1,1,1,11,63,0,0,0,1,0.1
beta.52,sim,2300,,,poor,-6.0,average,fading,,2000,410.0,39.0,53.7,0.726,0,1,1,1,11,63,0,0,0,1,0.1
beta.52,sim,2300,,,poor,-6.0,average,fading,,2000,409.8,39.0,53.7,0.727,0,1,1,1,11,63,0,0,0,1,0.1
beta.52,sim,2300,,,poor,-6.0,average,fading,,2000,410.4,39.0,53.7,0.726,0,1,1,1,11,63,0,0,0,1,0.1
beta.52,sim,2300,,,poor,-6.0,average,fading,,2000,408.4,39.2,53.7,0.729,0,1,1,1,11,63,0,0,0,1,0.1
beta.52,sim,2300,,,poor,-6.0,average,fading,,2000,392.5,40.8,53.7,0.759,0,1,1,1,11,63,0,0,0,1,0.1
beta.52,sim,2300,,,poor,-6.0,average,fading,,2000,411.1,38.9,53.7,0.724,0,1,1,1,11,63,0,0,0,1,0.1
beta.52,sim,2300,,,poor,-6.0,average,fading,,2000,410.3,39.0,53.7,0.726,0,1,1,1,11,63,0,0,0,1,0.1
beta.52,sim,2300,,,poor,-6.0,average,fading,,2000,408.7,39.1,53.7,0.729,0,1,1,1,11,63,0,0,0,1,0.1
beta.52,sim,2300,,,poor,-6.0,average,fading,,2000,414.5,38.6,53.7,0.718,0,1,1,1,11,64,1,0,0,1,0.1
beta.52,sim,2300,,,poor,-6.0,average,fading,,2000,409.8,39.0,53.7,0.727,0,1,1,1,11,63,0,0,0,1,0.1
beta.52,sim,2300,,,poor,-6.0,average,fading,,2000,415.0,38.6,53.7,0.717,0,1,1,1,11,64,1,0,0,1,0.1
beta.52,sim,2300,,,poor,-6.0,average,fading,,2000,408.3,39.2,53.7,0.729,0,1,1,1,11,63,0,0,0,1,0.1
beta.52,sim,2300,,,poor,-6.0,average,fading,,2000,434.0,36.9,53.7,0.686,0,1,1,3,12,67,2,0,0,1,0.1
beta.52,sim,2300,,,poor,-6.0,average,fading,,2000,410.0,39.0,53.7,0.726,0,1,1,1,11,63,0,0,0,1,0.1
beta.52,sim,2300,,,poor,-6.0,average,fading,,2000,434.7,36.8,53.7,0.685,0,1,1,3,12,67,2,0,0,1,0.1
beta.52,sim,2300,,,poor,-6.0,average,fading,,2000,409.2,39.1,53.7,0.728,0,1,1,1,11,63,0,0,0,1,0.1
beta.52,sim,2300,,,poor,-6.0,average,fading,,2000,408.4,39.2,53.7,0.729,0,1,1,1,11,63,0,0,0,1,0.1
beta.52,sim,2300,,,poor,-6.0,average,fading,,2000,414.1,38.6,53.7,0.719,0,1,1,1,11,64,1,0,0,1,0.1
beta.52,sim,2300,,,poor,-6.0,average,fading,,2000,451.8,35.4,53.7,0.659,0,2,1,3,16,85,19,5,3,1,0.1
beta.52,sim,2300,,,poor,-6.0,average,fading,,2000,409.1,39.1,53.7,0.728,0,1,1,1,11,63,0,0,0,1,0.1
beta.52,sim,2300,,,poor,-6.0,average,fading,,2000,410.6,39.0,53.7,0.725,0,1,1,1,11,63,0,0,0,1,0.1
beta.52,sim,2300,,,poor,-6.0,average,fading,,2000,409.1,39.1,53.7,0.728,0,1,1,1,11,63,0,0,0,1,0.1
beta.52,sim,2300,,,poor,-6.0,average,fading,,2000,409.1,39.1,53.7,0.728,0,1,1,1,11,63,0,0,0,1,0.1
beta.52,sim,2300,,,poor,-6.0,average,fading,,2000,411.1,38.9,53.7,0.724,0,1,1,1,11,63,0,0,0,1,0.1
beta.52,sim,2300,,,poor,-6.0,average,fading,,2000,409.7,39.0,53.7,0.727,0,1,1,1,11,63,0,0,0,1,0.1
beta.52,sim,2300,,,poor,-6.0,average,fading,,2000,409.8,39.0,53.7,0.727,0,1,1,1,11,63,0,0,0,1,0.1
beta.52,sim,2300,,,poor,-4.0,average,fading,,2000,384.4,41.6,53.7,0.775,0,2,1,2,13,76,10,4,1,1,0.1
beta.52,sim,2300,,,poor,-4.0,average,fading,,2000,424.1,37.7,53.7,0.702,0,2,1,6,17,84,15,5,3,1,0.1
beta.52,sim,2300,,,poor,-4.0,average,fading,,2000,409.2,39.1,53.7,0.728,0,1,1,1,11,63,0,0,0,1,0.1
beta.52,sim,2300,,,poor,-4.0,average,fading,,2000,410.2,39.0,53.7,0.726,0,1,1,1,11,63,0,0,0,1,0.1
beta.52,sim,2300,,,poor,-4.0,average,fading,,2000,410.0,39.0,53.7,0.726,0,1,1,1,11,63,0,0,0,1,0.1
beta.52,sim,2300,,,poor,-4.0,average,fading,,2000,409.8,39.0,53.7,0.727,0,1,1,1,11,63,0,0,0,1,0.1
beta.52,sim,2300,,,poor,-4.0,average,fading,,2000,410.4,39.0,53.7,0.726,0,1,1,1,11,63,0,0,0,1,0.1
beta.52,sim,2300,,,poor,-4.0,average,fading,,2000,390.5,41.0,53.7,0.763,0,2,1,2,13,77,12,0,2,1,0.1
beta.52,sim,2300,,,poor,-4.0,average,fading,,2000,425.1,37.6,53.7,0.701,0,2,1,2,15,87,24,1,4,1,0.1
beta.52,sim,2300,,,poor,-4.0,average,fading,,2000,411.1,38.9,53.7,0.724,0,1,1,1,11,63,0,0,0,1,0.1
beta.52,sim,2300,,,poor,-4.0,average,fading,,2000,410.3,39.0,53.7,0.726,0,1,1,1,11,63,0,0,0,1,0.1
beta.52,sim,2300,,,poor,-4.0,average,fading,,2000,408.7,39.1,53.7,0.729,0,1,1,1,11,63,0,0,0,1,0.1
beta.52,sim,2300,,,poor,-4.0,average,fading,,2000,399.2,40.1,53.7,0.746,0,2,1,2,14,71,5,1,0,1,0.1
beta.52,sim,2300,,,poor,-4.0,average,fading,,2000,409.8,39.0,53.7,0.727,0,1,1,1,11,63,0,0,0,1,0.1
beta.52,sim,2300,,,poor,-4.0,average,fading,,2000,416.2,38.4,53.7,0.715,0,2,1,4,15,78,11,3,1,1,0.1
beta.52,sim,2300,,,poor,-4.0,average,fading,,2000,413.6,38.7,53.7,0.72,0,1,1,1,11,64,1,0,0,1,0.1
beta.52,sim,2300,,,poor,-4.0,average,fading,,2000,422.7,37.9,53.7,0.704,0,2,1,3,14,74,7,4,1,1,0.1
beta.52,sim,2300,,,poor,-4.0,average,fading,,2000,410.0,39.0,53.7,0.726,0,1,1,1,11,63,0,0,0,1,0.1
beta.52,sim,2300,,,poor,-4.0,average,fading,,2000,375.8,42.6,53.7,0.792,0,2,1,3,14,73,10,3,0,1,0.1
beta.52,sim,2300,,,poor,-4.0,average,fading,,2000,409.2,39.1,53.7,0.728,0,1,1,1,11,63,0,0,0,1,0.1
beta.52,sim,2300,,,poor,-4.0,average,fading,,2000,396.7,40.3,53.7,0.751,0,1,1,1,11,63,0,0,0,1,0.1
beta.52,sim,2300,,,poor,-4.0,average,fading,,2000,396.1,40.4,53.7,0.752,0,1,1,1,11,63,0,0,0,1,0.1
beta.52,sim,2300,,,poor,-4.0,average,fading,,2000,431.0,37.1,53.7,0.691,0,2,1,3,15,80,12,5,1,1,0.1
beta.52,sim,2300,,,poor,-4.0,average,fading,,2000,420.0,38.1,53.7,0.709,0,2,1,3,15,80,13,1,2,1,0.1
beta.52,sim,2300,,,poor,-4.0,average,fading,,2000,427.9,37.4,53.7,0.696,0,2,1,3,16,86,19,3,3,1,0.1
beta.52,sim,2300,,,poor,-4.0,average,fading,,2000,409.1,39.1,53.7,0.728,0,1,1,1,11,63,0,0,0,1,0.1
beta.52,sim,2300,,,poor,-4.0,average,fading,,2000,395.5,40.5,53.7,0.753,0,1,1,1,11,63,0,0,0,1,0.1
beta.52,sim,2300,,,poor,-4.0,average,fading,,2000,411.1,38.9,53.7,0.724,0,1,1,1,11,63,0,0,0,1,0.1
beta.52,sim,2300,,,poor,-4.0,average,fading,,2000,409.7,39.0,53.7,0.727,0,1,1,1,11,63,0,0,0,1,0.1
beta.52,sim,2300,,,poor,-4.0,average,fading,,2000,415.2,38.5,53.7,0.717,0,1,1,1,11,64,1,0,0,1,0.1
beta.52,sim,2300,,,poor,-2.0,average,fading,,2000,218.7,73.2,53.7,1.361,0,2,1,15,25,123,38,11,3,1,0.1
beta.52,sim,2300,,,poor,-2.0,average,fading,,2000,325.3,49.2,53.7,0.916,0,2,0,15,26,140,57,5,8,1,0.1
beta.52,sim,2300,,,poor,-2.0,average,fading,,2000,262.7,60.9,53.7,1.134,0,2,2,13,22,111,31,8,3,1,0.1
beta.52,sim,2300,,,poor,-2.0,average,fading,,2000,282.8,56.6,53.7,1.053,0,2,1,12,25,103,22,4,4,1,0.1
beta.52,sim,2300,,,poor,-2.0,average,fading,,2000,222.5,71.9,53.7,1.338,0,2,1,16,27,122,36,7,5,1,0.1
beta.52,sim,2300,,,poor,-2.0,average,fading,,2000,458.3,34.9,53.7,0.65,0,2,2,12,23,116,32,2,6,1,0.1
beta.52,sim,2300,,,poor,-2.0,average,fading,,2000,250.9,63.8,53.7,1.187,0,2,1,14,25,130,46,4,7,1,0.1
beta.52,sim,2300,,,poor,-2.0,average,fading,,2000,278.1,57.5,53.7,1.071,0,2,1,15,27,145,59,7,8,1,0.1
beta.52,sim,2300,,,poor,-2.0,average,fading,,2000,308.3,51.9,53.7,0.966,0,2,0,12,23,124,40,7,6,1,0.1
beta.52,sim,2300,,,poor,-2.0,average,fading,,2000,361.3,44.3,53.7,0.824,0,2,2,9,17,84,11,2,2,1,0.1
beta.52,sim,2300,,,poor,-2.0,average,fading,,2000,361.1,44.3,53.7,0.825,0,2,1,6,14,77,9,1,1,1,0.1
beta.52,sim,2300,,,poor,-2.0,average,fading,,2000,314.0,51.0,53.7,0.948,0,2,1,12,22,116,38,4,4,1,0.1
beta.52,sim,2300,,,poor,-2.0,average,fading,,2000,279.7,57.2,53.7,1.065,0,2,0,13,27,127,41,3,5,1,0.1
beta.52,sim,2300,,,poor,-2.0,average,fading,,2000,332.0,48.2,53.7,0.897,0,2,0,10,18,84,15,3,2,1,0.1
beta.52,sim,2300,,,poor,-2.0,average,fading,,2000,248.3,64.4,53.7,1.199,0,2,0,13,24,97,20,7,3,1,0.1
beta.52,sim,2300,,,poor,-2.0,average,fading,,2000,314.9,50.8,53.7,0.946,0,2,0,10,21,105,30,3,5,1,0.1
beta.52,sim,2300,,,poor,-2.0,average,fading,,2000,246.0,24.5,53.7,0.456,0,2,0,5,11,58,25,2,3,0,0.0
beta.52,sim,2300,,,poor,-2.0,average,fading,,2000,319.5,50.1,53.7,0.932,0,2,1,7,18,92,16,5,1,1,0.1
beta.52,sim,2300,,,poor,-2.0,average,fading,,2000,325.5,49.2,53.7,0.915,0,2,1,11,19,100,22,5,4,1,0.1
beta.52,sim,2300,,,poor,-2.0,average,fading,,2000,349.8,45.7,53.7,0.851,0,2,1,11,20,105,28,5,4,1,0.1
beta.52,sim,2300,,,poor,-2.0,average,fading,,2000,380.4,42.1,53.7,0.783,0,2,2,11,23,111,28,4,4,1,0.1
beta.52,sim,2300,,,poor,-2.0,average,fading,,2000,290.2,55.1,53.7,1.026,0,2,0,11,23,131,45,7,5,1,0.1
beta.52,sim,2300,,,poor,-2.0,average,fading,,2000,198.0,80.8,53.7,1.504,0,2,2,11,21,108,26,4,2,1,0.1
beta.52,sim,2300,,,poor,-2.0,average,fading,,2000,252.6,63.3,53.7,1.179,0,2,0,12,23,117,34,8,4,1,0.1
beta.52,sim,2300,,,poor,-2.0,average,fading,,2000,244.4,65.5,53.7,1.219,0,2,0,14,23,121,41,4,4,1,0.1
beta.52,sim,2300,,,poor,-2.0,average,fading,,2000,258.2,62.0,53.7,1.153,0,2,1,13,24,128,42,4,5,1,0.1
beta.52,sim,2300,,,poor,-2.0,average,fading,,2000,344.5,46.4,53.7,0.864,0,2,2,13,29,170,85,5,12,1,0.1
beta.52,sim,2300,,,poor,-2.0,average,fading,,2000,290.1,55.1,53.7,1.026,0,2,1,11,19,109,31,3,4,1,0.1
beta.52,sim,2300,,,poor,-2.0,average,fading,,2000,239.8,66.7,53.7,1.242,0,2,0,14,23,112,32,5,4,1,0.1
beta.52,sim,2300,,,poor,-2.0,average,fading,,2000,210.4,76.1,53.7,1.415,0,2,0,14,22,118,36,7,3,1,0.1
beta.52,sim,2300,,,poor,0.0,average,fading,,2000,155.4,103.0,197.3,0.522,0,2,0,9,22,117,29,1,3,1,0.1
beta.52,sim,2300,,,poor,0.0,average,fading,,2000,179.7,89.1,197.3,0.451,0,3,2,9,21,107,24,2,2,1,0.1
beta.52,sim,2300,,,poor,0.0,average,fading,,2000,132.9,120.4,197.3,0.61,0,2,2,2,18,101,13,0,1,1,0.1
beta.52,sim,2300,,,poor,0.0,average,fading,,2000,141.2,113.3,197.3,0.574,0,3,2,5,16,88,5,1,0,1,0.0
beta.52,sim,2300,,,poor,0.0,average,fading,,2000,129.0,124.1,197.3,0.629,1,2,2,6,20,100,12,0,0,1,0.1
beta.52,sim,2300,,,poor,0.0,average,fading,,2000,136.0,117.6,197.3,0.596,0,2,1,8,21,105,17,0,1,1,0.1
beta.52,sim,2300,,,poor,0.0,average,fading,,2000,158.6,100.9,197.3,0.511,0,2,2,3,17,102,14,0,2,1,0.1
beta.52,sim,2300,,,poor,0.0,average,fading,,2000,152.2,105.1,197.3,0.533,0,3,2,7,17,96,16,1,2,1,0.1
beta.52,sim,2300,,,poor,0.0,average,fading,,2000,127.7,125.3,197.3,0.635,0,3,2,6,18,100,18,3,1,1,0.1
beta.52,sim,2300,,,poor,0.0,average,fading,,2000,122.7,130.4,197.3,0.661,1,2,2,4,18,96,8,2,0,1,0.1
beta.52,sim,2300,,,poor,0.0,average,fading,,2000,160.7,99.5,197.3,0.504,0,2,2,3,18,94,6,0,0,1,0.1
beta.52,sim,2300,,,poor,0.0,average,fading,,2000,179.8,89.0,197.3,0.451,0,2,2,7,18,105,20,1,3,1,0.1
beta.52,sim,2300,,,poor,0.0,average,fading,,2000,161.7,99.0,197.3,0.501,0,2,2,9,19,103,18,1,2,1,0.1
beta.52,sim,2300,,,poor,0.0,average,fading,,2000,171.9,93.1,197.3,0.472,0,2,0,8,20,111,23,0,3,1,0.1
beta.52,sim,2300,,,poor,0.0,average,fading,,2000,167.2,95.7,197.3,0.485,0,3,2,12,20,105,25,2,5,1,0.1
beta.52,sim,2300,,,poor,0.0,average,fading,,2000,140.2,114.1,197.3,0.578,0,2,2,12,22,108,20,0,1,1,0.1
beta.52,sim,2300,,,poor,0.0,average,fading,,2000,136.6,117.1,197.3,0.594,0,3,2,10,19,106,24,2,3,1,0.1
beta.52,sim,2300,,,poor,0.0,average,fading,,2000,158.8,100.8,197.3,0.511,0,2,2,4,19,101,13,1,1,1,0.1
beta.52,sim,2300,,,poor,0.0,average,fading,,2000,149.6,106.9,197.3,0.542,0,2,2,3,17,95,7,0,0,1,0.1
beta.52,sim,2300,,,poor,0.0,average,fading,,2000,139.0,115.1,197.3,0.583,0,2,2,4,19,109,21,1,2,1,0.1
beta.52,sim,2300,,,poor,0.0,average,fading,,2000,242.0,66.1,197.3,0.335,0,2,2,9,20,117,34,0,5,1,0.1
beta.52,sim,2300,,,poor,0.0,average,fading,,2000,164.8,97.1,197.3,0.492,0,2,2,5,18,103,18,1,2,1,0.1
beta.52,sim,2300,,,poor,0.0,average,fading,,2000,126.4,126.6,197.3,0.641,0,3,2,5,17,99,17,0,2,1,0.1
beta.52,sim,2300,,,poor,0.0,average,fading,,2000,141.4,113.2,197.3,0.573,0,3,2,12,21,107,25,1,3,1,0.1
beta.52,sim,2300,,,poor,0.0,average,fading,,2000,114.0,140.3,197.3,0.711,0,4,2,7,16,89,15,4,1,1,0.0
beta.52,sim,2300,,,poor,0.0,average,fading,,2000,121.6,131.5,197.3,0.667,1,2,2,4,18,95,7,1,0,1,0.1
beta.52,sim,2300,,,poor,0.0,average,fading,,2000,131.9,121.3,197.3,0.615,0,2,1,7,20,102,14,0,1,1,0.1
beta.52,sim,2300,,,poor,0.0,average,fading,,2000,137.9,116.0,197.3,0.588,0,2,2,6,19,108,20,1,2,1,0.1
beta.52,sim,2300,,,poor,0.0,average,fading,,2000,148.6,107.7,197.3,0.546,0,2,2,3,17,94,6,0,0,1,0.1
beta.52,sim,2300,,,poor,0.0,average,fading,,2000,135.5,118.1,197.3,0.598,0,2,2,6,21,103,15,0,3,1,0.1
beta.52,sim,2300,,,poor,2.0,average,fading,,2000,88.0,181.7,349.1,0.521,2,4,3,6,13,68,4,0,0,1,0.0
beta.52,sim,2300,,,poor,2.0,average,fading,,2000,77.6,206.3,349.1,0.591,2,4,3,4,11,60,3,0,0,1,0.0
beta.52,sim,2300,,,poor,2.0,average,fading,,2000,60.7,263.4,349.1,0.754,2,4,2,4,9,46,3,0,0,1,0.0
beta.52,sim,2300,,,poor,2.0,average,fading,,2000,63.9,250.4,349.1,0.717,2,4,4,2,9,49,0,0,0,1,0.0
beta.52,sim,2300,,,poor,2.0,average,fading,,2000,112.0,142.9,349.1,0.409,0,3,3,5,15,88,8,1,1,1,0.0
beta.52,sim,2300,,,poor,2.0,average,fading,,2000,93.0,172.0,349.1,0.493,2,4,2,5,13,72,4,0,1,1,0.0
beta.52,sim,2300,,,poor,2.0,average,fading,,2000,71.3,224.5,349.1,0.643,2,4,2,4,10,55,3,0,0,1,0.0
beta.52,sim,2300,,,poor,2.0,average,fading,,2000,103.6,154.5,349.1,0.443,1,4,2,4,14,81,9,0,1,1,0.0
beta.52,sim,2300,,,poor,2.0,average,fading,,2000,78.6,203.5,349.1,0.583,2,5,3,4,11,61,7,3,0,1,0.0
beta.52,sim,2300,,,poor,2.0,average,fading,,2000,98.3,162.8,349.1,0.466,0,4,3,6,14,76,10,1,1,1,0.0
beta.52,sim,2300,,,poor,2.0,average,fading,,2000,111.4,143.6,349.1,0.411,0,4,2,4,10,55,4,0,0,1,0.0
beta.52,sim,2300,,,poor,2.0,average,fading,,2000,97.0,165.0,349.1,0.473,1,4,1,7,14,74,8,0,2,1,0.0
beta.52,sim,2300,,,poor,2.0,average,fading,,2000,94.4,169.6,349.1,0.486,2,3,2,2,13,74,2,0,0,1,0.0
beta.52,sim,2300,,,poor,2.0,average,fading,,2000,125.6,127.4,349.1,0.365,0,2,2,4,18,98,10,0,1,1,0.0
beta.52,sim,2300,,,poor,2.0,average,fading,,2000,99.5,160.7,349.1,0.46,2,4,2,3,13,75,3,1,0,1,0.0
beta.52,sim,2300,,,poor,2.0,average,fading,,2000,116.9,136.8,349.1,0.392,0,3,2,6,16,91,14,0,2,1,0.1
beta.52,sim,2300,,,poor,2.0,average,fading,,2000,98.3,162.8,349.1,0.466,1,4,2,6,14,76,10,0,1,1,0.0
beta.52,sim,2300,,,poor,2.0,average,fading,,2000,86.0,186.1,349.1,0.533,2,4,4,4,12,67,1,0,0,1,0.0
beta.52,sim,2300,,,poor,2.0,average,fading,,2000,108.0,148.1,349.1,0.424,2,3,2,2,15,85,3,1,0,1,0.0
beta.52,sim,2300,,,poor,2.0,average,fading,,2000,103.5,154.6,349.1,0.443,0,3,0,5,15,80,3,1,1,1,0.0
beta.52,sim,2300,,,poor,2.0,average,fading,,2000,101.7,157.3,349.1,0.451,2,3,2,4,14,80,3,0,0,1,0.0
beta.52,sim,2300,,,poor,2.0,average,fading,,2000,114.7,139.5,349.1,0.4,0,3,2,4,15,89,12,0,1,1,0.0
beta.52,sim,2300,,,poor,2.0,average,fading,,2000,57.6,277.7,349.1,0.796,2,5,2,4,8,44,6,1,0,1,0.0
beta.52,sim,2300,,,poor,2.0,average,fading,,2000,81.7,195.7,349.1,0.561,1,4,2,5,12,63,7,0,0,1,0.0
beta.52,sim,2300,,,poor,2.0,average,fading,,2000,49.2,325.2,349.1,0.931,2,5,2,3,7,37,6,4,0,1,0.0
beta.52,sim,2300,,,poor,2.0,average,fading,,2000,104.6,153.0,349.1,0.438,0,3,3,5,14,82,8,0,1,1,0.0
beta.52,sim,2300,,,poor,2.0,average,fading,,2000,83.9,190.8,349.1,0.546,2,4,2,2,11,66,2,0,0,1,0.0
beta.52,sim,2300,,,poor,2.0,average,fading,,2000,101.7,157.3,349.1,0.451,2,3,2,2,14,80,3,1,0,1,0.0
beta.52,sim,2300,,,poor,2.0,average,fading,,2000,94.1,170.0,349.1,0.487,0,4,3,5,13,73,7,0,1,1,0.0
beta.52,sim,2300,,,poor,2.0,average,fading,,2000,76.5,209.1,349.1,0.599,2,4,2,3,10,60,4,0,0,1,0.0
beta.52,sim,2300,,,poor,6.0,average,fading,,2000,30.3,527.9,1093.0,0.483,4,6,4,3,4,22,2,0,0,1,0.0
beta.52,sim,2300,,,poor,6.0,average,fading,,2000,38.7,413.3,1093.0,0.378,4,5,4,1,5,29,1,0,0,1,0.0
beta.52,sim,2300,,,poor,6.0,average,fading,,2000,28.2,567.4,1093.0,0.519,4,6,6,2,4,20,0,0,0,1,0.0
beta.52,sim,2300,,,poor,6.0,average,fading,,2000,36.6,437.1,1093.0,0.4,2,6,6,3,5,27,0,0,0,1,0.0
beta.52,sim,2300,,,poor,6.0,average,fading,,2000,38.7,413.3,1093.0,0.378,4,5,4,1,5,29,1,0,0,1,0.0
beta.52,sim,2300,,,poor,6.0,average,fading,,2000,33.4,478.4,1093.0,0.438,3,6,5,3,5,24,1,0,0,1,0.0
beta.52,sim,2300,,,poor,6.0,average,fading,,2000,36.6,437.1,1093.0,0.4,2,6,6,3,5,27,0,0,0,1,0.0
beta.52,sim,2300,,,poor,6.0,average,fading,,2000,24.0,666.4,1093.0,0.61,5,7,6,2,3,17,2,0,0,1,0.0
beta.52,sim,2300,,,poor,6.0,average,fading,,2000,27.1,589.4,1093.0,0.539,5,7,6,2,4,19,4,1,0,1,0.0
beta.52,sim,2300,,,poor,6.0,average,fading,,2000,52.3,305.7,1093.0,0.28,2,5,4,5,8,39,2,0,0,1,0.0
beta.52,sim,2300,,,poor,6.0,average,fading,,2000,34.5,463.8,1093.0,0.424,3,6,6,2,5,25,0,0,0,1,0.0
beta.52,sim,2300,,,poor,6.0,average,fading,,2000,37.7,424.9,1093.0,0.389,2,5,5,2,5,28,0,0,0,1,0.0
beta.52,sim,2300,,,poor,6.0,average,fading,,2000,36.6,437.1,1093.0,0.4,2,6,6,3,5,27,0,0,0,1,0.0
beta.52,sim,2300,,,poor,6.0,average,fading,,2000,41.8,382.3,1093.0,0.35,2,5,4,3,6,31,1,0,0,1,0.0
beta.52,sim,2300,,,poor,6.0,average,fading,,2000,32.4,493.6,1093.0,0.452,4,6,4,3,4,24,2,1,0,1,0.0
beta.52,sim,2300,,,poor,6.0,average,fading,,2000,28.2,567.4,1093.0,0.519,4,6,6,2,4,20,0,0,0,1,0.0
beta.52,sim,2300,,,poor,6.0,average,fading,,2000,24.0,666.4,1093.0,0.61,5,7,6,2,3,17,2,0,0,1,0.0
beta.52,sim,2300,,,poor,6.0,average,fading,,2000,31.3,510.6,1093.0,0.467,3,6,5,3,5,22,1,0,0,1,0.0
beta.52,sim,2300,,,poor,6.0,average,fading,,2000,41.8,382.3,1093.0,0.35,2,5,4,3,6,31,1,0,0,1,0.0
beta.52,sim,2300,,,poor,6.0,average,fading,,2000,36.6,437.1,1093.0,0.4,2,5,5,1,5,27,0,0,0,1,0.0
beta.52,sim,2300,,,poor,6.0,average,fading,,2000,35.5,450.1,1093.0,0.412,2,6,5,4,5,26,1,0,0,1,0.0
beta.52,sim,2300,,,poor,6.0,average,fading,,2000,34.1,469.5,1093.0,0.43,3,6,5,3,4,24,2,1,0,1,0.0
beta.52,sim,2300,,,poor,6.0,average,fading,,2000,25.1,638.4,1093.0,0.584,5,7,5,2,3,18,4,0,0,1,0.0
beta.52,sim,2300,,,poor,6.0,average,fading,,2000,25.0,639.1,1093.0,0.585,5,7,5,3,4,17,2,0,0,1,0.0
beta.52,sim,2300,,,poor,6.0,average,fading,,2000,23.0,697.0,1093.0,0.638,6,7,6,2,3,16,3,1,0,1,0.0
beta.52,sim,2300,,,poor,6.0,average,fading,,2000,27.1,589.4,1093.0,0.539,4,6,5,2,4,19,1,0,0,1,0.0
beta.52,sim,2300,,,poor,6.0,average,fading,,2000,25.1,638.4,1093.0,0.584,4,6,6,1,3,18,0,0,0,1,0.0
beta.52,sim,2300,,,poor,6.0,average,fading,,2000,33.4,478.4,1093.0,0.438,3,6,5,3,5,24,1,1,0,1,0.0
beta.52,sim,2300,,,poor,6.0,average,fading,,2000,44.0,364.0,1093.0,0.333,2,5,4,3,6,33,1,0,0,1,0.0
beta.52,sim,2300,,,poor,6.0,average,fading,,2000,28.2,567.4,1093.0,0.519,4,6,5,2,4,20,2,0,0,1,0.0
beta.52,sim,500,,,awgn,-18.0,average,fading,,1000,317.9,25.2,35.8,0.703,0,0,0,0,8,48,0,0,0,1,0.0
beta.52,sim,500,,,awgn,-18.0,average,fading,,1000,327.2,24.4,35.8,0.683,0,0,0,0,9,49,1,0,0,1,0.0
beta.52,sim,500,,,awgn,-18.0,average,fading,,1000,316.2,25.3,35.8,0.706,0,0,0,0,8,48,0,0,0,1,0.0
beta.52,sim,500,,,awgn,-18.0,average,fading,,1000,317.1,25.2,35.8,0.704,0,0,0,0,8,48,0,0,0,1,0.0
beta.52,sim,500,,,awgn,-18.0,average,fading,,1000,317.0,25.2,35.8,0.705,0,0,0,0,8,48,0,0,0,1,0.0
beta.52,sim,500,,,awgn,-18.0,average,fading,,1000,316.7,25.3,35.8,0.705,0,0,0,0,8,48,0,0,0,1,0.0
beta.52,sim,500,,,awgn,-18.0,average,fading,,1000,317.4,25.2,35.8,0.704,0,0,0,0,8,48,0,0,0,1,0.0
beta.52,sim,500,,,awgn,-18.0,average,fading,,1000,315.3,25.4,35.8,0.708,0,0,0,0,8,48,0,0,0,1,0.0
beta.52,sim,500,,,awgn,-18.0,average,fading,,1000,317.1,25.2,35.8,0.704,0,0,0,0,8,48,0,0,0,1,0.0
beta.52,sim,500,,,awgn,-18.0,average,fading,,1000,318.1,25.1,35.8,0.702,0,0,0,0,8,48,0,0,0,1,0.0
beta.52,sim,500,,,awgn,-18.0,average,fading,,1000,317.2,25.2,35.8,0.704,0,0,0,0,8,48,0,0,0,1,0.0
beta.52,sim,500,,,awgn,-18.0,average,fading,,1000,315.7,25.3,35.8,0.707,0,0,0,0,8,48,0,0,0,1,0.0
beta.52,sim,500,,,awgn,-18.0,average,fading,,1000,316.1,25.3,35.8,0.706,0,0,0,0,8,48,0,0,0,1,0.0
beta.52,sim,500,,,awgn,-18.0,average,fading,,1000,316.8,25.3,35.8,0.705,0,0,0,0,8,48,0,0,0,1,0.0
beta.52,sim,500,,,awgn,-18.0,average,fading,,1000,316.7,25.3,35.8,0.705,0,0,0,0,8,48,0,0,0,1,0.0
beta.52,sim,500,,,awgn,-18.0,average,fading,,1000,324.8,24.6,35.8,0.688,0,0,0,0,9,49,1,0,0,1,0.0
beta.52,sim,500,,,awgn,-18.0,average,fading,,1000,352.5,22.7,35.8,0.634,0,0,0,0,9,54,6,0,1,1,0.0
beta.52,sim,500,,,awgn,-18.0,average,fading,,1000,316.9,25.2,35.8,0.705,0,0,0,0,8,48,0,0,0,1,0.0
beta.52,sim,500,,,awgn,-18.0,average,fading,,1000,316.0,25.3,35.8,0.707,0,0,0,0,8,48,0,0,0,1,0.0
beta.52,sim,500,,,awgn,-18.0,average,fading,,1000,316.2,25.3,35.8,0.706,0,0,0,0,8,48,0,0,0,1,0.0
beta.52,sim,500,,,awgn,-18.0,average,fading,,1000,315.3,25.4,35.8,0.708,0,0,0,0,8,48,0,0,0,1,0.0
beta.52,sim,500,,,awgn,-18.0,average,fading,,1000,325.3,24.6,35.8,0.687,0,0,0,0,9,49,1,0,0,1,0.0
beta.52,sim,500,,,awgn,-18.0,average,fading,,1000,316.3,25.3,35.8,0.706,0,0,0,0,8,48,0,0,0,1,0.0
beta.52,sim,500,,,awgn,-18.0,average,fading,,1000,325.7,24.6,35.8,0.686,0,0,0,0,9,49,1,0,0,1,0.0
beta.52,sim,500,,,awgn,-18.0,average,fading,,1000,317.6,25.2,35.8,0.703,0,0,0,0,8,48,0,0,0,1,0.0
beta.52,sim,500,,,awgn,-18.0,average,fading,,1000,316.0,25.3,35.8,0.707,0,0,0,0,8,48,0,0,0,1,0.0
beta.52,sim,500,,,awgn,-18.0,average,fading,,1000,316.1,25.3,35.8,0.706,0,0,0,0,8,48,0,0,0,1,0.0
beta.52,sim,500,,,awgn,-18.0,average,fading,,1000,318.1,25.2,35.8,0.702,0,0,0,0,8,48,0,0,0,1,0.0
beta.52,sim,500,,,awgn,-18.0,average,fading,,1000,316.7,25.3,35.8,0.705,0,0,0,0,8,48,0,0,0,1,0.0
beta.52,sim,500,,,awgn,-18.0,average,fading,,1000,326.3,24.5,35.8,0.684,0,0,0,0,9,49,1,0,0,1,0.0
beta.52,sim,500,,,awgn,-14.0,average,fading,,1000,281.5,28.4,53.7,0.529,0,1,1,1,7,42,0,0,0,1,0.0
beta.52,sim,500,,,awgn,-14.0,average,fading,,1000,270.6,29.6,53.7,0.55,0,1,1,1,7,40,0,0,0,1,0.0
beta.52,sim,500,,,awgn,-14.0,average,fading,,1000,279.8,28.6,53.7,0.532,0,1,1,1,7,42,0,0,0,1,0.0
beta.52,sim,500,,,awgn,-14.0,average,fading,,1000,280.8,28.5,53.7,0.53,0,1,1,1,7,42,0,0,0,1,0.0
beta.52,sim,500,,,awgn,-14.0,average,fading,,1000,280.6,28.5,53.7,0.531,0,1,1,1,7,42,0,0,0,1,0.0
beta.52,sim,500,,,awgn,-14.0,average,fading,,1000,280.4,28.5,53.7,0.531,0,1,1,1,7,42,0,0,0,1,0.0
beta.52,sim,500,,,awgn,-14.0,average,fading,,1000,270.3,29.6,53.7,0.551,0,1,1,1,7,40,0,0,0,1,0.0
beta.52,sim,500,,,awgn,-14.0,average,fading,,1000,279.0,28.7,53.7,0.534,0,1,1,1,7,42,0,0,0,1,0.0
beta.52,sim,500,,,awgn,-14.0,average,fading,,1000,295.7,27.1,53.7,0.504,0,1,1,1,8,44,0,0,0,1,0.0
beta.52,sim,500,,,awgn,-14.0,average,fading,,1000,281.7,28.4,53.7,0.528,0,1,1,1,7,42,0,0,0,1,0.0
beta.52,sim,500,,,awgn,-14.0,average,fading,,1000,270.1,29.6,53.7,0.551,0,1,1,1,7,40,0,0,0,1,0.0
beta.52,sim,500,,,awgn,-14.0,average,fading,,1000,294.3,27.2,53.7,0.506,0,1,1,1,8,44,0,0,0,1,0.0
beta.52,sim,500,,,awgn,-14.0,average,fading,,1000,279.8,28.6,53.7,0.532,0,1,1,1,7,42,0,0,0,1,0.0
beta.52,sim,500,,,awgn,-14.0,average,fading,,1000,280.4,28.5,53.7,0.531,0,1,1,1,7,42,0,0,0,1,0.0
beta.52,sim,500,,,awgn,-14.0,average,fading,,1000,295.2,27.1,53.7,0.504,0,1,1,1,8,44,0,0,0,1,0.0
beta.52,sim,500,,,awgn,-14.0,average,fading,,1000,293.8,27.2,53.7,0.507,0,1,1,1,8,44,0,0,0,1,0.0
beta.52,sim,500,,,awgn,-14.0,average,fading,,1000,279.0,28.7,53.7,0.534,0,1,1,1,7,42,0,0,0,1,0.0
beta.52,sim,500,,,awgn,-14.0,average,fading,,1000,295.5,27.1,53.7,0.504,0,1,1,1,8,44,0,0,0,1,0.0
beta.52,sim,500,,,awgn,-14.0,average,fading,,1000,279.7,28.6,53.7,0.532,0,1,1,1,7,42,0,0,0,1,0.0
beta.52,sim,500,,,awgn,-14.0,average,fading,,1000,294.7,27.1,53.7,0.505,0,1,1,1,8,44,0,0,0,1,0.0
beta.52,sim,500,,,awgn,-14.0,average,fading,,1000,293.9,27.2,53.7,0.507,0,1,1,1,8,44,0,0,0,1,0.0
beta.52,sim,500,,,awgn,-14.0,average,fading,,1000,294.3,27.2,53.7,0.506,0,1,1,1,8,44,0,0,0,1,0.0
beta.52,sim,500,,,awgn,-14.0,average,fading,,1000,279.9,28.6,53.7,0.532,0,1,1,1,7,42,0,0,0,1,0.0
beta.52,sim,500,,,awgn,-14.0,average,fading,,1000,294.7,27.1,53.7,0.505,0,1,1,1,8,44,0,0,0,1,0.0
beta.52,sim,500,,,awgn,-14.0,average,fading,,1000,254.4,31.4,53.7,0.585,0,1,1,1,7,37,0,0,0,1,0.0
beta.52,sim,500,,,awgn,-14.0,average,fading,,1000,294.6,27.2,53.7,0.505,0,1,1,1,8,44,0,0,0,1,0.0
beta.52,sim,500,,,awgn,-14.0,average,fading,,1000,294.7,27.1,53.7,0.505,0,1,1,1,8,44,0,0,0,1,0.0
beta.52,sim,500,,,awgn,-14.0,average,fading,,1000,281.7,28.4,53.7,0.529,0,1,1,1,7,42,0,0,0,1,0.0
beta.52,sim,500,,,awgn,-14.0,average,fading,,1000,280.3,28.5,53.7,0.531,0,1,1,1,7,42,0,0,0,1,0.0
beta.52,sim,500,,,awgn,-14.0,average,fading,,1000,295.3,27.1,53.7,0.504,0,1,1,1,8,44,0,0,0,1,0.0
beta.52,sim,500,,,awgn,-12.0,average,fading,,1000,229.1,34.9,53.7,0.65,0,1,1,1,6,33,0,0,0,1,0.0
beta.52,sim,500,,,awgn,-12.0,average,fading,,1000,228.8,35.0,53.7,0.651,0,1,1,1,6,33,0,0,0,1,0.0
beta.52,sim,500,,,awgn,-12.0,average,fading,,1000,227.4,35.2,53.7,0.655,0,1,1,1,6,33,0,0,0,1,0.0
beta.52,sim,500,,,awgn,-12.0,average,fading,,1000,228.3,35.0,53.7,0.652,0,1,1,1,6,33,0,0,0,1,0.0
beta.52,sim,500,,,awgn,-12.0,average,fading,,1000,228.2,35.1,53.7,0.653,0,1,1,1,6,33,0,0,0,1,0.0
beta.52,sim,500,,,awgn,-12.0,average,fading,,1000,227.9,35.1,53.7,0.653,0,1,1,1,6,33,0,0,0,1,0.0
beta.52,sim,500,,,awgn,-12.0,average,fading,,1000,228.6,35.0,53.7,0.651,0,1,1,1,6,33,0,0,0,1,0.0
beta.52,sim,500,,,awgn,-12.0,average,fading,,1000,226.5,35.3,53.7,0.657,0,1,1,1,6,33,0,0,0,1,0.0
beta.52,sim,500,,,awgn,-12.0,average,fading,,1000,228.3,35.0,53.7,0.652,0,1,1,1,6,33,0,0,0,1,0.0
beta.52,sim,500,,,awgn,-12.0,average,fading,,1000,229.3,34.9,53.7,0.649,0,1,1,1,6,33,0,0,0,1,0.0
beta.52,sim,500,,,awgn,-12.0,average,fading,,1000,228.4,35.0,53.7,0.652,0,1,1,1,6,33,0,0,0,1,0.0
beta.52,sim,500,,,awgn,-12.0,average,fading,,1000,226.9,35.3,53.7,0.656,0,1,1,1,6,33,0,0,0,1,0.0
beta.52,sim,500,,,awgn,-12.0,average,fading,,1000,227.3,35.2,53.7,0.655,0,1,1,1,6,33,0,0,0,1,0.0
beta.52,sim,500,,,awgn,-12.0,average,fading,,1000,228.0,35.1,53.7,0.653,0,1,1,1,6,33,0,0,0,1,0.0
beta.52,sim,500,,,awgn,-12.0,average,fading,,1000,227.8,35.1,53.7,0.654,0,1,1,1,6,33,0,0,0,1,0.0
beta.52,sim,500,,,awgn,-12.0,average,fading,,1000,226.4,35.3,53.7,0.658,0,1,1,1,6,33,0,0,0,1,0.0
beta.52,sim,500,,,awgn,-12.0,average,fading,,1000,226.5,35.3,53.7,0.657,0,1,1,1,6,33,0,0,0,1,0.0
beta.52,sim,500,,,awgn,-12.0,average,fading,,1000,228.1,35.1,53.7,0.653,0,1,1,1,6,33,0,0,0,1,0.0
beta.52,sim,500,,,awgn,-12.0,average,fading,,1000,227.2,35.2,53.7,0.655,0,1,1,1,6,33,0,0,0,1,0.0
beta.52,sim,500,,,awgn,-12.0,average,fading,,1000,227.3,35.2,53.7,0.655,0,1,1,1,6,33,0,0,0,1,0.0
beta.52,sim,500,,,awgn,-12.0,average,fading,,1000,226.5,35.3,53.7,0.657,0,1,1,1,6,33,0,0,0,1,0.0
beta.52,sim,500,,,awgn,-12.0,average,fading,,1000,226.9,35.3,53.7,0.656,0,1,1,1,6,33,0,0,0,1,0.0
beta.52,sim,500,,,awgn,-12.0,average,fading,,1000,227.5,35.2,53.7,0.655,0,1,1,1,6,33,0,0,0,1,0.0
beta.52,sim,500,,,awgn,-12.0,average,fading,,1000,227.3,35.2,53.7,0.655,0,1,1,1,6,33,0,0,0,1,0.0
beta.52,sim,500,,,awgn,-12.0,average,fading,,1000,228.8,35.0,53.7,0.651,0,1,1,1,6,33,0,0,0,1,0.0
beta.52,sim,500,,,awgn,-12.0,average,fading,,1000,227.2,35.2,53.7,0.655,0,1,1,1,6,33,0,0,0,1,0.0
beta.52,sim,500,,,awgn,-12.0,average,fading,,1000,227.3,35.2,53.7,0.655,0,1,1,1,6,33,0,0,0,1,0.0
beta.52,sim,500,,,awgn,-12.0,average,fading,,1000,229.3,34.9,53.7,0.649,0,1,1,1,6,33,0,0,0,1,0.0
beta.52,sim,500,,,awgn,-12.0,average,fading,,1000,227.9,35.1,53.7,0.653,0,1,1,1,6,33,0,0,0,1,0.0
beta.52,sim,500,,,awgn,-12.0,average,fading,,1000,228.0,35.1,53.7,0.653,0,1,1,1,6,33,0,0,0,1,0.0
beta.52,sim,500,,,awgn,-10.0,average,fading,,1000,229.1,34.9,53.7,0.65,0,1,1,1,6,33,0,0,0,1,0.0
beta.52,sim,500,,,awgn,-10.0,average,fading,,1000,228.8,35.0,53.7,0.651,0,1,1,1,6,33,0,0,0,1,0.0
beta.52,sim,500,,,awgn,-10.0,average,fading,,1000,227.4,35.2,53.7,0.655,0,1,1,1,6,33,0,0,0,1,0.0
beta.52,sim,500,,,awgn,-10.0,average,fading,,1000,228.3,35.0,53.7,0.652,0,1,1,1,6,33,0,0,0,1,0.0
beta.52,sim,500,,,awgn,-10.0,average,fading,,1000,228.2,35.1,53.7,0.653,0,1,1,1,6,33,0,0,0,1,0.0
beta.52,sim,500,,,awgn,-10.0,average,fading,,1000,227.9,35.1,53.7,0.653,0,1,1,1,6,33,0,0,0,1,0.0
beta.52,sim,500,,,awgn,-10.0,average,fading,,1000,228.6,35.0,53.7,0.651,0,1,1,1,6,33,0,0,0,1,0.0
beta.52,sim,500,,,awgn,-10.0,average,fading,,1000,226.5,35.3,53.7,0.657,0,1,1,1,6,33,0,0,0,1,0.0
beta.52,sim,500,,,awgn,-10.0,average,fading,,1000,228.3,35.0,53.7,0.652,0,1,1,1,6,33,0,0,0,1,0.0
beta.52,sim,500,,,awgn,-10.0,average,fading,,1000,229.3,34.9,53.7,0.649,0,1,1,1,6,33,0,0,0,1,0.0
beta.52,sim,500,,,awgn,-10.0,average,fading,,1000,228.4,35.0,53.7,0.652,0,1,1,1,6,33,0,0,0,1,0.0
beta.52,sim,500,,,awgn,-10.0,average,fading,,1000,226.9,35.3,53.7,0.656,0,1,1,1,6,33,0,0,0,1,0.0
beta.52,sim,500,,,awgn,-10.0,average,fading,,1000,227.3,35.2,53.7,0.655,0,1,1,1,6,33,0,0,0,1,0.0
beta.52,sim,500,,,awgn,-10.0,average,fading,,1000,228.0,35.1,53.7,0.653,0,1,1,1,6,33,0,0,0,1,0.0
beta.52,sim,500,,,awgn,-10.0,average,fading,,1000,227.8,35.1,53.7,0.654,0,1,1,1,6,33,0,0,0,1,0.0
beta.52,sim,500,,,awgn,-10.0,average,fading,,1000,226.4,35.3,53.7,0.658,0,1,1,1,6,33,0,0,0,1,0.0
beta.52,sim,500,,,awgn,-10.0,average,fading,,1000,226.5,35.3,53.7,0.657,0,1,1,1,6,33,0,0,0,1,0.0
beta.52,sim,500,,,awgn,-10.0,average,fading,,1000,228.1,35.1,53.7,0.653,0,1,1,1,6,33,0,0,0,1,0.0
beta.52,sim,500,,,awgn,-10.0,average,fading,,1000,227.2,35.2,53.7,0.655,0,1,1,1,6,33,0,0,0,1,0.0
beta.52,sim,500,,,awgn,-10.0,average,fading,,1000,227.3,35.2,53.7,0.655,0,1,1,1,6,33,0,0,0,1,0.0
beta.52,sim,500,,,awgn,-10.0,average,fading,,1000,226.5,35.3,53.7,0.657,0,1,1,1,6,33,0,0,0,1,0.0
beta.52,sim,500,,,awgn,-10.0,average,fading,,1000,226.9,35.3,53.7,0.656,0,1,1,1,6,33,0,0,0,1,0.0
beta.52,sim,500,,,awgn,-10.0,average,fading,,1000,227.5,35.2,53.7,0.655,0,1,1,1,6,33,0,0,0,1,0.0
beta.52,sim,500,,,awgn,-10.0,average,fading,,1000,227.3,35.2,53.7,0.655,0,1,1,1,6,33,0,0,0,1,0.0
beta.52,sim,500,,,awgn,-10.0,average,fading,,1000,228.8,35.0,53.7,0.651,0,1,1,1,6,33,0,0,0,1,0.0
beta.52,sim,500,,,awgn,-10.0,average,fading,,1000,227.2,35.2,53.7,0.655,0,1,1,1,6,33,0,0,0,1,0.0
beta.52,sim,500,,,awgn,-10.0,average,fading,,1000,227.3,35.2,53.7,0.655,0,1,1,1,6,33,0,0,0,1,0.0
beta.52,sim,500,,,awgn,-10.0,average,fading,,1000,229.3,34.9,53.7,0.649,0,1,1,1,6,33,0,0,0,1,0.0
beta.52,sim,500,,,awgn,-10.0,average,fading,,1000,227.9,35.1,53.7,0.653,0,1,1,1,6,33,0,0,0,1,0.0
beta.52,sim,500,,,awgn,-10.0,average,fading,,1000,228.0,35.1,53.7,0.653,0,1,1,1,6,33,0,0,0,1,0.0
beta.52,sim,500,,,awgn,-8.0,average,fading,,1000,229.1,34.9,53.7,0.65,0,1,1,1,6,33,0,0,0,1,0.0
beta.52,sim,500,,,awgn,-8.0,average,fading,,1000,228.8,35.0,53.7,0.651,0,1,1,1,6,33,0,0,0,1,0.0
beta.52,sim,500,,,awgn,-8.0,average,fading,,1000,227.4,35.2,53.7,0.655,0,1,1,1,6,33,0,0,0,1,0.0
beta.52,sim,500,,,awgn,-8.0,average,fading,,1000,228.3,35.0,53.7,0.652,0,1,1,1,6,33,0,0,0,1,0.0
beta.52,sim,500,,,awgn,-8.0,average,fading,,1000,228.2,35.1,53.7,0.653,0,1,1,1,6,33,0,0,0,1,0.0
beta.52,sim,500,,,awgn,-8.0,average,fading,,1000,227.9,35.1,53.7,0.653,0,1,1,1,6,33,0,0,0,1,0.0
beta.52,sim,500,,,awgn,-8.0,average,fading,,1000,228.6,35.0,53.7,0.651,0,1,1,1,6,33,0,0,0,1,0.0
beta.52,sim,500,,,awgn,-8.0,average,fading,,1000,226.5,35.3,53.7,0.657,0,1,1,1,6,33,0,0,0,1,0.0
beta.52,sim,500,,,awgn,-8.0,average,fading,,1000,228.3,35.0,53.7,0.652,0,1,1,1,6,33,0,0,0,1,0.0
beta.52,sim,500,,,awgn,-8.0,average,fading,,1000,229.3,34.9,53.7,0.649,0,1,1,1,6,33,0,0,0,1,0.0
beta.52,sim,500,,,awgn,-8.0,average,fading,,1000,228.4,35.0,53.7,0.652,0,1,1,1,6,33,0,0,0,1,0.0
beta.52,sim,500,,,awgn,-8.0,average,fading,,1000,226.9,35.3,53.7,0.656,0,1,1,1,6,33,0,0,0,1,0.0
beta.52,sim,500,,,awgn,-8.0,average,fading,,1000,227.3,35.2,53.7,0.655,0,1,1,1,6,33,0,0,0,1,0.0
beta.52,sim,500,,,awgn,-8.0,average,fading,,1000,228.0,35.1,53.7,0.653,0,1,1,1,6,33,0,0,0,1,0.0
beta.52,sim,500,,,awgn,-8.0,average,fading,,1000,227.8,35.1,53.7,0.654,0,1,1,1,6,33,0,0,0,1,0.0
beta.52,sim,500,,,awgn,-8.0,average,fading,,1000,226.4,35.3,53.7,0.658,0,1,1,1,6,33,0,0,0,1,0.0
beta.52,sim,500,,,awgn,-8.0,average,fading,,1000,226.5,35.3,53.7,0.657,0,1,1,1,6,33,0,0,0,1,0.0
beta.52,sim,500,,,awgn,-8.0,average,fading,,1000,228.1,35.1,53.7,0.653,0,1,1,1,6,33,0,0,0,1,0.0
beta.52,sim,500,,,awgn,-8.0,average,fading,,1000,227.2,35.2,53.7,0.655,0,1,1,1,6,33,0,0,0,1,0.0
beta.52,sim,500,,,awgn,-8.0,average,fading,,1000,227.3,35.2,53.7,0.655,0,1,1,1,6,33,0,0,0,1,0.0
beta.52,sim,500,,,awgn,-8.0,average,fading,,1000,226.5,35.3,53.7,0.657,0,1,1,1,6,33,0,0,0,1,0.0
beta.52,sim,500,,,awgn,-8.0,average,fading,,1000,226.9,35.3,53.7,0.656,0,1,1,1,6,33,0,0,0,1,0.0
beta.52,sim,500,,,awgn,-8.0,average,fading,,1000,227.5,35.2,53.7,0.655,0,1,1,1,6,33,0,0,0,1,0.0
beta.52,sim,500,,,awgn,-8.0,average,fading,,1000,227.3,35.2,53.7,0.655,0,1,1,1,6,33,0,0,0,1,0.0
beta.52,sim,500,,,awgn,-8.0,average,fading,,1000,228.8,35.0,53.7,0.651,0,1,1,1,6,33,0,0,0,1,0.0
beta.52,sim,500,,,awgn,-8.0,average,fading,,1000,227.2,35.2,53.7,0.655,0,1,1,1,6,33,0,0,0,1,0.0
beta.52,sim,500,,,awgn,-8.0,average,fading,,1000,227.3,35.2,53.7,0.655,0,1,1,1,6,33,0,0,0,1,0.0
beta.52,sim,500,,,awgn,-8.0,average,fading,,1000,229.3,34.9,53.7,0.649,0,1,1,1,6,33,0,0,0,1,0.0
beta.52,sim,500,,,awgn,-8.0,average,fading,,1000,227.9,35.1,53.7,0.653,0,1,1,1,6,33,0,0,0,1,0.0
beta.52,sim,500,,,awgn,-8.0,average,fading,,1000,228.0,35.1,53.7,0.653,0,1,1,1,6,33,0,0,0,1,0.0
beta.52,sim,500,,,awgn,-6.0,average,fading,,1000,234.4,34.1,113.9,0.3,0,1,1,1,6,34,1,0,0,1,0.0
beta.52,sim,500,,,awgn,-6.0,average,fading,,1000,234.2,34.2,113.9,0.3,0,1,1,1,6,34,1,0,0,1,0.0
beta.52,sim,500,,,awgn,-6.0,average,fading,,1000,210.7,38.0,113.9,0.334,0,1,1,1,6,33,0,0,0,1,0.0
beta.52,sim,500,,,awgn,-6.0,average,fading,,1000,233.7,34.2,113.9,0.301,0,1,1,1,6,34,1,0,0,1,0.0
beta.52,sim,500,,,awgn,-6.0,average,fading,,1000,233.5,34.3,113.9,0.301,0,1,1,1,6,34,1,0,0,1,0.0
beta.52,sim,500,,,awgn,-6.0,average,fading,,1000,227.9,35.1,113.9,0.308,0,1,1,1,6,33,0,0,0,1,0.0
beta.52,sim,500,,,awgn,-6.0,average,fading,,1000,228.6,35.0,113.9,0.307,0,1,1,1,6,33,0,0,0,1,0.0
beta.52,sim,500,,,awgn,-6.0,average,fading,,1000,210.7,38.0,113.9,0.334,0,1,1,1,6,33,0,0,0,1,0.0
beta.52,sim,500,,,awgn,-6.0,average,fading,,1000,228.3,35.0,113.9,0.308,0,1,1,1,6,33,0,0,0,1,0.0
beta.52,sim,500,,,awgn,-6.0,average,fading,,1000,229.3,34.9,113.9,0.306,0,1,1,1,6,33,0,0,0,1,0.0
beta.52,sim,500,,,awgn,-6.0,average,fading,,1000,228.4,35.0,113.9,0.308,0,1,1,1,6,33,0,0,0,1,0.0
beta.52,sim,500,,,awgn,-6.0,average,fading,,1000,226.9,35.3,113.9,0.31,0,1,1,1,6,33,0,0,0,1,0.0
beta.52,sim,500,,,awgn,-6.0,average,fading,,1000,210.7,38.0,113.9,0.334,0,1,1,1,6,33,0,0,0,1,0.0
beta.52,sim,500,,,awgn,-6.0,average,fading,,1000,228.0,35.1,113.9,0.308,0,1,1,1,6,33,0,0,0,1,0.0
beta.52,sim,500,,,awgn,-6.0,average,fading,,1000,233.2,34.3,113.9,0.301,0,1,1,1,6,34,1,0,0,1,0.0
beta.52,sim,500,,,awgn,-6.0,average,fading,,1000,226.4,35.3,113.9,0.31,0,1,1,1,6,33,0,0,0,1,0.0
beta.52,sim,500,,,awgn,-6.0,average,fading,,1000,226.5,35.3,113.9,0.31,0,1,1,1,6,33,0,0,0,1,0.0
beta.52,sim,500,,,awgn,-6.0,average,fading,,1000,214.9,37.2,113.9,0.327,0,1,1,1,6,33,0,0,0,1,0.0
beta.52,sim,500,,,awgn,-6.0,average,fading,,1000,227.2,35.2,113.9,0.309,0,1,1,1,6,33,0,0,0,1,0.0
beta.52,sim,500,,,awgn,-6.0,average,fading,,1000,227.3,35.2,113.9,0.309,0,1,1,1,6,33,0,0,0,1,0.0
beta.52,sim,500,,,awgn,-6.0,average,fading,,1000,231.9,34.5,113.9,0.303,0,1,1,1,6,34,1,0,0,1,0.0
beta.52,sim,500,,,awgn,-6.0,average,fading,,1000,232.3,34.4,113.9,0.303,0,1,1,1,6,34,1,0,0,1,0.0
beta.52,sim,500,,,awgn,-6.0,average,fading,,1000,232.8,34.4,113.9,0.302,0,1,1,1,6,34,1,0,0,1,0.0
beta.52,sim,500,,,awgn,-6.0,average,fading,,1000,227.3,35.2,113.9,0.309,0,1,1,1,6,33,0,0,0,1,0.0
beta.52,sim,500,,,awgn,-6.0,average,fading,,1000,228.8,35.0,113.9,0.307,0,1,1,1,6,33,0,0,0,1,0.0
beta.52,sim,500,,,awgn,-6.0,average,fading,,1000,227.2,35.2,113.9,0.309,0,1,1,1,6,33,0,0,0,1,0.0
beta.52,sim,500,,,awgn,-6.0,average,fading,,1000,227.3,35.2,113.9,0.309,0,1,1,1,6,33,0,0,0,1,0.0
beta.52,sim,500,,,awgn,-6.0,average,fading,,1000,234.6,34.1,113.9,0.3,0,1,1,1,6,34,1,0,0,1,0.0
beta.52,sim,500,,,awgn,-6.0,average,fading,,1000,233.3,34.3,113.9,0.301,0,1,1,1,6,34,1,0,0,1,0.0
beta.52,sim,500,,,awgn,-6.0,average,fading,,1000,233.3,34.3,113.9,0.301,0,1,1,1,6,34,1,0,0,1,0.0
beta.52,sim,500,,,awgn,-4.0,average,fading,,1000,210.7,38.0,189.8,0.2,0,1,1,1,6,33,0,0,0,1,0.0
beta.52,sim,500,,,awgn,-4.0,average,fading,,1000,210.7,38.0,189.8,0.2,0,1,1,1,6,33,0,0,0,1,0.0
beta.52,sim,500,,,awgn,-4.0,average,fading,,1000,210.7,38.0,189.8,0.2,0,1,1,1,6,33,0,0,0,1,0.0
beta.52,sim,500,,,awgn,-4.0,average,fading,,1000,210.7,38.0,189.8,0.2,0,1,1,1,6,33,0,0,0,1,0.0
beta.52,sim,500,,,awgn,-4.0,average,fading,,1000,210.7,38.0,189.8,0.2,0,1,1,1,6,33,0,0,0,1,0.0
beta.52,sim,500,,,awgn,-4.0,average,fading,,1000,210.7,38.0,189.8,0.2,0,1,1,1,6,33,0,0,0,1,0.0
beta.52,sim,500,,,awgn,-4.0,average,fading,,1000,210.7,38.0,189.8,0.2,0,1,1,1,6,33,0,0,0,1,0.0
beta.52,sim,500,,,awgn,-4.0,average,fading,,1000,210.7,38.0,189.8,0.2,0,1,1,1,6,33,0,0,0,1,0.0
beta.52,sim,500,,,awgn,-4.0,average,fading,,1000,210.7,38.0,189.8,0.2,0,1,1,1,6,33,0,0,0,1,0.0
beta.52,sim,500,,,awgn,-4.0,average,fading,,1000,210.7,38.0,189.8,0.2,0,1,1,1,6,33,0,0,0,1,0.0
beta.52,sim,500,,,awgn,-4.0,average,fading,,1000,210.7,38.0,189.8,0.2,0,1,1,1,6,33,0,0,0,1,0.0
beta.52,sim,500,,,awgn,-4.0,average,fading,,1000,210.7,38.0,189.8,0.2,0,1,1,1,6,33,0,0,0,1,0.0
beta.52,sim,500,,,awgn,-4.0,average,fading,,1000,210.7,38.0,189.8,0.2,0,1,1,1,6,33,0,0,0,1,0.0
beta.52,sim,500,,,awgn,-4.0,average,fading,,1000,210.7,38.0,189.8,0.2,0,1,1,1,6,33,0,0,0,1,0.0
beta.52,sim,500,,,awgn,-4.0,average,fading,,1000,210.7,38.0,189.8,0.2,0,1,1,1,6,33,0,0,0,1,0.0
beta.52,sim,500,,,awgn,-4.0,average,fading,,1000,210.7,38.0,189.8,0.2,0,1,1,1,6,33,0,0,0,1,0.0
beta.52,sim,500,,,awgn,-4.0,average,fading,,1000,210.7,38.0,189.8,0.2,0,1,1,1,6,33,0,0,0,1,0.0
beta.52,sim,500,,,awgn,-4.0,average,fading,,1000,210.7,38.0,189.8,0.2,0,1,1,1,6,33,0,0,0,1,0.0
beta.52,sim,500,,,awgn,-4.0,average,fading,,1000,210.7,38.0,189.8,0.2,0,1,1,1,6,33,0,0,0,1,0.0
beta.52,sim,500,,,awgn,-4.0,average,fading,,1000,210.7,38.0,189.8,0.2,0,1,1,1,6,33,0,0,0,1,0.0
beta.52,sim,500,,,awgn,-4.0,average,fading,,1000,210.7,38.0,189.8,0.2,0,1,1,1,6,33,0,0,0,1,0.0
beta.52,sim,500,,,awgn,-4.0,average,fading,,1000,210.7,38.0,189.8,0.2,0,1,1,1,6,33,0,0,0,1,0.0
beta.52,sim,500,,,awgn,-4.0,average,fading,,1000,210.7,38.0,189.8,0.2,0,1,1,1,6,33,0,0,0,1,0.0
beta.52,sim,500,,,awgn,-4.0,average,fading,,1000,210.7,38.0,189.8,0.2,0,1,1,1,6,33,0,0,0,1,0.0
beta.52,sim,500,,,awgn,-4.0,average,fading,,1000,210.7,38.0,189.8,0.2,0,1,1,1,6,33,0,0,0,1,0.0
beta.52,sim,500,,,awgn,-4.0,average,fading,,1000,210.7,38.0,189.8,0.2,0,1,1,1,6,33,0,0,0,1,0.0
beta.52,sim,500,,,awgn,-4.0,average,fading,,1000,210.7,38.0,189.8,0.2,0,1,1,1,6,33,0,0,0,1,0.0
beta.52,sim,500,,,awgn,-4.0,average,fading,,1000,210.7,38.0,189.8,0.2,0,1,1,1,6,33,0,0,0,1,0.0
beta.52,sim,500,,,awgn,-4.0,average,fading,,1000,210.7,38.0,189.8,0.2,0,1,1,1,6,33,0,0,0,1,0.0
beta.52,sim,500,,,awgn,-4.0,average,fading,,1000,210.7,38.0,189.8,0.2,0,1,1,1,6,33,0,0,0,1,0.0
beta.52,sim,500,,,awgn,-2.0,average,fading,,1000,124.0,64.5,296.0,0.218,0,3,3,3,9,51,0,0,0,1,0.0
beta.52,sim,500,,,awgn,-2.0,average,fading,,1000,124.0,64.5,296.0,0.218,0,3,3,3,9,51,0,0,0,1,0.0
beta.52,sim,500,,,awgn,-2.0,average,fading,,1000,127.2,62.9,296.0,0.212,0,3,3,3,9,54,0,0,0,1,0.0
beta.52,sim,500,,,awgn,-2.0,average,fading,,1000,124.0,64.5,296.0,0.218,0,3,3,3,9,51,0,0,0,1,0.0
beta.52,sim,500,,,awgn,-2.0,average,fading,,1000,73.4,109.0,296.0,0.368,2,3,3,1,10,57,0,0,0,1,0.0
beta.52,sim,500,,,awgn,-2.0,average,fading,,1000,127.2,62.9,296.0,0.212,0,3,3,3,9,54,0,0,0,1,0.0
beta.52,sim,500,,,awgn,-2.0,average,fading,,1000,146.8,54.5,296.0,0.184,0,3,3,3,8,46,0,0,0,1,0.0
beta.52,sim,500,,,awgn,-2.0,average,fading,,1000,124.0,64.5,296.0,0.218,0,3,3,3,9,51,0,0,0,1,0.0
beta.52,sim,500,,,awgn,-2.0,average,fading,,1000,127.2,62.9,296.0,0.212,0,3,3,3,9,54,0,0,0,1,0.0
beta.52,sim,500,,,awgn,-2.0,average,fading,,1000,102.4,78.1,296.0,0.264,0,3,3,2,10,57,0,0,0,1,0.0
beta.52,sim,500,,,awgn,-2.0,average,fading,,1000,102.4,78.1,296.0,0.264,0,3,3,2,10,57,0,0,0,1,0.0
beta.52,sim,500,,,awgn,-2.0,average,fading,,1000,148.9,53.7,296.0,0.182,0,3,3,3,8,48,0,0,0,1,0.0
beta.52,sim,500,,,awgn,-2.0,average,fading,,1000,105.5,75.8,296.0,0.256,0,3,3,2,10,60,0,0,0,1,0.0
beta.52,sim,500,,,awgn,-2.0,average,fading,,1000,124.0,64.5,296.0,0.218,0,3,3,3,9,51,0,0,0,1,0.0
beta.52,sim,500,,,awgn,-2.0,average,fading,,1000,79.7,100.4,296.0,0.339,2,3,3,1,11,62,0,0,0,1,0.0
beta.52,sim,500,,,awgn,-2.0,average,fading,,1000,148.9,53.7,296.0,0.182,0,3,3,3,8,48,0,0,0,1,0.0
beta.52,sim,500,,,awgn,-2.0,average,fading,,1000,124.0,64.5,296.0,0.218,0,3,3,3,9,51,0,0,0,1,0.0
beta.52,sim,500,,,awgn,-2.0,average,fading,,1000,124.0,64.5,296.0,0.218,0,3,3,3,9,51,0,0,0,1,0.0
beta.52,sim,500,,,awgn,-2.0,average,fading,,1000,148.9,53.7,296.0,0.182,0,3,3,3,8,48,0,0,0,1,0.0
beta.52,sim,500,,,awgn,-2.0,average,fading,,1000,127.2,62.9,296.0,0.212,0,3,3,3,9,54,0,0,0,1,0.0
beta.52,sim,500,,,awgn,-2.0,average,fading,,1000,148.9,53.7,296.0,0.182,0,3,3,3,8,48,0,0,0,1,0.0
beta.52,sim,500,,,awgn,-2.0,average,fading,,1000,79.7,100.4,296.0,0.339,2,3,3,1,11,62,0,0,0,1,0.0
beta.52,sim,500,,,awgn,-2.0,average,fading,,1000,124.0,64.5,296.0,0.218,0,3,3,3,9,51,0,0,0,1,0.0
beta.52,sim,500,,,awgn,-2.0,average,fading,,1000,105.5,75.8,296.0,0.256,0,3,3,2,10,60,0,0,0,1,0.0
beta.52,sim,500,,,awgn,-2.0,average,fading,,1000,127.2,62.9,296.0,0.212,0,3,3,3,9,54,0,0,0,1,0.0
beta.52,sim,500,,,awgn,-2.0,average,fading,,1000,76.5,104.5,296.0,0.353,2,3,3,1,10,60,0,0,0,1,0.0
beta.52,sim,500,,,awgn,-2.0,average,fading,,1000,105.5,75.8,296.0,0.256,0,3,3,2,10,60,0,0,0,1,0.0
beta.52,sim,500,,,awgn,-2.0,average,fading,,1000,76.5,104.5,296.0,0.353,2,3,3,1,10,60,0,0,0,1,0.0
beta.52,sim,500,,,awgn,-2.0,average,fading,,1000,148.9,53.7,296.0,0.182,0,3,3,3,8,48,0,0,0,1,0.0
beta.52,sim,500,,,awgn,-2.0,average,fading,,1000,148.9,53.7,296.0,0.182,0,3,3,3,8,48,0,0,0,1,0.0
beta.52,sim,500,,,awgn,0.0,average,fading,,1000,54.5,146.9,402.3,0.365,2,4,4,2,7,42,0,0,0,1,0.0
beta.52,sim,500,,,awgn,0.0,average,fading,,1000,54.5,146.9,402.3,0.365,2,4,4,2,7,42,0,0,0,1,0.0
beta.52,sim,500,,,awgn,0.0,average,fading,,1000,54.5,146.9,402.3,0.365,2,4,4,2,7,42,0,0,0,1,0.0
beta.52,sim,500,,,awgn,0.0,average,fading,,1000,54.5,146.9,402.3,0.365,2,4,4,2,7,42,0,0,0,1,0.0
beta.52,sim,500,,,awgn,0.0,average,fading,,1000,47.1,169.8,402.3,0.422,2,4,4,1,6,36,0,0,0,1,0.0
beta.52,sim,500,,,awgn,0.0,average,fading,,1000,54.5,146.9,402.3,0.365,2,4,4,2,7,42,0,0,0,1,0.0
beta.52,sim,500,,,awgn,0.0,average,fading,,1000,54.5,146.9,402.3,0.365,2,4,4,2,7,42,0,0,0,1,0.0
beta.52,sim,500,,,awgn,0.0,average,fading,,1000,52.4,152.8,402.3,0.38,2,4,4,2,7,40,0,0,0,1,0.0
beta.52,sim,500,,,awgn,0.0,average,fading,,1000,54.5,146.9,402.3,0.365,2,4,4,2,7,42,0,0,0,1,0.0
beta.52,sim,500,,,awgn,0.0,average,fading,,1000,54.5,146.9,402.3,0.365,2,4,4,2,7,42,0,0,0,1,0.0
beta.52,sim,500,,,awgn,0.0,average,fading,,1000,52.4,152.8,402.3,0.38,2,4,4,2,7,40,0,0,0,1,0.0
beta.52,sim,500,,,awgn,0.0,average,fading,,1000,54.5,146.9,402.3,0.365,2,4,4,2,7,42,0,0,0,1,0.0
beta.52,sim,500,,,awgn,0.0,average,fading,,1000,54.5,146.9,402.3,0.365,2,4,4,2,7,42,0,0,0,1,0.0
beta.52,sim,500,,,awgn,0.0,average,fading,,1000,54.5,146.9,402.3,0.365,2,4,4,2,7,42,0,0,0,1,0.0
beta.52,sim,500,,,awgn,0.0,average,fading,,1000,54.5,146.9,402.3,0.365,2,4,4,2,7,42,0,0,0,1,0.0
beta.52,sim,500,,,awgn,0.0,average,fading,,1000,56.6,141.5,402.3,0.352,2,4,4,2,8,43,0,0,0,1,0.0
beta.52,sim,500,,,awgn,0.0,average,fading,,1000,54.5,146.9,402.3,0.365,2,4,4,2,7,42,0,0,0,1,0.0
beta.52,sim,500,,,awgn,0.0,average,fading,,1000,54.5,146.9,402.3,0.365,2,4,4,2,7,42,0,0,0,1,0.0
beta.52,sim,500,,,awgn,0.0,average,fading,,1000,56.6,141.5,402.3,0.352,2,4,4,2,8,43,0,0,0,1,0.0
beta.52,sim,500,,,awgn,0.0,average,fading,,1000,54.5,146.9,402.3,0.365,2,4,4,2,7,42,0,0,0,1,0.0
beta.52,sim,500,,,awgn,0.0,average,fading,,1000,54.5,146.9,402.3,0.365,2,4,4,2,7,42,0,0,0,1,0.0
beta.52,sim,500,,,awgn,0.0,average,fading,,1000,52.4,152.8,402.3,0.38,2,4,4,2,7,40,0,0,0,1,0.0
beta.52,sim,500,,,awgn,0.0,average,fading,,1000,54.5,146.9,402.3,0.365,2,4,4,2,7,42,0,0,0,1,0.0
beta.52,sim,500,,,awgn,0.0,average,fading,,1000,56.6,141.5,402.3,0.352,2,4,4,2,8,43,0,0,0,1,0.0
beta.52,sim,500,,,awgn,0.0,average,fading,,1000,52.4,152.8,402.3,0.38,2,4,4,2,7,40,0,0,0,1,0.0
beta.52,sim,500,,,awgn,0.0,average,fading,,1000,47.1,169.8,402.3,0.422,2,4,4,1,6,36,0,0,0,1,0.0
beta.52,sim,500,,,awgn,0.0,average,fading,,1000,54.5,146.9,402.3,0.365,2,4,4,2,7,42,0,0,0,1,0.0
beta.52,sim,500,,,awgn,0.0,average,fading,,1000,52.4,152.8,402.3,0.38,2,4,4,2,7,40,0,0,0,1,0.0
beta.52,sim,500,,,awgn,0.0,average,fading,,1000,54.5,146.9,402.3,0.365,2,4,4,2,7,42,0,0,0,1,0.0
beta.52,sim,500,,,awgn,0.0,average,fading,,1000,54.5,146.9,402.3,0.365,2,4,4,2,7,42,0,0,0,1,0.0
beta.52,sim,500,,,awgn,2.0,average,fading,,1000,44.0,182.0,538.9,0.338,2,5,5,2,6,33,0,0,0,1,0.0
beta.52,sim,500,,,awgn,2.0,average,fading,,1000,44.0,182.0,538.9,0.338,2,5,5,2,6,33,0,0,0,1,0.0
beta.52,sim,500,,,awgn,2.0,average,fading,,1000,44.0,182.0,538.9,0.338,2,5,5,2,6,33,0,0,0,1,0.0
beta.52,sim,500,,,awgn,2.0,average,fading,,1000,44.0,182.0,538.9,0.338,2,5,5,2,6,33,0,0,0,1,0.0
beta.52,sim,500,,,awgn,2.0,average,fading,,1000,41.8,191.2,538.9,0.355,3,5,5,1,6,31,0,0,0,1,0.0
beta.52,sim,500,,,awgn,2.0,average,fading,,1000,44.0,182.0,538.9,0.338,2,5,5,2,6,33,0,0,0,1,0.0
beta.52,sim,500,,,awgn,2.0,average,fading,,1000,45.0,177.7,538.9,0.33,2,5,5,2,6,34,0,0,0,1,0.0
beta.52,sim,500,,,awgn,2.0,average,fading,,1000,44.0,182.0,538.9,0.338,2,5,5,2,6,33,0,0,0,1,0.0
beta.52,sim,500,,,awgn,2.0,average,fading,,1000,44.0,182.0,538.9,0.338,2,5,5,2,6,33,0,0,0,1,0.0
beta.52,sim,500,,,awgn,2.0,average,fading,,1000,42.9,186.5,538.9,0.346,2,5,5,1,6,32,0,0,0,1,0.0
beta.52,sim,500,,,awgn,2.0,average,fading,,1000,42.9,186.5,538.9,0.346,2,5,5,1,6,32,0,0,0,1,0.0
beta.52,sim,500,,,awgn,2.0,average,fading,,1000,45.0,177.7,538.9,0.33,2,5,5,2,6,34,0,0,0,1,0.0
beta.52,sim,500,,,awgn,2.0,average,fading,,1000,42.9,186.5,538.9,0.346,2,5,5,1,6,32,0,0,0,1,0.0
beta.52,sim,500,,,awgn,2.0,average,fading,,1000,44.0,182.0,538.9,0.338,2,5,5,2,6,33,0,0,0,1,0.0
beta.52,sim,500,,,awgn,2.0,average,fading,,1000,41.8,191.2,538.9,0.355,3,5,5,1,6,31,0,0,0,1,0.0
beta.52,sim,500,,,awgn,2.0,average,fading,,1000,45.0,177.7,538.9,0.33,2,5,5,2,6,34,0,0,0,1,0.0
beta.52,sim,500,,,awgn,2.0,average,fading,,1000,44.0,182.0,538.9,0.338,2,5,5,2,6,33,0,0,0,1,0.0
beta.52,sim,500,,,awgn,2.0,average,fading,,1000,44.0,182.0,538.9,0.338,2,5,5,2,6,33,0,0,0,1,0.0
beta.52,sim,500,,,awgn,2.0,average,fading,,1000,45.0,177.7,538.9,0.33,2,5,5,2,6,34,0,0,0,1,0.0
beta.52,sim,500,,,awgn,2.0,average,fading,,1000,44.0,182.0,538.9,0.338,2,5,5,2,6,33,0,0,0,1,0.0
beta.52,sim,500,,,awgn,2.0,average,fading,,1000,45.0,177.7,538.9,0.33,2,5,5,2,6,34,0,0,0,1,0.0
beta.52,sim,500,,,awgn,2.0,average,fading,,1000,41.8,191.2,538.9,0.355,3,5,5,1,6,31,0,0,0,1,0.0
beta.52,sim,500,,,awgn,2.0,average,fading,,1000,44.0,182.0,538.9,0.338,2,5,5,2,6,33,0,0,0,1,0.0
beta.52,sim,500,,,awgn,2.0,average,fading,,1000,42.9,186.5,538.9,0.346,2,5,5,1,6,32,0,0,0,1,0.0
beta.52,sim,500,,,awgn,2.0,average,fading,,1000,44.0,182.0,538.9,0.338,2,5,5,2,6,33,0,0,0,1,0.0
beta.52,sim,500,,,awgn,2.0,average,fading,,1000,41.8,191.2,538.9,0.355,3,5,5,1,6,31,0,0,0,1,0.0
beta.52,sim,500,,,awgn,2.0,average,fading,,1000,42.9,186.5,538.9,0.346,2,5,5,1,6,32,0,0,0,1,0.1
beta.52,sim,500,,,awgn,2.0,average,fading,,1000,41.8,191.2,538.9,0.355,3,5,5,1,6,31,0,0,0,1,0.0
beta.52,sim,500,,,awgn,2.0,average,fading,,1000,45.0,177.7,538.9,0.33,2,5,5,2,6,34,0,0,0,1,0.0
beta.52,sim,500,,,awgn,2.0,average,fading,,1000,44.0,182.0,538.9,0.338,2,5,5,2,6,33,0,0,0,1,0.0
beta.52,sim,500,,,awgn,6.0,average,fading,,1000,28.2,283.7,614.8,0.461,4,8,8,2,4,20,0,0,0,1,0.0
beta.52,sim,500,,,awgn,6.0,average,fading,,1000,28.2,283.7,614.8,0.461,4,8,8,2,4,20,0,0,0,1,0.0
beta.52,sim,500,,,awgn,6.0,average,fading,,1000,28.2,283.7,614.8,0.461,4,8,8,2,4,20,0,0,0,1,0.0
beta.52,sim,500,,,awgn,6.0,average,fading,,1000,28.2,283.7,614.8,0.461,4,8,8,2,4,20,0,0,0,1,0.0
beta.52,sim,500,,,awgn,6.0,average,fading,,1000,25.1,319.2,614.8,0.519,5,8,8,1,3,18,0,0,0,1,0.0
beta.52,sim,500,,,awgn,6.0,average,fading,,1000,28.2,283.7,614.8,0.461,4,8,8,2,4,20,0,0,0,1,0.0
beta.52,sim,500,,,awgn,6.0,average,fading,,1000,30.3,264.0,614.8,0.429,4,8,8,2,4,22,0,0,0,1,0.0
beta.52,sim,500,,,awgn,6.0,average,fading,,1000,28.2,283.7,614.8,0.461,4,8,8,2,4,20,0,0,0,1,0.0
beta.52,sim,500,,,awgn,6.0,average,fading,,1000,28.2,283.7,614.8,0.461,4,8,8,2,4,20,0,0,0,1,0.0
beta.52,sim,500,,,awgn,6.0,average,fading,,1000,28.2,283.7,614.8,0.461,4,8,8,2,4,20,0,0,0,1,0.0
beta.52,sim,500,,,awgn,6.0,average,fading,,1000,28.2,283.7,614.8,0.461,4,8,8,2,4,20,0,0,0,1,0.0
beta.52,sim,500,,,awgn,6.0,average,fading,,1000,30.3,264.0,614.8,0.429,4,8,8,2,4,22,0,0,0,1,0.0
beta.52,sim,500,,,awgn,6.0,average,fading,,1000,28.2,283.7,614.8,0.461,4,8,8,2,4,20,0,0,0,1,0.0
beta.52,sim,500,,,awgn,6.0,average,fading,,1000,28.2,283.7,614.8,0.461,4,8,8,2,4,20,0,0,0,1,0.0
beta.52,sim,500,,,awgn,6.0,average,fading,,1000,25.1,319.2,614.8,0.519,5,8,8,1,3,18,0,0,0,1,0.0
beta.52,sim,500,,,awgn,6.0,average,fading,,1000,30.3,264.0,614.8,0.429,4,8,8,2,4,22,0,0,0,1,0.0
beta.52,sim,500,,,awgn,6.0,average,fading,,1000,28.2,283.7,614.8,0.461,4,8,8,2,4,20,0,0,0,1,0.0
beta.52,sim,500,,,awgn,6.0,average,fading,,1000,28.2,283.7,614.8,0.461,4,8,8,2,4,20,0,0,0,1,0.0
beta.52,sim,500,,,awgn,6.0,average,fading,,1000,30.3,264.0,614.8,0.429,4,8,8,2,4,22,0,0,0,1,0.0
beta.52,sim,500,,,awgn,6.0,average,fading,,1000,28.2,283.7,614.8,0.461,4,8,8,2,4,20,0,0,0,1,0.0
beta.52,sim,500,,,awgn,6.0,average,fading,,1000,30.3,264.0,614.8,0.429,4,8,8,2,4,22,0,0,0,1,0.0
beta.52,sim,500,,,awgn,6.0,average,fading,,1000,25.1,319.2,614.8,0.519,5,8,8,1,3,18,0,0,0,1,0.0
beta.52,sim,500,,,awgn,6.0,average,fading,,1000,28.2,283.7,614.8,0.461,4,8,8,2,4,20,0,0,0,1,0.0
beta.52,sim,500,,,awgn,6.0,average,fading,,1000,28.2,283.7,614.8,0.461,4,8,8,2,4,20,0,0,0,1,0.0
beta.52,sim,500,,,awgn,6.0,average,fading,,1000,28.2,283.7,614.8,0.461,4,8,8,2,4,20,0,0,0,1,0.0
beta.52,sim,500,,,awgn,6.0,average,fading,,1000,25.1,319.2,614.8,0.519,5,8,8,1,3,18,0,0,0,1,0.0
beta.52,sim,500,,,awgn,6.0,average,fading,,1000,28.2,283.7,614.8,0.461,4,8,8,2,4,20,0,0,0,1,0.0
beta.52,sim,500,,,awgn,6.0,average,fading,,1000,25.1,319.2,614.8,0.519,5,8,8,1,3,18,0,0,0,1,0.0
beta.52,sim,500,,,awgn,6.0,average,fading,,1000,30.3,264.0,614.8,0.429,4,8,8,2,4,22,0,0,0,1,0.0
beta.52,sim,500,,,awgn,6.0,average,fading,,1000,30.3,264.0,614.8,0.429,4,8,8,2,4,22,0,0,0,1,0.0
beta.52,sim,500,,,good,-18.0,average,fading,,1000,159.4,0.0,0.0,,,,,0,0,0,0,0,0,0,0.0
beta.52,sim,500,,,good,-18.0,average,fading,,1000,237.4,0.0,0.0,,,,,0,0,0,0,0,0,0,0.0
beta.52,sim,500,,,good,-18.0,average,fading,,1000,301.3,3.3,0.0,,0,0,0,0,4,24,18,2,3,0,0.0
beta.52,sim,500,,,good,-18.0,average,fading,,1000,158.6,0.0,0.0,,,,,0,0,0,0,0,0,0,0.0
beta.52,sim,500,,,good,-18.0,average,fading,,1000,183.3,0.0,0.0,,,,,0,0,0,0,0,0,0,0.0
beta.52,sim,500,,,good,-18.0,average,fading,,1000,764.1,9.5,0.0,,0,0,0,0,16,96,53,11,8,0,0.1
beta.52,sim,500,,,good,-18.0,average,fading,,1000,79.4,0.0,0.0,,,,,0,0,0,0,0,0,0,0.0
beta.52,sim,500,,,good,-18.0,average,fading,,1000,640.3,12.5,0.0,,0,0,0,0,19,96,48,14,8,1,0.1
beta.52,sim,500,,,good,-18.0,average,fading,,1000,543.1,7.4,0.0,,0,0,0,0,11,66,42,8,6,0,0.1
beta.52,sim,500,,,good,-18.0,average,fading,,1000,565.5,7.1,0.0,,0,0,0,0,11,66,42,4,6,0,0.1
beta.52,sim,500,,,good,-18.0,average,fading,,1000,444.0,6.8,0.0,,0,0,0,0,8,48,30,1,5,0,0.1
beta.52,sim,500,,,good,-18.0,average,fading,,1000,157.2,0.0,0.0,,,,,0,0,0,0,0,0,0,0.0
beta.52,sim,500,,,good,-18.0,average,fading,,1000,193.7,0.0,0.0,,,,,0,0,0,0,0,0,0,0.0
beta.52,sim,500,,,good,-18.0,average,fading,,1000,135.6,0.0,0.0,,,,,0,0,0,0,0,0,0,0.0
beta.52,sim,500,,,good,-18.0,average,fading,,1000,192.2,0.0,0.0,,,,,0,0,0,0,0,0,0,0.0
beta.52,sim,500,,,good,-18.0,average,fading,,1000,236.0,0.0,0.0,,,,,0,0,0,0,0,0,0,0.0
beta.52,sim,500,,,good,-18.0,average,fading,,1000,156.8,0.0,0.0,,,,,0,0,0,0,0,0,0,0.0
beta.52,sim,500,,,good,-18.0,average,fading,,1000,348.7,2.9,0.0,,0,0,0,0,4,24,18,3,3,0,0.1
beta.52,sim,500,,,good,-18.0,average,fading,,1000,795.3,10.1,0.0,,0,0,0,0,20,117,69,18,6,1,0.2
beta.52,sim,500,,,good,-18.0,average,fading,,1000,181.5,0.0,0.0,,,,,0,0,0,0,0,0,0,0.0
beta.52,sim,500,,,good,-18.0,average,fading,,1000,781.0,8.6,0.0,,0,0,0,0,16,96,56,14,7,0,0.1
beta.52,sim,500,,,good,-18.0,average,fading,,1000,204.6,0.0,0.0,,,,,0,0,0,0,0,0,0,0.0
beta.52,sim,500,,,good,-18.0,average,fading,,1000,360.9,2.8,0.0,,0,0,0,0,4,24,18,1,3,0,0.0
beta.52,sim,500,,,good,-18.0,average,fading,,1000,639.7,6.0,0.0,,0,0,0,0,11,66,43,7,6,0,0.1
beta.52,sim,500,,,good,-18.0,average,fading,,1000,94.3,0.0,0.0,,,,,0,0,0,0,0,0,0,0.0
beta.52,sim,500,,,good,-18.0,average,fading,,1000,190.5,0.0,0.0,,,,,0,0,0,0,0,0,0,0.0
beta.52,sim,500,,,good,-18.0,average,fading,,1000,795.6,10.1,0.0,,0,0,0,0,21,114,66,14,10,1,0.2
beta.52,sim,500,,,good,-18.0,average,fading,,1000,686.5,11.7,0.0,,0,0,0,0,18,104,56,10,7,1,0.1
beta.52,sim,500,,,good,-18.0,average,fading,,1000,183.6,0.0,0.0,,,,,0,0,0,0,0,0,0,0.0
beta.52,sim,500,,,good,-18.0,average,fading,,1000,216.3,0.0,0.0,,,,,0,0,0,0,0,0,0,0.0
beta.52,sim,500,,,good,-14.0,average,fading,,1000,465.6,17.2,0.0,,0,0,0,0,13,70,22,3,2,1,0.1
beta.52,sim,500,,,good,-14.0,average,fading,,1000,560.5,14.3,0.0,,0,0,0,0,13,73,25,2,3,1,0.1
beta.52,sim,500,,,good,-14.0,average,fading,,1000,341.8,23.4,0.0,,0,1,0,2,9,52,7,1,0,1,0.1
beta.52,sim,500,,,good,-14.0,average,fading,,1000,158.6,0.0,0.0,,,,,0,0,0,0,0,0,0,0.0
beta.52,sim,500,,,good,-14.0,average,fading,,1000,443.4,18.0,0.0,,0,0,0,0,12,68,20,1,3,1,0.1
beta.52,sim,500,,,good,-14.0,average,fading,,1000,454.5,17.6,0.0,,0,0,0,0,13,68,20,1,3,1,0.1
beta.52,sim,500,,,good,-14.0,average,fading,,1000,585.4,13.7,0.0,,0,0,0,0,14,83,35,4,5,1,0.1
beta.52,sim,500,,,good,-14.0,average,fading,,1000,499.5,16.0,0.0,,0,0,0,0,13,78,30,7,3,1,0.1
beta.52,sim,500,,,good,-14.0,average,fading,,1000,432.3,18.5,0.0,,0,1,0,2,11,64,19,7,2,1,0.1
beta.52,sim,500,,,good,-14.0,average,fading,,1000,439.1,18.2,0.0,,0,1,0,2,12,67,22,3,3,1,0.1
beta.52,sim,500,,,good,-14.0,average,fading,,1000,453.2,10.0,0.0,,0,0,0,0,8,48,21,0,3,0,0.1
beta.52,sim,500,,,good,-14.0,average,fading,,1000,451.1,17.7,0.0,,0,0,0,0,11,65,17,2,1,1,0.1
beta.52,sim,500,,,good,-14.0,average,fading,,1000,225.8,0.0,0.0,,,,,0,0,0,0,0,0,0,0.0
beta.52,sim,500,,,good,-14.0,average,fading,,1000,533.5,15.0,0.0,,0,0,0,0,12,67,19,1,1,1,0.1
beta.52,sim,500,,,good,-14.0,average,fading,,1000,192.2,0.0,0.0,,,,,0,0,0,0,0,0,0,0.0
beta.52,sim,500,,,good,-14.0,average,fading,,1000,568.8,14.1,0.0,,0,0,0,0,16,88,40,2,7,1,0.1
beta.52,sim,500,,,good,-14.0,average,fading,,1000,210.8,0.0,0.0,,,,,0,0,0,0,0,0,0,0.0
beta.52,sim,500,,,good,-14.0,average,fading,,1000,529.5,15.1,0.0,,0,0,0,0,17,72,24,0,7,1,0.1
beta.52,sim,500,,,good,-14.0,average,fading,,1000,466.1,17.2,0.0,,0,0,0,0,14,71,23,7,2,1,0.1
beta.52,sim,500,,,good,-14.0,average,fading,,1000,524.9,10.6,0.0,,0,0,0,0,10,60,27,4,3,0,0.1
beta.52,sim,500,,,good,-14.0,average,fading,,1000,439.4,18.2,0.0,,0,0,0,0,11,62,14,0,1,1,0.1
beta.52,sim,500,,,good,-14.0,average,fading,,1000,500.7,16.0,0.0,,0,0,0,0,13,78,30,2,4,1,0.1
beta.52,sim,500,,,good,-14.0,average,fading,,1000,496.6,16.1,0.0,,0,0,0,0,14,75,27,4,4,1,0.1
beta.52,sim,500,,,good,-14.0,average,fading,,1000,638.9,12.5,0.0,,0,0,0,0,16,87,39,4,5,1,0.1
beta.52,sim,500,,,good,-14.0,average,fading,,1000,471.4,17.0,0.0,,0,0,0,0,12,70,22,1,2,1,0.1
beta.52,sim,500,,,good,-14.0,average,fading,,1000,190.5,0.0,0.0,,,,,0,0,0,0,0,0,0,0.0
beta.52,sim,500,,,good,-14.0,average,fading,,1000,562.0,10.8,0.0,,0,0,0,0,11,66,30,0,4,0,0.1
beta.52,sim,500,,,good,-14.0,average,fading,,1000,416.6,19.2,0.0,,0,0,0,0,11,60,12,0,1,1,0.1
beta.52,sim,500,,,good,-14.0,average,fading,,1000,158.2,0.0,0.0,,,,,0,0,0,0,0,0,0,0.0
beta.52,sim,500,,,good,-14.0,average,fading,,1000,543.9,14.7,0.0,,0,0,0,0,15,84,36,1,6,1,0.1
beta.52,sim,500,,,good,-12.0,average,fading,,1000,417.9,19.1,0.0,,0,0,0,0,11,64,16,2,2,1,0.1
beta.52,sim,500,,,good,-12.0,average,fading,,1000,468.3,17.1,0.0,,0,0,0,0,11,59,11,0,1,1,0.1
beta.52,sim,500,,,good,-12.0,average,fading,,1000,331.4,24.1,0.0,,0,1,0,2,8,48,3,0,0,1,0.1
beta.52,sim,500,,,good,-12.0,average,fading,,1000,390.7,20.5,0.0,,0,1,0,2,10,60,15,1,1,1,0.1
beta.52,sim,500,,,good,-12.0,average,fading,,1000,354.1,22.6,0.0,,0,1,0,2,9,54,9,0,1,1,0.1
beta.52,sim,500,,,good,-12.0,average,fading,,1000,327.1,24.5,0.0,,0,1,0,2,9,49,8,0,1,1,0.1
beta.52,sim,500,,,good,-12.0,average,fading,,1000,480.9,16.6,0.0,,0,0,0,0,13,74,26,1,4,1,0.1
beta.52,sim,500,,,good,-12.0,average,fading,,1000,416.3,19.2,0.0,,0,0,0,0,11,63,15,2,1,1,0.1
beta.52,sim,500,,,good,-12.0,average,fading,,1000,384.4,20.8,0.0,,0,1,0,2,10,56,11,2,1,1,0.1
beta.52,sim,500,,,good,-12.0,average,fading,,1000,370.4,21.6,0.0,,0,1,0,2,9,54,9,0,1,1,0.1
beta.52,sim,500,,,good,-12.0,average,fading,,1000,364.7,21.9,0.0,,0,1,0,2,10,55,14,0,2,1,0.1
beta.52,sim,500,,,good,-12.0,average,fading,,1000,391.0,20.5,0.0,,0,1,0,2,9,54,9,2,0,1,0.1
beta.52,sim,500,,,good,-12.0,average,fading,,1000,362.1,22.1,0.0,,0,0,0,0,10,55,7,1,0,1,0.1
beta.52,sim,500,,,good,-12.0,average,fading,,1000,468.8,17.1,0.0,,0,0,0,0,13,72,24,1,3,1,0.1
beta.52,sim,500,,,good,-12.0,average,fading,,1000,192.2,0.0,0.0,,,,,0,0,0,0,0,0,0,0.0
beta.52,sim,500,,,good,-12.0,average,fading,,1000,472.6,16.9,0.0,,0,0,0,0,13,73,25,0,3,1,0.1
beta.52,sim,500,,,good,-12.0,average,fading,,1000,380.0,21.1,0.0,,0,0,0,0,10,57,9,0,1,1,0.1
beta.52,sim,500,,,good,-12.0,average,fading,,1000,368.7,21.7,0.0,,0,1,0,2,9,52,11,2,1,1,0.1
beta.52,sim,500,,,good,-12.0,average,fading,,1000,412.5,19.4,0.0,,0,0,0,0,11,62,14,1,2,1,0.1
beta.52,sim,500,,,good,-12.0,average,fading,,1000,431.0,18.6,0.0,,0,0,0,0,12,66,18,1,2,1,0.1
beta.52,sim,500,,,good,-12.0,average,fading,,1000,352.4,22.7,0.0,,0,0,0,0,10,52,4,0,0,1,0.1
beta.52,sim,500,,,good,-12.0,average,fading,,1000,405.8,19.7,0.0,,0,1,0,2,11,62,17,0,3,1,0.1
beta.52,sim,500,,,good,-12.0,average,fading,,1000,368.6,21.7,0.0,,0,1,0,2,9,54,9,0,1,1,0.1
beta.52,sim,500,,,good,-12.0,average,fading,,1000,399.2,20.0,0.0,,0,0,0,0,11,61,13,2,1,1,0.1
beta.52,sim,500,,,good,-12.0,average,fading,,1000,360.8,22.2,0.0,,0,0,0,0,9,52,4,0,0,1,0.1
beta.52,sim,500,,,good,-12.0,average,fading,,1000,362.0,22.1,0.0,,0,0,0,0,10,55,7,0,0,1,0.1
beta.52,sim,500,,,good,-12.0,average,fading,,1000,562.0,11.7,0.0,,0,0,0,0,11,66,27,0,4,0,0.1
beta.52,sim,500,,,good,-12.0,average,fading,,1000,333.5,24.0,0.0,,0,1,1,1,8,47,1,0,0,1,0.1
beta.52,sim,500,,,good,-12.0,average,fading,,1000,158.2,0.0,0.0,,,,,0,0,0,0,0,0,0,0.0
beta.52,sim,500,,,good,-12.0,average,fading,,1000,474.9,16.8,0.0,,0,0,0,0,13,73,25,0,4,1,0.1
beta.52,sim,500,,,good,-10.0,average,fading,,1000,381.5,21.0,35.8,0.585,0,1,0,2,10,58,13,0,2,1,0.1
beta.52,sim,500,,,good,-10.0,average,fading,,1000,453.4,17.6,35.8,0.493,0,0,0,0,10,57,9,0,1,1,0.1
beta.52,sim,500,,,good,-10.0,average,fading,,1000,243.4,32.9,35.8,0.917,0,1,1,3,6,36,2,0,0,1,0.1
beta.52,sim,500,,,good,-10.0,average,fading,,1000,305.3,26.2,35.8,0.732,0,1,0,2,9,45,4,1,0,1,0.1
beta.52,sim,500,,,good,-10.0,average,fading,,1000,348.8,22.9,35.8,0.64,0,1,0,2,9,53,8,0,1,1,0.1
beta.52,sim,500,,,good,-10.0,average,fading,,1000,322.0,24.8,35.8,0.694,0,1,0,4,8,46,8,0,1,1,0.1
beta.52,sim,500,,,good,-10.0,average,fading,,1000,321.9,24.9,35.8,0.694,0,1,0,2,8,46,1,0,0,1,0.1
beta.52,sim,500,,,good,-10.0,average,fading,,1000,350.5,22.8,35.8,0.637,0,0,0,0,10,53,5,1,0,1,0.1
beta.52,sim,500,,,good,-10.0,average,fading,,1000,295.7,27.1,35.8,0.755,0,1,0,4,8,44,3,1,0,1,0.1
beta.52,sim,500,,,good,-10.0,average,fading,,1000,328.5,24.4,35.8,0.68,0,1,0,4,9,49,8,0,1,1,0.1
beta.52,sim,500,,,good,-10.0,average,fading,,1000,301.9,26.5,35.8,0.74,0,1,0,2,8,45,7,0,1,1,0.1
beta.52,sim,500,,,good,-10.0,average,fading,,1000,359.7,22.2,35.8,0.621,0,1,0,2,9,51,6,2,0,1,0.1
beta.52,sim,500,,,good,-10.0,average,fading,,1000,321.1,24.9,35.8,0.695,0,1,0,4,9,48,4,1,1,1,0.1
beta.52,sim,500,,,good,-10.0,average,fading,,1000,380.4,21.0,35.8,0.587,0,1,0,2,10,58,13,0,2,1,0.1
beta.52,sim,500,,,good,-10.0,average,fading,,1000,192.2,0.0,35.8,0.0,,,,0,0,0,0,0,0,0,0.0
beta.52,sim,500,,,good,-10.0,average,fading,,1000,362.8,22.1,35.8,0.616,0,1,0,4,10,55,16,1,2,1,0.1
beta.52,sim,500,,,good,-10.0,average,fading,,1000,267.3,29.9,35.8,0.835,0,1,0,4,8,42,4,0,0,1,0.1
beta.52,sim,500,,,good,-10.0,average,fading,,1000,326.5,24.5,35.8,0.684,0,0,0,0,9,49,1,0,0,1,0.1
beta.52,sim,500,,,good,-10.0,average,fading,,1000,325.6,24.6,35.8,0.686,0,1,0,2,9,49,4,0,0,1,0.1
beta.52,sim,500,,,good,-10.0,average,fading,,1000,336.5,23.8,35.8,0.664,0,1,0,2,9,51,6,2,0,1,0.1
beta.52,sim,500,,,good,-10.0,average,fading,,1000,315.3,25.4,35.8,0.708,0,1,0,2,8,48,3,0,0,1,0.1
beta.52,sim,500,,,good,-10.0,average,fading,,1000,331.5,24.1,35.8,0.674,0,1,0,2,9,50,9,1,1,1,0.1
beta.52,sim,500,,,good,-10.0,average,fading,,1000,257.8,31.0,35.8,0.866,0,1,0,4,7,41,3,1,0,1,0.1
beta.52,sim,500,,,good,-10.0,average,fading,,1000,389.6,20.5,35.8,0.573,0,0,0,0,10,60,12,0,1,1,0.1
beta.52,sim,500,,,good,-10.0,average,fading,,1000,286.2,28.0,35.8,0.78,0,1,0,2,8,42,7,0,1,1,0.1
beta.52,sim,500,,,good,-10.0,average,fading,,1000,289.2,27.7,35.8,0.772,0,1,0,4,8,43,5,0,0,1,0.1
beta.52,sim,500,,,good,-10.0,average,fading,,1000,353.3,22.6,35.8,0.632,0,1,0,2,9,54,9,0,1,1,0.1
beta.52,sim,500,,,good,-10.0,average,fading,,1000,291.7,27.4,35.8,0.766,0,1,1,1,7,40,1,0,0,1,0.1
beta.52,sim,500,,,good,-10.0,average,fading,,1000,361.4,22.1,35.8,0.618,0,1,0,2,9,53,8,1,0,1,0.1
beta.52,sim,500,,,good,-10.0,average,fading,,1000,437.8,18.3,35.8,0.51,0,0,0,0,12,67,19,0,3,1,0.1
beta.52,sim,500,,,good,-8.0,average,fading,,1000,308.0,26.0,53.7,0.483,0,1,0,4,8,46,8,0,1,1,0.1
beta.52,sim,500,,,good,-8.0,average,fading,,1000,240.5,33.3,53.7,0.619,0,1,0,4,7,37,2,0,0,1,0.1
beta.52,sim,500,,,good,-8.0,average,fading,,1000,243.4,32.9,53.7,0.612,0,1,1,3,6,36,1,0,0,1,0.1
beta.52,sim,500,,,good,-8.0,average,fading,,1000,248.6,32.2,53.7,0.599,0,1,0,2,7,36,2,0,0,1,0.1
beta.52,sim,500,,,good,-8.0,average,fading,,1000,241.0,33.2,53.7,0.618,0,1,1,3,7,37,3,0,0,1,0.1
beta.52,sim,500,,,good,-8.0,average,fading,,1000,227.9,35.1,53.7,0.653,0,1,1,1,6,33,0,0,0,1,0.1
beta.52,sim,500,,,good,-8.0,average,fading,,1000,244.7,32.7,53.7,0.609,0,1,1,3,6,36,1,0,0,1,0.1
beta.52,sim,500,,,good,-8.0,average,fading,,1000,294.1,27.2,53.7,0.506,0,1,0,4,7,42,4,1,0,1,0.1
beta.52,sim,500,,,good,-8.0,average,fading,,1000,290.3,27.6,53.7,0.513,0,1,1,5,8,43,2,1,0,1,0.1
beta.52,sim,500,,,good,-8.0,average,fading,,1000,240.0,33.3,53.7,0.62,0,1,0,2,6,35,1,0,0,1,0.1
beta.52,sim,500,,,good,-8.0,average,fading,,1000,254.1,31.5,53.7,0.586,0,1,0,4,7,37,2,0,0,1,0.1
beta.52,sim,500,,,good,-8.0,average,fading,,1000,310.0,25.8,53.7,0.48,0,1,0,4,9,46,8,0,1,1,0.1
beta.52,sim,500,,,good,-8.0,average,fading,,1000,253.0,31.6,53.7,0.589,0,1,0,4,7,37,2,0,0,1,0.1
beta.52,sim,500,,,good,-8.0,average,fading,,1000,327.1,24.5,53.7,0.455,0,1,1,3,9,49,8,1,1,1,0.1
beta.52,sim,500,,,good,-8.0,average,fading,,1000,192.2,0.0,53.7,0.0,,,,0,0,0,0,0,0,0,0.0
beta.52,sim,500,,,good,-8.0,average,fading,,1000,242.5,33.0,53.7,0.614,0,1,1,3,6,36,1,0,0,1,0.1
beta.52,sim,500,,,good,-8.0,average,fading,,1000,226.8,35.3,53.7,0.657,0,1,1,3,6,36,1,0,0,1,0.0
beta.52,sim,500,,,good,-8.0,average,fading,,1000,311.6,25.7,53.7,0.478,0,1,0,2,8,47,2,0,0,1,0.1
beta.52,sim,500,,,good,-8.0,average,fading,,1000,239.3,33.4,53.7,0.622,0,1,1,3,7,37,2,0,0,1,0.1
beta.52,sim,500,,,good,-8.0,average,fading,,1000,272.7,29.3,53.7,0.546,0,1,0,4,8,43,2,0,0,1,0.1
beta.52,sim,500,,,good,-8.0,average,fading,,1000,226.8,35.3,53.7,0.657,0,1,1,3,6,36,1,0,0,1,0.1
beta.52,sim,500,,,good,-8.0,average,fading,,1000,236.3,33.9,53.7,0.63,0,1,0,4,7,37,2,0,0,1,0.1
beta.52,sim,500,,,good,-8.0,average,fading,,1000,252.4,31.7,53.7,0.59,0,1,0,4,7,40,2,0,0,1,0.1
beta.52,sim,500,,,good,-8.0,average,fading,,1000,300.0,26.7,53.7,0.496,0,1,0,2,8,45,4,0,0,1,0.1
beta.52,sim,500,,,good,-8.0,average,fading,,1000,259.8,30.8,53.7,0.573,0,1,1,3,7,38,1,0,0,1,0.1
beta.52,sim,500,,,good,-8.0,average,fading,,1000,262.4,30.5,53.7,0.567,0,1,0,4,7,41,3,0,0,1,0.1
beta.52,sim,500,,,good,-8.0,average,fading,,1000,289.3,27.7,53.7,0.515,0,1,0,4,8,43,2,0,0,1,0.1
beta.52,sim,500,,,good,-8.0,average,fading,,1000,254.9,31.4,53.7,0.584,0,1,1,3,7,37,2,0,0,1,0.1
beta.52,sim,500,,,good,-8.0,average,fading,,1000,316.7,25.3,53.7,0.47,0,1,0,2,8,48,3,0,0,1,0.1
beta.52,sim,500,,,good,-8.0,average,fading,,1000,364.3,22.0,53.7,0.409,0,1,0,4,10,55,14,0,2,1,0.1
beta.52,sim,500,,,good,-6.0,average,fading,,1000,291.9,27.4,53.7,0.51,0,1,1,3,8,43,8,0,1,1,0.1
beta.52,sim,500,,,good,-6.0,average,fading,,1000,226.8,35.3,53.7,0.657,0,1,1,3,6,36,1,0,0,1,0.0
beta.52,sim,500,,,good,-6.0,average,fading,,1000,227.4,35.2,53.7,0.655,0,1,1,1,6,33,0,0,0,1,0.0
beta.52,sim,500,,,good,-6.0,average,fading,,1000,228.3,35.0,53.7,0.652,0,1,1,1,6,33,0,0,0,1,0.0
beta.52,sim,500,,,good,-6.0,average,fading,,1000,226.1,35.4,53.7,0.659,0,1,0,2,6,35,1,0,0,1,0.1
beta.52,sim,500,,,good,-6.0,average,fading,,1000,227.9,35.1,53.7,0.653,0,1,1,1,6,33,0,0,0,1,0.0
beta.52,sim,500,,,good,-6.0,average,fading,,1000,228.6,35.0,53.7,0.651,0,1,1,1,6,33,0,0,0,1,0.0
beta.52,sim,500,,,good,-6.0,average,fading,,1000,226.5,35.3,53.7,0.657,0,1,1,1,6,33,0,0,0,1,0.0
beta.52,sim,500,,,good,-6.0,average,fading,,1000,254.0,31.5,53.7,0.586,0,1,1,3,7,37,2,0,0,1,0.1
beta.52,sim,500,,,good,-6.0,average,fading,,1000,229.3,34.9,53.7,0.649,0,1,1,1,6,33,0,0,0,1,0.1
beta.52,sim,500,,,good,-6.0,average,fading,,1000,269.9,29.6,53.7,0.552,0,2,1,6,10,54,16,0,3,1,0.1
beta.52,sim,500,,,good,-6.0,average,fading,,1000,230.1,34.8,53.7,0.647,0,1,1,3,6,36,2,0,0,1,0.1
beta.52,sim,500,,,good,-6.0,average,fading,,1000,227.3,35.2,53.7,0.655,0,1,1,1,6,33,0,0,0,1,0.0
beta.52,sim,500,,,good,-6.0,average,fading,,1000,210.7,38.0,53.7,0.707,0,1,1,1,6,33,0,0,0,1,0.0
beta.52,sim,500,,,good,-6.0,average,fading,,1000,242.8,33.0,53.7,0.613,0,1,0,2,7,35,2,0,0,1,0.1
beta.52,sim,500,,,good,-6.0,average,fading,,1000,226.4,35.3,53.7,0.658,0,1,1,1,6,33,0,0,0,1,0.0
beta.52,sim,500,,,good,-6.0,average,fading,,1000,218.4,5.3,53.7,0.098,0,2,0,1,6,36,24,4,4,0,0.0
beta.52,sim,500,,,good,-6.0,average,fading,,1000,214.9,37.2,53.7,0.693,0,1,1,1,6,33,0,0,0,1,0.0
beta.52,sim,500,,,good,-6.0,average,fading,,1000,210.7,38.0,53.7,0.707,0,1,1,1,6,33,0,0,0,1,0.0
beta.52,sim,500,,,good,-6.0,average,fading,,1000,252.4,31.7,53.7,0.59,0,1,0,4,7,40,2,0,0,1,0.1
beta.52,sim,500,,,good,-6.0,average,fading,,1000,210.7,38.0,53.7,0.707,0,1,1,1,6,33,0,0,0,1,0.0
beta.52,sim,500,,,good,-6.0,average,fading,,1000,210.7,38.0,53.7,0.707,0,1,1,1,6,33,0,0,0,1,0.0
beta.52,sim,500,,,good,-6.0,average,fading,,1000,228.2,35.1,53.7,0.652,0,2,0,5,9,46,9,0,1,1,0.1
beta.52,sim,500,,,good,-6.0,average,fading,,1000,274.0,29.2,53.7,0.543,0,1,0,4,8,40,5,0,1,1,0.1
beta.52,sim,500,,,good,-6.0,average,fading,,1000,228.8,35.0,53.7,0.651,0,1,1,1,6,33,0,0,0,1,0.1
beta.52,sim,500,,,good,-6.0,average,fading,,1000,241.0,33.2,53.7,0.618,0,1,0,4,7,37,2,0,0,1,0.1
beta.52,sim,500,,,good,-6.0,average,fading,,1000,238.0,33.6,53.7,0.626,0,1,0,2,6,35,1,0,0,1,0.0
beta.52,sim,500,,,good,-6.0,average,fading,,1000,215.2,37.2,53.7,0.692,0,1,1,1,6,33,0,0,0,1,0.0
beta.52,sim,500,,,good,-6.0,average,fading,,1000,278.4,28.7,53.7,0.535,0,1,1,5,8,43,8,0,1,1,0.1
beta.52,sim,500,,,good,-6.0,average,fading,,1000,269.7,29.7,53.7,0.552,0,1,0,4,7,40,2,0,0,1,0.1
beta.52,sim,500,,,good,-4.0,average,fading,,1000,220.2,36.3,53.7,0.676,0,1,0,2,7,34,1,0,0,1,0.0
beta.52,sim,500,,,good,-4.0,average,fading,,1000,210.7,38.0,53.7,0.707,0,1,1,1,6,33,0,0,0,1,0.0
beta.52,sim,500,,,good,-4.0,average,fading,,1000,232.7,34.4,53.7,0.64,0,1,1,1,6,34,1,0,0,1,0.0
beta.52,sim,500,,,good,-4.0,average,fading,,1000,210.7,38.0,53.7,0.707,0,1,1,1,6,33,0,0,0,1,0.0
beta.52,sim,500,,,good,-4.0,average,fading,,1000,210.7,38.0,53.7,0.707,0,1,1,1,6,33,0,0,0,1,0.0
beta.52,sim,500,,,good,-4.0,average,fading,,1000,214.4,37.3,53.7,0.695,0,1,1,1,6,33,0,0,0,1,0.0
beta.52,sim,500,,,good,-4.0,average,fading,,1000,228.6,35.0,53.7,0.651,0,1,1,1,6,33,0,0,0,1,0.1
beta.52,sim,500,,,good,-4.0,average,fading,,1000,226.5,35.3,53.7,0.657,0,1,1,1,6,33,0,0,0,1,0.0
beta.52,sim,500,,,good,-4.0,average,fading,,1000,210.7,38.0,53.7,0.707,0,1,1,1,6,33,0,0,0,1,0.0
beta.52,sim,500,,,good,-4.0,average,fading,,1000,234.1,34.2,53.7,0.636,0,2,1,2,8,43,6,0,1,1,0.1
beta.52,sim,500,,,good,-4.0,average,fading,,1000,210.7,38.0,53.7,0.707,0,1,1,1,6,33,0,0,0,1,0.0
beta.52,sim,500,,,good,-4.0,average,fading,,1000,230.1,34.8,53.7,0.647,0,1,1,3,6,36,1,0,0,1,0.1
beta.52,sim,500,,,good,-4.0,average,fading,,1000,232.7,34.4,53.7,0.64,0,1,1,1,6,34,1,0,0,1,0.0
beta.52,sim,500,,,good,-4.0,average,fading,,1000,208.6,38.3,53.7,0.714,0,2,1,2,8,47,12,4,2,1,0.1
beta.52,sim,500,,,good,-4.0,average,fading,,1000,259.6,30.8,53.7,0.573,0,2,1,4,11,53,13,3,3,1,0.1
beta.52,sim,500,,,good,-4.0,average,fading,,1000,226.4,35.3,53.7,0.658,0,1,1,1,6,33,0,0,0,1,0.0
beta.52,sim,500,,,good,-4.0,average,fading,,1000,229.5,34.9,53.7,0.649,0,3,1,6,10,60,19,1,3,1,0.1
beta.52,sim,500,,,good,-4.0,average,fading,,1000,214.9,37.2,53.7,0.693,0,1,1,1,6,33,0,0,0,1,0.0
beta.52,sim,500,,,good,-4.0,average,fading,,1000,210.7,38.0,53.7,0.707,0,1,1,1,6,33,0,0,0,1,0.0
beta.52,sim,500,,,good,-4.0,average,fading,,1000,216.5,37.0,53.7,0.688,0,2,1,5,9,43,7,0,1,1,0.0
beta.52,sim,500,,,good,-4.0,average,fading,,1000,204.7,39.1,53.7,0.727,0,2,1,2,8,44,9,0,1,1,0.0
beta.52,sim,500,,,good,-4.0,average,fading,,1000,194.5,41.1,53.7,0.766,1,2,1,1,7,36,1,0,0,1,0.0
beta.52,sim,500,,,good,-4.0,average,fading,,1000,200.5,39.9,53.7,0.743,0,2,1,2,7,41,6,0,1,1,0.0
beta.52,sim,500,,,good,-4.0,average,fading,,1000,226.8,35.3,53.7,0.657,0,1,1,3,6,36,1,0,0,1,0.0
beta.52,sim,500,,,good,-4.0,average,fading,,1000,228.8,35.0,53.7,0.651,0,1,1,1,6,33,0,0,0,1,0.1
beta.52,sim,500,,,good,-4.0,average,fading,,1000,220.7,36.3,53.7,0.675,0,1,1,1,6,34,1,0,0,1,0.0
beta.52,sim,500,,,good,-4.0,average,fading,,1000,210.7,38.0,53.7,0.707,0,1,1,1,6,33,0,0,0,1,0.0
beta.52,sim,500,,,good,-4.0,average,fading,,1000,215.2,37.2,53.7,0.692,0,1,1,1,6,33,0,0,0,1,0.0
beta.52,sim,500,,,good,-4.0,average,fading,,1000,210.7,38.0,53.7,0.707,0,1,1,1,6,33,0,0,0,1,0.0
beta.52,sim,500,,,good,-4.0,average,fading,,1000,238.7,33.5,53.7,0.624,0,1,0,2,6,35,1,0,0,1,0.1
beta.52,sim,500,,,good,-2.0,average,fading,,1000,196.6,40.7,53.7,0.757,1,2,1,1,7,38,3,0,0,1,0.0
beta.52,sim,500,,,good,-2.0,average,fading,,1000,186.4,42.9,53.7,0.799,1,3,1,2,8,43,6,0,1,1,0.0
beta.52,sim,500,,,good,-2.0,average,fading,,1000,210.7,38.0,53.7,0.707,0,1,1,1,6,33,0,0,0,1,0.0
beta.52,sim,500,,,good,-2.0,average,fading,,1000,210.7,38.0,53.7,0.707,0,1,1,1,6,33,0,0,0,1,0.0
beta.52,sim,500,,,good,-2.0,average,fading,,1000,87.5,91.4,53.7,1.702,0,4,1,6,11,53,7,0,0,1,0.0
beta.52,sim,500,,,good,-2.0,average,fading,,1000,229.9,34.8,53.7,0.648,0,2,1,4,8,45,6,0,1,1,0.0
beta.52,sim,500,,,good,-2.0,average,fading,,1000,215.0,37.2,53.7,0.692,0,1,1,1,6,33,0,0,0,1,0.0
beta.52,sim,500,,,good,-2.0,average,fading,,1000,226.5,35.3,53.7,0.657,0,1,1,1,6,33,0,0,0,1,0.0
beta.52,sim,500,,,good,-2.0,average,fading,,1000,200.5,39.9,53.7,0.743,0,2,1,2,7,41,6,0,1,1,0.0
beta.52,sim,500,,,good,-2.0,average,fading,,1000,219.1,36.5,53.7,0.679,0,2,1,2,7,41,6,0,1,1,0.0
beta.52,sim,500,,,good,-2.0,average,fading,,1000,239.7,33.4,53.7,0.621,0,2,1,5,9,52,13,0,2,1,0.1
beta.52,sim,500,,,good,-2.0,average,fading,,1000,212.8,37.6,53.7,0.7,0,3,1,4,10,54,15,1,2,1,0.1
beta.52,sim,500,,,good,-2.0,average,fading,,1000,210.7,38.0,53.7,0.707,0,1,1,1,6,33,0,0,0,1,0.0
beta.52,sim,500,,,good,-2.0,average,fading,,1000,213.9,37.4,53.7,0.696,0,2,1,2,9,51,16,2,2,1,0.0
beta.52,sim,500,,,good,-2.0,average,fading,,1000,221.2,36.2,53.7,0.673,0,2,1,2,10,45,9,1,3,1,0.1
beta.52,sim,500,,,good,-2.0,average,fading,,1000,231.8,34.5,53.7,0.642,0,1,1,1,6,34,1,0,0,1,0.0
beta.52,sim,500,,,good,-2.0,average,fading,,1000,155.4,51.5,53.7,0.958,1,5,1,3,7,38,6,4,1,1,0.0
beta.52,sim,500,,,good,-2.0,average,fading,,1000,210.7,38.0,53.7,0.707,0,1,1,1,6,33,0,0,0,1,0.0
beta.52,sim,500,,,good,-2.0,average,fading,,1000,192.1,41.6,53.7,0.775,0,2,1,4,11,60,14,2,2,1,0.0
beta.52,sim,500,,,good,-2.0,average,fading,,1000,199.4,40.1,53.7,0.747,0,2,1,3,8,39,4,0,1,1,0.1
beta.52,sim,500,,,good,-2.0,average,fading,,1000,202.6,39.5,53.7,0.735,0,2,1,2,8,42,7,0,1,1,0.1
beta.52,sim,500,,,good,-2.0,average,fading,,1000,189.0,42.3,53.7,0.788,0,3,1,5,10,58,12,1,2,1,0.1
beta.52,sim,500,,,good,-2.0,average,fading,,1000,192.1,41.6,53.7,0.775,0,3,1,5,11,60,14,0,2,1,0.1
beta.52,sim,500,,,good,-2.0,average,fading,,1000,221.2,36.2,53.7,0.673,0,2,1,2,10,45,9,0,3,1,0.1
beta.52,sim,500,,,good,-2.0,average,fading,,1000,228.8,35.0,53.7,0.651,0,1,1,1,6,33,0,0,0,1,0.0
beta.52,sim,500,,,good,-2.0,average,fading,,1000,225.2,35.5,53.7,0.661,0,3,1,5,10,50,9,0,1,1,0.1
beta.52,sim,500,,,good,-2.0,average,fading,,1000,190.7,41.9,53.7,0.781,0,2,1,3,9,42,4,0,1,1,0.0
beta.52,sim,500,,,good,-2.0,average,fading,,1000,231.4,34.6,53.7,0.643,0,2,0,4,11,64,24,0,4,1,0.1
beta.52,sim,500,,,good,-2.0,average,fading,,1000,210.7,38.0,53.7,0.707,0,1,1,1,6,33,0,0,0,1,0.0
beta.52,sim,500,,,good,-2.0,average,fading,,1000,228.0,35.1,53.7,0.653,0,1,1,1,6,33,0,0,0,1,0.1
beta.52,sim,500,,,good,0.0,average,fading,,1000,182.9,43.7,53.7,0.814,0,2,1,4,10,53,7,1,1,1,0.0
beta.52,sim,500,,,good,0.0,average,fading,,1000,131.0,61.1,53.7,1.136,0,4,1,6,10,54,13,1,2,1,0.0
beta.52,sim,500,,,good,0.0,average,fading,,1000,198.0,40.4,53.7,0.752,0,3,3,3,8,38,1,0,0,1,0.0
beta.52,sim,500,,,good,0.0,average,fading,,1000,255.0,15.8,53.7,0.294,0,3,0,4,8,42,16,0,3,0,0.0
beta.52,sim,500,,,good,0.0,average,fading,,1000,48.1,166.2,53.7,3.092,2,5,3,3,7,36,2,0,0,1,0.0
beta.52,sim,500,,,good,0.0,average,fading,,1000,124.8,64.1,53.7,1.193,0,5,5,5,8,46,1,0,0,1,0.0
beta.52,sim,500,,,good,0.0,average,fading,,1000,196.7,40.7,53.7,0.757,0,2,1,2,9,54,12,0,2,1,0.1
beta.52,sim,500,,,good,0.0,average,fading,,1000,242.8,33.0,53.7,0.613,0,2,1,4,9,52,13,0,2,1,0.1
beta.52,sim,500,,,good,0.0,average,fading,,1000,95.9,83.4,53.7,1.553,0,5,1,7,10,53,10,2,1,1,0.0
beta.52,sim,500,,,good,0.0,average,fading,,1000,221.7,36.1,53.7,0.671,0,2,1,4,9,44,7,0,1,1,0.1
beta.52,sim,500,,,good,0.0,average,fading,,1000,191.1,41.9,53.7,0.779,0,2,1,6,11,59,13,0,2,1,0.0
beta.52,sim,500,,,good,0.0,average,fading,,1000,205.3,39.0,53.7,0.725,0,4,1,4,10,55,17,1,2,1,0.1
beta.52,sim,500,,,good,0.0,average,fading,,1000,194.5,41.1,53.7,0.766,1,2,1,1,7,36,1,0,0,1,0.0
beta.52,sim,500,,,good,0.0,average,fading,,1000,191.8,41.7,53.7,0.776,0,3,1,3,8,44,11,2,1,1,0.0
beta.52,sim,500,,,good,0.0,average,fading,,1000,191.9,41.7,53.7,0.776,1,3,1,1,8,40,7,1,1,1,0.0
beta.52,sim,500,,,good,0.0,average,fading,,1000,230.1,34.8,53.7,0.647,0,2,1,4,8,45,6,1,1,1,0.1
beta.52,sim,500,,,good,0.0,average,fading,,1000,87.2,91.7,53.7,1.707,1,7,1,4,8,46,12,4,2,1,0.0
beta.52,sim,500,,,good,0.0,average,fading,,1000,193.2,41.4,53.7,0.771,0,3,1,4,8,42,3,2,0,1,0.0
beta.52,sim,500,,,good,0.0,average,fading,,1000,142.1,56.3,53.7,1.048,0,4,1,5,10,50,7,1,1,1,0.0
beta.52,sim,500,,,good,0.0,average,fading,,1000,180.4,44.4,53.7,0.825,1,3,1,2,8,38,3,0,0,1,0.0
beta.52,sim,500,,,good,0.0,average,fading,,1000,181.6,44.0,53.7,0.82,0,3,1,4,9,52,12,0,2,1,0.0
beta.52,sim,500,,,good,0.0,average,fading,,1000,121.6,65.8,53.7,1.225,0,5,1,6,8,47,12,1,2,1,0.0
beta.52,sim,500,,,good,0.0,average,fading,,1000,132.6,60.3,53.7,1.123,1,4,1,3,9,46,9,0,1,1,0.0
beta.52,sim,500,,,good,0.0,average,fading,,1000,215.4,37.1,53.7,0.691,0,2,1,2,8,43,6,0,1,1,0.0
beta.52,sim,500,,,good,0.0,average,fading,,1000,233.5,34.3,53.7,0.638,0,2,1,4,8,43,6,0,1,1,0.0
beta.52,sim,500,,,good,0.0,average,fading,,1000,193.0,41.4,53.7,0.771,0,4,1,5,9,48,11,0,1,1,0.0
beta.52,sim,500,,,good,0.0,average,fading,,1000,114.2,70.1,53.7,1.304,0,4,1,5,10,51,9,2,1,1,0.0
beta.52,sim,500,,,good,0.0,average,fading,,1000,204.4,39.1,53.7,0.728,0,2,1,5,9,50,12,0,2,1,0.0
beta.52,sim,500,,,good,0.0,average,fading,,1000,186.4,42.9,53.7,0.799,1,3,1,2,8,43,6,1,1,1,0.0
beta.52,sim,500,,,good,0.0,average,fading,,1000,224.2,35.7,53.7,0.664,0,2,1,4,8,44,7,1,1,1,0.1
beta.52,sim,500,,,good,2.0,average,fading,,1000,98.7,81.1,113.9,0.712,1,5,1,5,8,39,3,0,0,1,0.0
beta.52,sim,500,,,good,2.0,average,fading,,1000,83.9,95.3,113.9,0.837,0,5,1,6,9,46,13,0,2,1,0.0
beta.52,sim,500,,,good,2.0,average,fading,,1000,50.3,159.2,113.9,1.398,2,5,4,3,7,38,1,0,0,1,0.0
beta.52,sim,500,,,good,2.0,average,fading,,1000,49.2,162.6,113.9,1.428,2,5,4,4,7,37,1,1,0,1,0.0
beta.52,sim,500,,,good,2.0,average,fading,,1000,36.6,218.6,113.9,1.92,3,7,7,2,5,27,0,0,0,1,0.0
beta.52,sim,500,,,good,2.0,average,fading,,1000,102.4,78.1,113.9,0.686,0,4,4,5,10,57,1,0,0,1,0.0
beta.52,sim,500,,,good,2.0,average,fading,,1000,205.2,39.0,113.9,0.342,0,3,1,3,7,38,3,0,0,1,0.0
beta.52,sim,500,,,good,2.0,average,fading,,1000,206.7,38.7,113.9,0.34,0,3,0,5,9,49,9,1,1,1,0.0
beta.52,sim,500,,,good,2.0,average,fading,,1000,61.3,130.6,113.9,1.147,1,5,2,5,8,46,12,0,2,1,0.0
beta.52,sim,500,,,good,2.0,average,fading,,1000,197.0,40.6,113.9,0.357,0,3,1,10,12,63,18,0,3,1,0.1
beta.52,sim,500,,,good,2.0,average,fading,,1000,117.4,68.1,113.9,0.598,0,5,1,6,9,51,10,0,1,1,0.0
beta.52,sim,500,,,good,2.0,average,fading,,1000,164.9,48.5,113.9,0.426,0,5,1,6,10,45,13,0,1,1,0.0
beta.52,sim,500,,,good,2.0,average,fading,,1000,205.3,39.0,113.9,0.342,0,3,1,4,9,51,12,0,2,1,0.1
beta.52,sim,500,,,good,2.0,average,fading,,1000,174.0,46.0,113.9,0.404,1,4,1,2,7,40,8,1,0,1,0.0
beta.52,sim,500,,,good,2.0,average,fading,,1000,176.3,45.4,113.9,0.399,0,4,1,6,13,65,19,2,4,1,0.0
beta.52,sim,500,,,good,2.0,average,fading,,1000,159.2,50.3,113.9,0.442,1,3,1,3,10,55,7,2,0,1,0.0
beta.52,sim,500,,,good,2.0,average,fading,,1000,37.7,212.4,113.9,1.866,4,8,4,3,5,28,6,4,0,1,0.0
beta.52,sim,500,,,good,2.0,average,fading,,1000,178.8,44.7,113.9,0.393,0,3,1,4,8,47,8,0,1,1,0.0
beta.52,sim,500,,,good,2.0,average,fading,,1000,71.8,111.5,113.9,0.979,1,5,1,4,8,41,7,1,0,1,0.0
beta.52,sim,500,,,good,2.0,average,fading,,1000,122.8,65.1,113.9,0.572,1,4,1,4,11,59,6,0,0,1,0.0
beta.52,sim,500,,,good,2.0,average,fading,,1000,68.6,116.6,113.9,1.024,1,4,1,5,9,52,13,1,2,1,0.0
beta.52,sim,500,,,good,2.0,average,fading,,1000,35.5,225.0,113.9,1.977,4,7,5,2,5,26,2,0,0,1,0.0
beta.52,sim,500,,,good,2.0,average,fading,,1000,70.4,113.7,113.9,0.999,1,7,1,5,8,43,12,0,1,1,0.0
beta.52,sim,500,,,good,2.0,average,fading,,1000,189.8,42.2,113.9,0.37,1,3,1,1,7,39,6,0,1,1,0.0
beta.52,sim,500,,,good,2.0,average,fading,,1000,234.3,34.1,113.9,0.3,0,2,1,4,9,51,12,1,2,1,0.1
beta.52,sim,500,,,good,2.0,average,fading,,1000,186.4,42.9,113.9,0.377,0,3,1,3,8,43,7,0,1,1,0.0
beta.52,sim,500,,,good,2.0,average,fading,,1000,57.3,139.5,113.9,1.226,1,5,1,4,8,43,9,2,1,1,0.0
beta.52,sim,500,,,good,2.0,average,fading,,1000,156.1,51.3,113.9,0.45,1,3,1,4,11,58,9,0,1,1,0.0
beta.52,sim,500,,,good,2.0,average,fading,,1000,86.5,92.5,113.9,0.813,0,4,0,7,12,66,17,3,2,1,0.0
beta.52,sim,500,,,good,2.0,average,fading,,1000,199.4,40.1,113.9,0.352,0,3,1,3,9,47,10,0,1,1,0.0
beta.52,sim,500,,,good,6.0,average,fading,,1000,38.3,208.6,258.1,0.808,4,8,4,4,5,24,4,0,1,1,0.0
beta.52,sim,500,,,good,6.0,average,fading,,1000,36.3,220.2,258.1,0.853,5,8,7,3,5,26,6,0,1,1,0.0
beta.52,sim,500,,,good,6.0,average,fading,,1000,32.4,246.8,258.1,0.956,3,8,7,3,4,24,1,0,0,1,0.0
beta.52,sim,500,,,good,6.0,average,fading,,1000,34.5,231.9,258.1,0.899,3,8,8,3,5,25,0,0,0,1,0.0
beta.52,sim,500,,,good,6.0,average,fading,,1000,25.1,319.2,258.1,1.237,5,8,8,1,3,18,0,0,0,1,0.0
beta.52,sim,500,,,good,6.0,average,fading,,1000,46.0,173.8,258.1,0.673,2,7,5,5,7,34,5,0,0,1,0.0
beta.52,sim,500,,,good,6.0,average,fading,,1000,50.3,159.2,258.1,0.617,2,5,4,4,7,38,2,0,0,1,0.0
beta.52,sim,500,,,good,6.0,average,fading,,1000,38.7,206.7,258.1,0.801,2,7,7,3,5,29,0,0,0,1,0.0
beta.52,sim,500,,,good,6.0,average,fading,,1000,36.6,218.7,258.1,0.848,4,8,7,4,6,26,3,0,0,1,0.0
beta.52,sim,500,,,good,6.0,average,fading,,1000,152.3,52.5,258.1,0.204,0,4,1,5,8,46,5,0,0,1,0.0
beta.52,sim,500,,,good,6.0,average,fading,,1000,34.5,231.9,258.1,0.899,4,8,5,4,5,25,4,0,0,1,0.0
beta.52,sim,500,,,good,6.0,average,fading,,1000,74.0,108.1,258.1,0.419,0,7,7,4,6,34,0,0,0,1,0.0
beta.52,sim,500,,,good,6.0,average,fading,,1000,49.2,162.6,258.1,0.63,3,7,4,4,7,37,4,2,0,1,0.0
beta.52,sim,500,,,good,6.0,average,fading,,1000,58.4,137.0,258.1,0.531,1,7,1,4,8,44,13,0,1,1,0.0
beta.52,sim,500,,,good,6.0,average,fading,,1000,77.8,102.8,258.1,0.398,1,7,1,3,9,45,9,0,1,1,0.0
beta.52,sim,500,,,good,6.0,average,fading,,1000,48.5,165.0,258.1,0.639,3,7,5,3,6,32,4,2,0,1,0.0
beta.52,sim,500,,,good,6.0,average,fading,,1000,24.0,333.2,258.1,1.291,8,9,8,2,3,17,3,2,0,1,0.0
beta.52,sim,500,,,good,6.0,average,fading,,1000,83.3,96.0,258.1,0.372,0,5,0,6,11,64,14,0,2,1,0.0
beta.52,sim,500,,,good,6.0,average,fading,,1000,25.1,319.2,258.1,1.237,7,9,8,2,3,18,2,0,0,1,0.0
beta.52,sim,500,,,good,6.0,average,fading,,1000,36.6,218.6,258.1,0.847,5,7,5,3,5,27,3,0,0,1,0.0
beta.52,sim,500,,,good,6.0,average,fading,,1000,32.4,246.8,258.1,0.956,5,7,7,2,4,24,3,0,0,1,0.0
beta.52,sim,500,,,good,6.0,average,fading,,1000,25.0,319.5,258.1,1.238,7,9,8,2,4,17,2,0,0,1,0.0
beta.52,sim,500,,,good,6.0,average,fading,,1000,31.4,255.1,258.1,0.989,5,8,5,2,4,23,2,0,0,1,0.0
beta.52,sim,500,,,good,6.0,average,fading,,1000,72.8,109.9,258.1,0.426,1,7,2,5,10,55,14,1,2,1,0.0
beta.52,sim,500,,,good,6.0,average,fading,,1000,54.4,146.9,258.1,0.569,2,4,3,4,8,41,3,0,0,1,0.0
beta.52,sim,500,,,good,6.0,average,fading,,1000,46.1,173.7,258.1,0.673,4,5,4,3,6,35,4,0,0,1,0.0
beta.52,sim,500,,,good,6.0,average,fading,,1000,30.3,264.0,258.1,1.023,5,8,7,2,4,22,2,0,0,1,0.0
beta.52,sim,500,,,good,6.0,average,fading,,1000,51.3,155.8,258.1,0.604,4,7,4,3,6,35,7,0,1,1,0.0
beta.52,sim,500,,,good,6.0,average,fading,,1000,39.8,201.2,258.1,0.78,4,7,5,2,5,30,3,1,0,1,0.0
beta.52,sim,500,,,good,6.0,average,fading,,1000,88.1,90.8,258.1,0.352,0,5,4,3,7,36,2,0,0,1,0.0
beta.52,sim,500,,,moderate,-18.0,average,fading,,1000,79.7,0.0,0.0,,,,,0,0,0,0,0,0,0,0.0
beta.52,sim,500,,,moderate,-18.0,average,fading,,1000,125.6,0.0,0.0,,,,,0,0,0,0,0,0,0,0.0
beta.52,sim,500,,,moderate,-18.0,average,fading,,1000,108.3,0.0,0.0,,,,,0,0,0,0,0,0,0,0.0
beta.52,sim,500,,,moderate,-18.0,average,fading,,1000,158.6,0.0,0.0,,,,,0,0,0,0,0,0,0,0.0
beta.52,sim,500,,,moderate,-18.0,average,fading,,1000,231.7,0.0,0.0,,,,,0,0,0,0,0,0,0,0.0
beta.52,sim,500,,,moderate,-18.0,average,fading,,1000,93.8,0.0,0.0,,,,,0,0,0,0,0,0,0,0.0
beta.52,sim,500,,,moderate,-18.0,average,fading,,1000,79.4,0.0,0.0,,,,,0,0,0,0,0,0,0,0.0
beta.52,sim,500,,,moderate,-18.0,average,fading,,1000,64.4,0.0,0.0,,,,,0,0,0,0,0,0,0,0.0
beta.52,sim,500,,,moderate,-18.0,average,fading,,1000,495.9,5.4,0.0,,0,0,0,0,9,54,38,9,5,0,0.1
beta.52,sim,500,,,moderate,-18.0,average,fading,,1000,182.3,0.0,0.0,,,,,0,0,0,0,0,0,0,0.0
beta.52,sim,500,,,moderate,-18.0,average,fading,,1000,180.5,0.0,0.0,,,,,0,0,0,0,0,0,0,0.0
beta.52,sim,500,,,moderate,-18.0,average,fading,,1000,120.7,0.0,0.0,,,,,0,0,0,0,0,0,0,0.0
beta.52,sim,500,,,moderate,-18.0,average,fading,,1000,134.0,0.0,0.0,,,,,0,0,0,0,0,0,0,0.0
beta.52,sim,500,,,moderate,-18.0,average,fading,,1000,195.4,0.0,0.0,,,,,0,0,0,0,0,0,0,0.0
beta.52,sim,500,,,moderate,-18.0,average,fading,,1000,100.2,0.0,0.0,,,,,0,0,0,0,0,0,0,0.0
beta.52,sim,500,,,moderate,-18.0,average,fading,,1000,134.9,0.0,0.0,,,,,0,0,0,0,0,0,0,0.0
beta.52,sim,500,,,moderate,-18.0,average,fading,,1000,210.8,0.0,0.0,,,,,0,0,0,0,0,0,0,0.0
beta.52,sim,500,,,moderate,-18.0,average,fading,,1000,226.6,0.0,0.0,,,,,0,0,0,0,0,0,0,0.0
beta.52,sim,500,,,moderate,-18.0,average,fading,,1000,189.3,0.0,0.0,,,,,0,0,0,0,0,0,0,0.0
beta.52,sim,500,,,moderate,-18.0,average,fading,,1000,85.7,0.0,0.0,,,,,0,0,0,0,0,0,0,0.0
beta.52,sim,500,,,moderate,-18.0,average,fading,,1000,238.4,0.0,0.0,,,,,0,0,0,0,0,0,0,0.0
beta.52,sim,500,,,moderate,-18.0,average,fading,,1000,89.2,0.0,0.0,,,,,0,0,0,0,0,0,0,0.0
beta.52,sim,500,,,moderate,-18.0,average,fading,,1000,119.9,0.0,0.0,,,,,0,0,0,0,0,0,0,0.0
beta.52,sim,500,,,moderate,-18.0,average,fading,,1000,112.9,0.0,0.0,,,,,0,0,0,0,0,0,0,0.0
beta.52,sim,500,,,moderate,-18.0,average,fading,,1000,196.2,0.0,0.0,,,,,0,0,0,0,0,0,0,0.0
beta.52,sim,500,,,moderate,-18.0,average,fading,,1000,129.5,0.0,0.0,,,,,0,0,0,0,0,0,0,0.0
beta.52,sim,500,,,moderate,-18.0,average,fading,,1000,93.0,0.0,0.0,,,,,0,0,0,0,0,0,0,0.0
beta.52,sim,500,,,moderate,-18.0,average,fading,,1000,180.3,0.0,0.0,,,,,0,0,0,0,0,0,0,0.0
beta.52,sim,500,,,moderate,-18.0,average,fading,,1000,140.7,0.0,0.0,,,,,0,0,0,0,0,0,0,0.0
beta.52,sim,500,,,moderate,-18.0,average,fading,,1000,124.9,0.0,0.0,,,,,0,0,0,0,0,0,0,0.0
beta.52,sim,500,,,moderate,-14.0,average,fading,,1000,461.4,17.3,0.0,,0,0,0,0,11,63,15,3,1,1,0.1
beta.52,sim,500,,,moderate,-14.0,average,fading,,1000,374.3,21.4,0.0,,0,0,0,0,10,57,9,3,0,1,0.1
beta.52,sim,500,,,moderate,-14.0,average,fading,,1000,404.6,19.8,0.0,,0,0,0,0,11,62,14,1,1,1,0.1
beta.52,sim,500,,,moderate,-14.0,average,fading,,1000,390.7,20.5,0.0,,0,1,0,2,10,60,15,6,1,1,0.1
beta.52,sim,500,,,moderate,-14.0,average,fading,,1000,409.9,19.5,0.0,,0,0,0,0,10,59,11,0,1,1,0.1
beta.52,sim,500,,,moderate,-14.0,average,fading,,1000,393.7,20.3,0.0,,0,0,0,0,11,60,12,1,0,1,0.1
beta.52,sim,500,,,moderate,-14.0,average,fading,,1000,425.0,18.8,0.0,,0,0,0,0,11,56,8,1,1,1,0.1
beta.52,sim,500,,,moderate,-14.0,average,fading,,1000,435.6,18.4,0.0,,0,0,0,0,12,67,19,3,2,1,0.1
beta.52,sim,500,,,moderate,-14.0,average,fading,,1000,369.2,21.7,0.0,,0,0,0,0,10,56,8,1,1,1,0.1
beta.52,sim,500,,,moderate,-14.0,average,fading,,1000,406.7,19.7,0.0,,0,0,0,0,12,57,9,1,1,1,0.1
beta.52,sim,500,,,moderate,-14.0,average,fading,,1000,410.2,19.5,0.0,,0,0,0,0,11,60,12,1,1,1,0.1
beta.52,sim,500,,,moderate,-14.0,average,fading,,1000,413.7,19.3,0.0,,0,0,0,0,12,63,15,1,1,1,0.1
beta.52,sim,500,,,moderate,-14.0,average,fading,,1000,431.0,18.6,0.0,,0,0,0,0,12,66,18,1,2,1,0.1
beta.52,sim,500,,,moderate,-14.0,average,fading,,1000,394.5,20.3,0.0,,0,0,0,0,11,60,12,0,1,1,0.1
beta.52,sim,500,,,moderate,-14.0,average,fading,,1000,411.5,19.4,0.0,,0,0,0,0,11,57,9,2,0,1,0.1
beta.52,sim,500,,,moderate,-14.0,average,fading,,1000,414.4,19.3,0.0,,0,0,0,0,11,64,16,0,1,1,0.1
beta.52,sim,500,,,moderate,-14.0,average,fading,,1000,463.2,17.3,0.0,,0,0,0,0,12,72,24,0,3,1,0.1
beta.52,sim,500,,,moderate,-14.0,average,fading,,1000,390.5,20.5,0.0,,0,0,0,0,10,60,12,4,1,1,0.1
beta.52,sim,500,,,moderate,-14.0,average,fading,,1000,443.8,18.0,0.0,,0,0,0,0,10,60,12,0,1,1,0.1
beta.52,sim,500,,,moderate,-14.0,average,fading,,1000,418.0,19.1,0.0,,0,0,0,0,11,63,15,1,2,1,0.1
beta.52,sim,500,,,moderate,-14.0,average,fading,,1000,470.9,17.0,0.0,,0,0,0,0,13,66,18,1,3,1,0.1
beta.52,sim,500,,,moderate,-14.0,average,fading,,1000,404.2,19.8,0.0,,0,0,0,0,11,62,14,1,1,1,0.1
beta.52,sim,500,,,moderate,-14.0,average,fading,,1000,468.6,17.1,0.0,,0,0,0,0,13,68,20,0,3,1,0.1
beta.52,sim,500,,,moderate,-14.0,average,fading,,1000,362.0,22.1,0.0,,0,0,0,0,10,55,7,1,0,1,0.1
beta.52,sim,500,,,moderate,-14.0,average,fading,,1000,358.2,22.3,0.0,,0,0,0,0,10,54,6,1,0,1,0.1
beta.52,sim,500,,,moderate,-14.0,average,fading,,1000,405.7,19.7,0.0,,0,0,0,0,10,57,9,1,0,1,0.1
beta.52,sim,500,,,moderate,-14.0,average,fading,,1000,352.5,22.7,0.0,,0,0,0,0,9,54,6,2,0,1,0.1
beta.52,sim,500,,,moderate,-14.0,average,fading,,1000,353.3,22.6,0.0,,0,0,0,0,10,53,5,1,0,1,0.1
beta.52,sim,500,,,moderate,-14.0,average,fading,,1000,378.7,21.1,0.0,,0,0,0,0,10,58,10,1,0,1,0.1
beta.52,sim,500,,,moderate,-14.0,average,fading,,1000,435.3,18.4,0.0,,0,0,0,0,11,64,16,5,1,1,0.1
beta.52,sim,500,,,moderate,-12.0,average,fading,,1000,370.0,21.6,35.8,0.604,0,0,0,0,10,56,8,0,1,1,0.1
beta.52,sim,500,,,moderate,-12.0,average,fading,,1000,317.7,25.2,35.8,0.703,0,1,0,2,8,48,3,1,0,1,0.1
beta.52,sim,500,,,moderate,-12.0,average,fading,,1000,325.7,24.6,35.8,0.686,0,1,0,2,9,49,4,1,0,1,0.0
beta.52,sim,500,,,moderate,-12.0,average,fading,,1000,326.3,24.5,35.8,0.684,0,1,0,2,10,48,3,1,1,1,0.1
beta.52,sim,500,,,moderate,-12.0,average,fading,,1000,317.0,25.2,35.8,0.705,0,1,0,2,8,48,3,1,0,1,0.0
beta.52,sim,500,,,moderate,-12.0,average,fading,,1000,316.7,25.3,35.8,0.705,0,1,0,2,8,48,3,1,0,1,0.1
beta.52,sim,500,,,moderate,-12.0,average,fading,,1000,306.7,26.1,35.8,0.728,0,1,0,2,8,46,1,0,0,1,0.1
beta.52,sim,500,,,moderate,-12.0,average,fading,,1000,341.8,23.4,35.8,0.653,0,1,0,2,9,52,7,1,1,1,0.1
beta.52,sim,500,,,moderate,-12.0,average,fading,,1000,317.1,25.2,35.8,0.704,0,1,0,2,8,48,3,1,0,1,0.0
beta.52,sim,500,,,moderate,-12.0,average,fading,,1000,327.7,24.4,35.8,0.682,0,1,0,2,9,49,4,2,0,1,0.0
beta.52,sim,500,,,moderate,-12.0,average,fading,,1000,369.3,21.7,35.8,0.605,0,0,0,0,10,56,8,0,1,1,0.1
beta.52,sim,500,,,moderate,-12.0,average,fading,,1000,330.6,24.2,35.8,0.675,0,0,0,0,9,50,2,0,0,1,0.1
beta.52,sim,500,,,moderate,-12.0,average,fading,,1000,279.8,28.6,35.8,0.798,0,1,0,2,7,42,1,1,0,1,0.0
beta.52,sim,500,,,moderate,-12.0,average,fading,,1000,337.1,23.7,35.8,0.663,0,0,0,0,9,51,3,0,0,1,0.1
beta.52,sim,500,,,moderate,-12.0,average,fading,,1000,336.9,23.7,35.8,0.663,0,0,0,0,9,51,3,0,0,1,0.1
beta.52,sim,500,,,moderate,-12.0,average,fading,,1000,330.2,24.2,35.8,0.676,0,0,0,0,9,50,2,0,0,1,0.1
beta.52,sim,500,,,moderate,-12.0,average,fading,,1000,346.0,23.1,35.8,0.646,0,0,0,0,10,52,4,0,1,1,0.1
beta.52,sim,500,,,moderate,-12.0,average,fading,,1000,337.2,23.7,35.8,0.662,0,0,0,0,9,51,3,0,0,1,0.1
beta.52,sim,500,,,moderate,-12.0,average,fading,,1000,316.0,25.3,35.8,0.707,0,1,0,2,8,48,3,0,0,1,0.0
beta.52,sim,500,,,moderate,-12.0,average,fading,,1000,320.4,25.0,35.8,0.697,0,1,0,2,9,48,3,0,0,1,0.0
beta.52,sim,500,,,moderate,-12.0,average,fading,,1000,388.1,20.6,35.8,0.575,0,1,0,2,9,54,9,1,1,1,0.1
beta.52,sim,500,,,moderate,-12.0,average,fading,,1000,325.3,24.6,35.8,0.687,0,1,0,2,9,49,4,0,0,1,0.0
beta.52,sim,500,,,moderate,-12.0,average,fading,,1000,368.4,21.7,35.8,0.606,0,1,0,2,10,56,11,1,1,1,0.1
beta.52,sim,500,,,moderate,-12.0,average,fading,,1000,300.0,26.7,35.8,0.744,0,1,0,2,8,45,4,0,0,1,0.1
beta.52,sim,500,,,moderate,-12.0,average,fading,,1000,306.9,26.1,35.8,0.728,0,1,0,2,8,46,1,1,0,1,0.0
beta.52,sim,500,,,moderate,-12.0,average,fading,,1000,349.0,22.9,35.8,0.64,0,1,0,2,8,48,3,0,0,1,0.0
beta.52,sim,500,,,moderate,-12.0,average,fading,,1000,325.7,24.6,35.8,0.686,0,1,1,1,9,49,1,0,0,1,0.0
beta.52,sim,500,,,moderate,-12.0,average,fading,,1000,333.0,24.0,35.8,0.671,0,0,0,0,9,50,2,0,0,1,0.1
beta.52,sim,500,,,moderate,-12.0,average,fading,,1000,337.0,23.7,35.8,0.663,0,0,0,0,9,51,3,0,0,1,0.1
beta.52,sim,500,,,moderate,-12.0,average,fading,,1000,347.8,23.0,35.8,0.642,0,1,0,2,9,53,8,1,0,1,0.1
beta.52,sim,500,,,moderate,-10.0,average,fading,,1000,317.9,25.2,53.7,0.468,0,1,0,2,8,48,3,0,0,1,0.1
beta.52,sim,500,,,moderate,-10.0,average,fading,,1000,254.5,31.4,53.7,0.585,0,1,0,4,7,37,2,0,0,1,0.0
beta.52,sim,500,,,moderate,-10.0,average,fading,,1000,305.5,26.2,53.7,0.487,0,1,0,4,8,46,4,1,0,1,0.0
beta.52,sim,500,,,moderate,-10.0,average,fading,,1000,270.1,29.6,53.7,0.551,0,1,0,4,7,40,2,1,0,1,0.0
beta.52,sim,500,,,moderate,-10.0,average,fading,,1000,253.8,31.5,53.7,0.587,0,1,0,2,7,37,3,0,0,1,0.0
beta.52,sim,500,,,moderate,-10.0,average,fading,,1000,289.9,27.6,53.7,0.514,0,1,0,4,8,43,2,0,0,1,0.0
beta.52,sim,500,,,moderate,-10.0,average,fading,,1000,228.6,35.0,53.7,0.651,0,1,1,1,6,33,0,0,0,1,0.0
beta.52,sim,500,,,moderate,-10.0,average,fading,,1000,272.4,29.4,53.7,0.546,0,1,0,2,8,40,2,0,0,1,0.0
beta.52,sim,500,,,moderate,-10.0,average,fading,,1000,237.9,33.6,53.7,0.626,0,1,0,2,7,34,1,0,0,1,0.0
beta.52,sim,500,,,moderate,-10.0,average,fading,,1000,271.0,29.5,53.7,0.549,0,1,1,3,7,40,1,1,0,1,0.0
beta.52,sim,500,,,moderate,-10.0,average,fading,,1000,239.1,33.5,53.7,0.623,0,1,0,2,6,35,1,0,0,1,0.0
beta.52,sim,500,,,moderate,-10.0,average,fading,,1000,309.2,25.9,53.7,0.482,0,1,0,2,9,46,2,0,0,1,0.1
beta.52,sim,500,,,moderate,-10.0,average,fading,,1000,243.4,32.9,53.7,0.612,0,1,1,3,6,36,1,1,0,1,0.0
beta.52,sim,500,,,moderate,-10.0,average,fading,,1000,290.0,27.6,53.7,0.513,0,1,0,4,8,43,2,0,0,1,0.0
beta.52,sim,500,,,moderate,-10.0,average,fading,,1000,280.3,28.5,53.7,0.531,0,1,0,2,7,42,1,0,0,1,0.0
beta.52,sim,500,,,moderate,-10.0,average,fading,,1000,293.8,27.2,53.7,0.507,0,1,1,3,8,44,3,0,0,1,0.0
beta.52,sim,500,,,moderate,-10.0,average,fading,,1000,279.0,28.7,53.7,0.534,0,1,1,3,7,42,1,0,0,1,0.0
beta.52,sim,500,,,moderate,-10.0,average,fading,,1000,284.8,28.1,53.7,0.523,0,1,0,4,8,42,3,1,0,1,0.0
beta.52,sim,500,,,moderate,-10.0,average,fading,,1000,237.9,33.6,53.7,0.626,0,1,0,2,6,35,1,0,0,1,0.0
beta.52,sim,500,,,moderate,-10.0,average,fading,,1000,298.9,26.8,53.7,0.498,0,1,0,4,9,44,3,0,0,1,0.1
beta.52,sim,500,,,moderate,-10.0,average,fading,,1000,242.6,33.0,53.7,0.614,0,1,1,3,6,36,1,0,0,1,0.0
beta.52,sim,500,,,moderate,-10.0,average,fading,,1000,243.0,32.9,53.7,0.613,0,1,1,3,6,36,2,0,0,1,0.0
beta.52,sim,500,,,moderate,-10.0,average,fading,,1000,315.9,25.3,53.7,0.471,0,1,0,4,9,47,8,0,1,1,0.1
beta.52,sim,500,,,moderate,-10.0,average,fading,,1000,243.4,32.9,53.7,0.612,0,1,0,2,6,36,2,0,0,1,0.0
beta.52,sim,500,,,moderate,-10.0,average,fading,,1000,281.2,28.4,53.7,0.529,0,1,1,3,7,42,1,0,0,1,0.0
beta.52,sim,500,,,moderate,-10.0,average,fading,,1000,236.8,33.8,53.7,0.629,0,1,0,2,7,34,1,0,0,1,0.0
beta.52,sim,500,,,moderate,-10.0,average,fading,,1000,278.6,28.7,53.7,0.534,0,1,0,4,8,41,2,0,0,1,0.0
beta.52,sim,500,,,moderate,-10.0,average,fading,,1000,245.3,32.6,53.7,0.607,0,1,1,3,6,36,2,0,0,1,0.0
beta.52,sim,500,,,moderate,-10.0,average,fading,,1000,269.6,29.7,53.7,0.552,0,1,1,3,7,40,1,0,0,1,0.0
beta.52,sim,500,,,moderate,-10.0,average,fading,,1000,300.7,26.6,53.7,0.495,0,1,0,2,8,45,4,0,0,1,0.0
beta.52,sim,500,,,moderate,-8.0,average,fading,,1000,291.1,27.5,53.7,0.511,0,1,0,4,8,43,2,0,0,1,0.0
beta.52,sim,500,,,moderate,-8.0,average,fading,,1000,228.8,35.0,53.7,0.651,0,1,1,1,6,33,0,0,0,1,0.0
beta.52,sim,500,,,moderate,-8.0,average,fading,,1000,214.8,37.2,53.7,0.693,0,1,1,1,6,33,0,0,0,1,0.0
beta.52,sim,500,,,moderate,-8.0,average,fading,,1000,228.3,35.0,53.7,0.652,0,1,1,1,6,33,0,0,0,1,0.0
beta.52,sim,500,,,moderate,-8.0,average,fading,,1000,238.9,33.5,53.7,0.623,0,1,0,2,6,35,1,0,0,1,0.0
beta.52,sim,500,,,moderate,-8.0,average,fading,,1000,227.9,35.1,53.7,0.653,0,1,1,1,6,33,0,0,0,1,0.0
beta.52,sim,500,,,moderate,-8.0,average,fading,,1000,228.6,35.0,53.7,0.651,0,1,1,1,6,33,0,0,0,1,0.0
beta.52,sim,500,,,moderate,-8.0,average,fading,,1000,226.5,35.3,53.7,0.657,0,1,1,1,6,33,0,0,0,1,0.0
beta.52,sim,500,,,moderate,-8.0,average,fading,,1000,228.3,35.0,53.7,0.652,0,1,1,1,6,33,0,0,0,1,0.0
beta.52,sim,500,,,moderate,-8.0,average,fading,,1000,229.3,34.9,53.7,0.649,0,1,1,1,6,33,0,0,0,1,0.0
beta.52,sim,500,,,moderate,-8.0,average,fading,,1000,228.4,35.0,53.7,0.652,0,1,1,1,6,33,0,0,0,1,0.0
beta.52,sim,500,,,moderate,-8.0,average,fading,,1000,226.9,35.3,53.7,0.656,0,1,1,1,6,33,0,0,0,1,0.0
beta.52,sim,500,,,moderate,-8.0,average,fading,,1000,232.7,34.4,53.7,0.64,0,1,1,1,6,34,1,0,0,1,0.0
beta.52,sim,500,,,moderate,-8.0,average,fading,,1000,238.7,33.5,53.7,0.624,0,1,0,2,6,35,1,0,0,1,0.0
beta.52,sim,500,,,moderate,-8.0,average,fading,,1000,253.5,31.6,53.7,0.587,0,1,0,4,7,37,2,0,0,1,0.1
beta.52,sim,500,,,moderate,-8.0,average,fading,,1000,237.2,33.7,53.7,0.628,0,1,0,2,6,35,1,0,0,1,0.0
beta.52,sim,500,,,moderate,-8.0,average,fading,,1000,242.6,33.0,53.7,0.614,0,1,1,3,6,36,1,0,0,1,0.0
beta.52,sim,500,,,moderate,-8.0,average,fading,,1000,244.2,32.8,53.7,0.61,0,1,1,3,6,36,1,0,0,1,0.0
beta.52,sim,500,,,moderate,-8.0,average,fading,,1000,227.2,35.2,53.7,0.655,0,1,1,1,6,33,0,0,0,1,0.0
beta.52,sim,500,,,moderate,-8.0,average,fading,,1000,227.3,35.2,53.7,0.655,0,1,1,1,6,33,0,0,0,1,0.0
beta.52,sim,500,,,moderate,-8.0,average,fading,,1000,226.5,35.3,53.7,0.657,0,1,1,1,6,33,0,0,0,1,0.0
beta.52,sim,500,,,moderate,-8.0,average,fading,,1000,252.6,31.7,53.7,0.589,0,1,1,3,7,37,2,0,0,1,0.0
beta.52,sim,500,,,moderate,-8.0,average,fading,,1000,264.6,30.2,53.7,0.563,0,1,1,3,7,39,6,0,1,1,0.0
beta.52,sim,500,,,moderate,-8.0,average,fading,,1000,227.3,35.2,53.7,0.655,0,1,1,1,6,33,0,0,0,1,0.0
beta.52,sim,500,,,moderate,-8.0,average,fading,,1000,228.8,35.0,53.7,0.651,0,1,1,1,6,33,0,0,0,1,0.0
beta.52,sim,500,,,moderate,-8.0,average,fading,,1000,227.2,35.2,53.7,0.655,0,1,1,1,6,33,0,0,0,1,0.0
beta.52,sim,500,,,moderate,-8.0,average,fading,,1000,227.3,35.2,53.7,0.655,0,1,1,1,6,33,0,0,0,1,0.0
beta.52,sim,500,,,moderate,-8.0,average,fading,,1000,245.3,32.6,53.7,0.607,0,1,1,3,6,36,1,0,0,1,0.0
beta.52,sim,500,,,moderate,-8.0,average,fading,,1000,227.9,35.1,53.7,0.653,0,1,1,1,6,33,0,0,0,1,0.1
beta.52,sim,500,,,moderate,-8.0,average,fading,,1000,275.0,29.1,53.7,0.541,0,1,0,4,7,41,3,0,0,1,0.1
beta.52,sim,500,,,moderate,-6.0,average,fading,,1000,229.1,34.9,53.7,0.65,0,1,1,1,6,33,0,0,0,1,0.1
beta.52,sim,500,,,moderate,-6.0,average,fading,,1000,228.8,35.0,53.7,0.651,0,1,1,1,6,33,0,0,0,1,0.1
beta.52,sim,500,,,moderate,-6.0,average,fading,,1000,214.8,37.2,53.7,0.693,0,1,1,1,6,33,0,0,0,1,0.0
beta.52,sim,500,,,moderate,-6.0,average,fading,,1000,233.7,34.2,53.7,0.637,0,1,1,1,6,34,1,0,0,1,0.0
beta.52,sim,500,,,moderate,-6.0,average,fading,,1000,295.9,27.0,53.7,0.503,0,2,1,3,12,62,25,2,4,1,0.1
beta.52,sim,500,,,moderate,-6.0,average,fading,,1000,233.3,34.3,53.7,0.638,0,1,1,1,6,34,1,0,0,1,0.0
beta.52,sim,500,,,moderate,-6.0,average,fading,,1000,228.6,35.0,53.7,0.651,0,1,1,1,6,33,0,0,0,1,0.0
beta.52,sim,500,,,moderate,-6.0,average,fading,,1000,231.9,34.5,53.7,0.642,0,1,1,1,6,34,1,0,0,1,0.0
beta.52,sim,500,,,moderate,-6.0,average,fading,,1000,214.5,37.3,53.7,0.694,0,1,1,1,6,33,0,0,0,1,0.0
beta.52,sim,500,,,moderate,-6.0,average,fading,,1000,229.3,34.9,53.7,0.649,0,1,1,1,6,33,0,0,0,1,0.0
beta.52,sim,500,,,moderate,-6.0,average,fading,,1000,228.4,35.0,53.7,0.652,0,1,1,1,6,33,0,0,0,1,0.0
beta.52,sim,500,,,moderate,-6.0,average,fading,,1000,226.9,35.3,53.7,0.656,0,1,1,1,6,33,0,0,0,1,0.0
beta.52,sim,500,,,moderate,-6.0,average,fading,,1000,226.4,35.3,53.7,0.658,0,2,1,2,10,50,14,1,3,1,0.0
beta.52,sim,500,,,moderate,-6.0,average,fading,,1000,233.3,34.3,53.7,0.638,0,1,1,1,6,34,1,0,0,1,0.0
beta.52,sim,500,,,moderate,-6.0,average,fading,,1000,227.8,35.1,53.7,0.654,0,1,1,1,6,33,0,0,0,1,0.0
beta.52,sim,500,,,moderate,-6.0,average,fading,,1000,214.6,37.3,53.7,0.694,0,1,1,1,6,33,0,0,0,1,0.0
beta.52,sim,500,,,moderate,-6.0,average,fading,,1000,226.5,35.3,53.7,0.657,0,1,1,1,6,33,0,0,0,1,0.0
beta.52,sim,500,,,moderate,-6.0,average,fading,,1000,228.1,35.1,53.7,0.653,0,1,1,1,6,33,0,0,0,1,0.0
beta.52,sim,500,,,moderate,-6.0,average,fading,,1000,227.2,35.2,53.7,0.655,0,1,1,1,6,33,0,0,0,1,0.0
beta.52,sim,500,,,moderate,-6.0,average,fading,,1000,227.3,35.2,53.7,0.655,0,1,1,1,6,33,0,0,0,1,0.0
beta.52,sim,500,,,moderate,-6.0,average,fading,,1000,231.9,34.5,53.7,0.642,0,1,1,1,6,34,1,0,0,1,0.0
beta.52,sim,500,,,moderate,-6.0,average,fading,,1000,228.6,35.0,53.7,0.651,0,2,1,2,10,48,12,3,3,1,0.0
beta.52,sim,500,,,moderate,-6.0,average,fading,,1000,232.8,34.4,53.7,0.64,0,1,1,1,6,34,1,0,0,1,0.0
beta.52,sim,500,,,moderate,-6.0,average,fading,,1000,227.3,35.2,53.7,0.655,0,1,1,1,6,33,0,0,0,1,0.0
beta.52,sim,500,,,moderate,-6.0,average,fading,,1000,228.8,35.0,53.7,0.651,0,1,1,1,6,33,0,0,0,1,0.0
beta.52,sim,500,,,moderate,-6.0,average,fading,,1000,227.2,35.2,53.7,0.655,0,1,1,1,6,33,0,0,0,1,0.0
beta.52,sim,500,,,moderate,-6.0,average,fading,,1000,227.3,35.2,53.7,0.655,0,1,1,1,6,33,0,0,0,1,0.0
beta.52,sim,500,,,moderate,-6.0,average,fading,,1000,229.3,34.9,53.7,0.649,0,1,1,1,6,33,0,0,0,1,0.0
beta.52,sim,500,,,moderate,-6.0,average,fading,,1000,233.3,34.3,53.7,0.638,0,1,1,1,6,34,1,0,0,1,0.0
beta.52,sim,500,,,moderate,-6.0,average,fading,,1000,244.0,32.8,53.7,0.61,0,1,1,3,6,36,1,0,0,1,0.0
beta.52,sim,500,,,moderate,-4.0,average,fading,,1000,214.6,37.3,53.7,0.694,0,1,1,1,6,33,0,0,0,1,0.0
beta.52,sim,500,,,moderate,-4.0,average,fading,,1000,228.8,35.0,53.7,0.651,0,1,1,1,6,33,0,0,0,1,0.0
beta.52,sim,500,,,moderate,-4.0,average,fading,,1000,220.1,36.3,53.7,0.676,0,1,1,1,6,34,1,0,0,1,0.0
beta.52,sim,500,,,moderate,-4.0,average,fading,,1000,233.7,34.2,53.7,0.637,0,1,1,1,6,34,1,0,0,1,0.0
beta.52,sim,500,,,moderate,-4.0,average,fading,,1000,258.8,30.9,53.7,0.575,0,3,1,4,11,56,19,2,3,1,0.1
beta.52,sim,500,,,moderate,-4.0,average,fading,,1000,219.7,36.4,53.7,0.678,0,1,1,1,6,34,1,0,0,1,0.0
beta.52,sim,500,,,moderate,-4.0,average,fading,,1000,228.6,35.0,53.7,0.651,0,1,1,1,6,33,0,0,0,1,0.0
beta.52,sim,500,,,moderate,-4.0,average,fading,,1000,231.9,34.5,53.7,0.642,0,1,1,1,6,34,1,0,0,1,0.0
beta.52,sim,500,,,moderate,-4.0,average,fading,,1000,214.5,37.3,53.7,0.694,0,1,1,1,6,33,0,0,0,1,0.0
beta.52,sim,500,,,moderate,-4.0,average,fading,,1000,229.3,34.9,53.7,0.649,0,1,1,1,6,33,0,0,0,1,0.0
beta.52,sim,500,,,moderate,-4.0,average,fading,,1000,210.7,38.0,53.7,0.707,0,1,1,1,6,33,0,0,0,1,0.0
beta.52,sim,500,,,moderate,-4.0,average,fading,,1000,232.3,34.4,53.7,0.641,0,1,1,1,6,34,1,0,0,1,0.0
beta.52,sim,500,,,moderate,-4.0,average,fading,,1000,216.5,37.0,53.7,0.688,0,2,1,3,9,43,6,1,1,1,0.0
beta.52,sim,500,,,moderate,-4.0,average,fading,,1000,196.6,40.7,53.7,0.757,1,2,1,1,7,38,3,1,0,1,0.0
beta.52,sim,500,,,moderate,-4.0,average,fading,,1000,227.8,35.1,53.7,0.654,0,1,1,1,6,33,0,0,0,1,0.0
beta.52,sim,500,,,moderate,-4.0,average,fading,,1000,235.6,34.0,53.7,0.632,0,2,1,2,10,55,19,0,3,1,0.1
beta.52,sim,500,,,moderate,-4.0,average,fading,,1000,226.5,35.3,53.7,0.657,0,1,1,1,6,33,0,0,0,1,0.0
beta.52,sim,500,,,moderate,-4.0,average,fading,,1000,233.5,34.3,53.7,0.638,0,1,1,1,6,34,1,0,0,1,0.1
beta.52,sim,500,,,moderate,-4.0,average,fading,,1000,232.6,34.4,53.7,0.64,0,1,1,1,6,34,1,0,0,1,0.1
beta.52,sim,500,,,moderate,-4.0,average,fading,,1000,227.3,35.2,53.7,0.655,0,1,1,1,6,33,0,0,0,1,0.1
beta.52,sim,500,,,moderate,-4.0,average,fading,,1000,210.7,38.0,53.7,0.707,0,1,1,1,6,33,0,0,0,1,0.0
beta.52,sim,500,,,moderate,-4.0,average,fading,,1000,205.5,38.9,53.7,0.725,0,2,1,2,9,43,8,0,2,1,0.1
beta.52,sim,500,,,moderate,-4.0,average,fading,,1000,232.8,34.4,53.7,0.64,0,1,1,1,6,34,1,0,0,1,0.1
beta.52,sim,500,,,moderate,-4.0,average,fading,,1000,210.7,38.0,53.7,0.707,0,1,1,1,6,33,0,0,0,1,0.0
beta.52,sim,500,,,moderate,-4.0,average,fading,,1000,215.5,37.1,53.7,0.691,0,1,1,1,6,33,0,0,0,1,0.0
beta.52,sim,500,,,moderate,-4.0,average,fading,,1000,227.2,35.2,53.7,0.655,0,1,1,1,6,33,0,0,0,1,0.0
beta.52,sim,500,,,moderate,-4.0,average,fading,,1000,232.7,34.4,53.7,0.64,0,1,1,1,6,34,1,0,0,1,0.0
beta.52,sim,500,,,moderate,-4.0,average,fading,,1000,229.3,34.9,53.7,0.649,0,1,1,1,6,33,0,0,0,1,0.0
beta.52,sim,500,,,moderate,-4.0,average,fading,,1000,233.3,34.3,53.7,0.638,0,1,1,1,6,34,1,0,0,1,0.0
beta.52,sim,500,,,moderate,-4.0,average,fading,,1000,210.7,38.0,53.7,0.707,0,1,1,1,6,33,0,0,0,1,0.1
beta.52,sim,500,,,moderate,-2.0,average,fading,,1000,207.5,38.6,53.7,0.718,0,2,1,3,9,42,7,1,1,1,0.0
beta.52,sim,500,,,moderate,-2.0,average,fading,,1000,232.5,34.4,53.7,0.64,0,2,1,3,9,41,4,1,1,1,0.1
beta.52,sim,500,,,moderate,-2.0,average,fading,,1000,215.4,37.1,53.7,0.691,0,2,1,4,8,43,6,2,1,1,0.0
beta.52,sim,500,,,moderate,-2.0,average,fading,,1000,209.5,38.2,53.7,0.711,0,3,1,3,8,39,4,3,0,1,0.0
beta.52,sim,500,,,moderate,-2.0,average,fading,,1000,216.8,36.9,53.7,0.687,0,3,1,3,9,53,18,4,3,1,0.1
beta.52,sim,500,,,moderate,-2.0,average,fading,,1000,224.8,35.6,53.7,0.662,0,2,1,2,9,41,4,0,0,1,0.1
beta.52,sim,500,,,moderate,-2.0,average,fading,,1000,227.3,35.2,53.7,0.655,0,2,1,3,8,38,1,0,0,1,0.0
beta.52,sim,500,,,moderate,-2.0,average,fading,,1000,219.6,36.4,53.7,0.678,0,2,1,3,9,43,6,0,1,1,0.0
beta.52,sim,500,,,moderate,-2.0,average,fading,,1000,204.3,39.2,53.7,0.729,0,2,1,2,7,41,6,1,1,1,0.0
beta.52,sim,500,,,moderate,-2.0,average,fading,,1000,230.9,34.7,53.7,0.645,0,2,1,5,9,39,2,0,1,1,0.0
beta.52,sim,500,,,moderate,-2.0,average,fading,,1000,224.4,35.6,53.7,0.663,0,2,1,3,10,44,8,0,3,1,0.0
beta.52,sim,500,,,moderate,-2.0,average,fading,,1000,250.5,31.9,53.7,0.594,0,2,0,3,9,51,13,3,2,1,0.1
beta.52,sim,500,,,moderate,-2.0,average,fading,,1000,184.2,43.4,53.7,0.808,0,3,1,3,8,48,9,1,1,1,0.0
beta.52,sim,500,,,moderate,-2.0,average,fading,,1000,196.6,40.7,53.7,0.757,1,2,1,1,7,38,3,0,0,1,0.0
beta.52,sim,500,,,moderate,-2.0,average,fading,,1000,219.6,36.4,53.7,0.678,0,2,1,4,8,43,6,0,1,1,0.0
beta.52,sim,500,,,moderate,-2.0,average,fading,,1000,220.0,36.4,53.7,0.677,0,1,1,1,6,34,1,0,0,1,0.0
beta.52,sim,500,,,moderate,-2.0,average,fading,,1000,252.0,31.7,53.7,0.591,0,2,1,4,10,58,19,3,3,1,0.1
beta.52,sim,500,,,moderate,-2.0,average,fading,,1000,194.5,41.1,53.7,0.766,1,2,1,1,7,36,1,0,0,1,0.0
beta.52,sim,500,,,moderate,-2.0,average,fading,,1000,220.6,36.3,53.7,0.675,0,2,1,5,9,40,3,1,1,1,0.0
beta.52,sim,500,,,moderate,-2.0,average,fading,,1000,217.2,36.8,53.7,0.686,0,2,1,2,7,41,6,1,1,1,0.0
beta.52,sim,500,,,moderate,-2.0,average,fading,,1000,200.8,39.8,53.7,0.742,0,2,1,3,8,41,6,3,0,1,0.0
beta.52,sim,500,,,moderate,-2.0,average,fading,,1000,194.7,41.1,53.7,0.765,0,3,1,3,9,41,8,0,2,1,0.0
beta.52,sim,500,,,moderate,-2.0,average,fading,,1000,260.6,30.7,53.7,0.571,0,2,1,3,10,52,13,1,2,1,0.0
beta.52,sim,500,,,moderate,-2.0,average,fading,,1000,200.5,39.9,53.7,0.743,0,2,1,2,7,41,6,0,1,1,0.0
beta.52,sim,500,,,moderate,-2.0,average,fading,,1000,239.1,33.5,53.7,0.623,0,2,1,4,9,51,12,1,2,1,0.0
beta.52,sim,500,,,moderate,-2.0,average,fading,,1000,215.1,37.2,53.7,0.692,0,2,1,3,8,39,2,1,0,1,0.0
beta.52,sim,500,,,moderate,-2.0,average,fading,,1000,232.7,34.4,53.7,0.64,0,1,1,1,6,34,1,0,0,1,0.0
beta.52,sim,500,,,moderate,-2.0,average,fading,,1000,287.4,27.8,53.7,0.518,0,2,1,4,11,61,24,0,4,1,0.0
beta.52,sim,500,,,moderate,-2.0,average,fading,,1000,256.9,31.1,53.7,0.58,0,2,1,4,9,52,13,0,2,1,0.1
beta.52,sim,500,,,moderate,-2.0,average,fading,,1000,223.6,35.8,53.7,0.666,0,2,0,3,9,49,12,1,2,1,0.0
beta.52,sim,500,,,moderate,0.0,average,fading,,1000,215.4,37.1,53.7,0.691,0,2,1,4,8,43,6,0,1,1,0.0
beta.52,sim,500,,,moderate,0.0,average,fading,,1000,191.0,41.9,53.7,0.78,1,3,1,3,8,42,3,0,0,1,0.0
beta.52,sim,500,,,moderate,0.0,average,fading,,1000,194.5,41.1,53.7,0.766,1,2,1,1,7,36,1,0,0,1,0.0
beta.52,sim,500,,,moderate,0.0,average,fading,,1000,193.3,41.4,53.7,0.77,0,4,1,3,9,39,5,3,0,1,0.0
beta.52,sim,500,,,moderate,0.0,average,fading,,1000,206.1,38.8,53.7,0.723,0,4,1,3,9,51,18,4,3,1,0.0
beta.52,sim,500,,,moderate,0.0,average,fading,,1000,180.1,44.4,53.7,0.827,0,4,1,5,11,51,11,0,1,1,0.0
beta.52,sim,500,,,moderate,0.0,average,fading,,1000,233.8,34.2,53.7,0.637,0,2,1,3,10,40,4,0,3,1,0.0
beta.52,sim,500,,,moderate,0.0,average,fading,,1000,205.6,38.9,53.7,0.724,0,2,1,2,8,46,9,0,1,1,0.0
beta.52,sim,500,,,moderate,0.0,average,fading,,1000,198.7,40.3,53.7,0.749,0,2,1,4,9,46,8,0,1,1,0.0
beta.52,sim,500,,,moderate,0.0,average,fading,,1000,210.4,38.0,53.7,0.707,0,2,1,3,8,39,2,1,0,1,0.0
beta.52,sim,500,,,moderate,0.0,average,fading,,1000,197.6,40.5,53.7,0.753,0,2,1,3,8,38,3,1,0,1,0.0
beta.52,sim,500,,,moderate,0.0,average,fading,,1000,219.6,36.4,53.7,0.678,0,3,1,5,10,50,8,0,1,1,0.0
beta.52,sim,500,,,moderate,0.0,average,fading,,1000,172.9,46.3,53.7,0.861,0,4,1,5,10,55,15,0,2,1,0.0
beta.52,sim,500,,,moderate,0.0,average,fading,,1000,158.6,50.4,53.7,0.939,1,3,1,4,9,51,7,0,0,1,0.0
beta.52,sim,500,,,moderate,0.0,average,fading,,1000,178.8,44.7,53.7,0.832,0,3,1,4,8,47,6,1,1,1,0.0
beta.52,sim,500,,,moderate,0.0,average,fading,,1000,205.0,39.0,53.7,0.726,0,2,0,7,11,41,4,1,3,1,0.0
beta.52,sim,500,,,moderate,0.0,average,fading,,1000,218.7,36.6,53.7,0.681,0,2,1,4,10,45,4,0,0,1,0.0
beta.52,sim,500,,,moderate,0.0,average,fading,,1000,194.5,41.1,53.7,0.766,1,2,1,1,7,36,1,0,0,1,0.0
beta.52,sim,500,,,moderate,0.0,average,fading,,1000,226.2,35.4,53.7,0.658,0,2,1,3,8,45,6,1,1,1,0.0
beta.52,sim,500,,,moderate,0.0,average,fading,,1000,212.2,37.7,53.7,0.702,1,2,1,1,7,37,2,1,0,1,0.0
beta.52,sim,500,,,moderate,0.0,average,fading,,1000,197.3,40.6,53.7,0.755,0,2,1,5,10,48,10,0,0,1,0.0
beta.52,sim,500,,,moderate,0.0,average,fading,,1000,183.8,43.5,53.7,0.81,0,4,1,4,9,47,10,0,2,1,0.0
beta.52,sim,500,,,moderate,0.0,average,fading,,1000,180.4,44.3,53.7,0.825,0,3,1,7,11,46,9,1,2,1,0.0
beta.52,sim,500,,,moderate,0.0,average,fading,,1000,209.5,38.2,53.7,0.711,0,2,0,5,11,49,9,2,2,1,0.0
beta.52,sim,500,,,moderate,0.0,average,fading,,1000,199.1,40.2,53.7,0.748,0,2,1,6,11,48,4,1,1,1,0.0
beta.52,sim,500,,,moderate,0.0,average,fading,,1000,219.4,36.5,53.7,0.679,0,2,1,3,8,39,2,0,0,1,0.0
beta.52,sim,500,,,moderate,0.0,average,fading,,1000,232.4,34.4,53.7,0.641,0,2,1,3,8,40,3,0,0,1,0.0
beta.52,sim,500,,,moderate,0.0,average,fading,,1000,213.9,37.4,53.7,0.696,0,2,1,3,8,38,1,0,0,1,0.0
beta.52,sim,500,,,moderate,0.0,average,fading,,1000,177.6,45.0,53.7,0.838,0,4,1,4,9,42,6,3,0,1,0.0
beta.52,sim,500,,,moderate,0.0,average,fading,,1000,215.4,37.1,53.7,0.691,0,2,1,2,8,43,6,0,1,1,0.0
beta.52,sim,500,,,moderate,2.0,average,fading,,1000,194.0,41.2,113.9,0.362,0,3,1,6,9,41,3,0,1,1,0.0
beta.52,sim,500,,,moderate,2.0,average,fading,,1000,200.3,39.9,113.9,0.351,0,3,1,6,10,42,3,0,1,1,0.0
beta.52,sim,500,,,moderate,2.0,average,fading,,1000,120.1,66.6,113.9,0.585,1,4,1,3,8,43,2,0,0,1,0.0
beta.52,sim,500,,,moderate,2.0,average,fading,,1000,70.7,113.1,113.9,0.993,0,5,2,5,9,54,14,1,2,1,0.0
beta.52,sim,500,,,moderate,2.0,average,fading,,1000,162.3,49.3,113.9,0.433,0,5,1,5,10,45,11,1,2,1,0.0
beta.52,sim,500,,,moderate,2.0,average,fading,,1000,149.1,53.7,113.9,0.471,0,5,1,5,10,46,11,0,1,1,0.0
beta.52,sim,500,,,moderate,2.0,average,fading,,1000,198.2,40.4,113.9,0.354,0,2,1,4,9,45,7,0,1,1,0.0
beta.52,sim,500,,,moderate,2.0,average,fading,,1000,187.3,42.7,113.9,0.375,0,2,1,4,9,50,8,0,1,1,0.0
beta.52,sim,500,,,moderate,2.0,average,fading,,1000,192.0,41.7,113.9,0.366,0,2,1,5,10,43,5,0,0,1,0.0
beta.52,sim,500,,,moderate,2.0,average,fading,,1000,176.6,45.3,113.9,0.398,1,3,1,4,9,48,8,1,1,1,0.0
beta.52,sim,500,,,moderate,2.0,average,fading,,1000,160.0,50.0,113.9,0.439,0,3,1,4,10,54,14,0,2,1,0.0
beta.52,sim,500,,,moderate,2.0,average,fading,,1000,148.7,53.8,113.9,0.473,0,5,1,6,10,49,12,1,1,1,0.0
beta.52,sim,500,,,moderate,2.0,average,fading,,1000,141.9,56.4,113.9,0.495,0,5,1,6,9,50,15,0,2,1,0.0
beta.52,sim,500,,,moderate,2.0,average,fading,,1000,111.5,71.7,113.9,0.63,1,4,1,4,8,43,6,0,0,1,0.0
beta.52,sim,500,,,moderate,2.0,average,fading,,1000,158.8,50.4,113.9,0.442,0,4,3,6,10,54,13,1,2,1,0.0
beta.52,sim,500,,,moderate,2.0,average,fading,,1000,188.9,42.4,113.9,0.372,1,2,1,3,9,41,3,1,0,1,0.0
beta.52,sim,500,,,moderate,2.0,average,fading,,1000,170.6,46.9,113.9,0.412,0,4,0,6,12,49,9,0,2,1,0.0
beta.52,sim,500,,,moderate,2.0,average,fading,,1000,159.3,50.2,113.9,0.441,0,3,1,6,10,54,9,0,1,1,0.0
beta.52,sim,500,,,moderate,2.0,average,fading,,1000,188.9,42.4,113.9,0.372,1,2,1,3,9,41,3,0,0,1,0.0
beta.52,sim,500,,,moderate,2.0,average,fading,,1000,160.4,49.9,113.9,0.438,1,3,1,3,8,42,3,1,0,1,0.0
beta.52,sim,500,,,moderate,2.0,average,fading,,1000,175.9,45.5,113.9,0.399,1,3,1,4,9,44,5,0,0,1,0.0
beta.52,sim,500,,,moderate,2.0,average,fading,,1000,113.9,70.2,113.9,0.617,1,5,1,5,11,61,10,0,1,1,0.0
beta.52,sim,500,,,moderate,2.0,average,fading,,1000,169.5,47.2,113.9,0.415,1,3,2,3,8,40,3,0,0,1,0.0
beta.52,sim,500,,,moderate,2.0,average,fading,,1000,173.4,46.1,113.9,0.405,0,3,0,5,10,41,4,0,1,1,0.0
beta.52,sim,500,,,moderate,2.0,average,fading,,1000,196.4,40.7,113.9,0.358,0,2,1,7,12,43,5,0,3,1,0.0
beta.52,sim,500,,,moderate,2.0,average,fading,,1000,194.6,41.1,113.9,0.361,0,4,1,4,9,39,4,1,0,1,0.0
beta.52,sim,500,,,moderate,2.0,average,fading,,1000,123.0,65.1,113.9,0.571,0,5,1,6,9,44,6,1,1,1,0.0
beta.52,sim,500,,,moderate,2.0,average,fading,,1000,207.2,38.6,113.9,0.339,0,3,1,4,10,55,18,0,3,1,0.1
beta.52,sim,500,,,moderate,2.0,average,fading,,1000,163.3,49.0,113.9,0.43,0,4,1,5,9,54,14,0,2,1,0.0
beta.52,sim,500,,,moderate,2.0,average,fading,,1000,187.8,42.6,113.9,0.374,1,2,1,3,9,40,2,0,0,1,0.0
beta.52,sim,500,,,moderate,6.0,average,fading,,1000,56.6,141.5,258.1,0.548,2,5,3,4,8,43,5,0,0,1,0.0
beta.52,sim,500,,,moderate,6.0,average,fading,,1000,39.7,201.3,258.1,0.78,3,7,5,3,6,29,2,0,0,1,0.0
beta.52,sim,500,,,moderate,6.0,average,fading,,1000,44.6,179.5,258.1,0.696,3,7,3,4,6,32,4,0,0,1,0.0
beta.52,sim,500,,,moderate,6.0,average,fading,,1000,29.3,273.5,258.1,1.06,5,8,7,2,4,21,1,1,0,1,0.0
beta.52,sim,500,,,moderate,6.0,average,fading,,1000,77.3,103.5,258.1,0.401,2,7,3,4,10,60,10,1,1,1,0.0
beta.52,sim,500,,,moderate,6.0,average,fading,,1000,47.1,169.8,258.1,0.658,3,7,3,4,6,36,4,0,0,1,0.0
beta.52,sim,500,,,moderate,6.0,average,fading,,1000,61.8,129.4,258.1,0.501,2,4,3,4,8,48,4,0,0,1,0.0
beta.52,sim,500,,,moderate,6.0,average,fading,,1000,37.7,212.4,258.1,0.823,3,7,5,3,5,28,2,1,0,1,0.0
beta.52,sim,500,,,moderate,6.0,average,fading,,1000,45.0,177.7,258.1,0.689,3,7,4,3,6,34,4,1,0,1,0.0
beta.52,sim,500,,,moderate,6.0,average,fading,,1000,57.2,139.8,258.1,0.542,3,5,4,5,8,39,7,0,1,1,0.0
beta.52,sim,500,,,moderate,6.0,average,fading,,1000,31.4,255.1,258.1,0.989,5,8,7,2,4,23,3,2,0,1,0.0
beta.52,sim,500,,,moderate,6.0,average,fading,,1000,85.9,93.1,258.1,0.361,0,7,4,4,7,34,4,1,0,1,0.0
beta.52,sim,500,,,moderate,6.0,average,fading,,1000,34.5,231.9,258.1,0.899,5,7,5,3,5,25,3,0,0,1,0.0
beta.52,sim,500,,,moderate,6.0,average,fading,,1000,38.7,206.8,258.1,0.801,3,7,3,4,6,28,4,0,0,1,0.0
beta.52,sim,500,,,moderate,6.0,average,fading,,1000,52.4,152.8,258.1,0.592,3,5,3,3,7,40,4,2,0,1,0.0
beta.52,sim,500,,,moderate,6.0,average,fading,,1000,50.3,159.2,258.1,0.617,3,5,3,3,7,38,4,0,0,1,0.0
beta.52,sim,500,,,moderate,6.0,average,fading,,1000,47.0,170.1,258.1,0.659,3,7,3,4,6,32,4,0,0,1,0.0
beta.52,sim,500,,,moderate,6.0,average,fading,,1000,45.8,174.7,258.1,0.677,3,7,5,4,6,34,7,0,1,1,0.0
beta.52,sim,500,,,moderate,6.0,average,fading,,1000,47.1,169.8,258.1,0.658,3,7,4,4,6,36,7,1,0,1,0.0
beta.52,sim,500,,,moderate,6.0,average,fading,,1000,50.3,159.2,258.1,0.617,2,5,4,3,7,38,1,0,0,1,0.0
beta.52,sim,500,,,moderate,6.0,average,fading,,1000,55.2,144.9,258.1,0.561,2,7,2,6,8,41,13,3,1,1,0.0
beta.52,sim,500,,,moderate,6.0,average,fading,,1000,32.4,247.0,258.1,0.957,7,9,7,3,5,23,7,4,0,1,0.0
beta.52,sim,500,,,moderate,6.0,average,fading,,1000,76.2,105.0,258.1,0.407,1,5,1,5,11,58,5,0,1,1,0.0
beta.52,sim,500,,,moderate,6.0,average,fading,,1000,80.4,99.5,258.1,0.386,1,5,1,3,8,41,3,0,0,1,0.0
beta.52,sim,500,,,moderate,6.0,average,fading,,1000,50.3,159.2,258.1,0.617,3,5,3,3,7,38,3,0,0,1,0.0
beta.52,sim,500,,,moderate,6.0,average,fading,,1000,53.4,149.8,258.1,0.58,3,5,3,5,7,41,6,0,0,1,0.0
beta.52,sim,500,,,moderate,6.0,average,fading,,1000,39.8,201.2,258.1,0.78,4,7,4,3,5,30,2,0,0,1,0.0
beta.52,sim,500,,,moderate,6.0,average,fading,,1000,60.8,131.6,258.1,0.51,3,5,3,6,8,42,9,0,1,1,0.0
beta.52,sim,500,,,moderate,6.0,average,fading,,1000,70.4,113.6,258.1,0.44,1,7,1,6,8,39,9,0,1,1,0.0
beta.52,sim,500,,,moderate,6.0,average,fading,,1000,42.9,186.5,258.1,0.723,4,7,4,3,6,32,4,0,0,1,0.0
beta.52,sim,500,,,poor,-18.0,average,fading,,1000,79.7,0.0,0.0,,,,,0,0,0,0,0,0,0,0.0
beta.52,sim,500,,,poor,-18.0,average,fading,,1000,125.6,0.0,0.0,,,,,0,0,0,0,0,0,0,0.0
beta.52,sim,500,,,poor,-18.0,average,fading,,1000,108.3,0.0,0.0,,,,,0,0,0,0,0,0,0,0.0
beta.52,sim,500,,,poor,-18.0,average,fading,,1000,109.6,0.0,0.0,,,,,0,0,0,0,0,0,0,0.0
beta.52,sim,500,,,poor,-18.0,average,fading,,1000,183.3,0.0,0.0,,,,,0,0,0,0,0,0,0,0.0
beta.52,sim,500,,,poor,-18.0,average,fading,,1000,220.6,0.0,0.0,,,,,0,0,0,0,0,0,0,0.0
beta.52,sim,500,,,poor,-18.0,average,fading,,1000,79.4,0.0,0.0,,,,,0,0,0,0,0,0,0,0.0
beta.52,sim,500,,,poor,-18.0,average,fading,,1000,64.4,0.0,0.0,,,,,0,0,0,0,0,0,0,0.0
beta.52,sim,500,,,poor,-18.0,average,fading,,1000,190.3,0.0,0.0,,,,,0,0,0,0,0,0,0,0.0
beta.52,sim,500,,,poor,-18.0,average,fading,,1000,105.2,0.0,0.0,,,,,0,0,0,0,0,0,0,0.0
beta.52,sim,500,,,poor,-18.0,average,fading,,1000,91.4,0.0,0.0,,,,,0,0,0,0,0,0,0,0.0
beta.52,sim,500,,,poor,-18.0,average,fading,,1000,120.7,0.0,0.0,,,,,0,0,0,0,0,0,0,0.0
beta.52,sim,500,,,poor,-18.0,average,fading,,1000,134.0,0.0,0.0,,,,,0,0,0,0,0,0,0,0.0
beta.52,sim,500,,,poor,-18.0,average,fading,,1000,195.4,0.0,0.0,,,,,0,0,0,0,0,0,0,0.0
beta.52,sim,500,,,poor,-18.0,average,fading,,1000,100.2,0.0,0.0,,,,,0,0,0,0,0,0,0,0.0
beta.52,sim,500,,,poor,-18.0,average,fading,,1000,134.9,0.0,0.0,,,,,0,0,0,0,0,0,0,0.0
beta.52,sim,500,,,poor,-18.0,average,fading,,1000,210.8,0.0,0.0,,,,,0,0,0,0,0,0,0,0.0
beta.52,sim,500,,,poor,-18.0,average,fading,,1000,158.4,0.0,0.0,,,,,0,0,0,0,0,0,0,0.0
beta.52,sim,500,,,poor,-18.0,average,fading,,1000,122.0,0.0,0.0,,,,,0,0,0,0,0,0,0,0.0
beta.52,sim,500,,,poor,-18.0,average,fading,,1000,85.7,0.0,0.0,,,,,0,0,0,0,0,0,0,0.0
beta.52,sim,500,,,poor,-18.0,average,fading,,1000,238.4,0.0,0.0,,,,,0,0,0,0,0,0,0,0.0
beta.52,sim,500,,,poor,-18.0,average,fading,,1000,658.0,6.9,0.0,,0,0,0,0,13,78,51,21,8,0,0.1
beta.52,sim,500,,,poor,-18.0,average,fading,,1000,119.9,0.0,0.0,,,,,0,0,0,0,0,0,0,0.0
beta.52,sim,500,,,poor,-18.0,average,fading,,1000,233.8,0.0,0.0,,,,,0,0,0,0,0,0,0,0.0
beta.52,sim,500,,,poor,-18.0,average,fading,,1000,94.3,0.0,0.0,,,,,0,0,0,0,0,0,0,0.0
beta.52,sim,500,,,poor,-18.0,average,fading,,1000,129.5,0.0,0.0,,,,,0,0,0,0,0,0,0,0.0
beta.52,sim,500,,,poor,-18.0,average,fading,,1000,93.0,0.0,0.0,,,,,0,0,0,0,0,0,0,0.0
beta.52,sim,500,,,poor,-18.0,average,fading,,1000,180.3,0.0,0.0,,,,,0,0,0,0,0,0,0,0.0
beta.52,sim,500,,,poor,-18.0,average,fading,,1000,140.7,0.0,0.0,,,,,0,0,0,0,0,0,0,0.0
beta.52,sim,500,,,poor,-18.0,average,fading,,1000,124.9,0.0,0.0,,,,,0,0,0,0,0,0,0,0.0
beta.52,sim,500,,,poor,-14.0,average,fading,,1000,353.1,22.7,35.8,0.632,0,0,0,0,10,53,5,0,0,1,0.1
beta.52,sim,500,,,poor,-14.0,average,fading,,1000,375.6,21.3,35.8,0.595,0,0,0,0,9,52,4,0,0,1,0.1
beta.52,sim,500,,,poor,-14.0,average,fading,,1000,357.5,22.4,35.8,0.625,0,0,0,0,10,54,6,1,1,1,0.1
beta.52,sim,500,,,poor,-14.0,average,fading,,1000,332.1,24.1,35.8,0.673,0,0,0,0,9,50,2,0,0,1,0.1
beta.52,sim,500,,,poor,-14.0,average,fading,,1000,326.6,24.5,35.8,0.684,0,0,0,0,9,49,1,0,0,1,0.1
beta.52,sim,500,,,poor,-14.0,average,fading,,1000,342.4,23.4,35.8,0.652,0,0,0,0,9,52,4,0,0,1,0.1
beta.52,sim,500,,,poor,-14.0,average,fading,,1000,327.0,24.5,35.8,0.683,0,0,0,0,9,49,1,0,0,1,0.1
beta.52,sim,500,,,poor,-14.0,average,fading,,1000,335.6,23.8,35.8,0.665,0,0,0,0,9,51,3,0,0,1,0.1
beta.52,sim,500,,,poor,-14.0,average,fading,,1000,348.8,22.9,35.8,0.64,0,1,0,2,8,48,3,2,0,1,0.1
beta.52,sim,500,,,poor,-14.0,average,fading,,1000,371.8,21.5,35.8,0.601,0,0,0,0,9,53,5,0,0,1,0.1
beta.52,sim,500,,,poor,-14.0,average,fading,,1000,321.4,24.9,35.8,0.695,0,1,0,2,9,48,3,1,0,1,0.1
beta.52,sim,500,,,poor,-14.0,average,fading,,1000,336.0,23.8,35.8,0.665,0,0,0,0,9,51,3,0,0,1,0.1
beta.52,sim,500,,,poor,-14.0,average,fading,,1000,331.1,24.2,35.8,0.675,0,0,0,0,9,50,2,0,0,1,0.1
beta.52,sim,500,,,poor,-14.0,average,fading,,1000,347.8,23.0,35.8,0.642,0,0,0,0,9,53,5,0,0,1,0.1
beta.52,sim,500,,,poor,-14.0,average,fading,,1000,347.7,23.0,35.8,0.642,0,0,0,0,9,53,5,0,0,1,0.1
beta.52,sim,500,,,poor,-14.0,average,fading,,1000,378.1,21.2,35.8,0.591,0,0,0,0,10,58,10,1,1,1,0.1
beta.52,sim,500,,,poor,-14.0,average,fading,,1000,372.8,21.5,35.8,0.599,0,0,0,0,10,57,9,0,1,1,0.1
beta.52,sim,500,,,poor,-14.0,average,fading,,1000,331.9,24.1,35.8,0.673,0,0,0,0,9,50,2,0,0,1,0.0
beta.52,sim,500,,,poor,-14.0,average,fading,,1000,325.6,24.6,35.8,0.686,0,1,0,2,9,49,4,2,0,1,0.1
beta.52,sim,500,,,poor,-14.0,average,fading,,1000,325.7,24.6,35.8,0.686,0,0,0,0,9,49,1,1,0,1,0.1
beta.52,sim,500,,,poor,-14.0,average,fading,,1000,335.6,23.8,35.8,0.665,0,0,0,0,9,51,3,0,0,1,0.1
beta.52,sim,500,,,poor,-14.0,average,fading,,1000,336.0,23.8,35.8,0.665,0,0,0,0,9,51,3,1,0,1,0.1
beta.52,sim,500,,,poor,-14.0,average,fading,,1000,346.9,23.1,35.8,0.644,0,1,0,2,10,52,7,4,1,1,0.1
beta.52,sim,500,,,poor,-14.0,average,fading,,1000,336.4,23.8,35.8,0.664,0,0,0,0,9,51,3,0,0,1,0.1
beta.52,sim,500,,,poor,-14.0,average,fading,,1000,327.2,24.5,35.8,0.683,0,0,0,0,9,49,1,0,0,1,0.0
beta.52,sim,500,,,poor,-14.0,average,fading,,1000,352.4,22.7,35.8,0.634,0,1,0,2,9,54,9,4,0,1,0.1
beta.52,sim,500,,,poor,-14.0,average,fading,,1000,336.4,23.8,35.8,0.664,0,0,0,0,9,51,3,0,0,1,0.1
beta.52,sim,500,,,poor,-14.0,average,fading,,1000,343.7,23.3,35.8,0.65,0,0,0,0,9,52,4,0,0,1,0.1
beta.52,sim,500,,,poor,-14.0,average,fading,,1000,418.1,19.1,35.8,0.534,0,0,0,0,10,52,4,1,0,1,0.1
beta.52,sim,500,,,poor,-14.0,average,fading,,1000,347.8,23.0,35.8,0.642,0,0,0,0,9,53,5,1,0,1,0.1
beta.52,sim,500,,,poor,-12.0,average,fading,,1000,317.9,25.2,35.8,0.703,0,1,0,2,8,48,3,2,0,1,0.0
beta.52,sim,500,,,poor,-12.0,average,fading,,1000,306.9,26.1,35.8,0.728,0,1,0,2,8,46,1,1,0,1,0.0
beta.52,sim,500,,,poor,-12.0,average,fading,,1000,316.2,25.3,35.8,0.706,0,1,0,2,8,48,3,1,0,1,0.0
beta.52,sim,500,,,poor,-12.0,average,fading,,1000,317.1,25.2,35.8,0.704,0,1,0,2,8,48,3,1,0,1,0.0
beta.52,sim,500,,,poor,-12.0,average,fading,,1000,306.3,26.1,35.8,0.729,0,1,0,2,8,46,1,0,0,1,0.0
beta.52,sim,500,,,poor,-12.0,average,fading,,1000,311.4,25.7,35.8,0.717,0,1,0,2,8,47,2,0,0,1,0.0
beta.52,sim,500,,,poor,-12.0,average,fading,,1000,290.6,27.5,35.8,0.768,0,1,0,2,8,43,2,1,0,1,0.0
beta.52,sim,500,,,poor,-12.0,average,fading,,1000,315.3,25.4,35.8,0.708,0,1,0,2,8,48,3,0,0,1,0.1
beta.52,sim,500,,,poor,-12.0,average,fading,,1000,317.1,25.2,35.8,0.704,0,1,0,2,8,48,3,1,0,1,0.1
beta.52,sim,500,,,poor,-12.0,average,fading,,1000,281.7,28.4,35.8,0.793,0,1,0,2,7,42,1,0,0,1,0.0
beta.52,sim,500,,,poor,-12.0,average,fading,,1000,306.5,26.1,35.8,0.729,0,1,0,2,8,46,1,0,0,1,0.0
beta.52,sim,500,,,poor,-12.0,average,fading,,1000,294.3,27.2,35.8,0.759,0,1,0,2,8,44,3,1,0,1,0.0
beta.52,sim,500,,,poor,-12.0,average,fading,,1000,289.3,27.6,35.8,0.772,0,1,0,2,8,43,2,2,0,1,0.0
beta.52,sim,500,,,poor,-12.0,average,fading,,1000,311.4,25.7,35.8,0.717,0,1,0,2,8,47,2,0,0,1,0.0
beta.52,sim,500,,,poor,-12.0,average,fading,,1000,316.7,25.3,35.8,0.705,0,1,0,2,8,48,3,1,0,1,0.0
beta.52,sim,500,,,poor,-12.0,average,fading,,1000,315.3,25.4,35.8,0.708,0,1,0,2,8,48,3,0,0,1,0.0
beta.52,sim,500,,,poor,-12.0,average,fading,,1000,304.6,26.3,35.8,0.733,0,1,0,2,8,46,1,0,0,1,0.0
beta.52,sim,500,,,poor,-12.0,average,fading,,1000,306.2,26.1,35.8,0.729,0,1,0,2,8,46,1,1,0,1,0.0
beta.52,sim,500,,,poor,-12.0,average,fading,,1000,305.3,26.2,35.8,0.732,0,1,0,2,8,46,1,0,0,1,0.0
beta.52,sim,500,,,poor,-12.0,average,fading,,1000,305.4,26.2,35.8,0.731,0,1,0,2,8,46,1,1,0,1,0.0
beta.52,sim,500,,,poor,-12.0,average,fading,,1000,314.2,25.5,35.8,0.711,0,1,0,4,9,47,4,0,0,1,0.0
beta.52,sim,500,,,poor,-12.0,average,fading,,1000,310.4,25.8,35.8,0.72,0,1,0,2,8,47,2,2,0,1,0.0
beta.52,sim,500,,,poor,-12.0,average,fading,,1000,316.3,25.3,35.8,0.706,0,1,0,2,8,48,3,0,0,1,0.1
beta.52,sim,500,,,poor,-12.0,average,fading,,1000,305.4,26.2,35.8,0.731,0,1,0,2,8,46,1,0,0,1,0.0
beta.52,sim,500,,,poor,-12.0,average,fading,,1000,301.5,26.5,35.8,0.741,0,1,1,3,8,45,2,0,0,1,0.0
beta.52,sim,500,,,poor,-12.0,average,fading,,1000,305.3,26.2,35.8,0.731,0,1,0,2,8,46,1,0,0,1,0.0
beta.52,sim,500,,,poor,-12.0,average,fading,,1000,279.7,28.6,35.8,0.798,0,1,0,2,7,42,1,0,0,1,0.0
beta.52,sim,500,,,poor,-12.0,average,fading,,1000,318.1,25.2,35.8,0.702,0,1,0,2,8,48,3,1,0,1,0.1
beta.52,sim,500,,,poor,-12.0,average,fading,,1000,316.7,25.3,35.8,0.705,0,1,0,2,8,48,3,0,0,1,0.0
beta.52,sim,500,,,poor,-12.0,average,fading,,1000,316.8,25.3,35.8,0.705,0,1,0,2,8,48,3,1,0,1,0.1
beta.52,sim,500,,,poor,-10.0,average,fading,,1000,229.1,34.9,53.7,0.65,0,1,1,1,6,33,0,0,0,1,0.0
beta.52,sim,500,,,poor,-10.0,average,fading,,1000,244.9,32.7,53.7,0.608,0,1,1,3,6,36,1,0,0,1,0.0
beta.52,sim,500,,,poor,-10.0,average,fading,,1000,289.4,27.6,53.7,0.515,0,1,0,4,8,43,2,1,0,1,0.0
beta.52,sim,500,,,poor,-10.0,average,fading,,1000,228.3,35.0,53.7,0.652,0,1,1,1,6,33,0,0,0,1,0.1
beta.52,sim,500,,,poor,-10.0,average,fading,,1000,244.3,32.8,53.7,0.61,0,1,1,3,6,36,1,0,0,1,0.0
beta.52,sim,500,,,poor,-10.0,average,fading,,1000,253.6,31.5,53.7,0.587,0,1,0,4,7,37,2,0,0,1,0.0
beta.52,sim,500,,,poor,-10.0,average,fading,,1000,228.6,35.0,53.7,0.651,0,1,1,1,6,33,0,0,0,1,0.0
beta.52,sim,500,,,poor,-10.0,average,fading,,1000,268.2,29.8,53.7,0.555,0,1,1,3,7,40,1,0,0,1,0.0
beta.52,sim,500,,,poor,-10.0,average,fading,,1000,270.1,29.6,53.7,0.551,0,1,1,3,7,40,1,0,0,1,0.0
beta.52,sim,500,,,poor,-10.0,average,fading,,1000,291.3,27.5,53.7,0.511,0,1,0,4,8,43,2,0,0,1,0.0
beta.52,sim,500,,,poor,-10.0,average,fading,,1000,228.4,35.0,53.7,0.652,0,1,1,1,6,33,0,0,0,1,0.0
beta.52,sim,500,,,poor,-10.0,average,fading,,1000,268.6,29.8,53.7,0.554,0,1,1,3,7,40,1,0,0,1,0.0
beta.52,sim,500,,,poor,-10.0,average,fading,,1000,243.4,32.9,53.7,0.612,0,1,1,3,6,36,1,0,0,1,0.0
beta.52,sim,500,,,poor,-10.0,average,fading,,1000,275.1,29.1,53.7,0.541,0,1,1,3,7,41,2,0,0,1,0.0
beta.52,sim,500,,,poor,-10.0,average,fading,,1000,280.3,28.5,53.7,0.531,0,1,0,2,7,42,1,0,0,1,0.0
beta.52,sim,500,,,poor,-10.0,average,fading,,1000,288.5,27.7,53.7,0.516,0,1,0,4,8,43,2,0,0,1,0.0
beta.52,sim,500,,,poor,-10.0,average,fading,,1000,237.2,33.7,53.7,0.628,0,1,0,2,6,35,1,0,0,1,0.0
beta.52,sim,500,,,poor,-10.0,average,fading,,1000,259.1,30.9,53.7,0.575,0,1,1,3,7,38,1,0,0,1,0.0
beta.52,sim,500,,,poor,-10.0,average,fading,,1000,227.2,35.2,53.7,0.655,0,1,1,1,6,33,0,0,0,1,0.0
beta.52,sim,500,,,poor,-10.0,average,fading,,1000,279.8,28.6,53.7,0.532,0,1,1,3,7,42,1,0,0,1,0.0
beta.52,sim,500,,,poor,-10.0,average,fading,,1000,236.1,33.9,53.7,0.631,0,1,0,2,7,34,1,1,0,1,0.0
beta.52,sim,500,,,poor,-10.0,average,fading,,1000,243.0,32.9,53.7,0.613,0,1,1,3,6,36,1,0,0,1,0.0
beta.52,sim,500,,,poor,-10.0,average,fading,,1000,242.4,33.0,53.7,0.614,0,1,0,2,7,35,2,0,0,1,0.0
beta.52,sim,500,,,poor,-10.0,average,fading,,1000,243.4,32.9,53.7,0.612,0,1,0,2,6,36,2,0,0,1,0.0
beta.52,sim,500,,,poor,-10.0,average,fading,,1000,244.8,32.7,53.7,0.608,0,1,1,3,6,36,1,0,0,1,0.0
beta.52,sim,500,,,poor,-10.0,average,fading,,1000,236.8,33.8,53.7,0.629,0,1,0,2,7,34,1,0,0,1,0.0
beta.52,sim,500,,,poor,-10.0,average,fading,,1000,227.3,35.2,53.7,0.655,0,1,1,1,6,33,0,0,0,1,0.0
beta.52,sim,500,,,poor,-10.0,average,fading,,1000,245.3,32.6,53.7,0.607,0,1,1,3,6,36,1,0,0,1,0.0
beta.52,sim,500,,,poor,-10.0,average,fading,,1000,269.6,29.7,53.7,0.552,0,1,0,4,7,40,2,0,0,1,0.0
beta.52,sim,500,,,poor,-10.0,average,fading,,1000,275.0,29.1,53.7,0.541,0,1,0,4,7,41,3,1,0,1,0.0
beta.52,sim,500,,,poor,-8.0,average,fading,,1000,229.1,34.9,53.7,0.65,0,1,1,1,6,33,0,0,0,1,0.0
beta.52,sim,500,,,poor,-8.0,average,fading,,1000,228.8,35.0,53.7,0.651,0,1,1,1,6,33,0,0,0,1,0.0
beta.52,sim,500,,,poor,-8.0,average,fading,,1000,238.1,33.6,53.7,0.625,0,1,0,2,6,35,1,0,0,1,0.0
beta.52,sim,500,,,poor,-8.0,average,fading,,1000,228.3,35.0,53.7,0.652,0,1,1,1,6,33,0,0,0,1,0.0
beta.52,sim,500,,,poor,-8.0,average,fading,,1000,228.2,35.1,53.7,0.653,0,1,1,1,6,33,0,0,0,1,0.0
beta.52,sim,500,,,poor,-8.0,average,fading,,1000,227.9,35.1,53.7,0.653,0,1,1,1,6,33,0,0,0,1,0.0
beta.52,sim,500,,,poor,-8.0,average,fading,,1000,228.6,35.0,53.7,0.651,0,1,1,1,6,33,0,0,0,1,0.0
beta.52,sim,500,,,poor,-8.0,average,fading,,1000,226.5,35.3,53.7,0.657,0,1,1,1,6,33,0,0,0,1,0.0
beta.52,sim,500,,,poor,-8.0,average,fading,,1000,244.4,32.7,53.7,0.609,0,1,1,3,6,36,1,0,0,1,0.0
beta.52,sim,500,,,poor,-8.0,average,fading,,1000,229.3,34.9,53.7,0.649,0,1,1,1,6,33,0,0,0,1,0.0
beta.52,sim,500,,,poor,-8.0,average,fading,,1000,228.4,35.0,53.7,0.652,0,1,1,1,6,33,0,0,0,1,0.0
beta.52,sim,500,,,poor,-8.0,average,fading,,1000,226.9,35.3,53.7,0.656,0,1,1,1,6,33,0,0,0,1,0.0
beta.52,sim,500,,,poor,-8.0,average,fading,,1000,232.7,34.4,53.7,0.64,0,1,1,1,6,34,1,0,0,1,0.0
beta.52,sim,500,,,poor,-8.0,average,fading,,1000,228.0,35.1,53.7,0.653,0,1,1,1,6,33,0,0,0,1,0.0
beta.52,sim,500,,,poor,-8.0,average,fading,,1000,227.8,35.1,53.7,0.654,0,1,1,1,6,33,0,0,0,1,0.0
beta.52,sim,500,,,poor,-8.0,average,fading,,1000,226.4,35.3,53.7,0.658,0,1,1,1,6,33,0,0,0,1,0.0
beta.52,sim,500,,,poor,-8.0,average,fading,,1000,226.5,35.3,53.7,0.657,0,1,1,1,6,33,0,0,0,1,0.0
beta.52,sim,500,,,poor,-8.0,average,fading,,1000,228.1,35.1,53.7,0.653,0,1,1,1,6,33,0,0,0,1,0.0
beta.52,sim,500,,,poor,-8.0,average,fading,,1000,227.2,35.2,53.7,0.655,0,1,1,1,6,33,0,0,0,1,0.0
beta.52,sim,500,,,poor,-8.0,average,fading,,1000,243.4,32.9,53.7,0.612,0,1,1,3,6,36,1,0,0,1,0.0
beta.52,sim,500,,,poor,-8.0,average,fading,,1000,226.5,35.3,53.7,0.657,0,1,1,1,6,33,0,0,0,1,0.0
beta.52,sim,500,,,poor,-8.0,average,fading,,1000,226.9,35.3,53.7,0.656,0,1,1,1,6,33,0,0,0,1,0.0
beta.52,sim,500,,,poor,-8.0,average,fading,,1000,232.8,34.4,53.7,0.64,0,1,1,1,6,34,1,0,0,1,0.0
beta.52,sim,500,,,poor,-8.0,average,fading,,1000,227.3,35.2,53.7,0.655,0,1,1,1,6,33,0,0,0,1,0.0
beta.52,sim,500,,,poor,-8.0,average,fading,,1000,228.8,35.0,53.7,0.651,0,1,1,1,6,33,0,0,0,1,0.0
beta.52,sim,500,,,poor,-8.0,average,fading,,1000,227.2,35.2,53.7,0.655,0,1,1,1,6,33,0,0,0,1,0.0
beta.52,sim,500,,,poor,-8.0,average,fading,,1000,227.3,35.2,53.7,0.655,0,1,1,1,6,33,0,0,0,1,0.0
beta.52,sim,500,,,poor,-8.0,average,fading,,1000,229.3,34.9,53.7,0.649,0,1,1,1,6,33,0,0,0,1,0.0
beta.52,sim,500,,,poor,-8.0,average,fading,,1000,238.6,33.5,53.7,0.624,0,1,0,2,6,35,1,0,0,1,0.0
beta.52,sim,500,,,poor,-8.0,average,fading,,1000,269.7,29.7,53.7,0.552,0,1,0,4,7,40,2,0,0,1,0.0
beta.52,sim,500,,,poor,-6.0,average,fading,,1000,234.4,34.1,53.7,0.635,0,1,1,1,6,34,1,0,0,1,0.0
beta.52,sim,500,,,poor,-6.0,average,fading,,1000,234.2,34.2,53.7,0.636,0,1,1,1,6,34,1,0,0,1,0.0
beta.52,sim,500,,,poor,-6.0,average,fading,,1000,227.4,35.2,53.7,0.655,0,1,1,1,6,33,0,0,0,1,0.0
beta.52,sim,500,,,poor,-6.0,average,fading,,1000,228.3,35.0,53.7,0.652,0,1,1,1,6,33,0,0,0,1,0.0
beta.52,sim,500,,,poor,-6.0,average,fading,,1000,228.2,35.1,53.7,0.653,0,1,1,1,6,33,0,0,0,1,0.0
beta.52,sim,500,,,poor,-6.0,average,fading,,1000,227.9,35.1,53.7,0.653,0,1,1,1,6,33,0,0,0,1,0.0
beta.52,sim,500,,,poor,-6.0,average,fading,,1000,228.6,35.0,53.7,0.651,0,1,1,1,6,33,0,0,0,1,0.0
beta.52,sim,500,,,poor,-6.0,average,fading,,1000,226.5,35.3,53.7,0.657,0,1,1,1,6,33,0,0,0,1,0.0
beta.52,sim,500,,,poor,-6.0,average,fading,,1000,210.7,38.0,53.7,0.707,0,1,1,1,6,33,0,0,0,1,0.0
beta.52,sim,500,,,poor,-6.0,average,fading,,1000,229.3,34.9,53.7,0.649,0,1,1,1,6,33,0,0,0,1,0.0
beta.52,sim,500,,,poor,-6.0,average,fading,,1000,228.4,35.0,53.7,0.652,0,1,1,1,6,33,0,0,0,1,0.0
beta.52,sim,500,,,poor,-6.0,average,fading,,1000,226.9,35.3,53.7,0.656,0,1,1,1,6,33,0,0,0,1,0.0
beta.52,sim,500,,,poor,-6.0,average,fading,,1000,232.7,34.4,53.7,0.64,0,1,1,1,6,34,1,0,0,1,0.0
beta.52,sim,500,,,poor,-6.0,average,fading,,1000,228.0,35.1,53.7,0.653,0,1,1,1,6,33,0,0,0,1,0.0
beta.52,sim,500,,,poor,-6.0,average,fading,,1000,227.8,35.1,53.7,0.654,0,1,1,1,6,33,0,0,0,1,0.0
beta.52,sim,500,,,poor,-6.0,average,fading,,1000,226.4,35.3,53.7,0.658,0,1,1,1,6,33,0,0,0,1,0.0
beta.52,sim,500,,,poor,-6.0,average,fading,,1000,226.5,35.3,53.7,0.657,0,1,1,1,6,33,0,0,0,1,0.0
beta.52,sim,500,,,poor,-6.0,average,fading,,1000,228.1,35.1,53.7,0.653,0,1,1,1,6,33,0,0,0,1,0.0
beta.52,sim,500,,,poor,-6.0,average,fading,,1000,213.7,37.4,53.7,0.697,0,1,1,1,6,33,0,0,0,1,0.0
beta.52,sim,500,,,poor,-6.0,average,fading,,1000,227.3,35.2,53.7,0.655,0,1,1,1,6,33,0,0,0,1,0.0
beta.52,sim,500,,,poor,-6.0,average,fading,,1000,226.5,35.3,53.7,0.657,0,1,1,1,6,33,0,0,0,1,0.0
beta.52,sim,500,,,poor,-6.0,average,fading,,1000,232.3,34.4,53.7,0.641,0,1,1,1,6,34,1,0,0,1,0.0
beta.52,sim,500,,,poor,-6.0,average,fading,,1000,232.8,34.4,53.7,0.64,0,1,1,1,6,34,1,0,0,1,0.0
beta.52,sim,500,,,poor,-6.0,average,fading,,1000,227.3,35.2,53.7,0.655,0,1,1,1,6,33,0,0,0,1,0.0
beta.52,sim,500,,,poor,-6.0,average,fading,,1000,228.8,35.0,53.7,0.651,0,1,1,1,6,33,0,0,0,1,0.0
beta.52,sim,500,,,poor,-6.0,average,fading,,1000,227.2,35.2,53.7,0.655,0,1,1,1,6,33,0,0,0,1,0.0
beta.52,sim,500,,,poor,-6.0,average,fading,,1000,227.3,35.2,53.7,0.655,0,1,1,1,6,33,0,0,0,1,0.0
beta.52,sim,500,,,poor,-6.0,average,fading,,1000,229.3,34.9,53.7,0.649,0,1,1,1,6,33,0,0,0,1,0.0
beta.52,sim,500,,,poor,-6.0,average,fading,,1000,227.9,35.1,53.7,0.653,0,1,1,1,6,33,0,0,0,1,0.0
beta.52,sim,500,,,poor,-6.0,average,fading,,1000,233.3,34.3,53.7,0.638,0,1,1,1,6,34,1,0,0,1,0.0
beta.52,sim,500,,,poor,-4.0,average,fading,,1000,234.4,34.1,53.7,0.635,0,1,1,1,6,34,1,0,0,1,0.0
beta.52,sim,500,,,poor,-4.0,average,fading,,1000,234.2,34.2,53.7,0.636,0,1,1,1,6,34,1,0,0,1,0.0
beta.52,sim,500,,,poor,-4.0,average,fading,,1000,210.7,38.0,53.7,0.707,0,1,1,1,6,33,0,0,0,1,0.0
beta.52,sim,500,,,poor,-4.0,average,fading,,1000,233.7,34.2,53.7,0.637,0,1,1,1,6,34,1,0,0,1,0.0
beta.52,sim,500,,,poor,-4.0,average,fading,,1000,228.2,35.1,53.7,0.653,0,1,1,1,6,33,0,0,0,1,0.0
beta.52,sim,500,,,poor,-4.0,average,fading,,1000,227.9,35.1,53.7,0.653,0,1,1,1,6,33,0,0,0,1,0.0
beta.52,sim,500,,,poor,-4.0,average,fading,,1000,228.6,35.0,53.7,0.651,0,1,1,1,6,33,0,0,0,1,0.0
beta.52,sim,500,,,poor,-4.0,average,fading,,1000,226.5,35.3,53.7,0.657,0,1,1,1,6,33,0,0,0,1,0.0
beta.52,sim,500,,,poor,-4.0,average,fading,,1000,210.7,38.0,53.7,0.707,0,1,1,1,6,33,0,0,0,1,0.0
beta.52,sim,500,,,poor,-4.0,average,fading,,1000,229.3,34.9,53.7,0.649,0,1,1,1,6,33,0,0,0,1,0.0
beta.52,sim,500,,,poor,-4.0,average,fading,,1000,228.4,35.0,53.7,0.652,0,1,1,1,6,33,0,0,0,1,0.0
beta.52,sim,500,,,poor,-4.0,average,fading,,1000,226.9,35.3,53.7,0.656,0,1,1,1,6,33,0,0,0,1,0.0
beta.52,sim,500,,,poor,-4.0,average,fading,,1000,232.7,34.4,53.7,0.64,0,1,1,1,6,34,1,0,0,1,0.0
beta.52,sim,500,,,poor,-4.0,average,fading,,1000,228.0,35.1,53.7,0.653,0,1,1,1,6,33,0,0,0,1,0.0
beta.52,sim,500,,,poor,-4.0,average,fading,,1000,220.2,36.3,53.7,0.676,0,1,1,1,6,34,1,0,0,1,0.0
beta.52,sim,500,,,poor,-4.0,average,fading,,1000,231.8,34.5,53.7,0.642,0,1,1,1,6,34,1,0,0,1,0.0
beta.52,sim,500,,,poor,-4.0,average,fading,,1000,231.9,34.5,53.7,0.642,0,1,1,1,6,34,1,0,0,1,0.0
beta.52,sim,500,,,poor,-4.0,average,fading,,1000,233.5,34.3,53.7,0.638,0,1,1,1,6,34,1,0,0,1,0.0
beta.52,sim,500,,,poor,-4.0,average,fading,,1000,213.7,37.4,53.7,0.697,0,2,1,2,9,48,13,2,2,1,0.0
beta.52,sim,500,,,poor,-4.0,average,fading,,1000,227.3,35.2,53.7,0.655,0,1,1,1,6,33,0,0,0,1,0.0
beta.52,sim,500,,,poor,-4.0,average,fading,,1000,214.9,37.2,53.7,0.693,0,1,1,1,6,33,0,0,0,1,0.0
beta.52,sim,500,,,poor,-4.0,average,fading,,1000,214.3,37.3,53.7,0.695,0,1,1,1,6,33,0,0,0,1,0.0
beta.52,sim,500,,,poor,-4.0,average,fading,,1000,253.9,31.5,53.7,0.586,0,2,1,2,10,59,24,0,4,1,0.0
beta.52,sim,500,,,poor,-4.0,average,fading,,1000,232.6,34.4,53.7,0.64,0,1,1,1,6,34,1,0,0,1,0.0
beta.52,sim,500,,,poor,-4.0,average,fading,,1000,215.5,37.1,53.7,0.691,0,1,1,1,6,33,0,0,0,1,0.0
beta.52,sim,500,,,poor,-4.0,average,fading,,1000,227.2,35.2,53.7,0.655,0,1,1,1,6,33,0,0,0,1,0.1
beta.52,sim,500,,,poor,-4.0,average,fading,,1000,227.3,35.2,53.7,0.655,0,1,1,1,6,33,0,0,0,1,0.0
beta.52,sim,500,,,poor,-4.0,average,fading,,1000,229.3,34.9,53.7,0.649,0,1,1,1,6,33,0,0,0,1,0.0
beta.52,sim,500,,,poor,-4.0,average,fading,,1000,227.9,35.1,53.7,0.653,0,1,1,1,6,33,0,0,0,1,0.0
beta.52,sim,500,,,poor,-4.0,average,fading,,1000,233.3,34.3,53.7,0.638,0,1,1,1,6,34,1,0,0,1,0.0
beta.52,sim,500,,,poor,-2.0,average,fading,,1000,224.4,35.7,53.7,0.664,0,3,1,7,13,63,24,5,5,1,0.0
beta.52,sim,500,,,poor,-2.0,average,fading,,1000,234.2,34.2,53.7,0.636,0,1,1,1,6,34,1,0,0,1,0.0
beta.52,sim,500,,,poor,-2.0,average,fading,,1000,234.3,34.1,53.7,0.635,0,2,1,4,9,51,12,1,2,1,0.0
beta.52,sim,500,,,poor,-2.0,average,fading,,1000,238.5,33.5,53.7,0.624,0,2,1,4,8,44,7,0,1,1,0.0
beta.52,sim,500,,,poor,-2.0,average,fading,,1000,205.5,38.9,53.7,0.725,0,2,1,2,9,43,8,0,2,1,0.0
beta.52,sim,500,,,poor,-2.0,average,fading,,1000,233.3,34.3,53.7,0.638,0,1,1,1,6,34,1,0,0,1,0.0
beta.52,sim,500,,,poor,-2.0,average,fading,,1000,209.4,38.2,53.7,0.711,0,2,1,3,8,38,1,0,0,1,0.0
beta.52,sim,500,,,poor,-2.0,average,fading,,1000,223.6,35.8,53.7,0.666,0,2,1,2,9,49,12,0,2,1,0.0
beta.52,sim,500,,,poor,-2.0,average,fading,,1000,193.9,41.3,53.7,0.768,0,2,1,3,9,45,7,2,1,1,0.0
beta.52,sim,500,,,poor,-2.0,average,fading,,1000,234.3,34.1,53.7,0.635,0,2,1,4,9,51,12,1,2,1,0.0
beta.52,sim,500,,,poor,-2.0,average,fading,,1000,241.0,33.2,53.7,0.618,0,2,1,5,10,44,5,0,3,1,0.0
beta.52,sim,500,,,poor,-2.0,average,fading,,1000,210.5,38.0,53.7,0.707,0,3,3,3,7,37,0,0,0,1,0.0
beta.52,sim,500,,,poor,-2.0,average,fading,,1000,222.7,35.9,53.7,0.669,0,3,1,3,9,42,4,0,0,1,0.0
beta.52,sim,500,,,poor,-2.0,average,fading,,1000,226.7,35.3,53.7,0.657,0,2,1,3,8,38,1,0,0,1,0.0
beta.52,sim,500,,,poor,-2.0,average,fading,,1000,185.7,43.1,53.7,0.802,1,2,1,1,8,39,1,1,0,1,0.0
beta.52,sim,500,,,poor,-2.0,average,fading,,1000,215.4,37.1,53.7,0.691,0,2,1,4,8,43,6,0,1,1,0.1
beta.52,sim,500,,,poor,-2.0,average,fading,,1000,177.1,45.2,53.7,0.841,0,3,1,7,12,57,11,1,2,1,0.1
beta.52,sim,500,,,poor,-2.0,average,fading,,1000,232.2,34.5,53.7,0.641,0,2,1,3,8,39,2,0,0,1,0.0
beta.52,sim,500,,,poor,-2.0,average,fading,,1000,226.7,35.3,53.7,0.657,0,2,0,5,12,60,20,0,4,1,0.0
beta.52,sim,500,,,poor,-2.0,average,fading,,1000,219.5,36.4,53.7,0.678,0,3,0,5,10,40,3,0,3,1,0.0
beta.52,sim,500,,,poor,-2.0,average,fading,,1000,225.6,35.5,53.7,0.66,0,2,1,5,10,46,9,2,2,1,0.1
beta.52,sim,500,,,poor,-2.0,average,fading,,1000,210.4,38.0,53.7,0.707,0,2,1,3,8,39,2,1,0,1,0.0
beta.52,sim,500,,,poor,-2.0,average,fading,,1000,189.8,42.2,53.7,0.784,1,3,1,1,7,39,6,0,1,1,0.0
beta.52,sim,500,,,poor,-2.0,average,fading,,1000,248.9,32.1,53.7,0.598,0,2,1,3,10,52,13,0,2,1,0.1
beta.52,sim,500,,,poor,-2.0,average,fading,,1000,213.5,37.5,53.7,0.697,0,2,1,3,11,52,9,0,3,1,0.0
beta.52,sim,500,,,poor,-2.0,average,fading,,1000,216.9,36.9,53.7,0.686,0,2,1,5,9,39,2,0,1,1,0.0
beta.52,sim,500,,,poor,-2.0,average,fading,,1000,245.4,32.6,53.7,0.607,0,2,1,4,10,57,18,1,3,1,0.1
beta.52,sim,500,,,poor,-2.0,average,fading,,1000,219.9,36.4,53.7,0.677,0,2,1,4,8,43,6,1,1,1,0.0
beta.52,sim,500,,,poor,-2.0,average,fading,,1000,226.6,35.3,53.7,0.657,0,2,1,3,8,38,1,0,0,1,0.0
beta.52,sim,500,,,poor,-2.0,average,fading,,1000,228.4,35.0,53.7,0.652,0,2,1,3,9,44,7,0,1,1,0.0
beta.52,sim,500,,,poor,0.0,average,fading,,1000,233.9,11.3,189.8,0.059,0,4,0,3,8,48,30,0,5,0,0.0
beta.52,sim,500,,,poor,0.0,average,fading,,1000,237.1,33.7,189.8,0.178,0,2,1,2,9,39,2,0,0,1,0.0
beta.52,sim,500,,,poor,0.0,average,fading,,1000,111.4,71.8,189.8,0.378,1,4,1,4,9,46,4,1,0,1,0.0
beta.52,sim,500,,,poor,0.0,average,fading,,1000,153.2,52.2,189.8,0.275,0,3,1,7,13,74,10,0,1,1,0.0
beta.52,sim,500,,,poor,0.0,average,fading,,1000,184.9,43.3,189.8,0.228,0,2,0,3,9,49,7,0,1,1,0.0
beta.52,sim,500,,,poor,0.0,average,fading,,1000,169.0,47.3,189.8,0.249,1,3,2,3,8,38,1,0,0,1,0.0
beta.52,sim,500,,,poor,0.0,average,fading,,1000,138.8,57.6,189.8,0.304,0,4,3,8,11,60,15,2,2,1,0.0
beta.52,sim,500,,,poor,0.0,average,fading,,1000,178.8,44.7,189.8,0.236,0,4,1,5,8,47,9,1,1,1,0.0
beta.52,sim,500,,,poor,0.0,average,fading,,1000,188.5,42.4,189.8,0.224,0,3,1,3,9,44,7,1,1,1,0.0
beta.52,sim,500,,,poor,0.0,average,fading,,1000,171.5,46.6,189.8,0.246,1,3,2,4,9,41,2,0,0,1,0.0
beta.52,sim,500,,,poor,0.0,average,fading,,1000,138.1,57.9,189.8,0.305,0,3,2,7,14,75,16,0,2,1,0.0
beta.52,sim,500,,,poor,0.0,average,fading,,1000,216.7,36.9,189.8,0.195,0,2,1,2,7,41,6,0,1,1,0.1
beta.52,sim,500,,,poor,0.0,average,fading,,1000,176.5,45.3,189.8,0.239,0,3,2,7,10,44,4,0,1,1,0.1
beta.52,sim,500,,,poor,0.0,average,fading,,1000,232.0,34.5,189.8,0.182,0,2,1,3,8,39,2,0,0,1,0.1
beta.52,sim,500,,,poor,0.0,average,fading,,1000,180.5,44.3,189.8,0.234,0,4,1,7,11,49,8,1,2,1,0.0
beta.52,sim,500,,,poor,0.0,average,fading,,1000,167.5,47.8,189.8,0.252,0,3,1,6,13,73,25,0,4,1,0.0
beta.52,sim,500,,,poor,0.0,average,fading,,1000,133.3,60.0,189.8,0.316,1,4,1,6,11,60,13,3,1,1,0.0
beta.52,sim,500,,,poor,0.0,average,fading,,1000,151.1,52.9,189.8,0.279,1,3,1,3,9,48,2,0,0,1,0.0
beta.52,sim,500,,,poor,0.0,average,fading,,1000,149.2,53.6,189.8,0.283,0,4,2,5,8,46,5,1,1,1,0.0
beta.52,sim,500,,,poor,0.0,average,fading,,1000,215.4,37.1,189.8,0.196,0,2,1,4,8,43,6,0,1,1,0.0
beta.52,sim,500,,,poor,0.0,average,fading,,1000,201.5,39.7,189.8,0.209,0,2,1,3,8,37,2,0,1,1,0.0
beta.52,sim,500,,,poor,0.0,average,fading,,1000,158.7,50.4,189.8,0.266,1,3,1,3,9,44,3,2,0,1,0.0
beta.52,sim,500,,,poor,0.0,average,fading,,1000,164.8,48.6,189.8,0.256,0,4,1,4,9,49,10,1,1,1,0.0
beta.52,sim,500,,,poor,0.0,average,fading,,1000,166.6,48.0,189.8,0.253,0,4,0,10,14,56,16,3,4,1,0.0
beta.52,sim,500,,,poor,0.0,average,fading,,1000,156.7,51.0,189.8,0.269,1,3,1,1,8,39,2,0,0,1,0.0
beta.52,sim,500,,,poor,0.0,average,fading,,1000,153.1,52.2,189.8,0.275,1,3,1,3,10,53,2,1,0,1,0.0
beta.52,sim,500,,,poor,0.0,average,fading,,1000,183.7,43.5,189.8,0.23,0,3,1,5,10,53,13,0,2,1,0.0
beta.52,sim,500,,,poor,0.0,average,fading,,1000,135.8,58.9,189.8,0.31,0,3,1,6,12,64,19,0,3,1,0.0
beta.52,sim,500,,,poor,0.0,average,fading,,1000,192.5,41.6,189.8,0.219,0,3,0,9,13,54,9,0,4,1,0.0
beta.52,sim,500,,,poor,0.0,average,fading,,1000,169.3,47.2,189.8,0.249,0,3,1,5,13,73,13,1,2,1,0.0
beta.52,sim,500,,,poor,2.0,average,fading,,1000,114.9,69.6,189.8,0.367,1,5,1,5,10,51,13,0,2,1,0.0
beta.52,sim,500,,,poor,2.0,average,fading,,1000,62.8,127.3,189.8,0.671,3,4,3,3,9,48,6,4,0,1,0.0
beta.52,sim,500,,,poor,2.0,average,fading,,1000,75.5,106.0,189.8,0.559,2,5,2,4,10,59,3,0,0,1,0.0
beta.52,sim,500,,,poor,2.0,average,fading,,1000,149.1,53.6,189.8,0.283,0,4,1,4,8,43,2,1,0,1,0.0
beta.52,sim,500,,,poor,2.0,average,fading,,1000,79.4,100.8,189.8,0.531,0,4,3,6,11,61,10,2,1,1,0.0
beta.52,sim,500,,,poor,2.0,average,fading,,1000,67.8,117.9,189.8,0.621,1,4,4,5,9,52,7,1,1,1,0.0
beta.52,sim,500,,,poor,2.0,average,fading,,1000,136.9,58.4,189.8,0.308,0,4,1,8,13,73,16,1,2,1,0.0
beta.52,sim,500,,,poor,2.0,average,fading,,1000,137.1,58.3,189.8,0.307,1,5,1,4,7,40,8,1,1,1,0.0
beta.52,sim,500,,,poor,2.0,average,fading,,1000,159.5,50.2,189.8,0.264,1,4,1,4,9,44,8,1,1,1,0.0
beta.52,sim,500,,,poor,2.0,average,fading,,1000,70.0,114.4,189.8,0.603,1,4,3,6,9,54,10,1,1,1,0.0
beta.52,sim,500,,,poor,2.0,average,fading,,1000,110.0,72.7,189.8,0.383,0,4,3,6,11,52,9,0,1,1,0.0
beta.52,sim,500,,,poor,2.0,average,fading,,1000,187.8,42.6,189.8,0.224,0,5,5,5,10,54,14,0,2,1,0.0
beta.52,sim,500,,,poor,2.0,average,fading,,1000,152.6,52.4,189.8,0.276,0,3,1,7,12,58,9,0,1,1,0.0
beta.52,sim,500,,,poor,2.0,average,fading,,1000,118.2,67.7,189.8,0.357,0,4,1,5,10,51,9,1,1,1,0.0
beta.52,sim,500,,,poor,2.0,average,fading,,1000,122.3,65.4,189.8,0.345,1,5,1,4,8,38,4,1,0,1,0.0
beta.52,sim,500,,,poor,2.0,average,fading,,1000,97.7,81.9,189.8,0.431,0,4,1,10,14,74,16,0,3,1,0.0
beta.52,sim,500,,,poor,2.0,average,fading,,1000,64.7,123.7,189.8,0.652,1,5,1,5,9,49,10,0,1,1,0.0
beta.52,sim,500,,,poor,2.0,average,fading,,1000,57.6,138.9,189.8,0.732,2,5,3,4,8,44,5,1,0,1,0.0
beta.52,sim,500,,,poor,2.0,average,fading,,1000,130.2,61.4,189.8,0.324,0,4,1,6,10,54,10,1,1,1,0.0
beta.52,sim,500,,,poor,2.0,average,fading,,1000,106.0,75.4,189.8,0.398,1,4,1,4,9,45,3,0,0,1,0.0
beta.52,sim,500,,,poor,2.0,average,fading,,1000,78.1,102.5,189.8,0.54,0,4,0,5,10,60,14,1,2,1,0.0
beta.52,sim,500,,,poor,2.0,average,fading,,1000,124.1,64.5,189.8,0.34,1,4,1,4,10,53,3,2,0,1,0.0
beta.52,sim,500,,,poor,2.0,average,fading,,1000,133.7,59.8,189.8,0.315,1,5,1,3,8,44,10,0,1,1,0.0
beta.52,sim,500,,,poor,2.0,average,fading,,1000,135.8,58.9,189.8,0.31,1,5,1,5,9,45,11,1,1,1,0.0
beta.52,sim,500,,,poor,2.0,average,fading,,1000,85.3,93.8,189.8,0.494,0,4,2,4,11,65,9,0,1,1,0.0
beta.52,sim,500,,,poor,2.0,average,fading,,1000,64.9,123.3,189.8,0.65,2,4,3,2,8,47,1,1,0,1,0.0
beta.52,sim,500,,,poor,2.0,average,fading,,1000,60.8,131.6,189.8,0.694,2,4,3,2,8,47,1,1,0,1,0.0
beta.52,sim,500,,,poor,2.0,average,fading,,1000,87.7,91.2,189.8,0.481,1,4,1,3,9,47,3,1,0,1,0.0
beta.52,sim,500,,,poor,2.0,average,fading,,1000,80.1,99.8,189.8,0.526,1,5,2,8,12,60,8,0,2,1,0.0
beta.52,sim,500,,,poor,2.0,average,fading,,1000,139.2,57.5,189.8,0.303,1,5,1,4,8,41,8,1,1,1,0.0
beta.52,sim,500,,,poor,6.0,average,fading,,1000,38.7,206.7,296.0,0.698,4,7,4,2,5,29,2,1,0,1,0.0
beta.52,sim,500,,,poor,6.0,average,fading,,1000,41.8,191.2,296.0,0.646,5,7,5,1,6,31,5,3,0,1,0.0
beta.52,sim,500,,,poor,6.0,average,fading,,1000,31.4,255.1,296.0,0.862,4,8,7,3,4,23,2,0,0,1,0.0
beta.52,sim,500,,,poor,6.0,average,fading,,1000,53.1,150.5,296.0,0.509,0,7,4,4,7,40,9,0,1,1,0.0
beta.52,sim,500,,,poor,6.0,average,fading,,1000,52.1,153.6,296.0,0.519,3,5,3,5,7,39,8,0,1,1,0.0
beta.52,sim,500,,,poor,6.0,average,fading,,1000,53.4,149.8,296.0,0.506,2,7,2,4,7,41,3,1,0,1,0.0
beta.52,sim,500,,,poor,6.0,average,fading,,1000,42.9,186.5,296.0,0.63,2,7,5,3,6,32,2,1,0,1,0.0
beta.52,sim,500,,,poor,6.0,average,fading,,1000,30.3,264.0,296.0,0.892,5,8,5,3,4,22,3,1,0,1,0.0
beta.52,sim,500,,,poor,6.0,average,fading,,1000,49.2,162.6,296.0,0.549,3,7,3,3,7,37,4,0,0,1,0.0
beta.52,sim,500,,,poor,6.0,average,fading,,1000,45.0,177.7,296.0,0.6,3,5,5,3,6,34,1,0,0,1,0.0
beta.52,sim,500,,,poor,6.0,average,fading,,1000,50.2,159.4,296.0,0.538,3,5,4,4,6,35,2,0,0,1,0.0
beta.52,sim,500,,,poor,6.0,average,fading,,1000,38.7,206.7,296.0,0.698,2,7,7,3,5,29,0,0,0,1,0.0
beta.52,sim,500,,,poor,6.0,average,fading,,1000,39.8,201.2,296.0,0.68,3,7,5,3,5,30,2,1,0,1,0.0
beta.52,sim,500,,,poor,6.0,average,fading,,1000,53.4,149.8,296.0,0.506,3,5,3,3,7,41,3,0,0,1,0.0
beta.52,sim,500,,,poor,6.0,average,fading,,1000,34.5,231.9,296.0,0.783,4,8,4,4,5,25,4,1,0,1,0.0
beta.52,sim,500,,,poor,6.0,average,fading,,1000,38.7,206.7,296.0,0.698,4,7,5,2,5,29,2,0,0,1,0.0
beta.52,sim,500,,,poor,6.0,average,fading,,1000,31.4,255.1,296.0,0.862,5,8,7,2,4,23,3,0,0,1,0.0
beta.52,sim,500,,,poor,6.0,average,fading,,1000,38.7,206.8,296.0,0.699,4,7,4,3,6,28,4,1,0,1,0.0
beta.52,sim,500,,,poor,6.0,average,fading,,1000,47.1,169.8,296.0,0.574,2,5,5,4,6,36,1,0,0,1,0.0
beta.52,sim,500,,,poor,6.0,average,fading,,1000,38.7,206.7,296.0,0.698,3,7,5,3,5,29,1,1,0,1,0.0
beta.52,sim,500,,,poor,6.0,average,fading,,1000,44.0,182.0,296.0,0.615,3,5,5,3,6,33,1,0,0,1,0.0
beta.52,sim,500,,,poor,6.0,average,fading,,1000,45.0,177.7,296.0,0.6,3,7,3,4,6,34,3,2,0,1,0.0
beta.52,sim,500,,,poor,6.0,average,fading,,1000,30.3,264.2,296.0,0.893,7,9,7,3,5,21,5,1,0,1,0.0
beta.52,sim,500,,,poor,6.0,average,fading,,1000,50.3,159.2,296.0,0.538,3,7,3,2,7,38,2,1,0,1,0.0
beta.52,sim,500,,,poor,6.0,average,fading,,1000,40.8,196.1,296.0,0.662,4,7,4,4,6,30,6,0,0,1,0.0
beta.52,sim,500,,,poor,6.0,average,fading,,1000,37.7,212.4,296.0,0.718,4,7,5,2,5,28,1,1,0,1,0.0
beta.52,sim,500,,,poor,6.0,average,fading,,1000,37.7,212.4,296.0,0.718,4,7,5,2,5,28,1,1,0,1,0.0
beta.52,sim,500,,,poor,6.0,average,fading,,1000,38.7,206.7,296.0,0.698,4,7,5,2,5,29,2,0,0,1,0.0
beta.52,sim,500,,,poor,6.0,average,fading,,1000,59.4,134.6,296.0,0.455,2,7,2,4,8,45,7,1,1,1,0.0
beta.52,sim,500,,,poor,6.0,average,fading,,1000,34.5,231.9,296.0,0.783,5,8,5,3,5,25,4,1,0,1,0.0
fast tones,sim,2300,,,awgn,-18.0,average,fading,,2000,608.9,26.3,35.8,0.734,0,0,0,0,16,96,0,0,0,1,0.0
fast tones,sim,2300,,,awgn,-18.0,average,fading,,2000,618.2,25.9,35.8,0.723,0,0,0,0,17,97,1,0,0,1,0.0
fast tones,sim,2300,,,awgn,-18.0,average,fading,,2000,616.7,25.9,35.8,0.724,0,0,0,0,17,97,1,0,0,1,0.0
fast tones,sim,2300,,,awgn,-18.0,average,fading,,2000,608.1,26.3,35.8,0.735,0,0,0,0,16,96,0,0,0,1,0.0
fast tones,sim,2300,,,awgn,-18.0,average,fading,,2000,608.0,26.3,35.8,0.735,0,0,0,0,16,96,0,0,0,1,0.0
fast tones,sim,2300,,,awgn,-18.0,average,fading,,2000,607.7,26.3,35.8,0.735,0,0,0,0,16,96,0,0,0,1,0.0
fast tones,sim,2300,,,awgn,-18.0,average,fading,,2000,608.4,26.3,35.8,0.734,0,0,0,0,16,96,0,0,0,1,0.0
fast tones,sim,2300,,,awgn,-18.0,average,fading,,2000,606.3,26.4,35.8,0.737,0,0,0,0,16,96,0,0,0,1,0.0
fast tones,sim,2300,,,awgn,-18.0,average,fading,,2000,608.1,26.3,35.8,0.735,0,0,0,0,16,96,0,0,0,1,0.0
fast tones,sim,2300,,,awgn,-18.0,average,fading,,2000,609.1,26.3,35.8,0.733,0,0,0,0,16,96,0,0,0,1,0.0
fast tones,sim,2300,,,awgn,-18.0,average,fading,,2000,608.2,26.3,35.8,0.734,0,0,0,0,16,96,0,0,0,1,0.0
fast tones,sim,2300,,,awgn,-18.0,average,fading,,2000,606.7,26.4,35.8,0.736,0,0,0,0,16,96,0,0,0,1,0.0
fast tones,sim,2300,,,awgn,-18.0,average,fading,,2000,607.1,26.4,35.8,0.736,0,0,0,0,16,96,0,0,0,1,0.0
fast tones,sim,2300,,,awgn,-18.0,average,fading,,2000,607.7,26.3,35.8,0.735,0,0,0,0,16,96,0,0,0,1,0.0
fast tones,sim,2300,,,awgn,-18.0,average,fading,,2000,607.6,26.3,35.8,0.735,0,0,0,0,16,96,0,0,0,1,0.0
fast tones,sim,2300,,,awgn,-18.0,average,fading,,2000,615.8,26.0,35.8,0.725,0,0,0,0,17,97,1,0,0,1,0.0
fast tones,sim,2300,,,awgn,-18.0,average,fading,,2000,643.5,24.9,35.8,0.694,0,0,0,0,17,102,6,0,1,1,0.0
fast tones,sim,2300,,,awgn,-18.0,average,fading,,2000,607.9,26.3,35.8,0.735,0,0,0,0,16,96,0,0,0,1,0.0
fast tones,sim,2300,,,awgn,-18.0,average,fading,,2000,607.0,26.4,35.8,0.736,0,0,0,0,16,96,0,0,0,1,0.0
fast tones,sim,2300,,,awgn,-18.0,average,fading,,2000,607.1,26.4,35.8,0.736,0,0,0,0,16,96,0,0,0,1,0.0
fast tones,sim,2300,,,awgn,-18.0,average,fading,,2000,606.3,26.4,35.8,0.737,0,0,0,0,16,96,0,0,0,1,0.0
fast tones,sim,2300,,,awgn,-18.0,average,fading,,2000,616.3,26.0,35.8,0.725,0,0,0,0,17,97,1,0,0,1,0.0
fast tones,sim,2300,,,awgn,-18.0,average,fading,,2000,607.2,26.3,35.8,0.736,0,0,0,0,16,96,0,0,0,1,0.0
fast tones,sim,2300,,,awgn,-18.0,average,fading,,2000,616.6,25.9,35.8,0.724,0,0,0,0,17,97,1,0,0,1,0.0
fast tones,sim,2300,,,awgn,-18.0,average,fading,,2000,608.5,26.3,35.8,0.734,0,0,0,0,16,96,0,0,0,1,0.0
fast tones,sim,2300,,,awgn,-18.0,average,fading,,2000,607.0,26.4,35.8,0.736,0,0,0,0,16,96,0,0,0,1,0.0
fast tones,sim,2300,,,awgn,-18.0,average,fading,,2000,607.1,26.4,35.8,0.736,0,0,0,0,16,96,0,0,0,1,0.0
fast tones,sim,2300,,,awgn,-18.0,average,fading,,2000,609.0,26.3,35.8,0.733,0,0,0,0,16,96,0,0,0,1,0.0
fast tones,sim,2300,,,awgn,-18.0,average,fading,,2000,617.2,25.9,35.8,0.724,0,0,0,0,17,97,1,0,0,1,0.0
fast tones,sim,2300,,,awgn,-18.0,average,fading,,2000,617.3,25.9,35.8,0.724,0,0,0,0,17,97,1,0,0,1,0.0
fast tones,sim,2300,,,awgn,-14.0,average,fading,,2000,463.4,34.5,111.9,0.308,0,1,1,1,12,72,0,0,0,1,0.0
fast tones,sim,2300,,,awgn,-14.0,average,fading,,2000,452.4,35.4,111.9,0.316,0,1,1,1,12,70,0,0,0,1,0.0
fast tones,sim,2300,,,awgn,-14.0,average,fading,,2000,461.7,34.7,111.9,0.31,0,1,1,1,12,72,0,0,0,1,0.0
fast tones,sim,2300,,,awgn,-14.0,average,fading,,2000,462.6,34.6,111.9,0.309,0,1,1,1,12,72,0,0,0,1,0.0
fast tones,sim,2300,,,awgn,-14.0,average,fading,,2000,462.5,34.6,111.9,0.309,0,1,1,1,12,72,0,0,0,1,0.0
fast tones,sim,2300,,,awgn,-14.0,average,fading,,2000,462.2,34.6,111.9,0.309,0,1,1,1,12,72,0,0,0,1,0.0
fast tones,sim,2300,,,awgn,-14.0,average,fading,,2000,452.2,35.4,111.9,0.316,0,1,1,1,12,70,0,0,0,1,0.0
fast tones,sim,2300,,,awgn,-14.0,average,fading,,2000,460.8,34.7,111.9,0.31,0,1,1,1,12,72,0,0,0,1,0.0
fast tones,sim,2300,,,awgn,-14.0,average,fading,,2000,477.6,33.5,111.9,0.299,0,1,1,1,13,74,0,0,0,1,0.0
fast tones,sim,2300,,,awgn,-14.0,average,fading,,2000,463.6,34.5,111.9,0.308,0,1,1,1,12,72,0,0,0,1,0.0
fast tones,sim,2300,,,awgn,-14.0,average,fading,,2000,452.0,35.4,111.9,0.316,0,1,1,1,12,70,0,0,0,1,0.0
fast tones,sim,2300,,,awgn,-14.0,average,fading,,2000,476.1,33.6,111.9,0.3,0,1,1,1,13,74,0,0,0,1,0.0
fast tones,sim,2300,,,awgn,-14.0,average,fading,,2000,461.6,34.7,111.9,0.31,0,1,1,1,12,72,0,0,0,1,0.0
fast tones,sim,2300,,,awgn,-14.0,average,fading,,2000,462.3,34.6,111.9,0.309,0,1,1,1,12,72,0,0,0,1,0.0
fast tones,sim,2300,,,awgn,-14.0,average,fading,,2000,477.1,33.5,111.9,0.3,0,1,1,1,13,74,0,0,0,1,0.0
fast tones,sim,2300,,,awgn,-14.0,average,fading,,2000,475.7,33.6,111.9,0.3,0,1,1,1,13,74,0,0,0,1,0.0
fast tones,sim,2300,,,awgn,-14.0,average,fading,,2000,460.8,34.7,111.9,0.31,0,1,1,1,12,72,0,0,0,1,0.0
fast tones,sim,2300,,,awgn,-14.0,average,fading,,2000,477.3,33.5,111.9,0.299,0,1,1,1,13,74,0,0,0,1,0.0
fast tones,sim,2300,,,awgn,-14.0,average,fading,,2000,461.5,34.7,111.9,0.31,0,1,1,1,12,72,0,0,0,1,0.0
fast tones,sim,2300,,,awgn,-14.0,average,fading,,2000,476.6,33.6,111.9,0.3,0,1,1,1,13,74,0,0,0,1,0.0
fast tones,sim,2300,,,awgn,-14.0,average,fading,,2000,475.8,33.6,111.9,0.3,0,1,1,1,13,74,0,0,0,1,0.0
fast tones,sim,2300,,,awgn,-14.0,average,fading,,2000,476.2,33.6,111.9,0.3,0,1,1,1,13,74,0,0,0,1,0.0
fast tones,sim,2300,,,awgn,-14.0,average,fading,,2000,461.8,34.7,111.9,0.31,0,1,1,1,12,72,0,0,0,1,0.0
fast tones,sim,2300,,,awgn,-14.0,average,fading,,2000,476.5,33.6,111.9,0.3,0,1,1,1,13,74,0,0,0,1,0.0
fast tones,sim,2300,,,awgn,-14.0,average,fading,,2000,441.6,36.2,111.9,0.324,0,1,1,1,12,68,0,0,0,1,0.0
fast tones,sim,2300,,,awgn,-14.0,average,fading,,2000,476.4,33.6,111.9,0.3,0,1,1,1,13,74,0,0,0,1,0.0
fast tones,sim,2300,,,awgn,-14.0,average,fading,,2000,476.5,33.6,111.9,0.3,0,1,1,1,13,74,0,0,0,1,0.0
fast tones,sim,2300,,,awgn,-14.0,average,fading,,2000,463.6,34.5,111.9,0.308,0,1,1,1,12,72,0,0,0,1,0.0
fast tones,sim,2300,,,awgn,-14.0,average,fading,,2000,462.2,34.6,111.9,0.309,0,1,1,1,12,72,0,0,0,1,0.0
fast tones,sim,2300,,,awgn,-14.0,average,fading,,2000,477.2,33.5,111.9,0.3,0,1,1,1,13,74,0,0,0,1,0.0
fast tones,sim,2300,,,awgn,-12.0,average,fading,,2000,338.2,47.3,156.7,0.302,0,2,2,2,9,51,0,0,0,1,0.0
fast tones,sim,2300,,,awgn,-12.0,average,fading,,2000,306.9,52.1,156.7,0.333,0,2,2,1,8,46,0,0,0,1,0.0
fast tones,sim,2300,,,awgn,-12.0,average,fading,,2000,325.7,49.1,156.7,0.313,0,2,2,2,9,49,0,0,0,1,0.0
fast tones,sim,2300,,,awgn,-12.0,average,fading,,2000,311.8,51.3,156.7,0.327,0,2,2,2,8,47,0,0,0,1,0.0
fast tones,sim,2300,,,awgn,-12.0,average,fading,,2000,326.6,49.0,156.7,0.313,0,2,2,2,9,49,0,0,0,1,0.0
fast tones,sim,2300,,,awgn,-12.0,average,fading,,2000,311.4,51.4,156.7,0.328,0,2,2,2,8,47,0,0,0,1,0.0
fast tones,sim,2300,,,awgn,-12.0,average,fading,,2000,306.7,52.2,156.7,0.333,0,2,2,1,8,46,0,0,0,1,0.0
fast tones,sim,2300,,,awgn,-12.0,average,fading,,2000,324.9,49.2,156.7,0.314,0,2,2,2,9,49,0,0,0,1,0.0
fast tones,sim,2300,,,awgn,-12.0,average,fading,,2000,311.8,51.3,156.7,0.327,0,2,2,2,8,47,0,0,0,1,0.0
fast tones,sim,2300,,,awgn,-12.0,average,fading,,2000,312.7,51.2,156.7,0.326,0,2,2,2,8,47,0,0,0,1,0.0
fast tones,sim,2300,,,awgn,-12.0,average,fading,,2000,306.5,52.2,156.7,0.333,0,2,2,1,8,46,0,0,0,1,0.0
fast tones,sim,2300,,,awgn,-12.0,average,fading,,2000,325.3,49.2,156.7,0.314,0,2,2,2,9,49,0,0,0,1,0.0
fast tones,sim,2300,,,awgn,-12.0,average,fading,,2000,305.4,52.4,156.7,0.334,0,2,2,1,8,46,0,0,0,1,0.0
fast tones,sim,2300,,,awgn,-12.0,average,fading,,2000,326.4,49.0,156.7,0.313,0,2,2,2,9,49,0,0,0,1,0.0
fast tones,sim,2300,,,awgn,-12.0,average,fading,,2000,326.2,49.0,156.7,0.313,0,2,2,2,9,49,0,0,0,1,0.0
fast tones,sim,2300,,,awgn,-12.0,average,fading,,2000,309.9,51.6,156.7,0.329,0,2,2,2,8,47,0,0,0,1,0.0
fast tones,sim,2300,,,awgn,-12.0,average,fading,,2000,310.0,51.6,156.7,0.329,0,2,2,2,8,47,0,0,0,1,0.0
fast tones,sim,2300,,,awgn,-12.0,average,fading,,2000,337.2,47.4,156.7,0.303,0,2,2,2,9,51,0,0,0,1,0.0
fast tones,sim,2300,,,awgn,-12.0,average,fading,,2000,325.6,49.1,156.7,0.314,0,2,2,2,9,49,0,0,0,1,0.0
fast tones,sim,2300,,,awgn,-12.0,average,fading,,2000,325.7,49.1,156.7,0.313,0,2,2,2,9,49,0,0,0,1,0.0
fast tones,sim,2300,,,awgn,-12.0,average,fading,,2000,310.0,51.6,156.7,0.329,0,2,2,2,8,47,0,0,0,1,0.0
fast tones,sim,2300,,,awgn,-12.0,average,fading,,2000,325.3,49.2,156.7,0.314,0,2,2,2,9,49,0,0,0,1,0.0
fast tones,sim,2300,,,awgn,-12.0,average,fading,,2000,305.6,52.4,156.7,0.334,0,2,2,1,8,46,0,0,0,1,0.0
fast tones,sim,2300,,,awgn,-12.0,average,fading,,2000,325.7,49.1,156.7,0.313,0,2,2,2,9,49,0,0,0,1,0.0
fast tones,sim,2300,,,awgn,-12.0,average,fading,,2000,306.9,52.1,156.7,0.333,0,2,2,1,8,46,0,0,0,1,0.0
fast tones,sim,2300,,,awgn,-12.0,average,fading,,2000,325.6,49.1,156.7,0.314,0,2,2,2,9,49,0,0,0,1,0.0
fast tones,sim,2300,,,awgn,-12.0,average,fading,,2000,325.7,49.1,156.7,0.313,0,2,2,2,9,49,0,0,0,1,0.0
fast tones,sim,2300,,,awgn,-12.0,average,fading,,2000,312.7,51.2,156.7,0.326,0,2,2,2,8,47,0,0,0,1,0.0
fast tones,sim,2300,,,awgn,-12.0,average,fading,,2000,311.4,51.4,156.7,0.328,0,2,2,2,8,47,0,0,0,1,0.0
fast tones,sim,2300,,,awgn,-12.0,average,fading,,2000,337.1,47.5,156.7,0.303,0,2,2,2,9,51,0,0,0,1,0.0
fast tones,sim,2300,,,awgn,-10.0,average,fading,,2000,254.7,62.8,228.4,0.275,0,4,4,3,7,37,0,0,0,1,0.0
fast tones,sim,2300,,,awgn,-10.0,average,fading,,2000,223.5,71.6,228.4,0.314,1,3,3,1,6,32,0,0,0,1,0.0
fast tones,sim,2300,,,awgn,-10.0,average,fading,,2000,238.1,67.2,228.4,0.294,0,3,3,2,6,35,0,0,0,1,0.0
fast tones,sim,2300,,,awgn,-10.0,average,fading,,2000,239.0,66.9,228.4,0.293,0,3,3,2,6,35,0,0,0,1,0.0
fast tones,sim,2300,,,awgn,-10.0,average,fading,,2000,238.9,67.0,228.4,0.293,0,3,3,2,6,35,0,0,0,1,0.0
fast tones,sim,2300,,,awgn,-10.0,average,fading,,2000,238.6,67.0,228.4,0.294,0,3,3,2,6,35,0,0,0,1,0.0
fast tones,sim,2300,,,awgn,-10.0,average,fading,,2000,223.2,71.7,228.4,0.314,1,3,3,1,6,32,0,0,0,1,0.0
fast tones,sim,2300,,,awgn,-10.0,average,fading,,2000,237.2,67.4,228.4,0.295,0,3,3,2,6,35,0,0,0,1,0.0
fast tones,sim,2300,,,awgn,-10.0,average,fading,,2000,239.0,66.9,228.4,0.293,0,3,3,2,6,35,0,0,0,1,0.0
fast tones,sim,2300,,,awgn,-10.0,average,fading,,2000,240.0,66.7,228.4,0.292,0,3,3,2,6,35,0,0,0,1,0.0
fast tones,sim,2300,,,awgn,-10.0,average,fading,,2000,217.7,73.5,228.4,0.322,1,4,4,2,6,31,0,0,0,1,0.0
fast tones,sim,2300,,,awgn,-10.0,average,fading,,2000,252.5,63.4,228.4,0.277,0,4,4,3,7,37,0,0,0,1,0.0
fast tones,sim,2300,,,awgn,-10.0,average,fading,,2000,227.3,70.4,228.4,0.308,0,3,3,1,6,33,0,0,0,1,0.0
fast tones,sim,2300,,,awgn,-10.0,average,fading,,2000,238.7,67.0,228.4,0.294,0,3,3,2,6,35,0,0,0,1,0.0
fast tones,sim,2300,,,awgn,-10.0,average,fading,,2000,238.6,67.1,228.4,0.294,0,3,3,2,6,35,0,0,0,1,0.0
fast tones,sim,2300,,,awgn,-10.0,average,fading,,2000,237.2,67.5,228.4,0.295,0,3,3,2,6,35,0,0,0,1,0.0
fast tones,sim,2300,,,awgn,-10.0,average,fading,,2000,237.2,67.4,228.4,0.295,0,3,3,2,6,35,0,0,0,1,0.0
fast tones,sim,2300,,,awgn,-10.0,average,fading,,2000,253.8,63.0,228.4,0.276,0,3,3,2,7,37,0,0,0,1,0.0
fast tones,sim,2300,,,awgn,-10.0,average,fading,,2000,237.9,67.2,228.4,0.294,0,3,3,2,6,35,0,0,0,1,0.0
fast tones,sim,2300,,,awgn,-10.0,average,fading,,2000,238.1,67.2,228.4,0.294,0,3,3,2,6,35,0,0,0,1,0.0
fast tones,sim,2300,,,awgn,-10.0,average,fading,,2000,237.2,67.4,228.4,0.295,0,3,3,2,6,35,0,0,0,1,0.0
fast tones,sim,2300,,,awgn,-10.0,average,fading,,2000,252.6,63.3,228.4,0.277,0,4,4,3,7,37,0,0,0,1,0.0
fast tones,sim,2300,,,awgn,-10.0,average,fading,,2000,216.7,73.8,228.4,0.323,1,4,4,2,6,31,0,0,0,1,0.0
fast tones,sim,2300,,,awgn,-10.0,average,fading,,2000,238.0,67.2,228.4,0.294,0,3,3,2,6,35,0,0,0,1,0.0
fast tones,sim,2300,,,awgn,-10.0,average,fading,,2000,218.0,73.4,228.4,0.321,1,4,4,2,6,31,0,0,0,1,0.0
fast tones,sim,2300,,,awgn,-10.0,average,fading,,2000,237.9,67.2,228.4,0.294,0,3,3,2,6,35,0,0,0,1,0.0
fast tones,sim,2300,,,awgn,-10.0,average,fading,,2000,238.0,67.2,228.4,0.294,0,3,3,2,6,35,0,0,0,1,0.0
fast tones,sim,2300,,,awgn,-10.0,average,fading,,2000,240.0,66.7,228.4,0.292,0,3,3,2,6,35,0,0,0,1,0.0
fast tones,sim,2300,,,awgn,-10.0,average,fading,,2000,238.6,67.1,228.4,0.294,0,3,3,2,6,35,0,0,0,1,0.0
fast tones,sim,2300,,,awgn,-10.0,average,fading,,2000,253.6,63.1,228.4,0.276,0,4,4,3,7,37,0,0,0,1,0.0
fast tones,sim,2300,,,awgn,-8.0,average,fading,,2000,172.4,92.8,228.4,0.406,1,4,4,1,4,24,0,0,0,1,0.0
fast tones,sim,2300,,,awgn,-8.0,average,fading,,2000,166.8,95.9,228.4,0.42,2,4,4,1,4,23,0,0,0,1,0.0
fast tones,sim,2300,,,awgn,-8.0,average,fading,,2000,165.3,96.8,228.4,0.424,2,4,4,1,4,23,0,0,0,1,0.0
fast tones,sim,2300,,,awgn,-8.0,average,fading,,2000,166.3,96.2,228.4,0.421,2,4,4,1,4,23,0,0,0,1,0.0
fast tones,sim,2300,,,awgn,-8.0,average,fading,,2000,166.2,96.3,228.4,0.422,2,4,4,1,4,23,0,0,0,1,0.0
fast tones,sim,2300,,,awgn,-8.0,average,fading,,2000,165.9,96.4,228.4,0.422,2,4,4,1,4,23,0,0,0,1,0.0
fast tones,sim,2300,,,awgn,-8.0,average,fading,,2000,166.6,96.1,228.4,0.421,2,4,4,1,4,23,0,0,0,1,0.0
fast tones,sim,2300,,,awgn,-8.0,average,fading,,2000,164.5,97.3,228.4,0.426,2,4,4,1,4,23,0,0,0,1,0.0
fast tones,sim,2300,,,awgn,-8.0,average,fading,,2000,166.3,96.2,228.4,0.421,2,4,4,1,4,23,0,0,0,1,0.0
fast tones,sim,2300,,,awgn,-8.0,average,fading,,2000,167.3,95.7,228.4,0.419,2,4,4,1,4,23,0,0,0,1,0.0
fast tones,sim,2300,,,awgn,-8.0,average,fading,,2000,166.4,96.2,228.4,0.421,2,4,4,1,4,23,0,0,0,1,0.0
fast tones,sim,2300,,,awgn,-8.0,average,fading,,2000,164.9,97.0,228.4,0.425,2,4,4,1,4,23,0,0,0,1,0.0
fast tones,sim,2300,,,awgn,-8.0,average,fading,,2000,165.3,96.8,228.4,0.424,2,4,4,1,4,23,0,0,0,1,0.0
fast tones,sim,2300,,,awgn,-8.0,average,fading,,2000,165.9,96.4,228.4,0.422,2,4,4,1,4,23,0,0,0,1,0.0
fast tones,sim,2300,,,awgn,-8.0,average,fading,,2000,165.8,96.5,228.4,0.423,2,4,4,1,4,23,0,0,0,1,0.0
fast tones,sim,2300,,,awgn,-8.0,average,fading,,2000,164.4,97.3,228.4,0.426,2,4,4,1,4,23,0,0,0,1,0.0
fast tones,sim,2300,,,awgn,-8.0,average,fading,,2000,164.5,97.3,228.4,0.426,2,4,4,1,4,23,0,0,0,1,0.0
fast tones,sim,2300,,,awgn,-8.0,average,fading,,2000,186.4,85.8,228.4,0.376,1,4,4,2,5,26,0,0,0,1,0.0
fast tones,sim,2300,,,awgn,-8.0,average,fading,,2000,165.2,96.9,228.4,0.424,2,4,4,1,4,23,0,0,0,1,0.0
fast tones,sim,2300,,,awgn,-8.0,average,fading,,2000,165.3,96.8,228.4,0.424,2,4,4,1,4,23,0,0,0,1,0.0
fast tones,sim,2300,,,awgn,-8.0,average,fading,,2000,164.5,97.3,228.4,0.426,2,4,4,1,4,23,0,0,0,1,0.0
fast tones,sim,2300,,,awgn,-8.0,average,fading,,2000,170.3,94.0,228.4,0.412,1,4,4,1,4,24,0,0,0,1,0.0
fast tones,sim,2300,,,awgn,-8.0,average,fading,,2000,165.4,96.7,228.4,0.424,2,4,4,1,4,23,0,0,0,1,0.0
fast tones,sim,2300,,,awgn,-8.0,average,fading,,2000,165.3,96.8,228.4,0.424,2,4,4,1,4,23,0,0,0,1,0.0
fast tones,sim,2300,,,awgn,-8.0,average,fading,,2000,166.7,96.0,228.4,0.42,2,4,4,1,4,23,0,0,0,1,0.0
fast tones,sim,2300,,,awgn,-8.0,average,fading,,2000,165.2,96.9,228.4,0.424,2,4,4,1,4,23,0,0,0,1,0.0
fast tones,sim,2300,,,awgn,-8.0,average,fading,,2000,165.3,96.8,228.4,0.424,2,4,4,1,4,23,0,0,0,1,0.0
fast tones,sim,2300,,,awgn,-8.0,average,fading,,2000,167.2,95.7,228.4,0.419,2,4,4,1,4,23,0,0,0,1,0.0
fast tones,sim,2300,,,awgn,-8.0,average,fading,,2000,165.9,96.5,228.4,0.422,2,4,4,1,4,23,0,0,0,1,0.0
fast tones,sim,2300,,,awgn,-8.0,average,fading,,2000,186.2,85.9,228.4,0.376,1,4,4,2,5,26,0,0,0,1,0.0
fast tones,sim,2300,,,awgn,-6.0,average,fading,,2000,187.4,85.4,228.4,0.374,0,4,4,1,5,26,1,0,0,1,0.0
fast tones,sim,2300,,,awgn,-6.0,average,fading,,2000,181.7,88.0,228.4,0.386,0,5,5,2,5,25,1,0,0,1,0.0
fast tones,sim,2300,,,awgn,-6.0,average,fading,,2000,112.3,142.5,228.4,0.624,3,5,5,1,3,17,0,0,0,1,0.0
fast tones,sim,2300,,,awgn,-6.0,average,fading,,2000,186.6,85.7,228.4,0.375,0,4,4,1,5,26,1,0,0,1,0.0
fast tones,sim,2300,,,awgn,-6.0,average,fading,,2000,150.1,106.6,228.4,0.467,0,5,5,1,4,20,1,0,0,1,0.0
fast tones,sim,2300,,,awgn,-6.0,average,fading,,2000,129.5,123.5,228.4,0.541,3,5,5,1,3,17,0,0,0,1,0.0
fast tones,sim,2300,,,awgn,-6.0,average,fading,,2000,130.2,122.9,228.4,0.538,3,5,5,1,3,17,0,0,0,1,0.0
fast tones,sim,2300,,,awgn,-6.0,average,fading,,2000,112.3,142.5,228.4,0.624,3,5,5,1,3,17,0,0,0,1,0.0
fast tones,sim,2300,,,awgn,-6.0,average,fading,,2000,129.9,123.1,228.4,0.539,3,5,5,1,3,17,0,0,0,1,0.0
fast tones,sim,2300,,,awgn,-6.0,average,fading,,2000,130.9,122.2,228.4,0.535,3,5,5,1,3,17,0,0,0,1,0.0
fast tones,sim,2300,,,awgn,-6.0,average,fading,,2000,130.0,123.1,228.4,0.539,3,5,5,1,3,17,0,0,0,1,0.0
fast tones,sim,2300,,,awgn,-6.0,average,fading,,2000,128.5,124.5,228.4,0.545,3,5,5,1,3,17,0,0,0,1,0.0
fast tones,sim,2300,,,awgn,-6.0,average,fading,,2000,112.3,142.5,228.4,0.624,3,5,5,1,3,17,0,0,0,1,0.0
fast tones,sim,2300,,,awgn,-6.0,average,fading,,2000,129.6,123.5,228.4,0.541,3,5,5,1,3,17,0,0,0,1,0.0
fast tones,sim,2300,,,awgn,-6.0,average,fading,,2000,149.7,106.9,228.4,0.468,0,5,5,1,4,20,1,0,0,1,0.0
fast tones,sim,2300,,,awgn,-6.0,average,fading,,2000,128.0,125.0,228.4,0.547,3,5,5,1,3,17,0,0,0,1,0.0
fast tones,sim,2300,,,awgn,-6.0,average,fading,,2000,128.1,124.9,228.4,0.547,3,5,5,1,3,17,0,0,0,1,0.0
fast tones,sim,2300,,,awgn,-6.0,average,fading,,2000,135.1,118.4,228.4,0.519,2,5,5,1,3,18,0,0,0,1,0.0
fast tones,sim,2300,,,awgn,-6.0,average,fading,,2000,128.8,124.2,228.4,0.544,3,5,5,1,3,17,0,0,0,1,0.0
fast tones,sim,2300,,,awgn,-6.0,average,fading,,2000,129.0,124.1,228.4,0.543,3,5,5,1,3,17,0,0,0,1,0.0
fast tones,sim,2300,,,awgn,-6.0,average,fading,,2000,148.4,107.8,228.4,0.472,0,5,5,1,4,20,1,0,0,1,0.0
fast tones,sim,2300,,,awgn,-6.0,average,fading,,2000,159.5,100.3,228.4,0.439,0,5,5,2,4,22,1,0,0,1,0.0
fast tones,sim,2300,,,awgn,-6.0,average,fading,,2000,149.4,107.1,228.4,0.469,0,5,5,1,4,20,1,0,0,1,0.0
fast tones,sim,2300,,,awgn,-6.0,average,fading,,2000,128.9,124.1,228.4,0.544,3,5,5,1,3,17,0,0,0,1,0.0
fast tones,sim,2300,,,awgn,-6.0,average,fading,,2000,130.4,122.7,228.4,0.537,3,5,5,1,3,17,0,0,0,1,0.0
fast tones,sim,2300,,,awgn,-6.0,average,fading,,2000,128.8,124.2,228.4,0.544,3,5,5,1,3,17,0,0,0,1,0.0
fast tones,sim,2300,,,awgn,-6.0,average,fading,,2000,128.9,124.1,228.4,0.544,3,5,5,1,3,17,0,0,0,1,0.0
fast tones,sim,2300,,,awgn,-6.0,average,fading,,2000,151.2,105.9,228.4,0.464,0,5,5,1,4,20,1,0,0,1,0.0
fast tones,sim,2300,,,awgn,-6.0,average,fading,,2000,186.2,85.9,228.4,0.376,0,4,4,1,5,26,1,0,0,1,0.0
fast tones,sim,2300,,,awgn,-6.0,average,fading,,2000,149.9,106.8,228.4,0.468,0,5,5,1,4,20,1,0,0,1,0.0
fast tones,sim,2300,,,awgn,-4.0,average,fading,,2000,112.3,142.5,228.4,0.624,3,5,5,1,3,17,0,0,0,1,0.0
fast tones,sim,2300,,,awgn,-4.0,average,fading,,2000,112.3,142.5,228.4,0.624,3,5,5,1,3,17,0,0,0,1,0.0
fast tones,sim,2300,,,awgn,-4.0,average,fading,,2000,112.3,142.5,228.4,0.624,3,5,5,1,3,17,0,0,0,1,0.0
fast tones,sim,2300,,,awgn,-4.0,average,fading,,2000,112.3,142.5,228.4,0.624,3,5,5,1,3,17,0,0,0,1,0.0
fast tones,sim,2300,,,awgn,-4.0,average,fading,,2000,112.3,142.5,228.4,0.624,3,5,5,1,3,17,0,0,0,1,0.0
fast tones,sim,2300,,,awgn,-4.0,average,fading,,2000,112.3,142.5,228.4,0.624,3,5,5,1,3,17,0,0,0,1,0.0
fast tones,sim,2300,,,awgn,-4.0,average,fading,,2000,112.3,142.5,228.4,0.624,3,5,5,1,3,17,0,0,0,1,0.0
fast tones,sim,2300,,,awgn,-4.0,average,fading,,2000,112.3,142.5,228.4,0.624,3,5,5,1,3,17,0,0,0,1,0.0
fast tones,sim,2300,,,awgn,-4.0,average,fading,,2000,112.3,142.5,228.4,0.624,3,5,5,1,3,17,0,0,0,1,0.0
fast tones,sim,2300,,,awgn,-4.0,average,fading,,2000,112.3,142.5,228.4,0.624,3,5,5,1,3,17,0,0,0,1,0.0
fast tones,sim,2300,,,awgn,-4.0,average,fading,,2000,112.3,142.5,228.4,0.624,3,5,5,1,3,17,0,0,0,1,0.0
fast tones,sim,2300,,,awgn,-4.0,average,fading,,2000,112.3,142.5,228.4,0.624,3,5,5,1,3,17,0,0,0,1,0.0
fast tones,sim,2300,,,awgn,-4.0,average,fading,,2000,112.3,142.5,228.4,0.624,3,5,5,1,3,17,0,0,0,1,0.0
fast tones,sim,2300,,,awgn,-4.0,average,fading,,2000,112.3,142.5,228.4,0.624,3,5,5,1,3,17,0,0,0,1,0.0
fast tones,sim,2300,,,awgn,-4.0,average,fading,,2000,112.3,142.5,228.4,0.624,3,5,5,1,3,17,0,0,0,1,0.0
fast tones,sim,2300,,,awgn,-4.0,average,fading,,2000,112.3,142.5,228.4,0.624,3,5,5,1,3,17,0,0,0,1,0.0
fast tones,sim,2300,,,awgn,-4.0,average,fading,,2000,112.3,142.5,228.4,0.624,3,5,5,1,3,17,0,0,0,1,0.0
fast tones,sim,2300,,,awgn,-4.0,average,fading,,2000,112.3,142.5,228.4,0.624,3,5,5,1,3,17,0,0,0,1,0.0
fast tones,sim,2300,,,awgn,-4.0,average,fading,,2000,112.3,142.5,228.4,0.624,3,5,5,1,3,17,0,0,0,1,0.0
fast tones,sim,2300,,,awgn,-4.0,average,fading,,2000,112.3,142.5,228.4,0.624,3,5,5,1,3,17,0,0,0,1,0.0
fast tones,sim,2300,,,awgn,-4.0,average,fading,,2000,112.3,142.5,228.4,0.624,3,5,5,1,3,17,0,0,0,1,0.0
fast tones,sim,2300,,,awgn,-4.0,average,fading,,2000,112.3,142.5,228.4,0.624,3,5,5,1,3,17,0,0,0,1,0.0
fast tones,sim,2300,,,awgn,-4.0,average,fading,,2000,112.3,142.5,228.4,0.624,3,5,5,1,3,17,0,0,0,1,0.0
fast tones,sim,2300,,,awgn,-4.0,average,fading,,2000,112.3,142.5,228.4,0.624,3,5,5,1,3,17,0,0,0,1,0.0
fast tones,sim,2300,,,awgn,-4.0,average,fading,,2000,112.3,142.5,228.4,0.624,3,5,5,1,3,17,0,0,0,1,0.0
fast tones,sim,2300,,,awgn,-4.0,average,fading,,2000,112.3,142.5,228.4,0.624,3,5,5,1,3,17,0,0,0,1,0.0
fast tones,sim,2300,,,awgn,-4.0,average,fading,,2000,112.3,142.5,228.4,0.624,3,5,5,1,3,17,0,0,0,1,0.0
fast tones,sim,2300,,,awgn,-4.0,average,fading,,2000,112.3,142.5,228.4,0.624,3,5,5,1,3,17,0,0,0,1,0.0
fast tones,sim,2300,,,awgn,-4.0,average,fading,,2000,112.3,142.5,228.4,0.624,3,5,5,1,3,17,0,0,0,1,0.0
fast tones,sim,2300,,,awgn,-4.0,average,fading,,2000,112.3,142.5,228.4,0.624,3,5,5,1,3,17,0,0,0,1,0.0
fast tones,sim,2300,,,awgn,-2.0,average,fading,,2000,112.3,142.5,531.3,0.268,3,5,5,1,3,17,0,0,0,1,0.0
fast tones,sim,2300,,,awgn,-2.0,average,fading,,2000,112.3,142.5,531.3,0.268,3,5,5,1,3,17,0,0,0,1,0.0
fast tones,sim,2300,,,awgn,-2.0,average,fading,,2000,112.3,142.5,531.3,0.268,3,5,5,1,3,17,0,0,0,1,0.0
fast tones,sim,2300,,,awgn,-2.0,average,fading,,2000,112.3,142.5,531.3,0.268,3,5,5,1,3,17,0,0,0,1,0.0
fast tones,sim,2300,,,awgn,-2.0,average,fading,,2000,112.3,142.5,531.3,0.268,3,5,5,1,3,17,0,0,0,1,0.1
fast tones,sim,2300,,,awgn,-2.0,average,fading,,2000,112.3,142.5,531.3,0.268,3,5,5,1,3,17,0,0,0,1,0.0
fast tones,sim,2300,,,awgn,-2.0,average,fading,,2000,112.3,142.5,531.3,0.268,3,5,5,1,3,17,0,0,0,1,0.0
fast tones,sim,2300,,,awgn,-2.0,average,fading,,2000,112.3,142.5,531.3,0.268,3,5,5,1,3,17,0,0,0,1,0.0
fast tones,sim,2300,,,awgn,-2.0,average,fading,,2000,112.3,142.5,531.3,0.268,3,5,5,1,3,17,0,0,0,1,0.0
fast tones,sim,2300,,,awgn,-2.0,average,fading,,2000,112.3,142.5,531.3,0.268,3,5,5,1,3,17,0,0,0,1,0.0
fast tones,sim,2300,,,awgn,-2.0,average,fading,,2000,112.3,142.5,531.3,0.268,3,5,5,1,3,17,0,0,0,1,0.0
fast tones,sim,2300,,,awgn,-2.0,average,fading,,2000,112.3,142.5,531.3,0.268,3,5,5,1,3,17,0,0,0,1,0.0
fast tones,sim,2300,,,awgn,-2.0,average,fading,,2000,112.3,142.5,531.3,0.268,3,5,5,1,3,17,0,0,0,1,0.0
fast tones,sim,2300,,,awgn,-2.0,average,fading,,2000,112.3,142.5,531.3,0.268,3,5,5,1,3,17,0,0,0,1,0.0
fast tones,sim,2300,,,awgn,-2.0,average,fading,,2000,112.3,142.5,531.3,0.268,3,5,5,1,3,17,0,0,0,1,0.0
fast tones,sim,2300,,,awgn,-2.0,average,fading,,2000,112.3,142.5,531.3,0.268,3,5,5,1,3,17,0,0,0,1,0.0
fast tones,sim,2300,,,awgn,-2.0,average,fading,,2000,112.3,142.5,531.3,0.268,3,5,5,1,3,17,0,0,0,1,0.0
fast tones,sim,2300,,,awgn,-2.0,average,fading,,2000,112.3,142.5,531.3,0.268,3,5,5,1,3,17,0,0,0,1,0.0
fast tones,sim,2300,,,awgn,-2.0,average,fading,,2000,112.3,142.5,531.3,0.268,3,5,5,1,3,17,0,0,0,1,0.0
fast tones,sim,2300,,,awgn,-2.0,average,fading,,2000,112.3,142.5,531.3,0.268,3,5,5,1,3,17,0,0,0,1,0.0
fast tones,sim,2300,,,awgn,-2.0,average,fading,,2000,112.3,142.5,531.3,0.268,3,5,5,1,3,17,0,0,0,1,0.0
fast tones,sim,2300,,,awgn,-2.0,average,fading,,2000,112.3,142.5,531.3,0.268,3,5,5,1,3,17,0,0,0,1,0.0
fast tones,sim,2300,,,awgn,-2.0,average,fading,,2000,112.3,142.5,531.3,0.268,3,5,5,1,3,17,0,0,0,1,0.0
fast tones,sim,2300,,,awgn,-2.0,average,fading,,2000,112.3,142.5,531.3,0.268,3,5,5,1,3,17,0,0,0,1,0.0
fast tones,sim,2300,,,awgn,-2.0,average,fading,,2000,112.3,142.5,531.3,0.268,3,5,5,1,3,17,0,0,0,1,0.0
fast tones,sim,2300,,,awgn,-2.0,average,fading,,2000,85.6,187.0,531.3,0.352,3,7,7,1,8,43,0,0,0,1,0.0
fast tones,sim,2300,,,awgn,-2.0,average,fading,,2000,112.3,142.5,531.3,0.268,3,5,5,1,3,17,0,0,0,1,0.0
fast tones,sim,2300,,,awgn,-2.0,average,fading,,2000,112.3,142.5,531.3,0.268,3,5,5,1,3,17,0,0,0,1,0.0
fast tones,sim,2300,,,awgn,-2.0,average,fading,,2000,112.3,142.5,531.3,0.268,3,5,5,1,3,17,0,0,0,1,0.0
fast tones,sim,2300,,,awgn,-2.0,average,fading,,2000,112.3,142.5,531.3,0.268,3,5,5,1,3,17,0,0,0,1,0.0
fast tones,sim,2300,,,awgn,0.0,average,fading,,2000,60.8,263.3,721.1,0.365,7,7,7,0,8,47,0,0,0,1,0.0
fast tones,sim,2300,,,awgn,0.0,average,fading,,2000,60.8,263.3,721.1,0.365,7,7,7,0,8,47,0,0,0,1,0.0
fast tones,sim,2300,,,awgn,0.0,average,fading,,2000,60.8,263.3,721.1,0.365,7,7,7,0,8,47,0,0,0,1,0.0
fast tones,sim,2300,,,awgn,0.0,average,fading,,2000,60.8,263.3,721.1,0.365,7,7,7,0,8,47,0,0,0,1,0.1
fast tones,sim,2300,,,awgn,0.0,average,fading,,2000,60.8,263.3,721.1,0.365,7,7,7,0,8,47,0,0,0,1,0.0
fast tones,sim,2300,,,awgn,0.0,average,fading,,2000,60.8,263.3,721.1,0.365,7,7,7,0,8,47,0,0,0,1,0.0
fast tones,sim,2300,,,awgn,0.0,average,fading,,2000,95.7,167.2,721.1,0.232,3,7,7,2,5,28,0,0,0,1,0.0
fast tones,sim,2300,,,awgn,0.0,average,fading,,2000,60.8,263.3,721.1,0.365,7,7,7,0,8,47,0,0,0,1,0.0
fast tones,sim,2300,,,awgn,0.0,average,fading,,2000,60.8,263.3,721.1,0.365,7,7,7,0,8,47,0,0,0,1,0.0
fast tones,sim,2300,,,awgn,0.0,average,fading,,2000,60.8,263.3,721.1,0.365,7,7,7,0,8,47,0,0,0,1,0.0
fast tones,sim,2300,,,awgn,0.0,average,fading,,2000,60.8,263.3,721.1,0.365,7,7,7,0,8,47,0,0,0,1,0.0
fast tones,sim,2300,,,awgn,0.0,average,fading,,2000,60.8,263.3,721.1,0.365,7,7,7,0,8,47,0,0,0,1,0.0
fast tones,sim,2300,,,awgn,0.0,average,fading,,2000,60.8,263.3,721.1,0.365,7,7,7,0,8,47,0,0,0,1,0.0
fast tones,sim,2300,,,awgn,0.0,average,fading,,2000,60.8,263.3,721.1,0.365,7,7,7,0,8,47,0,0,0,1,0.0
fast tones,sim,2300,,,awgn,0.0,average,fading,,2000,60.8,263.3,721.1,0.365,7,7,7,0,8,47,0,0,0,1,0.0
fast tones,sim,2300,,,awgn,0.0,average,fading,,2000,85.6,187.0,721.1,0.259,3,7,7,1,8,43,0,0,0,1,0.0
fast tones,sim,2300,,,awgn,0.0,average,fading,,2000,60.8,263.3,721.1,0.365,7,7,7,0,8,47,0,0,0,1,0.0
fast tones,sim,2300,,,awgn,0.0,average,fading,,2000,60.8,263.3,721.1,0.365,7,7,7,0,8,47,0,0,0,1,0.1
fast tones,sim,2300,,,awgn,0.0,average,fading,,2000,60.8,263.3,721.1,0.365,7,7,7,0,8,47,0,0,0,1,0.0
fast tones,sim,2300,,,awgn,0.0,average,fading,,2000,60.8,263.3,721.1,0.365,7,7,7,0,8,47,0,0,0,1,0.0
fast tones,sim,2300,,,awgn,0.0,average,fading,,2000,60.8,263.3,721.1,0.365,7,7,7,0,8,47,0,0,0,1,0.0
fast tones,sim,2300,,,awgn,0.0,average,fading,,2000,60.8,263.3,721.1,0.365,7,7,7,0,8,47,0,0,0,1,0.0
fast tones,sim,2300,,,awgn,0.0,average,fading,,2000,60.8,263.3,721.1,0.365,7,7,7,0,8,47,0,0,0,1,0.0
fast tones,sim,2300,,,awgn,0.0,average,fading,,2000,60.8,263.3,721.1,0.365,7,7,7,0,8,47,0,0,0,1,0.0
fast tones,sim,2300,,,awgn,0.0,average,fading,,2000,60.8,263.3,721.1,0.365,7,7,7,0,8,47,0,0,0,1,0.0
fast tones,sim,2300,,,awgn,0.0,average,fading,,2000,60.8,263.3,721.1,0.365,7,7,7,0,8,47,0,0,0,1,0.0
fast tones,sim,2300,,,awgn,0.0,average,fading,,2000,60.8,263.3,721.1,0.365,7,7,7,0,8,47,0,0,0,1,0.0
fast tones,sim,2300,,,awgn,0.0,average,fading,,2000,60.8,263.3,721.1,0.365,7,7,7,0,8,47,0,0,0,1,0.0
fast tones,sim,2300,,,awgn,0.0,average,fading,,2000,60.8,263.3,721.1,0.365,7,7,7,0,8,47,0,0,0,1,0.0
fast tones,sim,2300,,,awgn,0.0,average,fading,,2000,60.8,263.3,721.1,0.365,7,7,7,0,8,47,0,0,0,1,0.0
fast tones,sim,2300,,,awgn,2.0,average,fading,,2000,49.2,325.2,1093.0,0.298,7,8,8,1,7,37,0,0,0,1,0.0
fast tones,sim,2300,,,awgn,2.0,average,fading,,2000,49.2,325.2,1093.0,0.298,7,8,8,1,7,37,0,0,0,1,0.0
fast tones,sim,2300,,,awgn,2.0,average,fading,,2000,49.2,325.2,1093.0,0.298,7,8,8,1,7,37,0,0,0,1,0.0
fast tones,sim,2300,,,awgn,2.0,average,fading,,2000,49.2,325.2,1093.0,0.298,7,8,8,1,7,37,0,0,0,1,0.0
fast tones,sim,2300,,,awgn,2.0,average,fading,,2000,42.9,372.9,1093.0,0.341,7,8,8,1,6,32,0,0,0,1,0.0
fast tones,sim,2300,,,awgn,2.0,average,fading,,2000,49.2,325.2,1093.0,0.298,7,8,8,1,7,37,0,0,0,1,0.0
fast tones,sim,2300,,,awgn,2.0,average,fading,,2000,51.3,311.8,1093.0,0.285,7,8,8,1,7,39,0,0,0,1,0.0
fast tones,sim,2300,,,awgn,2.0,average,fading,,2000,49.2,325.2,1093.0,0.298,7,8,8,1,7,37,0,0,0,1,0.0
fast tones,sim,2300,,,awgn,2.0,average,fading,,2000,46.1,347.3,1093.0,0.318,7,8,8,1,6,35,0,0,0,1,0.0
fast tones,sim,2300,,,awgn,2.0,average,fading,,2000,46.1,347.3,1093.0,0.318,7,8,8,1,6,35,0,0,0,1,0.0
fast tones,sim,2300,,,awgn,2.0,average,fading,,2000,42.9,372.9,1093.0,0.341,7,8,8,1,6,32,0,0,0,1,0.0
fast tones,sim,2300,,,awgn,2.0,average,fading,,2000,51.3,311.8,1093.0,0.285,7,8,8,1,7,39,0,0,0,1,0.0
fast tones,sim,2300,,,awgn,2.0,average,fading,,2000,49.2,325.2,1093.0,0.298,7,8,8,1,7,37,0,0,0,1,0.0
fast tones,sim,2300,,,awgn,2.0,average,fading,,2000,49.2,325.2,1093.0,0.298,7,8,8,1,7,37,0,0,0,1,0.0
fast tones,sim,2300,,,awgn,2.0,average,fading,,2000,46.1,347.3,1093.0,0.318,7,8,8,1,6,35,0,0,0,1,0.0
fast tones,sim,2300,,,awgn,2.0,average,fading,,2000,51.3,311.8,1093.0,0.285,7,8,8,1,7,39,0,0,0,1,0.0
fast tones,sim,2300,,,awgn,2.0,average,fading,,2000,49.2,325.2,1093.0,0.298,7,8,8,1,7,37,0,0,0,1,0.0
fast tones,sim,2300,,,awgn,2.0,average,fading,,2000,49.2,325.2,1093.0,0.298,7,8,8,1,7,37,0,0,0,1,0.0
fast tones,sim,2300,,,awgn,2.0,average,fading,,2000,51.3,311.8,1093.0,0.285,7,8,8,1,7,39,0,0,0,1,0.0
fast tones,sim,2300,,,awgn,2.0,average,fading,,2000,51.3,311.8,1093.0,0.285,7,8,8,1,7,39,0,0,0,1,0.0
fast tones,sim,2300,,,awgn,2.0,average,fading,,2000,49.2,325.2,1093.0,0.298,7,8,8,1,7,37,0,0,0,1,0.0
fast tones,sim,2300,,,awgn,2.0,average,fading,,2000,46.1,347.3,1093.0,0.318,7,8,8,1,6,35,0,0,0,1,0.0
fast tones,sim,2300,,,awgn,2.0,average,fading,,2000,46.1,347.3,1093.0,0.318,7,8,8,1,6,35,0,0,0,1,0.0
fast tones,sim,2300,,,awgn,2.0,average,fading,,2000,49.2,325.2,1093.0,0.298,7,8,8,1,7,37,0,0,0,1,0.0
fast tones,sim,2300,,,awgn,2.0,average,fading,,2000,49.2,325.2,1093.0,0.298,7,8,8,1,7,37,0,0,0,1,0.0
fast tones,sim,2300,,,awgn,2.0,average,fading,,2000,42.9,372.9,1093.0,0.341,7,8,8,1,6,32,0,0,0,1,0.0
fast tones,sim,2300,,,awgn,2.0,average,fading,,2000,49.2,325.2,1093.0,0.298,7,8,8,1,7,37,0,0,0,1,0.0
fast tones,sim,2300,,,awgn,2.0,average,fading,,2000,46.1,347.3,1093.0,0.318,7,8,8,1,6,35,0,0,0,1,0.0
fast tones,sim,2300,,,awgn,2.0,average,fading,,2000,51.3,311.8,1093.0,0.285,7,8,8,1,7,39,0,0,0,1,0.0
fast tones,sim,2300,,,awgn,2.0,average,fading,,2000,49.2,325.2,1093.0,0.298,7,8,8,1,7,37,0,0,0,1,0.0
fast tones,sim,2300,,,awgn,6.0,average,fading,,2000,25.1,638.4,2208.7,0.289,8,10,10,1,3,18,0,0,0,1,0.0
fast tones,sim,2300,,,awgn,6.0,average,fading,,2000,25.1,638.4,2208.7,0.289,8,10,10,1,3,18,0,0,0,1,0.0
fast tones,sim,2300,,,awgn,6.0,average,fading,,2000,25.1,638.4,2208.7,0.289,8,10,10,1,3,18,0,0,0,1,0.0
fast tones,sim,2300,,,awgn,6.0,average,fading,,2000,28.2,567.4,2208.7,0.257,8,10,10,2,4,20,0,0,0,1,0.0
fast tones,sim,2300,,,awgn,6.0,average,fading,,2000,25.1,638.4,2208.7,0.289,8,10,10,1,3,18,0,0,0,1,0.0
fast tones,sim,2300,,,awgn,6.0,average,fading,,2000,25.1,638.4,2208.7,0.289,8,10,10,1,3,18,0,0,0,1,0.0
fast tones,sim,2300,,,awgn,6.0,average,fading,,2000,29.3,547.0,2208.7,0.248,7,10,10,2,4,21,0,0,0,1,0.0
fast tones,sim,2300,,,awgn,6.0,average,fading,,2000,25.1,638.4,2208.7,0.289,8,10,10,1,3,18,0,0,0,1,0.0
fast tones,sim,2300,,,awgn,6.0,average,fading,,2000,25.1,638.4,2208.7,0.289,8,10,10,1,3,18,0,0,0,1,0.0
fast tones,sim,2300,,,awgn,6.0,average,fading,,2000,25.1,638.4,2208.7,0.289,8,10,10,1,3,18,0,0,0,1,0.0
fast tones,sim,2300,,,awgn,6.0,average,fading,,2000,25.1,638.4,2208.7,0.289,8,10,10,1,3,18,0,0,0,1,0.0
fast tones,sim,2300,,,awgn,6.0,average,fading,,2000,28.2,567.4,2208.7,0.257,8,10,10,2,4,20,0,0,0,1,0.0
fast tones,sim,2300,,,awgn,6.0,average,fading,,2000,25.1,638.4,2208.7,0.289,8,10,10,1,3,18,0,0,0,1,0.0
fast tones,sim,2300,,,awgn,6.0,average,fading,,2000,25.1,638.4,2208.7,0.289,8,10,10,1,3,18,0,0,0,1,0.0
fast tones,sim,2300,,,awgn,6.0,average,fading,,2000,25.1,638.4,2208.7,0.289,8,10,10,1,3,18,0,0,0,1,0.0
fast tones,sim,2300,,,awgn,6.0,average,fading,,2000,29.3,547.0,2208.7,0.248,7,10,10,2,4,21,0,0,0,1,0.0
fast tones,sim,2300,,,awgn,6.0,average,fading,,2000,25.1,638.4,2208.7,0.289,8,10,10,1,3,18,0,0,0,1,0.0
fast tones,sim,2300,,,awgn,6.0,average,fading,,2000,25.1,638.4,2208.7,0.289,8,10,10,1,3,18,0,0,0,1,0.0
fast tones,sim,2300,,,awgn,6.0,average,fading,,2000,28.2,567.4,2208.7,0.257,8,10,10,2,4,20,0,0,0,1,0.0
fast tones,sim,2300,,,awgn,6.0,average,fading,,2000,25.1,638.4,2208.7,0.289,8,10,10,1,3,18,0,0,0,1,0.0
fast tones,sim,2300,,,awgn,6.0,average,fading,,2000,28.2,567.4,2208.7,0.257,8,10,10,2,4,20,0,0,0,1,0.0
fast tones,sim,2300,,,awgn,6.0,average,fading,,2000,25.1,638.4,2208.7,0.289,8,10,10,1,3,18,0,0,0,1,0.0
fast tones,sim,2300,,,awgn,6.0,average,fading,,2000,25.1,638.4,2208.7,0.289,8,10,10,1,3,18,0,0,0,1,0.0
fast tones,sim,2300,,,awgn,6.0,average,fading,,2000,25.1,638.4,2208.7,0.289,8,10,10,1,3,18,0,0,0,1,0.0
fast tones,sim,2300,,,awgn,6.0,average,fading,,2000,25.1,638.4,2208.7,0.289,8,10,10,1,3,18,0,0,0,1,0.0
fast tones,sim,2300,,,awgn,6.0,average,fading,,2000,25.1,638.4,2208.7,0.289,8,10,10,1,3,18,0,0,0,1,0.0
fast tones,sim,2300,,,awgn,6.0,average,fading,,2000,25.1,638.4,2208.7,0.289,8,10,10,1,3,18,0,0,0,1,0.0
fast tones,sim,2300,,,awgn,6.0,average,fading,,2000,25.1,638.4,2208.7,0.289,8,10,10,1,3,18,0,0,0,1,0.0
fast tones,sim,2300,,,awgn,6.0,average,fading,,2000,28.2,567.4,2208.7,0.257,8,10,10,2,4,20,0,0,0,1,0.0
fast tones,sim,2300,,,awgn,6.0,average,fading,,2000,25.1,638.4,2208.7,0.289,8,10,10,1,3,18,0,0,0,1,0.0
fast tones,sim,2300,,,good,-18.0,average,fading,,2000,159.4,0.0,0.0,,,,,0,0,0,0,0,0,0,0.0
fast tones,sim,2300,,,good,-18.0,average,fading,,2000,237.4,0.0,0.0,,,,,0,0,0,0,0,0,0,0.0
fast tones,sim,2300,,,good,-18.0,average,fading,,2000,301.3,3.3,0.0,,0,0,0,0,4,24,18,2,3,0,0.1
fast tones,sim,2300,,,good,-18.0,average,fading,,2000,158.6,0.0,0.0,,,,,0,0,0,0,0,0,0,0.0
fast tones,sim,2300,,,good,-18.0,average,fading,,2000,183.3,0.0,0.0,,,,,0,0,0,0,0,0,0,0.0
fast tones,sim,2300,,,good,-18.0,average,fading,,2000,764.1,9.5,0.0,,0,0,0,0,16,96,53,11,8,0,0.2
fast tones,sim,2300,,,good,-18.0,average,fading,,2000,79.4,0.0,0.0,,,,,0,0,0,0,0,0,0,0.0
fast tones,sim,2300,,,good,-18.0,average,fading,,2000,1114.7,14.4,0.0,,0,0,0,0,30,176,80,29,7,1,0.3
fast tones,sim,2300,,,good,-18.0,average,fading,,2000,543.1,7.4,0.0,,0,0,0,0,11,66,42,8,6,0,0.1
fast tones,sim,2300,,,good,-18.0,average,fading,,2000,565.5,7.1,0.0,,0,0,0,0,11,66,42,4,6,0,0.1
fast tones,sim,2300,,,good,-18.0,average,fading,,2000,444.0,6.8,0.0,,0,0,0,0,8,48,30,1,5,0,0.1
fast tones,sim,2300,,,good,-18.0,average,fading,,2000,157.2,0.0,0.0,,,,,0,0,0,0,0,0,0,0.0
fast tones,sim,2300,,,good,-18.0,average,fading,,2000,193.7,0.0,0.0,,,,,0,0,0,0,0,0,0,0.0
fast tones,sim,2300,,,good,-18.0,average,fading,,2000,135.6,0.0,0.0,,,,,0,0,0,0,0,0,0,0.0
fast tones,sim,2300,,,good,-18.0,average,fading,,2000,192.2,0.0,0.0,,,,,0,0,0,0,0,0,0,0.0
fast tones,sim,2300,,,good,-18.0,average,fading,,2000,236.0,0.0,0.0,,,,,0,0,0,0,0,0,0,0.0
fast tones,sim,2300,,,good,-18.0,average,fading,,2000,156.8,0.0,0.0,,,,,0,0,0,0,0,0,0,0.0
fast tones,sim,2300,,,good,-18.0,average,fading,,2000,348.7,2.9,0.0,,0,0,0,0,4,24,18,3,3,0,0.0
fast tones,sim,2300,,,good,-18.0,average,fading,,2000,982.2,8.4,0.0,,0,0,0,0,21,126,77,18,7,0,0.2
fast tones,sim,2300,,,good,-18.0,average,fading,,2000,181.5,0.0,0.0,,,,,0,0,0,0,0,0,0,0.0
fast tones,sim,2300,,,good,-18.0,average,fading,,2000,781.0,8.6,0.0,,0,0,0,0,16,96,56,14,7,0,0.1
fast tones,sim,2300,,,good,-18.0,average,fading,,2000,204.6,0.0,0.0,,,,,0,0,0,0,0,0,0,0.0
fast tones,sim,2300,,,good,-18.0,average,fading,,2000,360.9,2.8,0.0,,0,0,0,0,4,24,18,1,3,0,0.0
fast tones,sim,2300,,,good,-18.0,average,fading,,2000,639.7,6.0,0.0,,0,0,0,0,11,66,43,7,6,0,0.1
fast tones,sim,2300,,,good,-18.0,average,fading,,2000,94.3,0.0,0.0,,,,,0,0,0,0,0,0,0,0.0
fast tones,sim,2300,,,good,-18.0,average,fading,,2000,190.5,0.0,0.0,,,,,0,0,0,0,0,0,0,0.0
fast tones,sim,2300,,,good,-18.0,average,fading,,2000,1051.0,8.6,0.0,,0,0,0,0,23,138,84,16,11,0,0.2
fast tones,sim,2300,,,good,-18.0,average,fading,,2000,925.5,9.4,0.0,,0,0,0,0,21,126,74,10,9,0,0.2
fast tones,sim,2300,,,good,-18.0,average,fading,,2000,183.6,0.0,0.0,,,,,0,0,0,0,0,0,0,0.0
fast tones,sim,2300,,,good,-18.0,average,fading,,2000,216.3,0.0,0.0,,,,,0,0,0,0,0,0,0,0.0
fast tones,sim,2300,,,good,-14.0,average,fading,,2000,887.3,18.0,0.0,,0,0,0,0,25,140,44,3,6,1,0.2
fast tones,sim,2300,,,good,-14.0,average,fading,,2000,1039.1,15.4,0.0,,0,0,0,0,26,150,54,6,7,1,0.3
fast tones,sim,2300,,,good,-14.0,average,fading,,2000,670.4,16.0,0.0,,0,2,0,3,14,84,29,4,3,0,0.1
fast tones,sim,2300,,,good,-14.0,average,fading,,2000,158.6,0.0,0.0,,,,,0,0,0,0,0,0,0,0.0
fast tones,sim,2300,,,good,-14.0,average,fading,,2000,855.7,18.7,0.0,,0,0,0,0,23,136,40,1,5,1,0.2
fast tones,sim,2300,,,good,-14.0,average,fading,,2000,938.6,17.0,0.0,,0,0,0,0,26,149,53,3,6,1,0.2
fast tones,sim,2300,,,good,-14.0,average,fading,,2000,1051.7,15.2,0.0,,0,0,0,0,27,158,62,6,8,1,0.2
fast tones,sim,2300,,,good,-14.0,average,fading,,2000,901.1,17.8,0.0,,0,0,0,0,24,144,48,9,5,1,0.2
fast tones,sim,2300,,,good,-14.0,average,fading,,2000,866.6,18.5,0.0,,0,1,0,2,23,138,46,11,5,1,0.2
fast tones,sim,2300,,,good,-14.0,average,fading,,2000,783.7,13.4,0.0,,0,1,0,2,17,102,43,4,6,0,0.1
fast tones,sim,2300,,,good,-14.0,average,fading,,2000,453.2,11.3,0.0,,0,1,0,1,8,48,21,0,3,0,0.1
fast tones,sim,2300,,,good,-14.0,average,fading,,2000,827.9,19.3,0.0,,0,0,0,0,22,128,32,4,1,1,0.2
fast tones,sim,2300,,,good,-14.0,average,fading,,2000,225.8,0.0,0.0,,,,,0,0,0,0,0,0,0,0.0
fast tones,sim,2300,,,good,-14.0,average,fading,,2000,945.8,16.9,0.0,,0,0,0,0,23,135,39,4,3,1,0.2
fast tones,sim,2300,,,good,-14.0,average,fading,,2000,192.2,0.0,0.0,,,,,0,0,0,0,0,0,0,0.0
fast tones,sim,2300,,,good,-14.0,average,fading,,2000,1017.5,15.7,0.0,,0,0,0,0,28,162,66,6,9,1,0.2
fast tones,sim,2300,,,good,-14.0,average,fading,,2000,210.8,0.0,0.0,,,,,0,0,0,0,0,0,0,0.0
fast tones,sim,2300,,,good,-14.0,average,fading,,2000,963.2,16.6,0.0,,0,0,0,0,26,146,50,3,6,1,0.2
fast tones,sim,2300,,,good,-14.0,average,fading,,2000,1083.0,14.0,0.0,,0,0,0,0,26,156,66,6,7,0,0.2
fast tones,sim,2300,,,good,-14.0,average,fading,,2000,524.9,10.6,0.0,,0,0,0,0,10,60,27,4,3,0,0.1
fast tones,sim,2300,,,good,-14.0,average,fading,,2000,862.5,18.6,0.0,,0,0,0,0,22,132,36,2,3,1,0.2
fast tones,sim,2300,,,good,-14.0,average,fading,,2000,919.8,17.4,0.0,,0,0,0,0,26,143,47,4,5,1,0.2
fast tones,sim,2300,,,good,-14.0,average,fading,,2000,838.1,19.1,0.0,,0,0,0,0,23,133,37,4,4,1,0.2
fast tones,sim,2300,,,good,-14.0,average,fading,,2000,1066.4,15.0,0.0,,0,0,0,0,27,155,59,5,7,1,0.2
fast tones,sim,2300,,,good,-14.0,average,fading,,2000,935.9,17.1,0.0,,0,0,0,0,25,146,50,6,5,1,0.2
fast tones,sim,2300,,,good,-14.0,average,fading,,2000,190.5,0.0,0.0,,,,,0,0,0,0,0,0,0,0.0
fast tones,sim,2300,,,good,-14.0,average,fading,,2000,562.0,10.8,0.0,,0,0,0,0,11,66,30,0,4,0,0.1
fast tones,sim,2300,,,good,-14.0,average,fading,,2000,828.9,19.3,0.0,,0,0,0,0,22,128,32,3,3,1,0.2
fast tones,sim,2300,,,good,-14.0,average,fading,,2000,158.2,0.0,0.0,,,,,0,0,0,0,0,0,0,0.0
fast tones,sim,2300,,,good,-14.0,average,fading,,2000,1050.3,15.2,0.0,,0,0,0,0,28,165,69,3,9,1,0.2
fast tones,sim,2300,,,good,-12.0,average,fading,,2000,803.4,19.9,0.0,,0,0,0,0,22,127,31,2,4,1,0.2
fast tones,sim,2300,,,good,-12.0,average,fading,,2000,864.8,18.5,0.0,,0,0,0,0,21,122,26,0,3,1,0.2
fast tones,sim,2300,,,good,-12.0,average,fading,,2000,560.8,28.5,0.0,,0,3,0,4,15,88,19,5,1,1,0.1
fast tones,sim,2300,,,good,-12.0,average,fading,,2000,776.2,20.6,0.0,,0,2,0,2,21,123,35,1,3,1,0.2
fast tones,sim,2300,,,good,-12.0,average,fading,,2000,734.3,21.8,0.0,,0,1,0,2,20,116,24,1,3,1,0.2
fast tones,sim,2300,,,good,-12.0,average,fading,,2000,623.4,25.7,0.0,,0,2,0,4,17,98,16,1,1,1,0.1
fast tones,sim,2300,,,good,-12.0,average,fading,,2000,802.9,19.9,0.0,,0,0,0,0,22,127,31,2,4,1,0.2
fast tones,sim,2300,,,good,-12.0,average,fading,,2000,837.2,19.1,0.0,,0,0,0,0,23,133,37,2,4,1,0.2
fast tones,sim,2300,,,good,-12.0,average,fading,,2000,692.0,23.1,0.0,,0,2,0,3,19,109,24,4,2,1,0.2
fast tones,sim,2300,,,good,-12.0,average,fading,,2000,668.1,23.9,0.0,,0,2,0,4,18,105,24,2,3,1,0.1
fast tones,sim,2300,,,good,-12.0,average,fading,,2000,574.2,27.9,0.0,,0,2,0,4,15,90,22,0,3,1,0.1
fast tones,sim,2300,,,good,-12.0,average,fading,,2000,701.9,22.8,0.0,,0,1,0,2,19,107,14,3,0,1,0.1
fast tones,sim,2300,,,good,-12.0,average,fading,,2000,775.2,20.6,0.0,,0,0,0,0,21,123,27,1,3,1,0.2
fast tones,sim,2300,,,good,-12.0,average,fading,,2000,892.7,17.9,0.0,,0,0,0,0,24,142,46,3,6,1,0.2
fast tones,sim,2300,,,good,-12.0,average,fading,,2000,192.2,0.0,0.0,,,,,0,0,0,0,0,0,0,0.0
fast tones,sim,2300,,,good,-12.0,average,fading,,2000,905.5,17.7,0.0,,0,0,0,0,24,142,46,0,5,1,0.2
fast tones,sim,2300,,,good,-12.0,average,fading,,2000,743.4,21.5,0.0,,0,0,0,0,20,118,22,0,3,1,0.2
fast tones,sim,2300,,,good,-12.0,average,fading,,2000,606.0,26.4,0.0,,0,2,0,3,17,87,11,3,2,1,0.1
fast tones,sim,2300,,,good,-12.0,average,fading,,2000,727.2,22.0,0.0,,0,1,0,1,20,115,23,0,2,1,0.2
fast tones,sim,2300,,,good,-12.0,average,fading,,2000,795.5,20.1,0.0,,0,0,0,0,22,126,30,3,3,1,0.2
fast tones,sim,2300,,,good,-12.0,average,fading,,2000,699.7,22.9,0.0,,0,0,0,0,20,110,14,0,2,1,0.2
fast tones,sim,2300,,,good,-12.0,average,fading,,2000,711.3,22.5,0.0,,0,2,0,3,21,111,26,1,4,1,0.2
fast tones,sim,2300,,,good,-12.0,average,fading,,2000,634.9,14.4,0.0,,0,1,0,2,13,78,27,1,4,0,0.1
fast tones,sim,2300,,,good,-12.0,average,fading,,2000,732.1,21.9,0.0,,0,0,0,0,19,114,18,2,1,1,0.2
fast tones,sim,2300,,,good,-12.0,average,fading,,2000,788.8,20.3,0.0,,0,0,0,0,21,122,26,4,3,1,0.2
fast tones,sim,2300,,,good,-12.0,average,fading,,2000,793.0,20.2,0.0,,0,0,0,0,21,125,29,0,3,1,0.2
fast tones,sim,2300,,,good,-12.0,average,fading,,2000,562.0,11.7,0.0,,0,0,0,0,11,66,27,0,4,0,0.1
fast tones,sim,2300,,,good,-12.0,average,fading,,2000,576.4,27.8,0.0,,0,2,0,3,15,84,6,0,0,1,0.1
fast tones,sim,2300,,,good,-12.0,average,fading,,2000,158.2,0.0,0.0,,,,,0,0,0,0,0,0,0,0.0
fast tones,sim,2300,,,good,-12.0,average,fading,,2000,802.3,19.9,0.0,,0,0,0,0,22,127,31,0,4,1,0.2
fast tones,sim,2300,,,good,-10.0,average,fading,,2000,682.8,23.4,35.8,0.654,0,2,0,4,19,107,23,0,3,1,0.1
fast tones,sim,2300,,,good,-10.0,average,fading,,2000,829.4,19.3,35.8,0.539,0,0,0,0,20,119,23,0,3,1,0.2
fast tones,sim,2300,,,good,-10.0,average,fading,,2000,289.4,55.3,35.8,1.544,0,4,0,5,8,43,7,2,0,1,0.1
fast tones,sim,2300,,,good,-10.0,average,fading,,2000,379.9,42.1,35.8,1.176,0,4,0,4,10,58,14,1,1,1,0.1
fast tones,sim,2300,,,good,-10.0,average,fading,,2000,587.3,27.2,35.8,0.761,0,2,0,3,16,92,10,0,1,1,0.1
fast tones,sim,2300,,,good,-10.0,average,fading,,2000,494.0,32.4,35.8,0.904,0,3,0,5,13,77,12,0,1,1,0.1
fast tones,sim,2300,,,good,-10.0,average,fading,,2000,634.8,25.2,35.8,0.704,0,1,0,2,17,100,8,2,1,1,0.1
fast tones,sim,2300,,,good,-10.0,average,fading,,2000,652.2,24.5,35.8,0.685,0,0,0,0,18,103,7,1,0,1,0.1
fast tones,sim,2300,,,good,-10.0,average,fading,,2000,363.1,44.1,35.8,1.23,0,4,0,4,10,55,6,5,0,1,0.1
fast tones,sim,2300,,,good,-10.0,average,fading,,2000,428.0,37.4,35.8,1.044,0,4,0,4,11,66,12,1,1,1,0.1
fast tones,sim,2300,,,good,-10.0,average,fading,,2000,546.1,29.3,35.8,0.818,0,3,0,3,14,83,12,0,1,1,0.1
fast tones,sim,2300,,,good,-10.0,average,fading,,2000,625.0,25.6,35.8,0.715,0,2,0,3,16,95,8,3,0,1,0.1
fast tones,sim,2300,,,good,-10.0,average,fading,,2000,628.9,25.4,35.8,0.71,0,2,0,3,17,99,17,1,2,1,0.1
fast tones,sim,2300,,,good,-10.0,average,fading,,2000,654.5,24.4,35.8,0.682,0,1,0,2,18,103,11,0,1,1,0.1
fast tones,sim,2300,,,good,-10.0,average,fading,,2000,192.2,0.0,35.8,0.0,,,,0,0,0,0,0,0,0,0.0
fast tones,sim,2300,,,good,-10.0,average,fading,,2000,649.1,24.6,35.8,0.688,0,2,0,3,18,102,24,1,3,1,0.1
fast tones,sim,2300,,,good,-10.0,average,fading,,2000,633.5,25.3,35.8,0.705,0,1,0,5,17,100,14,0,2,1,0.2
fast tones,sim,2300,,,good,-10.0,average,fading,,2000,682.2,23.5,35.8,0.655,0,1,0,2,18,108,16,0,2,1,0.1
fast tones,sim,2300,,,good,-10.0,average,fading,,2000,585.5,27.3,35.8,0.763,0,2,0,2,16,92,6,0,0,1,0.1
fast tones,sim,2300,,,good,-10.0,average,fading,,2000,658.4,24.3,35.8,0.678,0,1,0,2,18,104,12,3,0,1,0.1
fast tones,sim,2300,,,good,-10.0,average,fading,,2000,621.2,25.8,35.8,0.719,0,1,0,2,17,98,6,0,0,1,0.1
fast tones,sim,2300,,,good,-10.0,average,fading,,2000,618.6,25.9,35.8,0.722,0,2,0,3,17,97,24,1,3,1,0.1
fast tones,sim,2300,,,good,-10.0,average,fading,,2000,580.4,27.6,35.8,0.77,0,2,0,3,16,91,9,0,0,1,0.1
fast tones,sim,2300,,,good,-10.0,average,fading,,2000,690.2,23.2,35.8,0.647,0,0,0,0,19,109,13,0,1,1,0.2
fast tones,sim,2300,,,good,-10.0,average,fading,,2000,598.2,26.7,35.8,0.747,0,2,0,4,17,93,18,0,2,1,0.1
fast tones,sim,2300,,,good,-10.0,average,fading,,2000,685.0,23.4,35.8,0.652,0,1,0,1,18,106,14,1,1,1,0.1
fast tones,sim,2300,,,good,-10.0,average,fading,,2000,638.9,25.0,35.8,0.699,0,1,0,2,17,101,9,0,1,1,0.1
fast tones,sim,2300,,,good,-10.0,average,fading,,2000,421.1,38.0,35.8,1.061,0,3,0,6,11,61,4,0,0,1,0.1
fast tones,sim,2300,,,good,-10.0,average,fading,,2000,158.2,0.0,35.8,0.0,,,,0,0,0,0,0,0,0,0.0
fast tones,sim,2300,,,good,-10.0,average,fading,,2000,697.7,22.9,35.8,0.64,0,2,0,3,19,110,24,0,3,1,0.1
fast tones,sim,2300,,,good,-8.0,average,fading,,2000,328.3,48.7,76.1,0.64,0,4,0,4,9,49,10,0,1,1,0.1
fast tones,sim,2300,,,good,-8.0,average,fading,,2000,577.2,27.7,76.1,0.364,0,2,1,4,16,90,10,0,1,1,0.1
fast tones,sim,2300,,,good,-8.0,average,fading,,2000,201.7,79.3,76.1,1.042,2,5,2,4,5,29,7,1,0,1,0.0
fast tones,sim,2300,,,good,-8.0,average,fading,,2000,171.7,93.2,76.1,1.224,3,5,4,2,4,24,5,2,0,1,0.0
fast tones,sim,2300,,,good,-8.0,average,fading,,2000,348.0,46.0,76.1,0.604,0,3,0,4,9,53,3,0,0,1,0.1
fast tones,sim,2300,,,good,-8.0,average,fading,,2000,202.3,79.1,76.1,1.039,2,4,2,3,5,29,3,0,0,1,0.0
fast tones,sim,2300,,,good,-8.0,average,fading,,2000,316.3,50.6,76.1,0.665,0,3,1,5,9,47,3,0,0,1,0.1
fast tones,sim,2300,,,good,-8.0,average,fading,,2000,590.2,27.1,76.1,0.356,0,1,0,3,16,93,4,0,0,1,0.1
fast tones,sim,2300,,,good,-8.0,average,fading,,2000,181.2,88.3,76.1,1.16,1,5,1,4,5,25,5,5,0,1,0.0
fast tones,sim,2300,,,good,-8.0,average,fading,,2000,187.6,85.3,76.1,1.121,3,5,3,3,5,26,7,1,0,1,0.0
fast tones,sim,2300,,,good,-8.0,average,fading,,2000,208.1,76.9,76.1,1.01,2,4,2,3,5,30,4,1,0,1,0.0
fast tones,sim,2300,,,good,-8.0,average,fading,,2000,476.9,33.5,76.1,0.441,0,3,0,4,13,74,11,0,1,1,0.1
fast tones,sim,2300,,,good,-8.0,average,fading,,2000,320.3,49.9,76.1,0.656,0,3,0,4,9,48,4,1,0,1,0.1
fast tones,sim,2300,,,good,-8.0,average,fading,,2000,566.0,28.3,76.1,0.371,0,1,0,4,15,89,3,1,0,1,0.1
fast tones,sim,2300,,,good,-8.0,average,fading,,2000,402.0,39.8,76.1,0.523,1,2,1,3,10,56,3,1,0,1,0.1
fast tones,sim,2300,,,good,-8.0,average,fading,,2000,340.8,46.9,76.1,0.617,0,4,0,5,9,49,10,1,1,1,0.1
fast tones,sim,2300,,,good,-8.0,average,fading,,2000,194.4,82.3,76.1,1.081,2,4,2,3,6,27,2,0,0,1,0.0
fast tones,sim,2300,,,good,-8.0,average,fading,,2000,426.0,37.6,76.1,0.493,0,3,3,4,11,66,2,0,0,1,0.1
fast tones,sim,2300,,,good,-8.0,average,fading,,2000,432.3,37.0,76.1,0.486,0,3,0,3,11,66,4,0,0,1,0.1
fast tones,sim,2300,,,good,-8.0,average,fading,,2000,585.7,27.3,76.1,0.359,0,2,0,3,16,92,6,0,0,1,0.1
fast tones,sim,2300,,,good,-8.0,average,fading,,2000,397.7,40.2,76.1,0.529,0,2,0,5,11,61,4,0,0,1,0.1
fast tones,sim,2300,,,good,-8.0,average,fading,,2000,393.0,40.7,76.1,0.535,0,3,0,3,10,58,4,0,0,1,0.1
fast tones,sim,2300,,,good,-8.0,average,fading,,2000,143.3,111.7,76.1,1.467,3,5,3,3,4,22,2,0,0,1,0.0
fast tones,sim,2300,,,good,-8.0,average,fading,,2000,560.0,28.6,76.1,0.375,0,2,0,4,15,88,6,1,0,1,0.1
fast tones,sim,2300,,,good,-8.0,average,fading,,2000,390.3,41.0,76.1,0.539,0,3,0,7,10,60,3,1,0,1,0.1
fast tones,sim,2300,,,good,-8.0,average,fading,,2000,570.6,28.0,76.1,0.368,0,2,0,2,15,90,5,0,0,1,0.1
fast tones,sim,2300,,,good,-8.0,average,fading,,2000,353.3,45.3,76.1,0.595,0,3,0,5,9,54,9,0,1,1,0.1
fast tones,sim,2300,,,good,-8.0,average,fading,,2000,369.4,43.3,76.1,0.569,0,3,2,6,10,56,2,0,0,1,0.1
fast tones,sim,2300,,,good,-8.0,average,fading,,2000,513.5,31.2,76.1,0.409,0,2,2,5,14,80,3,0,0,1,0.1
fast tones,sim,2300,,,good,-8.0,average,fading,,2000,541.5,29.5,76.1,0.388,0,3,1,8,15,84,17,0,3,1,0.1
fast tones,sim,2300,,,good,-6.0,average,fading,,2000,156.3,102.3,156.7,0.653,3,5,4,2,4,21,2,0,0,1,0.0
fast tones,sim,2300,,,good,-6.0,average,fading,,2000,452.4,35.4,156.7,0.226,0,3,0,3,12,70,4,0,0,1,0.1
fast tones,sim,2300,,,good,-6.0,average,fading,,2000,146.2,109.4,156.7,0.698,3,5,3,3,5,21,2,0,0,1,0.0
fast tones,sim,2300,,,good,-6.0,average,fading,,2000,160.9,99.4,156.7,0.634,3,5,4,2,4,22,3,0,0,1,0.0
fast tones,sim,2300,,,good,-6.0,average,fading,,2000,212.1,75.4,156.7,0.481,2,4,2,3,6,30,2,0,0,1,0.0
fast tones,sim,2300,,,good,-6.0,average,fading,,2000,180.8,88.5,156.7,0.565,2,5,2,3,5,25,3,0,0,1,0.0
fast tones,sim,2300,,,good,-6.0,average,fading,,2000,290.6,55.1,156.7,0.351,0,3,3,4,8,43,1,0,0,1,0.1
fast tones,sim,2300,,,good,-6.0,average,fading,,2000,397.6,40.2,156.7,0.257,0,2,0,2,11,61,4,0,0,1,0.1
fast tones,sim,2300,,,good,-6.0,average,fading,,2000,155.6,102.8,156.7,0.656,3,5,4,2,4,21,2,2,0,1,0.0
fast tones,sim,2300,,,good,-6.0,average,fading,,2000,161.9,98.8,156.7,0.631,3,5,4,2,4,22,3,0,0,1,0.0
fast tones,sim,2300,,,good,-6.0,average,fading,,2000,201.6,79.4,156.7,0.506,2,4,2,4,6,28,3,0,0,1,0.0
fast tones,sim,2300,,,good,-6.0,average,fading,,2000,169.9,94.2,156.7,0.601,2,5,2,3,5,23,6,1,1,1,0.0
fast tones,sim,2300,,,good,-6.0,average,fading,,2000,232.7,68.8,156.7,0.439,0,4,2,3,6,34,3,0,0,1,0.0
fast tones,sim,2300,,,good,-6.0,average,fading,,2000,304.9,52.5,156.7,0.335,0,3,2,5,9,45,3,1,0,1,0.1
fast tones,sim,2300,,,good,-6.0,average,fading,,2000,232.0,69.0,156.7,0.44,0,4,1,3,7,33,3,1,0,1,0.0
fast tones,sim,2300,,,good,-6.0,average,fading,,2000,168.6,94.9,156.7,0.605,2,5,3,4,5,23,3,1,0,1,0.0
fast tones,sim,2300,,,good,-6.0,average,fading,,2000,137.7,116.2,156.7,0.741,3,5,4,2,4,18,1,1,0,1,0.0
fast tones,sim,2300,,,good,-6.0,average,fading,,2000,245.9,65.1,156.7,0.415,2,3,2,3,7,38,5,1,0,1,0.0
fast tones,sim,2300,,,good,-6.0,average,fading,,2000,195.0,82.0,156.7,0.523,2,4,3,3,6,27,2,0,0,1,0.0
fast tones,sim,2300,,,good,-6.0,average,fading,,2000,200.0,80.0,156.7,0.511,1,5,1,5,6,31,8,3,0,1,0.0
fast tones,sim,2300,,,good,-6.0,average,fading,,2000,147.5,108.5,156.7,0.692,3,5,3,3,5,22,3,0,0,1,0.0
fast tones,sim,2300,,,good,-6.0,average,fading,,2000,132.6,120.7,156.7,0.77,3,5,4,2,4,20,1,0,0,1,0.0
fast tones,sim,2300,,,good,-6.0,average,fading,,2000,132.6,120.7,156.7,0.77,3,5,4,2,4,20,1,0,0,1,0.0
fast tones,sim,2300,,,good,-6.0,average,fading,,2000,456.2,35.1,156.7,0.224,0,3,0,4,12,71,4,0,0,1,0.1
fast tones,sim,2300,,,good,-6.0,average,fading,,2000,208.5,76.7,156.7,0.49,0,4,4,3,5,30,0,0,0,1,0.0
fast tones,sim,2300,,,good,-6.0,average,fading,,2000,425.1,37.6,156.7,0.24,0,3,0,3,11,66,4,0,0,1,0.1
fast tones,sim,2300,,,good,-6.0,average,fading,,2000,146.3,109.4,156.7,0.698,3,5,4,2,4,22,3,0,0,1,0.0
fast tones,sim,2300,,,good,-6.0,average,fading,,2000,202.5,79.0,156.7,0.504,0,5,4,4,6,28,1,0,0,1,0.0
fast tones,sim,2300,,,good,-6.0,average,fading,,2000,337.0,47.5,156.7,0.303,0,4,0,4,9,51,6,0,0,1,0.1
fast tones,sim,2300,,,good,-6.0,average,fading,,2000,208.4,76.8,156.7,0.49,0,5,4,3,5,30,7,0,1,1,0.0
fast tones,sim,2300,,,good,-4.0,average,fading,,2000,112.3,142.5,156.7,0.909,3,5,5,1,3,17,0,0,0,1,0.0
fast tones,sim,2300,,,good,-4.0,average,fading,,2000,196.7,81.4,156.7,0.519,0,5,3,3,6,27,4,0,0,1,0.0
fast tones,sim,2300,,,good,-4.0,average,fading,,2000,146.2,109.4,156.7,0.698,3,5,4,4,5,21,2,0,0,1,0.0
fast tones,sim,2300,,,good,-4.0,average,fading,,2000,129.9,123.1,156.7,0.786,3,5,5,1,3,17,0,0,0,1,0.0
fast tones,sim,2300,,,good,-4.0,average,fading,,2000,132.6,120.7,156.7,0.77,3,5,5,3,4,20,1,1,0,1,0.0
fast tones,sim,2300,,,good,-4.0,average,fading,,2000,116.0,138.0,156.7,0.88,3,5,5,1,3,17,0,0,0,1,0.0
fast tones,sim,2300,,,good,-4.0,average,fading,,2000,186.9,85.6,156.7,0.546,1,5,4,4,5,26,2,0,0,1,0.0
fast tones,sim,2300,,,good,-4.0,average,fading,,2000,184.8,86.6,156.7,0.553,2,4,4,2,5,26,1,0,0,1,0.0
fast tones,sim,2300,,,good,-4.0,average,fading,,2000,136.4,117.3,156.7,0.749,3,5,5,3,4,20,1,0,0,1,0.0
fast tones,sim,2300,,,good,-4.0,average,fading,,2000,151.2,105.8,156.7,0.675,3,5,5,3,4,20,2,0,0,1,0.0
fast tones,sim,2300,,,good,-4.0,average,fading,,2000,155.6,102.8,156.7,0.656,4,7,4,3,7,40,15,7,2,1,0.0
fast tones,sim,2300,,,good,-4.0,average,fading,,2000,185.2,86.4,156.7,0.551,0,5,3,4,5,26,4,1,0,1,0.0
fast tones,sim,2300,,,good,-4.0,average,fading,,2000,170.7,93.8,156.7,0.598,0,5,4,3,4,24,2,0,0,1,0.0
fast tones,sim,2300,,,good,-4.0,average,fading,,2000,186.2,85.9,156.7,0.548,0,5,4,4,5,26,1,0,0,1,0.0
fast tones,sim,2300,,,good,-4.0,average,fading,,2000,214.7,74.5,156.7,0.475,0,4,3,2,5,30,2,0,0,1,0.0
fast tones,sim,2300,,,good,-4.0,average,fading,,2000,137.6,116.3,156.7,0.742,3,5,4,2,4,18,1,0,0,1,0.0
fast tones,sim,2300,,,good,-4.0,average,fading,,2000,137.7,116.2,156.7,0.741,3,5,4,2,4,18,1,0,0,1,0.0
fast tones,sim,2300,,,good,-4.0,average,fading,,2000,116.5,137.3,156.7,0.876,3,5,5,1,3,17,0,0,0,1,0.0
fast tones,sim,2300,,,good,-4.0,average,fading,,2000,146.3,109.4,156.7,0.698,0,5,4,2,4,22,2,0,0,1,0.0
fast tones,sim,2300,,,good,-4.0,average,fading,,2000,152.9,104.7,156.7,0.668,2,5,2,4,5,23,3,1,0,1,0.0
fast tones,sim,2300,,,good,-4.0,average,fading,,2000,142.1,112.6,156.7,0.718,3,5,4,4,5,21,2,0,0,1,0.0
fast tones,sim,2300,,,good,-4.0,average,fading,,2000,132.6,120.7,156.7,0.77,3,5,5,3,4,20,1,0,0,1,0.0
fast tones,sim,2300,,,good,-4.0,average,fading,,2000,130.8,122.3,156.7,0.781,4,7,4,5,7,34,13,0,1,1,0.0
fast tones,sim,2300,,,good,-4.0,average,fading,,2000,185.6,86.2,156.7,0.55,0,5,4,4,5,26,1,0,0,1,0.0
fast tones,sim,2300,,,good,-4.0,average,fading,,2000,181.7,88.1,156.7,0.562,0,5,5,3,5,25,0,0,0,1,0.0
fast tones,sim,2300,,,good,-4.0,average,fading,,2000,205.8,77.8,156.7,0.496,0,4,3,4,6,29,3,0,0,1,0.1
fast tones,sim,2300,,,good,-4.0,average,fading,,2000,137.9,116.0,156.7,0.74,3,5,5,3,4,21,3,0,0,1,0.0
fast tones,sim,2300,,,good,-4.0,average,fading,,2000,182.2,87.8,156.7,0.56,0,5,5,3,5,25,3,0,0,1,0.0
fast tones,sim,2300,,,good,-4.0,average,fading,,2000,222.5,71.9,156.7,0.459,0,4,4,3,6,32,2,0,0,1,0.1
fast tones,sim,2300,,,good,-4.0,average,fading,,2000,165.9,96.4,156.7,0.615,0,5,4,2,4,23,3,0,0,1,0.0
fast tones,sim,2300,,,good,-2.0,average,fading,,2000,112.3,142.5,228.4,0.624,3,5,5,1,3,17,0,0,0,1,0.0
fast tones,sim,2300,,,good,-2.0,average,fading,,2000,143.3,111.7,228.4,0.489,3,5,3,3,4,22,2,0,0,1,0.0
fast tones,sim,2300,,,good,-2.0,average,fading,,2000,98.8,162.0,228.4,0.709,5,7,5,1,6,29,6,5,0,1,0.0
fast tones,sim,2300,,,good,-2.0,average,fading,,2000,125.7,127.2,228.4,0.557,4,7,5,2,7,40,10,5,1,1,0.0
fast tones,sim,2300,,,good,-2.0,average,fading,,2000,133.7,119.6,228.4,0.524,3,7,3,4,11,53,14,7,0,1,0.1
fast tones,sim,2300,,,good,-2.0,average,fading,,2000,116.0,138.0,228.4,0.604,3,5,5,1,3,17,0,0,0,1,0.0
fast tones,sim,2300,,,good,-2.0,average,fading,,2000,145.1,110.2,228.4,0.483,2,5,4,2,4,19,1,0,0,1,0.0
fast tones,sim,2300,,,good,-2.0,average,fading,,2000,169.8,94.2,228.4,0.413,0,5,4,3,4,24,2,0,0,1,0.0
fast tones,sim,2300,,,good,-2.0,average,fading,,2000,116.1,137.8,228.4,0.604,3,5,5,1,3,17,0,0,0,1,0.0
fast tones,sim,2300,,,good,-2.0,average,fading,,2000,126.2,126.7,228.4,0.555,4,7,4,2,6,26,6,1,0,1,0.0
fast tones,sim,2300,,,good,-2.0,average,fading,,2000,155.8,102.7,228.4,0.45,4,7,4,4,9,43,16,2,1,1,0.0
fast tones,sim,2300,,,good,-2.0,average,fading,,2000,135.1,118.4,228.4,0.519,4,7,4,1,6,35,10,5,1,1,0.1
fast tones,sim,2300,,,good,-2.0,average,fading,,2000,230.9,69.3,228.4,0.303,2,7,2,4,10,55,18,6,2,1,0.1
fast tones,sim,2300,,,good,-2.0,average,fading,,2000,132.6,120.7,228.4,0.528,3,5,5,3,4,20,1,0,0,1,0.0
fast tones,sim,2300,,,good,-2.0,average,fading,,2000,170.8,93.7,228.4,0.41,2,7,4,5,8,42,16,5,3,1,0.0
fast tones,sim,2300,,,good,-2.0,average,fading,,2000,128.0,125.0,228.4,0.547,3,5,5,1,3,17,0,0,0,1,0.0
fast tones,sim,2300,,,good,-2.0,average,fading,,2000,166.0,96.4,228.4,0.422,0,7,5,5,8,36,11,3,1,1,0.0
fast tones,sim,2300,,,good,-2.0,average,fading,,2000,144.7,110.5,228.4,0.484,4,7,4,1,6,36,12,7,1,1,0.1
fast tones,sim,2300,,,good,-2.0,average,fading,,2000,140.5,113.9,228.4,0.499,3,7,3,2,6,36,8,1,1,1,0.0
fast tones,sim,2300,,,good,-2.0,average,fading,,2000,199.1,80.3,228.4,0.352,2,7,2,3,9,50,19,6,1,1,0.1
fast tones,sim,2300,,,good,-2.0,average,fading,,2000,175.0,91.4,228.4,0.4,2,7,3,5,11,56,22,4,2,1,0.1
fast tones,sim,2300,,,good,-2.0,average,fading,,2000,130.6,122.5,228.4,0.536,4,7,4,1,9,52,21,4,0,1,0.0
fast tones,sim,2300,,,good,-2.0,average,fading,,2000,115.2,138.9,228.4,0.608,4,7,4,3,10,52,16,5,1,1,0.0
fast tones,sim,2300,,,good,-2.0,average,fading,,2000,154.5,103.5,228.4,0.453,2,5,4,3,4,21,1,0,0,1,0.0
fast tones,sim,2300,,,good,-2.0,average,fading,,2000,121.9,131.3,228.4,0.575,3,5,4,2,4,18,1,0,0,1,0.0
fast tones,sim,2300,,,good,-2.0,average,fading,,2000,153.3,104.4,228.4,0.457,0,5,5,3,4,23,2,0,0,1,0.0
fast tones,sim,2300,,,good,-2.0,average,fading,,2000,93.8,170.7,228.4,0.747,5,7,5,1,5,25,3,2,0,1,0.0
fast tones,sim,2300,,,good,-2.0,average,fading,,2000,116.8,137.0,228.4,0.6,3,5,5,1,3,17,0,0,0,1,0.0
fast tones,sim,2300,,,good,-2.0,average,fading,,2000,121.9,131.3,228.4,0.575,3,5,4,2,4,18,1,0,0,1,0.0
fast tones,sim,2300,,,good,-2.0,average,fading,,2000,152.1,105.2,228.4,0.461,0,5,4,2,4,23,3,0,0,1,0.0
fast tones,sim,2300,,,good,0.0,average,fading,,2000,95.5,167.5,228.4,0.733,5,7,5,1,7,37,8,1,0,1,0.0
fast tones,sim,2300,,,good,0.0,average,fading,,2000,133.4,119.9,228.4,0.525,3,7,5,6,9,42,16,1,2,1,0.0
fast tones,sim,2300,,,good,0.0,average,fading,,2000,112.3,142.5,228.4,0.624,3,5,5,1,3,17,0,0,0,1,0.0
fast tones,sim,2300,,,good,0.0,average,fading,,2000,112.3,142.5,228.4,0.624,3,5,5,1,3,17,0,0,0,1,0.0
fast tones,sim,2300,,,good,0.0,average,fading,,2000,102.2,156.6,228.4,0.686,4,7,4,3,11,58,15,9,1,1,0.0
fast tones,sim,2300,,,good,0.0,average,fading,,2000,101.1,158.3,228.4,0.693,4,7,4,3,9,48,9,5,0,1,0.0
fast tones,sim,2300,,,good,0.0,average,fading,,2000,130.2,122.9,228.4,0.538,3,5,5,1,3,17,0,0,0,1,0.0
fast tones,sim,2300,,,good,0.0,average,fading,,2000,159.1,100.5,228.4,0.44,0,5,5,2,4,22,1,0,0,1,0.0
fast tones,sim,2300,,,good,0.0,average,fading,,2000,81.1,197.4,228.4,0.864,4,8,7,6,11,59,15,3,1,1,0.0
fast tones,sim,2300,,,good,0.0,average,fading,,2000,136.8,117.0,228.4,0.512,0,5,5,1,4,20,1,0,0,1,0.0
fast tones,sim,2300,,,good,0.0,average,fading,,2000,112.3,142.5,228.4,0.624,3,5,5,1,3,17,0,0,0,1,0.0
fast tones,sim,2300,,,good,0.0,average,fading,,2000,175.4,91.2,228.4,0.399,1,7,1,5,12,70,29,9,3,1,0.1
fast tones,sim,2300,,,good,0.0,average,fading,,2000,166.0,96.4,228.4,0.422,3,7,4,3,8,43,11,7,1,1,0.1
fast tones,sim,2300,,,good,0.0,average,fading,,2000,95.9,166.9,228.4,0.731,5,7,5,1,5,27,6,4,0,1,0.0
fast tones,sim,2300,,,good,0.0,average,fading,,2000,128.7,124.3,228.4,0.544,3,7,4,3,7,32,7,6,1,1,0.0
fast tones,sim,2300,,,good,0.0,average,fading,,2000,116.0,137.9,228.4,0.604,3,7,7,5,11,54,11,0,0,1,0.0
fast tones,sim,2300,,,good,0.0,average,fading,,2000,142.8,112.0,228.4,0.491,0,7,5,2,7,31,7,2,0,1,0.1
fast tones,sim,2300,,,good,0.0,average,fading,,2000,134.0,119.4,228.4,0.523,4,7,5,2,6,34,11,2,1,1,0.0
fast tones,sim,2300,,,good,0.0,average,fading,,2000,108.3,147.8,228.4,0.647,2,7,4,6,9,49,18,1,3,1,0.0
fast tones,sim,2300,,,good,0.0,average,fading,,2000,121.0,132.2,228.4,0.579,3,7,4,4,7,37,17,2,1,1,0.0
fast tones,sim,2300,,,good,0.0,average,fading,,2000,96.2,166.4,228.4,0.729,3,7,7,3,14,74,27,3,1,1,0.0
fast tones,sim,2300,,,good,0.0,average,fading,,2000,97.9,163.4,228.4,0.716,4,7,4,3,13,65,19,4,0,1,0.0
fast tones,sim,2300,,,good,0.0,average,fading,,2000,93.9,170.4,228.4,0.746,4,7,5,4,9,48,11,1,1,1,0.0
fast tones,sim,2300,,,good,0.0,average,fading,,2000,128.9,124.1,228.4,0.544,3,5,5,1,3,17,0,0,0,1,0.0
fast tones,sim,2300,,,good,0.0,average,fading,,2000,98.0,163.3,228.4,0.715,5,7,5,1,5,29,9,4,0,1,0.0
fast tones,sim,2300,,,good,0.0,average,fading,,2000,134.0,119.4,228.4,0.523,0,7,7,3,10,48,13,4,0,1,0.0
fast tones,sim,2300,,,good,0.0,average,fading,,2000,131.7,121.5,228.4,0.532,3,7,3,3,10,52,13,5,0,1,0.0
fast tones,sim,2300,,,good,0.0,average,fading,,2000,95.8,167.0,228.4,0.731,4,7,7,5,8,47,15,0,2,1,0.0
fast tones,sim,2300,,,good,0.0,average,fading,,2000,88.7,180.4,228.4,0.79,4,7,4,4,9,45,13,5,0,1,0.0
fast tones,sim,2300,,,good,0.0,average,fading,,2000,107.8,148.4,228.4,0.65,4,7,4,1,11,60,18,5,0,1,0.0
fast tones,sim,2300,,,good,2.0,average,fading,,2000,71.3,224.5,228.4,0.983,7,7,7,0,10,55,8,0,0,1,0.0
fast tones,sim,2300,,,good,2.0,average,fading,,2000,104.9,152.5,228.4,0.668,4,7,4,1,9,48,11,2,0,1,0.0
fast tones,sim,2300,,,good,2.0,average,fading,,2000,96.7,165.4,228.4,0.724,3,7,7,2,5,29,1,0,0,1,0.0
fast tones,sim,2300,,,good,2.0,average,fading,,2000,96.7,165.4,228.4,0.724,3,7,7,2,5,29,1,0,0,1,0.0
fast tones,sim,2300,,,good,2.0,average,fading,,2000,48.1,332.3,228.4,1.455,7,9,7,3,7,36,5,1,0,1,0.0
fast tones,sim,2300,,,good,2.0,average,fading,,2000,59.2,270.3,228.4,1.184,5,8,5,3,8,42,5,3,0,1,0.0
fast tones,sim,2300,,,good,2.0,average,fading,,2000,136.9,116.8,228.4,0.512,0,5,5,1,4,20,1,0,0,1,0.0
fast tones,sim,2300,,,good,2.0,average,fading,,2000,83.9,190.8,228.4,0.836,5,7,7,2,12,65,18,0,0,1,0.0
fast tones,sim,2300,,,good,2.0,average,fading,,2000,126.0,127.0,228.4,0.556,0,8,7,7,13,65,18,0,1,1,0.0
fast tones,sim,2300,,,good,2.0,average,fading,,2000,119.9,133.5,228.4,0.585,0,7,7,2,8,44,6,0,0,1,0.0
fast tones,sim,2300,,,good,2.0,average,fading,,2000,69.1,231.4,228.4,1.013,5,7,7,2,10,53,6,0,0,1,0.0
fast tones,sim,2300,,,good,2.0,average,fading,,2000,74.1,215.8,228.4,0.945,4,7,7,2,10,57,10,2,1,1,0.0
fast tones,sim,2300,,,good,2.0,average,fading,,2000,83.2,192.3,228.4,0.842,4,8,7,5,7,41,12,6,1,1,0.0
fast tones,sim,2300,,,good,2.0,average,fading,,2000,79.4,201.5,228.4,0.883,4,7,7,4,11,61,14,2,1,1,0.0
fast tones,sim,2300,,,good,2.0,average,fading,,2000,92.0,174.0,228.4,0.762,3,7,3,7,14,70,23,10,1,1,0.0
fast tones,sim,2300,,,good,2.0,average,fading,,2000,112.3,142.5,228.4,0.624,3,5,5,1,3,17,0,0,0,1,0.0
fast tones,sim,2300,,,good,2.0,average,fading,,2000,70.2,227.9,228.4,0.998,5,8,7,4,10,54,10,1,0,1,0.0
fast tones,sim,2300,,,good,2.0,average,fading,,2000,112.3,142.5,228.4,0.624,3,5,5,1,3,17,0,0,0,1,0.0
fast tones,sim,2300,,,good,2.0,average,fading,,2000,53.4,299.5,228.4,1.312,7,9,7,3,7,41,9,3,0,1,0.0
fast tones,sim,2300,,,good,2.0,average,fading,,2000,107.7,148.6,228.4,0.651,3,7,3,6,13,62,18,3,0,1,0.0
fast tones,sim,2300,,,good,2.0,average,fading,,2000,75.4,212.1,228.4,0.929,5,7,7,2,11,58,11,1,0,1,0.0
fast tones,sim,2300,,,good,2.0,average,fading,,2000,72.3,221.3,228.4,0.969,7,7,7,0,10,56,9,0,0,1,0.0
fast tones,sim,2300,,,good,2.0,average,fading,,2000,68.9,232.2,228.4,1.017,4,8,7,3,9,53,9,0,1,1,0.0
fast tones,sim,2300,,,good,2.0,average,fading,,2000,113.8,140.6,228.4,0.616,0,8,7,3,11,55,8,3,0,1,0.0
fast tones,sim,2300,,,good,2.0,average,fading,,2000,104.5,153.1,228.4,0.671,4,7,4,5,10,53,14,1,1,1,0.0
fast tones,sim,2300,,,good,2.0,average,fading,,2000,111.9,142.9,228.4,0.626,4,7,4,5,11,52,14,4,1,1,0.0
fast tones,sim,2300,,,good,2.0,average,fading,,2000,85.3,187.6,228.4,0.821,4,8,4,5,11,55,11,1,0,1,0.0
fast tones,sim,2300,,,good,2.0,average,fading,,2000,83.5,191.7,228.4,0.839,4,7,7,2,10,60,13,0,1,1,0.0
fast tones,sim,2300,,,good,2.0,average,fading,,2000,71.2,224.6,228.4,0.984,5,7,7,4,11,54,7,2,0,1,0.0
fast tones,sim,2300,,,good,2.0,average,fading,,2000,73.3,218.2,228.4,0.955,5,7,7,2,11,56,9,1,0,1,0.0
fast tones,sim,2300,,,good,6.0,average,fading,,2000,53.4,299.5,531.3,0.564,7,8,7,3,7,41,4,0,0,1,0.0
fast tones,sim,2300,,,good,6.0,average,fading,,2000,65.0,246.3,531.3,0.464,7,7,7,0,9,50,3,0,0,1,0.0
fast tones,sim,2300,,,good,6.0,average,fading,,2000,29.3,547.0,531.3,1.029,7,10,10,2,4,21,0,0,0,1,0.0
fast tones,sim,2300,,,good,6.0,average,fading,,2000,53.4,299.7,531.3,0.564,7,9,7,3,8,40,2,0,0,1,0.0
fast tones,sim,2300,,,good,6.0,average,fading,,2000,24.0,666.4,531.3,1.254,9,11,10,2,3,17,2,1,0,1,0.0
fast tones,sim,2300,,,good,6.0,average,fading,,2000,44.0,364.0,531.3,0.685,7,9,7,4,6,33,2,0,0,1,0.0
fast tones,sim,2300,,,good,6.0,average,fading,,2000,67.0,238.7,531.3,0.449,7,8,7,2,10,51,5,0,0,1,0.0
fast tones,sim,2300,,,good,6.0,average,fading,,2000,39.8,402.4,531.3,0.757,7,9,8,3,5,30,2,0,0,1,0.0
fast tones,sim,2300,,,good,6.0,average,fading,,2000,29.3,547.0,531.3,1.029,7,10,10,2,4,21,0,0,0,1,0.0
fast tones,sim,2300,,,good,6.0,average,fading,,2000,66.0,242.4,531.3,0.456,7,7,7,0,9,51,4,0,0,1,0.0
fast tones,sim,2300,,,good,6.0,average,fading,,2000,35.5,450.1,531.3,0.847,7,10,7,4,5,26,4,0,0,1,0.0
fast tones,sim,2300,,,good,6.0,average,fading,,2000,58.4,274.0,531.3,0.516,5,9,7,3,8,44,7,0,1,1,0.0
fast tones,sim,2300,,,good,6.0,average,fading,,2000,44.0,364.0,531.3,0.685,7,10,7,3,6,33,7,6,0,1,0.0
fast tones,sim,2300,,,good,6.0,average,fading,,2000,37.7,424.9,531.3,0.8,7,10,7,3,5,28,6,1,0,1,0.0
fast tones,sim,2300,,,good,6.0,average,fading,,2000,54.4,293.9,531.3,0.553,7,9,7,2,8,41,4,1,0,1,0.0
fast tones,sim,2300,,,good,6.0,average,fading,,2000,65.0,246.3,531.3,0.464,7,7,7,0,9,50,3,0,0,1,0.0
fast tones,sim,2300,,,good,6.0,average,fading,,2000,29.2,547.5,531.3,1.03,8,11,8,3,5,20,5,0,0,1,0.0
fast tones,sim,2300,,,good,6.0,average,fading,,2000,60.8,263.3,531.3,0.496,7,8,7,2,8,47,3,1,0,1,0.0
fast tones,sim,2300,,,good,6.0,average,fading,,2000,24.0,666.4,531.3,1.254,9,11,10,2,3,17,2,0,0,1,0.0
fast tones,sim,2300,,,good,6.0,average,fading,,2000,58.7,272.8,531.3,0.513,7,9,7,2,8,45,7,0,0,1,0.0
fast tones,sim,2300,,,good,6.0,average,fading,,2000,20.8,767.5,531.3,1.445,9,11,11,1,3,14,0,0,0,1,0.0
fast tones,sim,2300,,,good,6.0,average,fading,,2000,38.7,413.3,531.3,0.778,8,9,8,3,5,29,3,0,0,1,0.0
fast tones,sim,2300,,,good,6.0,average,fading,,2000,27.1,589.4,531.3,1.109,9,10,10,2,4,19,3,0,0,1,0.0
fast tones,sim,2300,,,good,6.0,average,fading,,2000,94.9,168.6,531.3,0.317,0,9,8,3,8,40,2,0,0,1,0.0
fast tones,sim,2300,,,good,6.0,average,fading,,2000,39.8,402.4,531.3,0.757,7,9,7,3,5,30,3,1,0,1,0.0
fast tones,sim,2300,,,good,6.0,average,fading,,2000,61.8,258.8,531.3,0.487,7,8,7,1,8,48,4,0,0,1,0.0
fast tones,sim,2300,,,good,6.0,average,fading,,2000,23.0,697.0,531.3,1.312,9,11,10,2,3,16,1,1,0,1,0.0
fast tones,sim,2300,,,good,6.0,average,fading,,2000,50.3,318.4,531.3,0.599,7,9,8,5,7,38,4,0,0,1,0.0
fast tones,sim,2300,,,good,6.0,average,fading,,2000,34.5,463.8,531.3,0.873,8,10,9,3,5,25,3,0,0,1,0.0
fast tones,sim,2300,,,good,6.0,average,fading,,2000,32.4,493.6,531.3,0.929,8,10,9,2,4,24,3,0,0,1,0.0
fast tones,sim,2300,,,moderate,-18.0,average,fading,,2000,79.7,0.0,0.0,,,,,0,0,0,0,0,0,0,0.0
fast tones,sim,2300,,,moderate,-18.0,average,fading,,2000,125.6,0.0,0.0,,,,,0,0,0,0,0,0,0,0.0
fast tones,sim,2300,,,moderate,-18.0,average,fading,,2000,108.3,0.0,0.0,,,,,0,0,0,0,0,0,0,0.0
fast tones,sim,2300,,,moderate,-18.0,average,fading,,2000,158.6,0.0,0.0,,,,,0,0,0,0,0,0,0,0.0
fast tones,sim,2300,,,moderate,-18.0,average,fading,,2000,231.7,0.0,0.0,,,,,0,0,0,0,0,0,0,0.0
fast tones,sim,2300,,,moderate,-18.0,average,fading,,2000,93.8,0.0,0.0,,,,,0,0,0,0,0,0,0,0.0
fast tones,sim,2300,,,moderate,-18.0,average,fading,,2000,79.4,0.0,0.0,,,,,0,0,0,0,0,0,0,0.0
fast tones,sim,2300,,,moderate,-18.0,average,fading,,2000,64.4,0.0,0.0,,,,,0,0,0,0,0,0,0,0.0
fast tones,sim,2300,,,moderate,-18.0,average,fading,,2000,495.9,5.4,0.0,,0,0,0,0,9,54,38,9,5,0,0.1
fast tones,sim,2300,,,moderate,-18.0,average,fading,,2000,182.3,0.0,0.0,,,,,0,0,0,0,0,0,0,0.0
fast tones,sim,2300,,,moderate,-18.0,average,fading,,2000,180.5,0.0,0.0,,,,,0,0,0,0,0,0,0,0.0
fast tones,sim,2300,,,moderate,-18.0,average,fading,,2000,120.7,0.0,0.0,,,,,0,0,0,0,0,0,0,0.0
fast tones,sim,2300,,,moderate,-18.0,average,fading,,2000,134.0,0.0,0.0,,,,,0,0,0,0,0,0,0,0.0
fast tones,sim,2300,,,moderate,-18.0,average,fading,,2000,195.4,0.0,0.0,,,,,0,0,0,0,0,0,0,0.0
fast tones,sim,2300,,,moderate,-18.0,average,fading,,2000,100.2,0.0,0.0,,,,,0,0,0,0,0,0,0,0.0
fast tones,sim,2300,,,moderate,-18.0,average,fading,,2000,134.9,0.0,0.0,,,,,0,0,0,0,0,0,0,0.0
fast tones,sim,2300,,,moderate,-18.0,average,fading,,2000,210.8,0.0,0.0,,,,,0,0,0,0,0,0,0,0.0
fast tones,sim,2300,,,moderate,-18.0,average,fading,,2000,226.6,0.0,0.0,,,,,0,0,0,0,0,0,0,0.0
fast tones,sim,2300,,,moderate,-18.0,average,fading,,2000,189.3,0.0,0.0,,,,,0,0,0,0,0,0,0,0.0
fast tones,sim,2300,,,moderate,-18.0,average,fading,,2000,85.7,0.0,0.0,,,,,0,0,0,0,0,0,0,0.0
fast tones,sim,2300,,,moderate,-18.0,average,fading,,2000,238.4,0.0,0.0,,,,,0,0,0,0,0,0,0,0.0
fast tones,sim,2300,,,moderate,-18.0,average,fading,,2000,89.2,0.0,0.0,,,,,0,0,0,0,0,0,0,0.0
fast tones,sim,2300,,,moderate,-18.0,average,fading,,2000,119.9,0.0,0.0,,,,,0,0,0,0,0,0,0,0.0
fast tones,sim,2300,,,moderate,-18.0,average,fading,,2000,112.9,0.0,0.0,,,,,0,0,0,0,0,0,0,0.0
fast tones,sim,2300,,,moderate,-18.0,average,fading,,2000,196.2,0.0,0.0,,,,,0,0,0,0,0,0,0,0.0
fast tones,sim,2300,,,moderate,-18.0,average,fading,,2000,129.5,0.0,0.0,,,,,0,0,0,0,0,0,0,0.0
fast tones,sim,2300,,,moderate,-18.0,average,fading,,2000,93.0,0.0,0.0,,,,,0,0,0,0,0,0,0,0.0
fast tones,sim,2300,,,moderate,-18.0,average,fading,,2000,180.3,0.0,0.0,,,,,0,0,0,0,0,0,0,0.0
fast tones,sim,2300,,,moderate,-18.0,average,fading,,2000,140.7,0.0,0.0,,,,,0,0,0,0,0,0,0,0.0
fast tones,sim,2300,,,moderate,-18.0,average,fading,,2000,124.9,0.0,0.0,,,,,0,0,0,0,0,0,0,0.0
fast tones,sim,2300,,,moderate,-14.0,average,fading,,2000,851.5,18.8,0.0,,0,0,0,0,22,127,31,5,2,1,0.2
fast tones,sim,2300,,,moderate,-14.0,average,fading,,2000,753.7,21.2,0.0,,0,0,0,0,21,119,23,4,1,1,0.2
fast tones,sim,2300,,,moderate,-14.0,average,fading,,2000,775.5,20.6,0.0,,0,0,0,0,21,122,26,4,1,1,0.1
fast tones,sim,2300,,,moderate,-14.0,average,fading,,2000,716.8,22.3,0.0,,0,1,0,2,20,113,21,7,1,1,0.1
fast tones,sim,2300,,,moderate,-14.0,average,fading,,2000,838.0,19.1,0.0,,0,0,0,0,22,129,33,1,4,1,0.2
fast tones,sim,2300,,,moderate,-14.0,average,fading,,2000,743.2,21.5,0.0,,0,0,0,0,20,118,22,1,1,1,0.1
fast tones,sim,2300,,,moderate,-14.0,average,fading,,2000,726.6,22.0,0.0,,0,0,0,0,19,106,10,2,1,1,0.1
fast tones,sim,2300,,,moderate,-14.0,average,fading,,2000,748.0,21.4,0.0,,0,0,0,0,20,119,23,4,2,1,0.2
fast tones,sim,2300,,,moderate,-14.0,average,fading,,2000,722.2,22.2,0.0,,0,0,0,0,20,114,18,6,1,1,0.1
fast tones,sim,2300,,,moderate,-14.0,average,fading,,2000,740.9,21.6,0.0,,0,0,0,0,19,114,18,3,0,1,0.1
fast tones,sim,2300,,,moderate,-14.0,average,fading,,2000,744.5,21.5,0.0,,0,0,0,0,20,118,22,1,2,1,0.1
fast tones,sim,2300,,,moderate,-14.0,average,fading,,2000,805.8,19.9,0.0,,0,0,0,0,22,128,32,2,3,1,0.1
fast tones,sim,2300,,,moderate,-14.0,average,fading,,2000,818.8,19.5,0.0,,0,0,0,0,22,129,33,4,3,1,0.1
fast tones,sim,2300,,,moderate,-14.0,average,fading,,2000,778.5,20.6,0.0,,0,0,0,0,22,123,27,0,1,1,0.1
fast tones,sim,2300,,,moderate,-14.0,average,fading,,2000,766.4,20.9,0.0,,0,0,0,0,20,116,20,3,1,1,0.1
fast tones,sim,2300,,,moderate,-14.0,average,fading,,2000,741.8,21.6,0.0,,0,0,0,0,20,118,22,0,1,1,0.1
fast tones,sim,2300,,,moderate,-14.0,average,fading,,2000,846.8,18.9,0.0,,0,0,0,0,24,134,38,3,4,1,0.1
fast tones,sim,2300,,,moderate,-14.0,average,fading,,2000,764.5,20.9,0.0,,0,0,0,0,21,121,25,5,2,1,0.1
fast tones,sim,2300,,,moderate,-14.0,average,fading,,2000,792.2,20.2,0.0,,0,0,0,0,20,117,21,0,2,1,0.1
fast tones,sim,2300,,,moderate,-14.0,average,fading,,2000,732.7,21.8,0.0,,0,0,0,0,20,116,20,2,2,1,0.1
fast tones,sim,2300,,,moderate,-14.0,average,fading,,2000,777.5,20.6,0.0,,0,0,0,0,20,118,22,2,1,1,0.1
fast tones,sim,2300,,,moderate,-14.0,average,fading,,2000,843.2,19.0,0.0,,0,0,0,0,22,132,36,2,4,1,0.2
fast tones,sim,2300,,,moderate,-14.0,average,fading,,2000,800.5,20.0,0.0,,0,0,0,0,22,123,27,0,2,1,0.1
fast tones,sim,2300,,,moderate,-14.0,average,fading,,2000,679.8,23.5,0.0,,0,0,0,0,18,108,12,3,0,1,0.1
fast tones,sim,2300,,,moderate,-14.0,average,fading,,2000,755.6,21.2,0.0,,0,0,0,0,20,120,24,2,2,1,0.1
fast tones,sim,2300,,,moderate,-14.0,average,fading,,2000,759.5,21.1,0.0,,0,0,0,0,20,115,19,1,1,1,0.1
fast tones,sim,2300,,,moderate,-14.0,average,fading,,2000,704.3,22.7,0.0,,0,0,0,0,20,111,15,3,0,1,0.1
fast tones,sim,2300,,,moderate,-14.0,average,fading,,2000,722.0,22.2,0.0,,0,0,0,0,21,113,17,1,1,1,0.1
fast tones,sim,2300,,,moderate,-14.0,average,fading,,2000,880.3,18.2,0.0,,0,0,0,0,24,140,44,4,4,1,0.2
fast tones,sim,2300,,,moderate,-14.0,average,fading,,2000,759.1,21.1,0.0,,0,0,0,0,20,116,20,6,1,1,0.1
fast tones,sim,2300,,,moderate,-12.0,average,fading,,2000,677.0,23.6,35.8,0.66,0,0,0,0,18,107,11,0,1,1,0.1
fast tones,sim,2300,,,moderate,-12.0,average,fading,,2000,581.8,27.5,35.8,0.768,0,2,0,3,16,91,6,1,0,1,0.1
fast tones,sim,2300,,,moderate,-12.0,average,fading,,2000,560.0,28.6,35.8,0.798,0,2,0,3,15,88,6,2,0,1,0.1
fast tones,sim,2300,,,moderate,-12.0,average,fading,,2000,472.2,33.9,35.8,0.946,0,3,0,3,13,73,11,5,0,1,0.1
fast tones,sim,2300,,,moderate,-12.0,average,fading,,2000,602.6,26.6,35.8,0.741,0,1,0,4,16,95,6,1,0,1,0.1
fast tones,sim,2300,,,moderate,-12.0,average,fading,,2000,602.3,26.6,35.8,0.742,0,1,0,2,16,95,3,1,0,1,0.1
fast tones,sim,2300,,,moderate,-12.0,average,fading,,2000,561.3,28.5,35.8,0.796,0,2,0,4,15,88,3,0,0,1,0.1
fast tones,sim,2300,,,moderate,-12.0,average,fading,,2000,632.7,25.3,35.8,0.706,0,1,0,2,17,100,8,1,1,1,0.2
fast tones,sim,2300,,,moderate,-12.0,average,fading,,2000,650.5,24.6,35.8,0.687,0,1,0,2,18,101,9,1,0,1,0.1
fast tones,sim,2300,,,moderate,-12.0,average,fading,,2000,609.1,26.3,35.8,0.733,0,1,0,2,16,96,4,2,0,1,0.1
fast tones,sim,2300,,,moderate,-12.0,average,fading,,2000,675.2,23.7,35.8,0.662,0,0,0,0,19,106,10,0,1,1,0.1
fast tones,sim,2300,,,moderate,-12.0,average,fading,,2000,543.5,29.4,35.8,0.822,0,2,2,2,15,85,2,0,0,1,0.1
fast tones,sim,2300,,,moderate,-12.0,average,fading,,2000,491.5,32.6,35.8,0.909,0,2,0,5,14,76,5,3,0,1,0.1
fast tones,sim,2300,,,moderate,-12.0,average,fading,,2000,648.3,24.7,35.8,0.689,0,0,0,0,18,102,6,0,0,1,0.1
fast tones,sim,2300,,,moderate,-12.0,average,fading,,2000,644.0,24.8,35.8,0.694,0,0,0,0,17,102,6,0,0,1,0.1
fast tones,sim,2300,,,moderate,-12.0,average,fading,,2000,631.9,25.3,35.8,0.707,0,0,0,0,17,100,4,0,0,1,0.1
fast tones,sim,2300,,,moderate,-12.0,average,fading,,2000,637.3,25.1,35.8,0.701,0,0,0,0,17,101,5,0,0,1,0.1
fast tones,sim,2300,,,moderate,-12.0,average,fading,,2000,560.8,28.5,35.8,0.796,0,2,0,4,15,88,6,0,0,1,0.1
fast tones,sim,2300,,,moderate,-12.0,average,fading,,2000,621.9,25.7,35.8,0.718,0,1,0,2,17,98,6,0,0,1,0.1
fast tones,sim,2300,,,moderate,-12.0,average,fading,,2000,585.7,27.3,35.8,0.763,0,2,0,3,16,92,6,0,0,1,0.1
fast tones,sim,2300,,,moderate,-12.0,average,fading,,2000,677.9,23.6,35.8,0.659,0,1,0,4,18,101,12,1,1,1,0.1
fast tones,sim,2300,,,moderate,-12.0,average,fading,,2000,570.3,28.1,35.8,0.783,0,2,2,3,15,90,4,0,0,1,0.1
fast tones,sim,2300,,,moderate,-12.0,average,fading,,2000,654.0,24.5,35.8,0.683,0,1,0,2,18,103,11,1,1,1,0.1
fast tones,sim,2300,,,moderate,-12.0,average,fading,,2000,596.3,26.8,35.8,0.749,0,1,0,2,16,94,5,0,0,1,0.1
fast tones,sim,2300,,,moderate,-12.0,average,fading,,2000,597.8,26.8,35.8,0.747,0,1,0,4,16,94,5,1,0,1,0.1
fast tones,sim,2300,,,moderate,-12.0,average,fading,,2000,640.0,25.0,35.8,0.698,0,1,0,2,16,96,4,0,0,1,0.1
fast tones,sim,2300,,,moderate,-12.0,average,fading,,2000,622.0,25.7,35.8,0.718,0,1,0,2,17,98,6,0,0,1,0.1
fast tones,sim,2300,,,moderate,-12.0,average,fading,,2000,645.4,24.8,35.8,0.692,0,0,0,0,17,102,6,0,0,1,0.1
fast tones,sim,2300,,,moderate,-12.0,average,fading,,2000,607.7,26.3,35.8,0.735,0,1,0,2,16,96,4,0,0,1,0.1
fast tones,sim,2300,,,moderate,-12.0,average,fading,,2000,638.7,25.0,35.8,0.699,0,1,0,2,17,101,9,1,0,1,0.1
fast tones,sim,2300,,,moderate,-10.0,average,fading,,2000,608.9,26.3,76.1,0.345,0,1,0,2,16,96,4,0,0,1,0.1
fast tones,sim,2300,,,moderate,-10.0,average,fading,,2000,572.2,28.0,76.1,0.367,0,1,0,5,15,90,4,0,0,1,0.1
fast tones,sim,2300,,,moderate,-10.0,average,fading,,2000,341.8,46.8,76.1,0.615,0,3,0,4,9,52,4,1,0,1,0.1
fast tones,sim,2300,,,moderate,-10.0,average,fading,,2000,254.0,63.0,76.1,0.828,2,4,2,3,7,37,8,3,0,1,0.0
fast tones,sim,2300,,,moderate,-10.0,average,fading,,2000,373.7,42.8,76.1,0.563,0,2,0,3,10,57,2,0,0,1,0.1
fast tones,sim,2300,,,moderate,-10.0,average,fading,,2000,347.8,46.0,76.1,0.604,0,3,0,4,9,53,5,1,0,1,0.1
fast tones,sim,2300,,,moderate,-10.0,average,fading,,2000,279.9,57.2,76.1,0.751,0,3,2,3,8,41,2,2,0,1,0.1
fast tones,sim,2300,,,moderate,-10.0,average,fading,,2000,335.6,47.7,76.1,0.626,0,3,0,3,9,51,4,1,0,1,0.1
fast tones,sim,2300,,,moderate,-10.0,average,fading,,2000,295.7,54.1,76.1,0.711,0,3,2,3,8,44,1,0,0,1,0.1
fast tones,sim,2300,,,moderate,-10.0,average,fading,,2000,307.4,52.1,76.1,0.684,0,3,2,3,8,46,3,1,0,1,0.1
fast tones,sim,2300,,,moderate,-10.0,average,fading,,2000,337.5,47.4,76.1,0.623,0,3,1,4,9,51,2,0,0,1,0.1
fast tones,sim,2300,,,moderate,-10.0,average,fading,,2000,408.7,39.1,76.1,0.514,0,3,2,4,11,63,2,0,0,1,0.1
fast tones,sim,2300,,,moderate,-10.0,average,fading,,2000,274.4,58.3,76.1,0.766,1,3,1,3,7,41,2,1,0,1,0.0
fast tones,sim,2300,,,moderate,-10.0,average,fading,,2000,544.6,29.4,76.1,0.386,0,1,0,5,15,85,3,0,0,1,0.1
fast tones,sim,2300,,,moderate,-10.0,average,fading,,2000,487.8,32.8,76.1,0.431,0,2,1,5,13,76,3,0,0,1,0.1
fast tones,sim,2300,,,moderate,-10.0,average,fading,,2000,242.5,66.0,76.1,0.867,0,5,2,3,6,36,9,4,0,1,0.0
fast tones,sim,2300,,,moderate,-10.0,average,fading,,2000,444.7,36.0,76.1,0.473,0,2,0,3,12,69,3,0,0,1,0.1
fast tones,sim,2300,,,moderate,-10.0,average,fading,,2000,472.0,33.9,76.1,0.445,0,2,1,5,13,73,2,0,0,1,0.1
fast tones,sim,2300,,,moderate,-10.0,average,fading,,2000,274.3,58.3,76.1,0.766,0,3,2,3,7,41,1,0,0,1,0.0
fast tones,sim,2300,,,moderate,-10.0,average,fading,,2000,388.9,41.1,76.1,0.54,0,3,2,5,10,60,2,0,0,1,0.1
fast tones,sim,2300,,,moderate,-10.0,average,fading,,2000,564.6,28.3,76.1,0.372,0,1,0,5,15,89,3,0,0,1,0.1
fast tones,sim,2300,,,moderate,-10.0,average,fading,,2000,305.0,52.5,76.1,0.689,0,3,2,3,8,46,3,2,0,1,0.1
fast tones,sim,2300,,,moderate,-10.0,average,fading,,2000,404.7,39.5,76.1,0.519,0,3,0,4,11,62,7,1,1,1,0.1
fast tones,sim,2300,,,moderate,-10.0,average,fading,,2000,445.5,35.9,76.1,0.472,0,2,0,4,12,69,3,0,0,1,0.1
fast tones,sim,2300,,,moderate,-10.0,average,fading,,2000,499.4,32.0,76.1,0.421,0,2,1,4,13,78,2,0,0,1,0.1
fast tones,sim,2300,,,moderate,-10.0,average,fading,,2000,316.0,50.6,76.1,0.665,0,3,2,4,8,48,4,1,0,1,0.1
fast tones,sim,2300,,,moderate,-10.0,average,fading,,2000,367.4,43.5,76.1,0.572,0,3,0,4,10,56,3,1,0,1,0.1
fast tones,sim,2300,,,moderate,-10.0,average,fading,,2000,307.4,52.1,76.1,0.684,0,3,2,3,8,46,3,0,0,1,0.0
fast tones,sim,2300,,,moderate,-10.0,average,fading,,2000,311.4,51.4,76.1,0.675,0,3,2,3,8,47,4,0,0,1,0.0
fast tones,sim,2300,,,moderate,-10.0,average,fading,,2000,513.6,31.2,76.1,0.409,0,2,1,4,14,80,4,0,0,1,0.1
fast tones,sim,2300,,,moderate,-8.0,average,fading,,2000,260.1,61.5,156.7,0.393,0,4,1,5,7,38,2,0,0,1,0.0
fast tones,sim,2300,,,moderate,-8.0,average,fading,,2000,197.8,80.9,156.7,0.516,2,4,2,3,5,28,2,0,0,1,0.0
fast tones,sim,2300,,,moderate,-8.0,average,fading,,2000,173.0,92.5,156.7,0.59,3,5,3,3,5,26,7,3,0,1,0.0
fast tones,sim,2300,,,moderate,-8.0,average,fading,,2000,181.2,88.3,156.7,0.563,3,5,4,2,5,25,6,3,0,1,0.0
fast tones,sim,2300,,,moderate,-8.0,average,fading,,2000,233.5,68.5,156.7,0.437,0,4,2,4,6,34,4,0,0,1,0.0
fast tones,sim,2300,,,moderate,-8.0,average,fading,,2000,289.9,55.2,156.7,0.352,1,3,2,2,8,43,2,0,0,1,0.0
fast tones,sim,2300,,,moderate,-8.0,average,fading,,2000,208.3,76.8,156.7,0.49,1,4,3,3,5,30,1,0,0,1,0.0
fast tones,sim,2300,,,moderate,-8.0,average,fading,,2000,210.4,76.0,156.7,0.485,2,4,2,3,6,30,2,0,0,1,0.0
fast tones,sim,2300,,,moderate,-8.0,average,fading,,2000,223.0,71.8,156.7,0.458,0,5,2,3,6,32,6,1,0,1,0.0
fast tones,sim,2300,,,moderate,-8.0,average,fading,,2000,281.7,56.8,156.7,0.362,1,3,2,2,7,42,1,0,0,1,0.0
fast tones,sim,2300,,,moderate,-8.0,average,fading,,2000,166.4,96.2,156.7,0.614,2,4,4,1,4,23,0,0,0,1,0.0
fast tones,sim,2300,,,moderate,-8.0,average,fading,,2000,325.3,49.2,156.7,0.314,0,4,4,5,9,49,1,0,0,1,0.1
fast tones,sim,2300,,,moderate,-8.0,average,fading,,2000,174.9,91.5,156.7,0.584,2,4,3,2,5,24,1,0,0,1,0.0
fast tones,sim,2300,,,moderate,-8.0,average,fading,,2000,175.5,91.2,156.7,0.582,2,4,3,2,5,24,1,1,0,1,0.0
fast tones,sim,2300,,,moderate,-8.0,average,fading,,2000,300.6,53.2,156.7,0.34,0,3,2,3,8,45,2,0,0,1,0.1
fast tones,sim,2300,,,moderate,-8.0,average,fading,,2000,162.2,98.7,156.7,0.63,3,5,3,3,5,24,5,1,0,1,0.0
fast tones,sim,2300,,,moderate,-8.0,average,fading,,2000,190.2,84.1,156.7,0.537,0,4,4,2,5,27,0,0,0,1,0.0
fast tones,sim,2300,,,moderate,-8.0,average,fading,,2000,300.9,53.2,156.7,0.339,0,3,2,3,8,45,2,1,0,1,0.1
fast tones,sim,2300,,,moderate,-8.0,average,fading,,2000,165.2,96.9,156.7,0.618,2,4,4,1,4,23,0,0,0,1,0.0
fast tones,sim,2300,,,moderate,-8.0,average,fading,,2000,207.1,77.3,156.7,0.493,2,4,3,2,5,30,2,0,0,1,0.0
fast tones,sim,2300,,,moderate,-8.0,average,fading,,2000,184.8,86.6,156.7,0.552,0,4,4,1,5,26,1,0,0,1,0.0
fast tones,sim,2300,,,moderate,-8.0,average,fading,,2000,278.2,57.5,156.7,0.367,1,3,2,4,8,41,2,0,0,1,0.0
fast tones,sim,2300,,,moderate,-8.0,average,fading,,2000,244.3,65.5,156.7,0.418,1,4,1,3,6,36,8,0,1,1,0.0
fast tones,sim,2300,,,moderate,-8.0,average,fading,,2000,216.6,73.9,156.7,0.471,0,4,3,4,6,31,1,0,0,1,0.0
fast tones,sim,2300,,,moderate,-8.0,average,fading,,2000,281.2,56.9,156.7,0.363,1,4,1,3,7,42,2,0,0,1,0.0
fast tones,sim,2300,,,moderate,-8.0,average,fading,,2000,252.9,63.3,156.7,0.404,0,4,2,4,7,37,1,0,0,1,0.0
fast tones,sim,2300,,,moderate,-8.0,average,fading,,2000,185.6,86.2,156.7,0.55,2,4,3,2,5,26,1,0,0,1,0.0
fast tones,sim,2300,,,moderate,-8.0,average,fading,,2000,187.5,85.3,156.7,0.544,1,4,4,2,5,26,0,0,0,1,0.0
fast tones,sim,2300,,,moderate,-8.0,average,fading,,2000,165.9,96.5,156.7,0.615,2,4,4,1,4,23,0,0,0,1,0.0
fast tones,sim,2300,,,moderate,-8.0,average,fading,,2000,222.6,71.9,156.7,0.459,1,4,2,4,6,32,3,0,0,1,0.0
fast tones,sim,2300,,,moderate,-6.0,average,fading,,2000,187.4,85.4,156.7,0.545,0,5,4,2,5,26,3,0,0,1,0.0
fast tones,sim,2300,,,moderate,-6.0,average,fading,,2000,150.7,106.1,156.7,0.677,3,5,4,2,4,20,1,1,0,1,0.0
fast tones,sim,2300,,,moderate,-6.0,average,fading,,2000,142.0,112.7,156.7,0.719,3,5,4,2,4,21,2,0,0,1,0.0
fast tones,sim,2300,,,moderate,-6.0,average,fading,,2000,186.6,85.7,156.7,0.547,0,4,4,1,5,26,1,0,0,1,0.0
fast tones,sim,2300,,,moderate,-6.0,average,fading,,2000,132.6,120.7,156.7,0.77,3,5,4,2,4,20,1,0,0,1,0.0
fast tones,sim,2300,,,moderate,-6.0,average,fading,,2000,180.8,88.5,156.7,0.565,0,5,4,2,5,25,2,0,0,1,0.0
fast tones,sim,2300,,,moderate,-6.0,average,fading,,2000,166.6,96.1,156.7,0.613,2,5,4,3,4,23,3,1,0,1,0.0
fast tones,sim,2300,,,moderate,-6.0,average,fading,,2000,153.8,104.1,156.7,0.664,3,5,4,2,4,21,2,0,0,1,0.0
fast tones,sim,2300,,,moderate,-6.0,average,fading,,2000,136.4,117.3,156.7,0.749,3,5,4,2,4,20,1,0,0,1,0.0
fast tones,sim,2300,,,moderate,-6.0,average,fading,,2000,161.9,98.8,156.7,0.631,2,5,4,3,4,22,2,0,0,1,0.0
fast tones,sim,2300,,,moderate,-6.0,average,fading,,2000,130.0,123.1,156.7,0.785,3,5,5,1,3,17,0,0,0,1,0.0
fast tones,sim,2300,,,moderate,-6.0,average,fading,,2000,185.2,86.4,156.7,0.551,0,5,4,2,5,26,3,0,0,1,0.0
fast tones,sim,2300,,,moderate,-6.0,average,fading,,2000,189.8,84.3,156.7,0.538,0,5,4,3,6,26,2,0,0,1,0.0
fast tones,sim,2300,,,moderate,-6.0,average,fading,,2000,191.6,83.5,156.7,0.533,0,4,3,2,5,27,2,0,0,1,0.0
fast tones,sim,2300,,,moderate,-6.0,average,fading,,2000,170.0,94.1,156.7,0.6,2,5,4,3,5,23,1,0,0,1,0.0
fast tones,sim,2300,,,moderate,-6.0,average,fading,,2000,272.0,58.8,156.7,0.375,0,7,3,5,11,61,18,7,3,1,0.1
fast tones,sim,2300,,,moderate,-6.0,average,fading,,2000,148.4,107.8,156.7,0.688,2,5,5,2,4,20,0,0,0,1,0.0
fast tones,sim,2300,,,moderate,-6.0,average,fading,,2000,186.4,85.8,156.7,0.548,2,4,3,2,5,26,1,0,0,1,0.0
fast tones,sim,2300,,,moderate,-6.0,average,fading,,2000,154.5,103.6,156.7,0.661,3,5,4,2,4,21,2,0,0,1,0.0
fast tones,sim,2300,,,moderate,-6.0,average,fading,,2000,160.0,100.0,156.7,0.638,3,5,4,2,4,22,3,2,0,1,0.0
fast tones,sim,2300,,,moderate,-6.0,average,fading,,2000,127.2,125.8,156.7,0.803,3,5,4,2,4,19,2,1,0,1,0.0
fast tones,sim,2300,,,moderate,-6.0,average,fading,,2000,137.9,116.0,156.7,0.74,3,5,4,2,4,21,2,0,0,1,0.0
fast tones,sim,2300,,,moderate,-6.0,average,fading,,2000,160.1,100.0,156.7,0.638,3,5,4,2,4,22,3,1,0,1,0.0
fast tones,sim,2300,,,moderate,-6.0,average,fading,,2000,159.9,100.1,156.7,0.638,0,5,4,2,4,22,2,0,0,1,0.0
fast tones,sim,2300,,,moderate,-6.0,average,fading,,2000,150.7,106.2,156.7,0.678,3,5,4,2,4,20,1,0,0,1,0.0
fast tones,sim,2300,,,moderate,-6.0,average,fading,,2000,185.5,86.3,156.7,0.55,0,5,4,4,5,26,2,0,0,1,0.1
fast tones,sim,2300,,,moderate,-6.0,average,fading,,2000,154.6,103.5,156.7,0.661,3,5,4,2,4,21,2,0,0,1,0.1
fast tones,sim,2300,,,moderate,-6.0,average,fading,,2000,156.5,102.2,156.7,0.652,2,5,4,2,4,21,1,0,0,1,0.0
fast tones,sim,2300,,,moderate,-6.0,average,fading,,2000,149.8,106.8,156.7,0.682,3,5,4,2,4,20,1,0,0,1,0.0
fast tones,sim,2300,,,moderate,-6.0,average,fading,,2000,180.9,88.5,156.7,0.564,0,5,4,2,5,25,2,1,0,1,0.0
fast tones,sim,2300,,,moderate,-4.0,average,fading,,2000,136.5,117.3,228.4,0.513,3,5,5,3,4,20,1,0,0,1,0.0
fast tones,sim,2300,,,moderate,-4.0,average,fading,,2000,171.0,93.6,228.4,0.41,0,5,4,3,5,23,2,0,0,1,0.0
fast tones,sim,2300,,,moderate,-4.0,average,fading,,2000,136.7,117.1,228.4,0.513,3,5,5,3,4,20,1,0,0,1,0.0
fast tones,sim,2300,,,moderate,-4.0,average,fading,,2000,160.9,99.4,228.4,0.435,0,5,5,2,4,22,1,0,0,1,0.0
fast tones,sim,2300,,,moderate,-4.0,average,fading,,2000,141.3,113.3,228.4,0.496,2,7,4,3,6,36,12,6,2,1,0.0
fast tones,sim,2300,,,moderate,-4.0,average,fading,,2000,167.3,95.6,228.4,0.419,0,5,4,2,5,25,2,0,0,1,0.0
fast tones,sim,2300,,,moderate,-4.0,average,fading,,2000,116.7,137.2,228.4,0.601,3,5,5,1,3,17,0,0,0,1,0.0
fast tones,sim,2300,,,moderate,-4.0,average,fading,,2000,112.3,142.5,228.4,0.624,3,5,5,1,3,17,0,0,0,1,0.0
fast tones,sim,2300,,,moderate,-4.0,average,fading,,2000,116.1,137.8,228.4,0.604,3,5,5,1,3,17,0,0,0,1,0.0
fast tones,sim,2300,,,moderate,-4.0,average,fading,,2000,161.9,98.8,228.4,0.433,0,5,5,2,4,22,1,0,0,1,0.0
fast tones,sim,2300,,,moderate,-4.0,average,fading,,2000,130.0,123.1,228.4,0.539,3,5,5,1,3,17,0,0,0,1,0.0
fast tones,sim,2300,,,moderate,-4.0,average,fading,,2000,179.8,89.0,228.4,0.39,0,5,4,2,5,25,2,0,0,1,0.0
fast tones,sim,2300,,,moderate,-4.0,average,fading,,2000,132.6,120.7,228.4,0.528,3,5,5,3,4,20,1,0,0,1,0.0
fast tones,sim,2300,,,moderate,-4.0,average,fading,,2000,132.6,120.7,228.4,0.528,3,5,5,3,4,20,1,0,0,1,0.0
fast tones,sim,2300,,,moderate,-4.0,average,fading,,2000,126.0,127.0,228.4,0.556,3,5,4,2,4,18,1,0,0,1,0.0
fast tones,sim,2300,,,moderate,-4.0,average,fading,,2000,199.3,80.3,228.4,0.352,0,7,3,4,9,49,18,6,3,1,0.0
fast tones,sim,2300,,,moderate,-4.0,average,fading,,2000,128.1,124.9,228.4,0.547,3,5,5,1,3,17,0,0,0,1,0.0
fast tones,sim,2300,,,moderate,-4.0,average,fading,,2000,150.0,106.7,228.4,0.467,3,5,4,2,4,20,3,1,0,1,0.0
fast tones,sim,2300,,,moderate,-4.0,average,fading,,2000,159.8,100.1,228.4,0.438,0,5,5,2,4,22,1,0,0,1,0.0
fast tones,sim,2300,,,moderate,-4.0,average,fading,,2000,154.6,103.5,228.4,0.453,3,5,4,2,4,21,2,0,0,1,0.0
fast tones,sim,2300,,,moderate,-4.0,average,fading,,2000,137.2,116.6,228.4,0.511,4,7,4,1,7,36,12,3,1,1,0.0
fast tones,sim,2300,,,moderate,-4.0,average,fading,,2000,109.5,146.2,228.4,0.64,4,7,4,3,6,27,9,4,1,1,0.0
fast tones,sim,2300,,,moderate,-4.0,average,fading,,2000,169.6,94.3,228.4,0.413,0,5,4,3,5,23,2,0,0,1,0.0
fast tones,sim,2300,,,moderate,-4.0,average,fading,,2000,112.3,142.5,228.4,0.624,3,5,5,1,3,17,0,0,0,1,0.0
fast tones,sim,2300,,,moderate,-4.0,average,fading,,2000,117.1,136.7,228.4,0.598,3,5,5,1,3,17,0,0,0,1,0.0
fast tones,sim,2300,,,moderate,-4.0,average,fading,,2000,116.9,136.9,228.4,0.599,3,5,5,1,3,17,0,0,0,1,0.0
fast tones,sim,2300,,,moderate,-4.0,average,fading,,2000,128.9,124.1,228.4,0.544,3,5,5,1,3,17,0,0,0,1,0.0
fast tones,sim,2300,,,moderate,-4.0,average,fading,,2000,130.9,122.3,228.4,0.535,3,5,5,1,3,17,0,0,0,1,0.0
fast tones,sim,2300,,,moderate,-4.0,average,fading,,2000,137.5,116.4,228.4,0.51,0,5,5,1,4,20,1,0,0,1,0.0
fast tones,sim,2300,,,moderate,-4.0,average,fading,,2000,149.9,106.8,228.4,0.468,0,5,5,1,4,20,1,0,0,1,0.0
fast tones,sim,2300,,,moderate,-2.0,average,fading,,2000,105.1,152.2,228.4,0.667,5,7,5,1,5,28,9,2,0,1,0.0
fast tones,sim,2300,,,moderate,-2.0,average,fading,,2000,238.4,67.1,228.4,0.294,0,7,3,4,10,53,18,4,2,1,0.0
fast tones,sim,2300,,,moderate,-2.0,average,fading,,2000,136.7,117.1,228.4,0.513,0,5,5,1,4,20,1,0,0,1,0.0
fast tones,sim,2300,,,moderate,-2.0,average,fading,,2000,135.9,117.7,228.4,0.515,0,5,5,1,4,20,1,0,0,1,0.0
fast tones,sim,2300,,,moderate,-2.0,average,fading,,2000,113.7,140.7,228.4,0.616,4,7,5,2,6,31,10,3,1,1,0.0
fast tones,sim,2300,,,moderate,-2.0,average,fading,,2000,136.3,117.4,228.4,0.514,0,5,5,1,4,20,1,0,0,1,0.0
fast tones,sim,2300,,,moderate,-2.0,average,fading,,2000,105.6,151.6,228.4,0.664,4,7,5,3,6,27,7,2,0,1,0.0
fast tones,sim,2300,,,moderate,-2.0,average,fading,,2000,112.3,142.5,228.4,0.624,3,5,5,1,3,17,0,0,0,1,0.0
fast tones,sim,2300,,,moderate,-2.0,average,fading,,2000,112.3,142.5,228.4,0.624,3,5,5,1,3,17,0,0,0,1,0.0
fast tones,sim,2300,,,moderate,-2.0,average,fading,,2000,172.2,92.9,228.4,0.407,0,7,5,4,8,33,8,1,0,1,0.0
fast tones,sim,2300,,,moderate,-2.0,average,fading,,2000,112.3,142.5,228.4,0.624,3,5,5,1,3,17,0,0,0,1,0.0
fast tones,sim,2300,,,moderate,-2.0,average,fading,,2000,148.8,107.5,228.4,0.471,0,5,5,1,4,20,1,0,0,1,0.0
fast tones,sim,2300,,,moderate,-2.0,average,fading,,2000,99.1,161.4,228.4,0.707,5,7,5,1,5,26,7,6,0,1,0.0
fast tones,sim,2300,,,moderate,-2.0,average,fading,,2000,98.1,163.2,228.4,0.714,5,7,5,1,5,25,6,5,0,1,0.0
fast tones,sim,2300,,,moderate,-2.0,average,fading,,2000,147.4,108.5,228.4,0.475,0,5,4,2,4,22,2,0,0,1,0.0
fast tones,sim,2300,,,moderate,-2.0,average,fading,,2000,113.4,141.1,228.4,0.618,4,7,4,3,6,27,9,2,1,1,0.0
fast tones,sim,2300,,,moderate,-2.0,average,fading,,2000,116.5,137.4,228.4,0.602,3,5,5,1,3,17,0,0,0,1,0.0
fast tones,sim,2300,,,moderate,-2.0,average,fading,,2000,112.3,142.5,228.4,0.624,3,5,5,1,3,17,0,0,0,1,0.0
fast tones,sim,2300,,,moderate,-2.0,average,fading,,2000,112.3,142.5,228.4,0.624,3,5,5,1,3,17,0,0,0,1,0.0
fast tones,sim,2300,,,moderate,-2.0,average,fading,,2000,149.2,107.2,228.4,0.469,3,5,5,3,4,20,1,0,0,1,0.0
fast tones,sim,2300,,,moderate,-2.0,average,fading,,2000,103.0,155.4,228.4,0.68,5,7,5,3,8,39,13,2,0,1,0.0
fast tones,sim,2300,,,moderate,-2.0,average,fading,,2000,122.8,130.3,228.4,0.571,4,7,4,5,10,51,18,4,1,1,0.0
fast tones,sim,2300,,,moderate,-2.0,average,fading,,2000,175.1,91.4,228.4,0.4,0,7,4,6,8,40,14,2,2,1,0.0
fast tones,sim,2300,,,moderate,-2.0,average,fading,,2000,163.4,97.9,228.4,0.429,1,7,5,6,8,39,15,2,3,1,0.0
fast tones,sim,2300,,,moderate,-2.0,average,fading,,2000,121.9,131.3,228.4,0.575,3,5,4,2,4,18,1,0,0,1,0.0
fast tones,sim,2300,,,moderate,-2.0,average,fading,,2000,116.9,136.9,228.4,0.599,3,5,5,1,3,17,0,0,0,1,0.0
fast tones,sim,2300,,,moderate,-2.0,average,fading,,2000,170.6,93.8,228.4,0.411,0,5,4,3,4,24,2,0,0,1,0.0
fast tones,sim,2300,,,moderate,-2.0,average,fading,,2000,116.8,137.0,228.4,0.6,3,5,5,1,3,17,0,0,0,1,0.0
fast tones,sim,2300,,,moderate,-2.0,average,fading,,2000,137.5,116.4,228.4,0.51,0,5,5,1,4,20,1,0,0,1,0.0
fast tones,sim,2300,,,moderate,-2.0,average,fading,,2000,112.3,142.5,228.4,0.624,3,5,5,1,3,17,0,0,0,1,0.0
fast tones,sim,2300,,,moderate,0.0,average,fading,,2000,112.3,142.5,228.4,0.624,3,5,5,1,3,17,0,0,0,1,0.0
fast tones,sim,2300,,,moderate,0.0,average,fading,,2000,177.4,90.2,228.4,0.395,0,7,4,8,14,67,26,5,3,1,0.1
fast tones,sim,2300,,,moderate,0.0,average,fading,,2000,112.3,142.5,228.4,0.624,3,5,5,1,3,17,0,0,0,1,0.0
fast tones,sim,2300,,,moderate,0.0,average,fading,,2000,105.3,152.0,228.4,0.666,2,7,4,7,13,59,16,3,1,1,0.0
fast tones,sim,2300,,,moderate,0.0,average,fading,,2000,114.0,140.3,228.4,0.614,4,7,4,5,11,54,16,4,1,1,0.0
fast tones,sim,2300,,,moderate,0.0,average,fading,,2000,82.8,193.2,228.4,0.846,5,7,7,4,12,64,17,3,0,1,0.1
fast tones,sim,2300,,,moderate,0.0,average,fading,,2000,112.3,142.5,228.4,0.624,3,5,5,1,3,17,0,0,0,1,0.0
fast tones,sim,2300,,,moderate,0.0,average,fading,,2000,125.8,127.2,228.4,0.557,2,7,3,7,13,55,13,3,1,1,0.0
fast tones,sim,2300,,,moderate,0.0,average,fading,,2000,111.2,143.8,228.4,0.63,4,7,5,3,8,42,12,3,1,1,0.0
fast tones,sim,2300,,,moderate,0.0,average,fading,,2000,153.7,104.1,228.4,0.456,0,7,4,5,9,46,15,4,2,1,0.0
fast tones,sim,2300,,,moderate,0.0,average,fading,,2000,122.0,131.2,228.4,0.574,3,7,4,6,11,50,12,4,0,1,0.0
fast tones,sim,2300,,,moderate,0.0,average,fading,,2000,183.6,87.2,228.4,0.382,0,7,3,6,14,67,21,3,1,1,0.1
fast tones,sim,2300,,,moderate,0.0,average,fading,,2000,119.6,133.8,228.4,0.586,4,7,4,5,10,48,14,7,1,1,0.0
fast tones,sim,2300,,,moderate,0.0,average,fading,,2000,104.9,152.5,228.4,0.668,4,7,5,4,8,36,11,4,1,1,0.0
fast tones,sim,2300,,,moderate,0.0,average,fading,,2000,121.9,131.3,228.4,0.575,3,5,4,2,4,18,1,0,0,1,0.0
fast tones,sim,2300,,,moderate,0.0,average,fading,,2000,136.5,117.2,228.4,0.513,0,5,5,1,4,20,1,0,0,1,0.0
fast tones,sim,2300,,,moderate,0.0,average,fading,,2000,136.8,117.0,228.4,0.512,0,5,5,1,4,20,1,0,0,1,0.0
fast tones,sim,2300,,,moderate,0.0,average,fading,,2000,171.9,93.1,228.4,0.408,2,7,2,7,13,59,14,3,1,1,0.1
fast tones,sim,2300,,,moderate,0.0,average,fading,,2000,98.1,163.2,228.4,0.714,5,7,5,1,5,25,5,1,0,1,0.0
fast tones,sim,2300,,,moderate,0.0,average,fading,,2000,112.3,142.5,228.4,0.624,3,5,5,1,3,17,0,0,0,1,0.0
fast tones,sim,2300,,,moderate,0.0,average,fading,,2000,115.1,139.0,228.4,0.609,2,7,4,7,12,54,16,1,1,1,0.0
fast tones,sim,2300,,,moderate,0.0,average,fading,,2000,113.9,140.5,228.4,0.615,4,7,4,7,12,60,21,4,1,1,0.0
fast tones,sim,2300,,,moderate,0.0,average,fading,,2000,109.5,146.1,228.4,0.64,3,7,3,6,13,63,19,7,1,1,0.0
fast tones,sim,2300,,,moderate,0.0,average,fading,,2000,93.8,170.7,228.4,0.747,5,7,5,1,5,25,4,2,0,1,0.0
fast tones,sim,2300,,,moderate,0.0,average,fading,,2000,112.3,142.5,228.4,0.624,3,5,5,1,3,17,0,0,0,1,0.0
fast tones,sim,2300,,,moderate,0.0,average,fading,,2000,104.8,152.7,228.4,0.669,5,7,5,1,5,27,8,1,0,1,0.0
fast tones,sim,2300,,,moderate,0.0,average,fading,,2000,86.6,184.8,228.4,0.809,5,7,7,4,9,43,11,3,0,1,0.0
fast tones,sim,2300,,,moderate,0.0,average,fading,,2000,116.8,137.0,228.4,0.6,3,5,5,1,3,17,0,0,0,1,0.0
fast tones,sim,2300,,,moderate,0.0,average,fading,,2000,134.0,119.4,228.4,0.523,0,7,5,3,6,30,3,1,0,1,0.0
fast tones,sim,2300,,,moderate,0.0,average,fading,,2000,112.3,142.5,228.4,0.624,3,5,5,1,3,17,0,0,0,1,0.0
fast tones,sim,2300,,,moderate,2.0,average,fading,,2000,103.0,155.3,228.4,0.68,3,7,7,4,7,33,5,1,0,1,0.0
fast tones,sim,2300,,,moderate,2.0,average,fading,,2000,85.6,186.8,228.4,0.818,4,7,7,6,14,64,17,0,1,1,0.0
fast tones,sim,2300,,,moderate,2.0,average,fading,,2000,72.9,219.6,228.4,0.961,5,7,7,6,12,53,6,0,0,1,0.0
fast tones,sim,2300,,,moderate,2.0,average,fading,,2000,66.0,242.4,228.4,1.061,7,7,7,0,9,51,4,1,0,1,0.0
fast tones,sim,2300,,,moderate,2.0,average,fading,,2000,78.3,204.3,228.4,0.895,4,8,7,7,12,59,15,2,1,1,0.0
fast tones,sim,2300,,,moderate,2.0,average,fading,,2000,75.2,212.8,228.4,0.932,4,7,7,4,11,57,10,0,1,1,0.0
fast tones,sim,2300,,,moderate,2.0,average,fading,,2000,73.3,218.2,228.4,0.955,5,7,7,4,11,56,9,4,0,1,0.0
fast tones,sim,2300,,,moderate,2.0,average,fading,,2000,73.3,218.2,228.4,0.955,5,7,7,2,11,56,9,0,0,1,0.0
fast tones,sim,2300,,,moderate,2.0,average,fading,,2000,74.4,215.2,228.4,0.942,5,7,5,5,12,56,9,2,0,1,0.0
fast tones,sim,2300,,,moderate,2.0,average,fading,,2000,87.5,182.8,228.4,0.801,4,7,4,5,12,67,20,1,2,1,0.0
fast tones,sim,2300,,,moderate,2.0,average,fading,,2000,88.5,180.7,228.4,0.791,2,7,7,7,13,67,20,1,2,1,0.0
fast tones,sim,2300,,,moderate,2.0,average,fading,,2000,131.3,121.9,228.4,0.534,0,7,7,5,13,59,9,3,0,1,0.0
fast tones,sim,2300,,,moderate,2.0,average,fading,,2000,73.3,218.2,228.4,0.955,5,7,5,3,11,56,9,2,0,1,0.0
fast tones,sim,2300,,,moderate,2.0,average,fading,,2000,77.5,206.4,228.4,0.904,5,7,7,6,13,58,11,1,0,1,0.0
fast tones,sim,2300,,,moderate,2.0,average,fading,,2000,86.4,185.2,228.4,0.811,3,7,4,6,15,63,16,2,2,1,0.0
fast tones,sim,2300,,,moderate,2.0,average,fading,,2000,103.0,155.3,228.4,0.68,3,7,7,4,7,33,5,2,0,1,0.0
fast tones,sim,2300,,,moderate,2.0,average,fading,,2000,123.0,130.1,228.4,0.57,0,7,7,4,9,46,8,1,0,1,0.0
fast tones,sim,2300,,,moderate,2.0,average,fading,,2000,97.3,164.5,228.4,0.72,4,7,4,5,11,50,9,1,0,1,0.0
fast tones,sim,2300,,,moderate,2.0,average,fading,,2000,77.5,206.4,228.4,0.904,5,7,7,6,13,58,11,2,0,1,0.0
fast tones,sim,2300,,,moderate,2.0,average,fading,,2000,88.4,180.9,228.4,0.792,4,7,4,3,12,57,10,1,0,1,0.0
fast tones,sim,2300,,,moderate,2.0,average,fading,,2000,70.2,228.0,228.4,0.998,5,8,7,5,11,53,9,0,0,1,0.0
fast tones,sim,2300,,,moderate,2.0,average,fading,,2000,75.2,212.8,228.4,0.932,4,8,7,7,11,57,13,2,1,1,0.0
fast tones,sim,2300,,,moderate,2.0,average,fading,,2000,74.4,215.2,228.4,0.942,5,8,7,6,12,56,12,5,0,1,0.0
fast tones,sim,2300,,,moderate,2.0,average,fading,,2000,79.6,200.9,228.4,0.88,5,7,7,4,12,61,14,4,0,1,0.0
fast tones,sim,2300,,,moderate,2.0,average,fading,,2000,79.6,200.9,228.4,0.88,5,7,5,5,12,61,14,4,0,1,0.0
fast tones,sim,2300,,,moderate,2.0,average,fading,,2000,99.9,160.2,228.4,0.701,3,7,7,2,6,31,3,2,0,1,0.0
fast tones,sim,2300,,,moderate,2.0,average,fading,,2000,74.4,215.1,228.4,0.942,5,7,7,4,11,57,10,2,0,1,0.0
fast tones,sim,2300,,,moderate,2.0,average,fading,,2000,99.2,161.3,228.4,0.707,3,7,7,7,12,52,9,1,0,1,0.0
fast tones,sim,2300,,,moderate,2.0,average,fading,,2000,72.3,221.3,228.4,0.969,5,7,7,4,11,55,8,1,0,1,0.0
fast tones,sim,2300,,,moderate,2.0,average,fading,,2000,100.0,160.0,228.4,0.7,3,7,4,6,12,55,12,3,1,1,0.0
fast tones,sim,2300,,,moderate,6.0,average,fading,,2000,44.0,364.0,531.3,0.685,7,9,7,4,6,33,2,0,0,1,0.0
fast tones,sim,2300,,,moderate,6.0,average,fading,,2000,37.6,425.2,531.3,0.8,8,9,8,3,6,27,4,0,0,1,0.0
fast tones,sim,2300,,,moderate,6.0,average,fading,,2000,41.8,382.3,531.3,0.72,7,9,8,2,6,31,1,0,0,1,0.0
fast tones,sim,2300,,,moderate,6.0,average,fading,,2000,25.1,638.4,531.3,1.202,8,10,10,1,3,18,0,0,0,1,0.0
fast tones,sim,2300,,,moderate,6.0,average,fading,,2000,31.4,510.2,531.3,0.96,8,10,8,2,4,23,3,2,0,1,0.0
fast tones,sim,2300,,,moderate,6.0,average,fading,,2000,46.1,347.3,531.3,0.654,7,8,8,2,6,35,1,0,0,1,0.0
fast tones,sim,2300,,,moderate,6.0,average,fading,,2000,45.0,355.5,531.3,0.669,7,9,7,3,6,34,3,0,0,1,0.0
fast tones,sim,2300,,,moderate,6.0,average,fading,,2000,25.1,638.4,531.3,1.202,8,10,10,1,3,18,0,0,0,1,0.0
fast tones,sim,2300,,,moderate,6.0,average,fading,,2000,39.8,402.4,531.3,0.757,8,9,8,2,5,30,2,0,0,1,0.0
fast tones,sim,2300,,,moderate,6.0,average,fading,,2000,25.1,638.4,531.3,1.202,9,11,10,2,3,18,3,2,0,1,0.0
fast tones,sim,2300,,,moderate,6.0,average,fading,,2000,33.4,478.4,531.3,0.9,7,10,9,3,5,24,1,0,0,1,0.0
fast tones,sim,2300,,,moderate,6.0,average,fading,,2000,53.1,301.1,531.3,0.567,5,9,9,4,7,40,7,0,1,1,0.0
fast tones,sim,2300,,,moderate,6.0,average,fading,,2000,39.8,402.4,531.3,0.757,8,9,8,1,5,30,3,0,0,1,0.0
fast tones,sim,2300,,,moderate,6.0,average,fading,,2000,38.7,413.3,531.3,0.778,8,9,8,1,5,29,1,0,0,1,0.0
fast tones,sim,2300,,,moderate,6.0,average,fading,,2000,46.0,347.5,531.3,0.654,7,9,7,3,7,34,3,0,0,1,0.0
fast tones,sim,2300,,,moderate,6.0,average,fading,,2000,59.7,267.9,531.3,0.504,7,8,7,2,8,46,2,0,0,1,0.0
fast tones,sim,2300,,,moderate,6.0,average,fading,,2000,49.2,325.2,531.3,0.612,7,9,7,3,7,37,3,0,0,1,0.0
fast tones,sim,2300,,,moderate,6.0,average,fading,,2000,30.3,527.9,531.3,0.994,8,10,9,2,4,22,1,0,0,1,0.0
fast tones,sim,2300,,,moderate,6.0,average,fading,,2000,34.5,463.8,531.3,0.873,8,10,8,3,5,25,3,1,0,1,0.0
fast tones,sim,2300,,,moderate,6.0,average,fading,,2000,41.8,382.3,531.3,0.72,7,9,8,2,6,31,1,0,0,1,0.0
fast tones,sim,2300,,,moderate,6.0,average,fading,,2000,32.4,493.6,531.3,0.929,8,10,8,2,4,24,2,0,0,1,0.0
fast tones,sim,2300,,,moderate,6.0,average,fading,,2000,32.4,493.6,531.3,0.929,8,10,8,2,4,24,2,0,0,1,0.0
fast tones,sim,2300,,,moderate,6.0,average,fading,,2000,30.3,527.9,531.3,0.994,9,10,9,2,4,22,3,1,0,1,0.0
fast tones,sim,2300,,,moderate,6.0,average,fading,,2000,54.5,293.7,531.3,0.553,7,9,7,2,7,42,4,0,0,1,0.0
fast tones,sim,2300,,,moderate,6.0,average,fading,,2000,40.8,392.2,531.3,0.738,7,9,7,3,6,30,2,0,0,1,0.0
fast tones,sim,2300,,,moderate,6.0,average,fading,,2000,45.0,355.5,531.3,0.669,7,9,7,4,6,34,3,0,0,1,0.0
fast tones,sim,2300,,,moderate,6.0,average,fading,,2000,36.6,437.1,531.3,0.823,8,10,8,3,5,27,4,0,0,1,0.0
fast tones,sim,2300,,,moderate,6.0,average,fading,,2000,51.3,312.0,531.3,0.587,5,9,7,5,8,38,4,0,0,1,0.0
fast tones,sim,2300,,,moderate,6.0,average,fading,,2000,52.4,305.6,531.3,0.575,7,9,7,3,7,40,3,0,0,1,0.0
fast tones,sim,2300,,,moderate,6.0,average,fading,,2000,41.8,382.3,531.3,0.72,7,9,8,2,6,31,1,0,0,1,0.0
fast tones,sim,2300,,,poor,-18.0,average,fading,,2000,79.7,0.0,0.0,,,,,0,0,0,0,0,0,0,0.0
fast tones,sim,2300,,,poor,-18.0,average,fading,,2000,125.6,0.0,0.0,,,,,0,0,0,0,0,0,0,0.0
fast tones,sim,2300,,,poor,-18.0,average,fading,,2000,108.3,0.0,0.0,,,,,0,0,0,0,0,0,0,0.0
fast tones,sim,2300,,,poor,-18.0,average,fading,,2000,109.6,0.0,0.0,,,,,0,0,0,0,0,0,0,0.0
fast tones,sim,2300,,,poor,-18.0,average,fading,,2000,183.3,0.0,0.0,,,,,0,0,0,0,0,0,0,0.0
fast tones,sim,2300,,,poor,-18.0,average,fading,,2000,220.6,0.0,0.0,,,,,0,0,0,0,0,0,0,0.0
fast tones,sim,2300,,,poor,-18.0,average,fading,,2000,79.4,0.0,0.0,,,,,0,0,0,0,0,0,0,0.0
fast tones,sim,2300,,,poor,-18.0,average,fading,,2000,64.4,0.0,0.0,,,,,0,0,0,0,0,0,0,0.0
fast tones,sim,2300,,,poor,-18.0,average,fading,,2000,190.3,0.0,0.0,,,,,0,0,0,0,0,0,0,0.0
fast tones,sim,2300,,,poor,-18.0,average,fading,,2000,105.2,0.0,0.0,,,,,0,0,0,0,0,0,0,0.0
fast tones,sim,2300,,,poor,-18.0,average,fading,,2000,91.4,0.0,0.0,,,,,0,0,0,0,0,0,0,0.0
fast tones,sim,2300,,,poor,-18.0,average,fading,,2000,120.7,0.0,0.0,,,,,0,0,0,0,0,0,0,0.0
fast tones,sim,2300,,,poor,-18.0,average,fading,,2000,134.0,0.0,0.0,,,,,0,0,0,0,0,0,0,0.0
fast tones,sim,2300,,,poor,-18.0,average,fading,,2000,195.4,0.0,0.0,,,,,0,0,0,0,0,0,0,0.0
fast tones,sim,2300,,,poor,-18.0,average,fading,,2000,100.2,0.0,0.0,,,,,0,0,0,0,0,0,0,0.0
fast tones,sim,2300,,,poor,-18.0,average,fading,,2000,134.9,0.0,0.0,,,,,0,0,0,0,0,0,0,0.0
fast tones,sim,2300,,,poor,-18.0,average,fading,,2000,210.8,0.0,0.0,,,,,0,0,0,0,0,0,0,0.0
fast tones,sim,2300,,,poor,-18.0,average,fading,,2000,158.4,0.0,0.0,,,,,0,0,0,0,0,0,0,0.0
fast tones,sim,2300,,,poor,-18.0,average,fading,,2000,122.0,0.0,0.0,,,,,0,0,0,0,0,0,0,0.0
fast tones,sim,2300,,,poor,-18.0,average,fading,,2000,85.7,0.0,0.0,,,,,0,0,0,0,0,0,0,0.0
fast tones,sim,2300,,,poor,-18.0,average,fading,,2000,238.4,0.0,0.0,,,,,0,0,0,0,0,0,0,0.0
fast tones,sim,2300,,,poor,-18.0,average,fading,,2000,658.0,6.9,0.0,,0,0,0,0,13,78,51,21,8,0,0.1
fast tones,sim,2300,,,poor,-18.0,average,fading,,2000,119.9,0.0,0.0,,,,,0,0,0,0,0,0,0,0.0
fast tones,sim,2300,,,poor,-18.0,average,fading,,2000,233.8,0.0,0.0,,,,,0,0,0,0,0,0,0,0.0
fast tones,sim,2300,,,poor,-18.0,average,fading,,2000,94.3,0.0,0.0,,,,,0,0,0,0,0,0,0,0.0
fast tones,sim,2300,,,poor,-18.0,average,fading,,2000,129.5,0.0,0.0,,,,,0,0,0,0,0,0,0,0.0
fast tones,sim,2300,,,poor,-18.0,average,fading,,2000,93.0,0.0,0.0,,,,,0,0,0,0,0,0,0,0.0
fast tones,sim,2300,,,poor,-18.0,average,fading,,2000,180.3,0.0,0.0,,,,,0,0,0,0,0,0,0,0.0
fast tones,sim,2300,,,poor,-18.0,average,fading,,2000,140.7,0.0,0.0,,,,,0,0,0,0,0,0,0,0.0
fast tones,sim,2300,,,poor,-18.0,average,fading,,2000,124.9,0.0,0.0,,,,,0,0,0,0,0,0,0,0.0
fast tones,sim,2300,,,poor,-14.0,average,fading,,2000,660.2,24.2,35.8,0.677,0,0,0,0,18,104,8,0,0,1,0.1
fast tones,sim,2300,,,poor,-14.0,average,fading,,2000,729.3,21.9,35.8,0.612,0,0,0,0,19,110,14,1,1,1,0.1
fast tones,sim,2300,,,poor,-14.0,average,fading,,2000,653.1,24.5,35.8,0.684,0,0,0,0,18,103,7,1,0,1,0.1
fast tones,sim,2300,,,poor,-14.0,average,fading,,2000,644.5,24.8,35.8,0.693,0,0,0,0,17,102,6,0,0,1,0.1
fast tones,sim,2300,,,poor,-14.0,average,fading,,2000,628.2,25.5,35.8,0.711,0,1,0,2,17,99,7,5,0,1,0.1
fast tones,sim,2300,,,poor,-14.0,average,fading,,2000,633.4,25.3,35.8,0.705,0,0,0,0,17,100,4,0,0,1,0.1
fast tones,sim,2300,,,poor,-14.0,average,fading,,2000,634.0,25.2,35.8,0.704,0,0,0,0,17,100,4,0,0,1,0.1
fast tones,sim,2300,,,poor,-14.0,average,fading,,2000,637.3,25.1,35.8,0.701,0,0,0,0,17,101,5,0,0,1,0.1
fast tones,sim,2300,,,poor,-14.0,average,fading,,2000,676.2,23.7,35.8,0.661,0,1,0,2,17,102,10,2,0,1,0.1
fast tones,sim,2300,,,poor,-14.0,average,fading,,2000,710.5,22.5,35.8,0.629,0,0,0,0,19,107,11,0,0,1,0.1
fast tones,sim,2300,,,poor,-14.0,average,fading,,2000,617.8,25.9,35.8,0.723,0,1,0,2,17,97,5,1,0,1,0.1
fast tones,sim,2300,,,poor,-14.0,average,fading,,2000,669.5,23.9,35.8,0.667,0,0,0,0,18,106,10,0,1,1,0.1
fast tones,sim,2300,,,poor,-14.0,average,fading,,2000,653.0,24.5,35.8,0.684,0,0,0,0,18,103,7,0,0,1,0.1
fast tones,sim,2300,,,poor,-14.0,average,fading,,2000,695.4,23.0,35.8,0.642,0,0,0,0,19,110,14,0,0,1,0.1
fast tones,sim,2300,,,poor,-14.0,average,fading,,2000,701.4,22.8,35.8,0.637,0,0,0,0,19,111,15,0,1,1,0.1
fast tones,sim,2300,,,poor,-14.0,average,fading,,2000,668.2,23.9,35.8,0.668,0,0,0,0,18,106,10,1,0,1,0.1
fast tones,sim,2300,,,poor,-14.0,average,fading,,2000,684.0,23.4,35.8,0.653,0,0,0,0,19,108,12,0,1,1,0.1
fast tones,sim,2300,,,poor,-14.0,average,fading,,2000,633.5,25.3,35.8,0.705,0,1,0,2,17,100,7,4,0,1,0.1
fast tones,sim,2300,,,poor,-14.0,average,fading,,2000,627.3,25.5,35.8,0.712,0,1,0,2,17,99,7,2,0,1,0.1
fast tones,sim,2300,,,poor,-14.0,average,fading,,2000,622.1,25.7,35.8,0.718,0,1,0,2,17,98,6,4,0,1,0.1
fast tones,sim,2300,,,poor,-14.0,average,fading,,2000,674.5,23.7,35.8,0.662,0,0,0,0,18,107,11,1,1,1,0.1
fast tones,sim,2300,,,poor,-14.0,average,fading,,2000,627.0,25.5,35.8,0.712,0,0,0,0,17,99,3,1,0,1,0.1
fast tones,sim,2300,,,poor,-14.0,average,fading,,2000,638.2,25.1,35.8,0.7,0,1,0,2,17,101,9,4,0,1,0.1
fast tones,sim,2300,,,poor,-14.0,average,fading,,2000,632.7,25.3,35.8,0.706,0,0,0,0,17,100,4,0,0,1,0.1
fast tones,sim,2300,,,poor,-14.0,average,fading,,2000,686.3,23.3,35.8,0.651,0,0,0,0,19,108,12,0,1,1,0.1
fast tones,sim,2300,,,poor,-14.0,average,fading,,2000,673.2,23.8,35.8,0.663,0,1,0,2,19,106,14,4,0,1,0.1
fast tones,sim,2300,,,poor,-14.0,average,fading,,2000,643.4,24.9,35.8,0.694,0,0,0,0,17,102,6,0,0,1,0.1
fast tones,sim,2300,,,poor,-14.0,average,fading,,2000,708.2,22.6,35.8,0.631,0,0,0,0,19,112,16,0,1,1,0.1
fast tones,sim,2300,,,poor,-14.0,average,fading,,2000,725.1,22.1,35.8,0.616,0,0,0,0,18,103,7,2,0,1,0.1
fast tones,sim,2300,,,poor,-14.0,average,fading,,2000,644.1,24.8,35.8,0.693,0,0,0,0,17,102,6,1,0,1,0.1
fast tones,sim,2300,,,poor,-12.0,average,fading,,2000,592.8,27.0,35.8,0.754,0,1,0,4,16,93,4,2,0,1,0.1
fast tones,sim,2300,,,poor,-12.0,average,fading,,2000,587.2,27.2,35.8,0.761,0,1,1,5,16,92,4,1,0,1,0.1
fast tones,sim,2300,,,poor,-12.0,average,fading,,2000,569.6,28.1,35.8,0.784,0,2,0,5,16,89,5,2,0,1,0.1
fast tones,sim,2300,,,poor,-12.0,average,fading,,2000,601.6,26.6,35.8,0.742,0,1,0,6,17,94,6,1,0,1,0.2
fast tones,sim,2300,,,poor,-12.0,average,fading,,2000,529.9,30.2,35.8,0.843,0,2,0,6,14,83,4,1,0,1,0.1
fast tones,sim,2300,,,poor,-12.0,average,fading,,2000,549.9,29.1,35.8,0.812,0,2,0,5,15,86,4,0,0,1,0.1
fast tones,sim,2300,,,poor,-12.0,average,fading,,2000,477.8,33.5,35.8,0.935,0,2,0,3,13,74,3,0,0,1,0.1
fast tones,sim,2300,,,poor,-12.0,average,fading,,2000,501.4,31.9,35.8,0.891,0,2,0,6,14,78,6,1,0,1,0.1
fast tones,sim,2300,,,poor,-12.0,average,fading,,2000,602.7,26.5,35.8,0.741,0,1,0,4,16,95,6,1,0,1,0.1
fast tones,sim,2300,,,poor,-12.0,average,fading,,2000,567.3,28.2,35.8,0.787,0,1,0,4,15,89,3,2,0,1,0.2
fast tones,sim,2300,,,poor,-12.0,average,fading,,2000,373.9,42.8,35.8,1.195,0,2,0,3,10,57,2,0,0,1,0.1
fast tones,sim,2300,,,poor,-12.0,average,fading,,2000,570.3,28.1,35.8,0.783,0,1,0,4,15,90,4,1,0,1,0.2
fast tones,sim,2300,,,poor,-12.0,average,fading,,2000,456.3,35.1,35.8,0.979,0,2,0,3,12,71,4,1,0,1,0.1
fast tones,sim,2300,,,poor,-12.0,average,fading,,2000,555.3,28.8,35.8,0.804,0,2,0,6,15,87,7,2,0,1,0.2
fast tones,sim,2300,,,poor,-12.0,average,fading,,2000,596.9,26.8,35.8,0.748,0,1,0,4,16,94,5,2,0,1,0.2
fast tones,sim,2300,,,poor,-12.0,average,fading,,2000,479.9,33.3,35.8,0.931,0,2,0,5,14,74,4,2,0,1,0.1
fast tones,sim,2300,,,poor,-12.0,average,fading,,2000,579.5,27.6,35.8,0.771,0,1,1,5,16,91,3,1,0,1,0.1
fast tones,sim,2300,,,poor,-12.0,average,fading,,2000,581.1,27.5,35.8,0.769,0,1,1,5,16,91,3,2,0,1,0.1
fast tones,sim,2300,,,poor,-12.0,average,fading,,2000,595.1,26.9,35.8,0.751,0,1,0,6,17,93,5,0,0,1,0.1
fast tones,sim,2300,,,poor,-12.0,average,fading,,2000,480.8,33.3,35.8,0.929,0,2,1,5,14,74,2,1,0,1,0.1
fast tones,sim,2300,,,poor,-12.0,average,fading,,2000,528.2,30.3,35.8,0.846,0,2,0,5,14,83,5,1,0,1,0.1
fast tones,sim,2300,,,poor,-12.0,average,fading,,2000,585.3,27.3,35.8,0.763,0,1,1,5,16,92,4,3,0,1,0.1
fast tones,sim,2300,,,poor,-12.0,average,fading,,2000,544.1,29.4,35.8,0.821,0,2,1,4,15,85,3,0,0,1,0.1
fast tones,sim,2300,,,poor,-12.0,average,fading,,2000,580.3,27.6,35.8,0.77,0,1,0,4,16,91,2,0,0,1,0.1
fast tones,sim,2300,,,poor,-12.0,average,fading,,2000,545.4,29.3,35.8,0.819,0,2,0,5,15,85,7,1,0,1,0.1
fast tones,sim,2300,,,poor,-12.0,average,fading,,2000,476.4,33.6,35.8,0.937,0,2,0,3,13,74,4,0,0,1,0.1
fast tones,sim,2300,,,poor,-12.0,average,fading,,2000,560.0,28.6,35.8,0.798,0,1,0,4,15,88,2,0,0,1,0.1
fast tones,sim,2300,,,poor,-12.0,average,fading,,2000,607.9,26.3,35.8,0.735,0,1,0,6,17,95,8,3,0,1,0.1
fast tones,sim,2300,,,poor,-12.0,average,fading,,2000,591.6,27.0,35.8,0.755,0,1,0,4,16,93,4,0,0,1,0.1
fast tones,sim,2300,,,poor,-12.0,average,fading,,2000,597.0,26.8,35.8,0.748,0,1,0,4,16,94,5,3,0,1,0.1
fast tones,sim,2300,,,poor,-10.0,average,fading,,2000,327.5,48.9,76.1,0.642,0,3,2,4,9,49,5,3,0,1,0.1
fast tones,sim,2300,,,poor,-10.0,average,fading,,2000,312.3,51.2,76.1,0.673,0,3,2,3,8,47,4,2,0,1,0.1
fast tones,sim,2300,,,poor,-10.0,average,fading,,2000,372.8,42.9,76.1,0.564,0,3,0,4,10,57,8,3,0,1,0.1
fast tones,sim,2300,,,poor,-10.0,average,fading,,2000,301.1,53.1,76.1,0.698,0,3,2,3,8,45,2,0,0,1,0.1
fast tones,sim,2300,,,poor,-10.0,average,fading,,2000,311.6,51.3,76.1,0.674,0,3,2,3,8,47,4,1,0,1,0.1
fast tones,sim,2300,,,poor,-10.0,average,fading,,2000,289.9,55.2,76.1,0.725,1,3,2,2,8,43,2,0,0,1,0.1
fast tones,sim,2300,,,poor,-10.0,average,fading,,2000,290.6,55.1,76.1,0.723,1,3,2,2,8,43,2,2,0,1,0.0
fast tones,sim,2300,,,poor,-10.0,average,fading,,2000,310.0,51.6,76.1,0.678,0,3,2,3,8,47,4,3,0,1,0.1
fast tones,sim,2300,,,poor,-10.0,average,fading,,2000,301.1,53.1,76.1,0.698,0,3,2,4,8,45,1,1,0,1,0.1
fast tones,sim,2300,,,poor,-10.0,average,fading,,2000,478.5,33.4,76.1,0.439,0,2,2,5,13,74,2,0,0,1,0.1
fast tones,sim,2300,,,poor,-10.0,average,fading,,2000,295.8,54.1,76.1,0.711,1,3,2,2,8,44,3,0,0,1,0.1
fast tones,sim,2300,,,poor,-10.0,average,fading,,2000,310.4,51.6,76.1,0.677,0,3,2,3,8,47,4,1,0,1,0.1
fast tones,sim,2300,,,poor,-10.0,average,fading,,2000,289.3,55.3,76.1,0.726,1,3,2,2,8,43,2,2,0,1,0.1
fast tones,sim,2300,,,poor,-10.0,average,fading,,2000,311.4,51.4,76.1,0.675,0,3,2,3,8,47,4,3,0,1,0.1
fast tones,sim,2300,,,poor,-10.0,average,fading,,2000,477.1,33.5,76.1,0.441,0,2,2,5,13,74,2,0,0,1,0.1
fast tones,sim,2300,,,poor,-10.0,average,fading,,2000,397.6,40.2,76.1,0.529,0,3,0,4,11,61,7,2,0,1,0.1
fast tones,sim,2300,,,poor,-10.0,average,fading,,2000,304.6,52.5,76.1,0.69,0,3,2,3,8,46,3,2,0,1,0.1
fast tones,sim,2300,,,poor,-10.0,average,fading,,2000,316.9,50.5,76.1,0.663,0,3,2,3,8,48,5,2,0,1,0.1
fast tones,sim,2300,,,poor,-10.0,average,fading,,2000,299.9,53.3,76.1,0.701,0,3,2,3,8,45,2,2,0,1,0.1
fast tones,sim,2300,,,poor,-10.0,average,fading,,2000,310.8,51.5,76.1,0.676,0,3,2,3,8,47,4,2,0,1,0.1
fast tones,sim,2300,,,poor,-10.0,average,fading,,2000,293.9,54.4,76.1,0.715,1,3,2,2,8,44,3,2,0,1,0.1
fast tones,sim,2300,,,poor,-10.0,average,fading,,2000,310.4,51.5,76.1,0.677,0,3,2,3,8,47,4,2,0,1,0.1
fast tones,sim,2300,,,poor,-10.0,average,fading,,2000,325.8,49.1,76.1,0.645,1,3,1,3,9,49,4,0,0,1,0.1
fast tones,sim,2300,,,poor,-10.0,average,fading,,2000,316.1,50.6,76.1,0.665,0,3,2,3,8,48,5,3,0,1,0.1
fast tones,sim,2300,,,poor,-10.0,average,fading,,2000,296.1,54.0,76.1,0.71,1,3,2,2,8,44,3,0,0,1,0.1
fast tones,sim,2300,,,poor,-10.0,average,fading,,2000,300.0,53.3,76.1,0.701,1,3,2,2,8,45,4,2,0,1,0.1
fast tones,sim,2300,,,poor,-10.0,average,fading,,2000,310.8,51.5,76.1,0.676,0,3,2,3,8,47,4,1,0,1,0.1
fast tones,sim,2300,,,poor,-10.0,average,fading,,2000,307.4,52.1,76.1,0.684,0,3,2,3,8,46,3,1,0,1,0.0
fast tones,sim,2300,,,poor,-10.0,average,fading,,2000,425.8,37.6,76.1,0.494,0,3,0,4,11,66,4,3,0,1,0.1
fast tones,sim,2300,,,poor,-10.0,average,fading,,2000,316.8,50.5,76.1,0.664,0,3,2,3,8,48,5,3,0,1,0.1
fast tones,sim,2300,,,poor,-8.0,average,fading,,2000,296.5,54.0,156.7,0.344,0,3,2,3,8,44,1,1,0,1,0.1
fast tones,sim,2300,,,poor,-8.0,average,fading,,2000,197.8,80.9,156.7,0.516,2,4,2,3,5,28,2,0,0,1,0.0
fast tones,sim,2300,,,poor,-8.0,average,fading,,2000,243.4,65.7,156.7,0.419,2,4,2,3,6,36,3,0,0,1,0.0
fast tones,sim,2300,,,poor,-8.0,average,fading,,2000,166.3,96.2,156.7,0.614,2,4,4,1,4,23,0,0,0,1,0.0
fast tones,sim,2300,,,poor,-8.0,average,fading,,2000,186.4,85.8,156.7,0.548,1,4,4,2,5,26,0,0,0,1,0.0
fast tones,sim,2300,,,poor,-8.0,average,fading,,2000,238.6,67.0,156.7,0.428,2,4,2,3,6,35,2,0,0,1,0.0
fast tones,sim,2300,,,poor,-8.0,average,fading,,2000,197.6,81.0,156.7,0.517,2,4,2,3,5,28,2,0,0,1,0.0
fast tones,sim,2300,,,poor,-8.0,average,fading,,2000,237.2,67.4,156.7,0.43,0,4,2,4,6,35,2,0,0,1,0.0
fast tones,sim,2300,,,poor,-8.0,average,fading,,2000,301.1,53.1,156.7,0.339,0,3,2,3,8,45,2,1,0,1,0.1
fast tones,sim,2300,,,poor,-8.0,average,fading,,2000,218.6,73.2,156.7,0.467,0,4,3,4,6,31,1,0,0,1,0.0
fast tones,sim,2300,,,poor,-8.0,average,fading,,2000,166.4,96.2,156.7,0.614,2,4,4,1,4,23,0,0,0,1,0.0
fast tones,sim,2300,,,poor,-8.0,average,fading,,2000,206.6,77.4,156.7,0.494,1,4,3,3,5,30,1,0,0,1,0.0
fast tones,sim,2300,,,poor,-8.0,average,fading,,2000,174.9,91.5,156.7,0.584,2,4,3,2,5,24,1,0,0,1,0.0
fast tones,sim,2300,,,poor,-8.0,average,fading,,2000,253.6,63.1,156.7,0.403,2,4,2,3,7,37,4,1,0,1,0.0
fast tones,sim,2300,,,poor,-8.0,average,fading,,2000,280.3,57.1,156.7,0.364,1,3,2,2,7,42,1,1,0,1,0.1
fast tones,sim,2300,,,poor,-8.0,average,fading,,2000,351.6,45.5,156.7,0.29,1,3,1,2,9,54,2,0,0,1,0.1
fast tones,sim,2300,,,poor,-8.0,average,fading,,2000,169.9,94.2,156.7,0.601,1,4,4,1,4,24,0,0,0,1,0.0
fast tones,sim,2300,,,poor,-8.0,average,fading,,2000,186.4,85.8,156.7,0.548,2,4,3,2,5,26,1,0,0,1,0.0
fast tones,sim,2300,,,poor,-8.0,average,fading,,2000,165.2,96.9,156.7,0.618,2,4,4,1,4,23,0,0,0,1,0.0
fast tones,sim,2300,,,poor,-8.0,average,fading,,2000,294.7,54.3,156.7,0.346,0,3,3,3,8,44,2,0,0,1,0.0
fast tones,sim,2300,,,poor,-8.0,average,fading,,2000,237.2,67.4,156.7,0.43,2,4,2,3,6,35,2,0,0,1,0.0
fast tones,sim,2300,,,poor,-8.0,average,fading,,2000,283.6,56.4,156.7,0.36,1,3,2,4,8,42,3,1,0,1,0.0
fast tones,sim,2300,,,poor,-8.0,average,fading,,2000,185.7,86.1,156.7,0.55,0,4,4,1,5,26,1,0,0,1,0.0
fast tones,sim,2300,,,poor,-8.0,average,fading,,2000,238.0,67.2,156.7,0.429,1,4,2,3,6,35,1,0,0,1,0.0
fast tones,sim,2300,,,poor,-8.0,average,fading,,2000,212.7,75.2,156.7,0.48,2,4,2,3,6,30,2,0,0,1,0.0
fast tones,sim,2300,,,poor,-8.0,average,fading,,2000,165.2,96.9,156.7,0.618,2,4,4,1,4,23,0,0,0,1,0.0
fast tones,sim,2300,,,poor,-8.0,average,fading,,2000,185.6,86.2,156.7,0.55,1,4,4,2,5,26,0,0,0,1,0.0
fast tones,sim,2300,,,poor,-8.0,average,fading,,2000,223.9,71.5,156.7,0.456,2,4,2,3,6,32,2,0,0,1,0.0
fast tones,sim,2300,,,poor,-8.0,average,fading,,2000,186.2,85.9,156.7,0.548,2,4,3,2,5,26,1,0,0,1,0.0
fast tones,sim,2300,,,poor,-8.0,average,fading,,2000,280.4,57.1,156.7,0.364,1,3,2,2,7,42,1,0,0,1,0.0
fast tones,sim,2300,,,poor,-6.0,average,fading,,2000,132.6,120.7,156.7,0.77,3,5,4,2,4,20,1,0,0,1,0.0
fast tones,sim,2300,,,poor,-6.0,average,fading,,2000,181.7,88.0,156.7,0.562,0,5,5,2,5,25,1,0,0,1,0.0
fast tones,sim,2300,,,poor,-6.0,average,fading,,2000,160.0,100.0,156.7,0.638,3,5,4,2,4,22,3,2,0,1,0.0
fast tones,sim,2300,,,poor,-6.0,average,fading,,2000,160.9,99.4,156.7,0.634,3,5,4,2,4,22,3,1,0,1,0.0
fast tones,sim,2300,,,poor,-6.0,average,fading,,2000,181.1,88.4,156.7,0.564,2,5,4,3,5,25,5,1,0,1,0.0
fast tones,sim,2300,,,poor,-6.0,average,fading,,2000,155.2,103.1,156.7,0.658,3,5,4,2,4,21,2,0,0,1,0.0
fast tones,sim,2300,,,poor,-6.0,average,fading,,2000,145.1,110.2,156.7,0.703,3,5,4,2,4,19,2,0,0,1,0.0
fast tones,sim,2300,,,poor,-6.0,average,fading,,2000,169.8,94.2,156.7,0.601,2,5,4,3,4,24,4,2,0,1,0.0
fast tones,sim,2300,,,poor,-6.0,average,fading,,2000,168.9,94.7,156.7,0.604,2,4,4,2,5,26,1,0,0,1,0.0
fast tones,sim,2300,,,poor,-6.0,average,fading,,2000,244.2,65.5,156.7,0.418,1,3,2,4,7,35,2,0,0,1,0.0
fast tones,sim,2300,,,poor,-6.0,average,fading,,2000,161.0,99.4,156.7,0.634,3,5,4,2,4,22,3,0,0,1,0.0
fast tones,sim,2300,,,poor,-6.0,average,fading,,2000,164.9,97.0,156.7,0.619,2,5,4,3,4,23,3,2,0,1,0.0
fast tones,sim,2300,,,poor,-6.0,average,fading,,2000,180.2,88.8,156.7,0.566,0,5,4,2,5,25,2,1,0,1,0.0
fast tones,sim,2300,,,poor,-6.0,average,fading,,2000,155.2,103.1,156.7,0.658,3,5,4,2,4,21,2,1,0,1,0.0
fast tones,sim,2300,,,poor,-6.0,average,fading,,2000,207.5,77.1,156.7,0.492,0,4,3,2,5,30,2,0,0,1,0.0
fast tones,sim,2300,,,poor,-6.0,average,fading,,2000,184.7,86.6,156.7,0.553,2,4,4,2,5,26,1,0,0,1,0.0
fast tones,sim,2300,,,poor,-6.0,average,fading,,2000,189.0,84.7,156.7,0.54,0,5,4,3,6,26,2,0,0,1,0.0
fast tones,sim,2300,,,poor,-6.0,average,fading,,2000,150.0,106.7,156.7,0.681,3,5,4,2,4,20,1,1,0,1,0.0
fast tones,sim,2300,,,poor,-6.0,average,fading,,2000,149.1,107.3,156.7,0.685,0,5,5,1,4,20,1,0,0,1,0.0
fast tones,sim,2300,,,poor,-6.0,average,fading,,2000,169.5,94.4,156.7,0.602,2,5,4,3,5,23,1,0,0,1,0.0
fast tones,sim,2300,,,poor,-6.0,average,fading,,2000,153.8,104.0,156.7,0.664,3,5,4,2,4,21,2,2,0,1,0.0
fast tones,sim,2300,,,poor,-6.0,average,fading,,2000,185.2,86.4,156.7,0.551,0,5,4,2,5,26,3,2,0,1,0.0
fast tones,sim,2300,,,poor,-6.0,average,fading,,2000,170.8,93.7,156.7,0.598,0,5,4,3,4,24,2,1,0,1,0.0
fast tones,sim,2300,,,poor,-6.0,average,fading,,2000,165.3,96.8,156.7,0.618,2,5,4,3,4,23,3,0,0,1,0.0
fast tones,sim,2300,,,poor,-6.0,average,fading,,2000,161.4,99.1,156.7,0.633,3,5,4,2,4,22,3,0,0,1,0.0
fast tones,sim,2300,,,poor,-6.0,average,fading,,2000,159.8,100.1,156.7,0.639,3,5,4,2,4,22,3,1,0,1,0.0
fast tones,sim,2300,,,poor,-6.0,average,fading,,2000,159.9,100.1,156.7,0.638,2,5,4,2,4,22,2,0,0,1,0.0
fast tones,sim,2300,,,poor,-6.0,average,fading,,2000,172.6,92.7,156.7,0.592,3,5,4,2,4,24,5,1,0,1,0.0
fast tones,sim,2300,,,poor,-6.0,average,fading,,2000,155.2,103.1,156.7,0.658,3,5,4,2,4,21,2,1,0,1,0.0
fast tones,sim,2300,,,poor,-6.0,average,fading,,2000,171.3,93.4,156.7,0.596,2,5,4,3,4,24,4,1,0,1,0.1
fast tones,sim,2300,,,poor,-4.0,average,fading,,2000,132.6,120.7,228.4,0.528,3,5,5,3,4,20,1,0,0,1,0.0
fast tones,sim,2300,,,poor,-4.0,average,fading,,2000,172.2,92.9,228.4,0.407,0,5,4,3,4,24,2,0,0,1,0.0
fast tones,sim,2300,,,poor,-4.0,average,fading,,2000,149.3,107.2,228.4,0.469,3,5,5,3,4,20,1,0,0,1,0.0
fast tones,sim,2300,,,poor,-4.0,average,fading,,2000,129.9,123.1,228.4,0.539,3,5,5,1,3,17,0,0,0,1,0.0
fast tones,sim,2300,,,poor,-4.0,average,fading,,2000,129.8,123.3,228.4,0.54,3,5,5,1,3,17,0,0,0,1,0.0
fast tones,sim,2300,,,poor,-4.0,average,fading,,2000,149.8,106.8,228.4,0.468,3,5,5,3,4,20,1,0,0,1,0.0
fast tones,sim,2300,,,poor,-4.0,average,fading,,2000,139.8,114.5,228.4,0.501,3,5,4,2,4,18,1,0,0,1,0.0
fast tones,sim,2300,,,poor,-4.0,average,fading,,2000,112.3,142.5,228.4,0.624,3,5,5,1,3,17,0,0,0,1,0.0
fast tones,sim,2300,,,poor,-4.0,average,fading,,2000,112.3,142.5,228.4,0.624,3,5,5,1,3,17,0,0,0,1,0.0
fast tones,sim,2300,,,poor,-4.0,average,fading,,2000,156.5,102.2,228.4,0.448,2,5,4,2,4,21,1,0,0,1,0.0
fast tones,sim,2300,,,poor,-4.0,average,fading,,2000,130.0,123.1,228.4,0.539,3,5,5,1,3,17,0,0,0,1,0.0
fast tones,sim,2300,,,poor,-4.0,average,fading,,2000,138.1,115.9,228.4,0.507,3,5,4,2,4,18,1,0,0,1,0.0
fast tones,sim,2300,,,poor,-4.0,average,fading,,2000,164.1,97.5,228.4,0.427,0,5,4,2,5,22,3,0,0,1,0.0
fast tones,sim,2300,,,poor,-4.0,average,fading,,2000,155.2,103.1,228.4,0.451,3,5,4,2,4,21,2,0,0,1,0.0
fast tones,sim,2300,,,poor,-4.0,average,fading,,2000,152.8,104.7,228.4,0.459,0,5,5,3,4,23,2,0,0,1,0.0
fast tones,sim,2300,,,poor,-4.0,average,fading,,2000,168.6,94.9,228.4,0.416,0,5,4,3,5,23,2,0,0,1,0.0
fast tones,sim,2300,,,poor,-4.0,average,fading,,2000,159.1,100.5,228.4,0.44,0,5,5,2,4,22,1,0,0,1,0.0
fast tones,sim,2300,,,poor,-4.0,average,fading,,2000,139.3,114.9,228.4,0.503,3,5,4,2,4,18,1,0,0,1,0.0
fast tones,sim,2300,,,poor,-4.0,average,fading,,2000,146.3,109.3,228.4,0.479,2,7,4,6,7,37,14,5,2,1,0.0
fast tones,sim,2300,,,poor,-4.0,average,fading,,2000,154.6,103.5,228.4,0.453,3,5,4,2,4,21,2,0,0,1,0.0
fast tones,sim,2300,,,poor,-4.0,average,fading,,2000,126.1,126.9,228.4,0.556,3,5,4,2,4,18,1,0,0,1,0.0
fast tones,sim,2300,,,poor,-4.0,average,fading,,2000,125.5,127.5,228.4,0.558,3,5,4,2,4,18,1,0,0,1,0.0
fast tones,sim,2300,,,poor,-4.0,average,fading,,2000,269.9,59.3,228.4,0.26,0,7,3,5,11,55,19,5,3,1,0.0
fast tones,sim,2300,,,poor,-4.0,average,fading,,2000,147.1,108.7,228.4,0.476,0,5,4,2,5,21,2,0,0,1,0.0
fast tones,sim,2300,,,poor,-4.0,average,fading,,2000,140.3,114.0,228.4,0.499,0,7,5,2,6,29,6,4,0,1,0.0
fast tones,sim,2300,,,poor,-4.0,average,fading,,2000,149.1,107.3,228.4,0.47,3,5,5,3,4,20,1,0,0,1,0.0
fast tones,sim,2300,,,poor,-4.0,average,fading,,2000,115.3,138.8,228.4,0.608,3,5,5,1,3,17,0,0,0,1,0.0
fast tones,sim,2300,,,poor,-4.0,average,fading,,2000,151.2,105.9,228.4,0.464,3,5,5,3,4,20,2,0,0,1,0.0
fast tones,sim,2300,,,poor,-4.0,average,fading,,2000,149.8,106.8,228.4,0.468,3,5,4,2,4,20,1,0,0,1,0.0
fast tones,sim,2300,,,poor,-4.0,average,fading,,2000,160.6,99.6,228.4,0.436,0,5,5,2,4,22,1,0,0,1,0.0
fast tones,sim,2300,,,poor,-2.0,average,fading,,2000,119.4,134.0,228.4,0.587,4,7,4,2,6,29,7,4,0,1,0.0
fast tones,sim,2300,,,poor,-2.0,average,fading,,2000,229.6,69.7,228.4,0.305,0,7,3,4,11,56,18,6,2,1,0.1
fast tones,sim,2300,,,poor,-2.0,average,fading,,2000,112.3,142.5,228.4,0.624,3,5,5,1,3,17,0,0,0,1,0.0
fast tones,sim,2300,,,poor,-2.0,average,fading,,2000,150.2,106.5,228.4,0.466,0,5,5,1,4,20,1,0,0,1,0.0
fast tones,sim,2300,,,poor,-2.0,average,fading,,2000,135.0,118.5,228.4,0.519,3,7,4,3,7,38,12,4,1,1,0.0
fast tones,sim,2300,,,poor,-2.0,average,fading,,2000,129.5,123.5,228.4,0.541,3,5,5,1,3,17,0,0,0,1,0.0
fast tones,sim,2300,,,poor,-2.0,average,fading,,2000,116.7,137.2,228.4,0.601,3,5,5,1,3,17,0,0,0,1,0.0
fast tones,sim,2300,,,poor,-2.0,average,fading,,2000,119.8,133.5,228.4,0.585,2,7,5,4,6,32,12,0,2,1,0.0
fast tones,sim,2300,,,poor,-2.0,average,fading,,2000,113.3,141.3,228.4,0.619,3,7,5,6,7,36,12,3,2,1,0.0
fast tones,sim,2300,,,poor,-2.0,average,fading,,2000,130.9,122.2,228.4,0.535,3,5,5,1,3,17,0,0,0,1,0.0
fast tones,sim,2300,,,poor,-2.0,average,fading,,2000,136.2,117.5,228.4,0.514,0,5,5,1,4,20,1,0,0,1,0.0
fast tones,sim,2300,,,poor,-2.0,average,fading,,2000,138.1,115.9,228.4,0.507,3,5,4,2,4,18,1,0,0,1,0.0
fast tones,sim,2300,,,poor,-2.0,average,fading,,2000,149.9,106.7,228.4,0.467,0,7,5,2,7,30,5,2,0,1,0.0
fast tones,sim,2300,,,poor,-2.0,average,fading,,2000,129.6,123.5,228.4,0.541,3,5,5,1,3,17,0,0,0,1,0.0
fast tones,sim,2300,,,poor,-2.0,average,fading,,2000,135.9,117.7,228.4,0.516,2,7,5,5,6,35,12,5,2,1,0.0
fast tones,sim,2300,,,poor,-2.0,average,fading,,2000,132.6,120.7,228.4,0.528,3,5,5,3,4,20,2,0,0,1,0.0
fast tones,sim,2300,,,poor,-2.0,average,fading,,2000,105.4,151.8,228.4,0.665,4,7,4,2,6,28,7,3,0,1,0.0
fast tones,sim,2300,,,poor,-2.0,average,fading,,2000,150.0,106.7,228.4,0.467,0,5,5,1,4,20,1,0,0,1,0.0
fast tones,sim,2300,,,poor,-2.0,average,fading,,2000,106.3,150.5,228.4,0.659,4,7,5,3,6,29,10,3,0,1,0.0
fast tones,sim,2300,,,poor,-2.0,average,fading,,2000,149.2,107.2,228.4,0.469,3,5,5,3,4,20,1,0,0,1,0.0
fast tones,sim,2300,,,poor,-2.0,average,fading,,2000,116.5,137.3,228.4,0.601,3,5,5,1,3,17,0,0,0,1,0.0
fast tones,sim,2300,,,poor,-2.0,average,fading,,2000,121.9,131.3,228.4,0.575,3,5,4,2,4,18,1,0,0,1,0.0
fast tones,sim,2300,,,poor,-2.0,average,fading,,2000,103.0,155.3,228.4,0.68,4,7,5,4,6,28,10,1,1,1,0.0
fast tones,sim,2300,,,poor,-2.0,average,fading,,2000,176.1,90.9,228.4,0.398,0,7,4,6,8,40,14,1,2,1,0.0
fast tones,sim,2300,,,poor,-2.0,average,fading,,2000,156.7,102.1,228.4,0.447,2,7,3,5,11,58,20,8,2,1,0.0
fast tones,sim,2300,,,poor,-2.0,average,fading,,2000,116.9,136.9,228.4,0.599,3,5,5,1,3,17,0,0,0,1,0.0
fast tones,sim,2300,,,poor,-2.0,average,fading,,2000,115.3,138.8,228.4,0.608,3,5,5,1,3,17,0,0,0,1,0.0
fast tones,sim,2300,,,poor,-2.0,average,fading,,2000,137.1,116.7,228.4,0.511,0,5,5,1,4,20,1,0,0,1,0.0
fast tones,sim,2300,,,poor,-2.0,average,fading,,2000,117.2,136.5,228.4,0.598,3,5,5,1,3,17,0,0,0,1,0.0
fast tones,sim,2300,,,poor,-2.0,average,fading,,2000,112.3,142.5,228.4,0.624,3,5,5,1,3,17,0,0,0,1,0.0
fast tones,sim,2300,,,poor,0.0,average,fading,,2000,116.9,136.9,228.4,0.599,0,7,4,8,13,54,16,9,2,1,0.0
fast tones,sim,2300,,,poor,0.0,average,fading,,2000,149.2,107.3,228.4,0.47,0,7,4,6,13,62,16,3,1,1,0.0
fast tones,sim,2300,,,poor,0.0,average,fading,,2000,93.9,170.4,228.4,0.746,4,7,4,5,12,54,10,4,0,1,0.0
fast tones,sim,2300,,,poor,0.0,average,fading,,2000,112.3,142.5,228.4,0.624,3,5,5,1,3,17,0,0,0,1,0.0
fast tones,sim,2300,,,poor,0.0,average,fading,,2000,124.7,128.3,228.4,0.562,1,7,4,8,15,58,20,4,4,1,0.0
fast tones,sim,2300,,,poor,0.0,average,fading,,2000,103.0,155.3,228.4,0.68,3,7,7,4,7,33,5,2,0,1,0.0
fast tones,sim,2300,,,poor,0.0,average,fading,,2000,112.3,142.5,228.4,0.624,3,5,5,1,3,17,0,0,0,1,0.0
fast tones,sim,2300,,,poor,0.0,average,fading,,2000,84.2,189.9,228.4,0.832,4,7,7,5,8,41,9,1,1,1,0.0
fast tones,sim,2300,,,poor,0.0,average,fading,,2000,107.7,148.6,228.4,0.651,3,7,4,6,12,47,9,2,1,1,0.0
fast tones,sim,2300,,,poor,0.0,average,fading,,2000,93.4,171.3,228.4,0.75,2,7,2,6,10,47,15,3,2,1,0.0
fast tones,sim,2300,,,poor,0.0,average,fading,,2000,132.7,120.6,228.4,0.528,0,7,5,3,6,30,3,1,0,1,0.0
fast tones,sim,2300,,,poor,0.0,average,fading,,2000,140.6,113.8,228.4,0.498,3,7,4,3,6,33,9,2,1,1,0.0
fast tones,sim,2300,,,poor,0.0,average,fading,,2000,112.3,142.5,228.4,0.624,3,5,5,1,3,17,0,0,0,1,0.0
fast tones,sim,2300,,,poor,0.0,average,fading,,2000,112.3,142.5,228.4,0.624,3,5,5,1,3,17,0,0,0,1,0.0
fast tones,sim,2300,,,poor,0.0,average,fading,,2000,94.5,169.4,228.4,0.742,5,7,5,3,8,35,6,3,0,1,0.0
fast tones,sim,2300,,,poor,0.0,average,fading,,2000,103.7,154.3,228.4,0.676,4,7,4,3,10,53,13,4,0,1,0.0
fast tones,sim,2300,,,poor,0.0,average,fading,,2000,110.1,145.3,228.4,0.636,4,7,4,5,11,51,14,2,0,1,0.0
fast tones,sim,2300,,,poor,0.0,average,fading,,2000,115.1,139.0,228.4,0.609,3,7,5,4,7,28,4,1,0,1,0.0
fast tones,sim,2300,,,poor,0.0,average,fading,,2000,112.3,142.5,228.4,0.624,3,5,5,1,3,17,0,0,0,1,0.0
fast tones,sim,2300,,,poor,0.0,average,fading,,2000,112.3,142.5,228.4,0.624,3,5,5,1,3,17,0,0,0,1,0.0
fast tones,sim,2300,,,poor,0.0,average,fading,,2000,112.3,142.5,228.4,0.624,3,5,5,1,3,17,0,0,0,1,0.0
fast tones,sim,2300,,,poor,0.0,average,fading,,2000,103.0,155.3,228.4,0.68,3,7,5,3,6,34,6,2,0,1,0.0
fast tones,sim,2300,,,poor,0.0,average,fading,,2000,111.9,142.9,228.4,0.626,4,7,4,5,11,52,13,3,1,1,0.0
fast tones,sim,2300,,,poor,0.0,average,fading,,2000,158.5,100.9,228.4,0.442,2,7,3,7,11,59,22,3,3,1,0.0
fast tones,sim,2300,,,poor,0.0,average,fading,,2000,75.1,212.9,228.4,0.932,4,8,4,7,12,56,12,4,1,1,0.0
fast tones,sim,2300,,,poor,0.0,average,fading,,2000,82.4,194.2,228.4,0.85,5,7,7,4,9,39,7,2,0,1,0.0
fast tones,sim,2300,,,poor,0.0,average,fading,,2000,106.6,150.2,228.4,0.658,4,7,4,7,11,54,15,4,1,1,0.0
fast tones,sim,2300,,,poor,0.0,average,fading,,2000,100.9,158.5,228.4,0.694,3,7,7,2,6,32,4,1,0,1,0.0
fast tones,sim,2300,,,poor,0.0,average,fading,,2000,112.3,142.5,228.4,0.624,3,5,5,1,3,17,0,0,0,1,0.0
fast tones,sim,2300,,,poor,0.0,average,fading,,2000,106.7,149.9,228.4,0.657,4,7,4,5,12,58,16,5,0,1,0.0
fast tones,sim,2300,,,poor,2.0,average,fading,,2000,75.4,212.1,349.1,0.608,5,7,7,6,12,57,10,0,0,1,0.0
fast tones,sim,2300,,,poor,2.0,average,fading,,2000,70.2,228.0,349.1,0.653,5,7,7,4,11,53,6,0,0,1,0.0
fast tones,sim,2300,,,poor,2.0,average,fading,,2000,66.0,242.4,349.1,0.694,7,7,7,0,9,51,4,0,0,1,0.0
fast tones,sim,2300,,,poor,2.0,average,fading,,2000,96.7,165.4,349.1,0.474,3,7,7,2,5,29,1,0,0,1,0.0
fast tones,sim,2300,,,poor,2.0,average,fading,,2000,71.2,224.6,349.1,0.643,5,7,7,4,11,54,7,0,0,1,0.0
fast tones,sim,2300,,,poor,2.0,average,fading,,2000,72.3,221.3,349.1,0.634,5,7,7,4,11,55,8,0,0,1,0.0
fast tones,sim,2300,,,poor,2.0,average,fading,,2000,97.8,163.6,349.1,0.469,3,7,7,2,5,30,2,0,0,1,0.0
fast tones,sim,2300,,,poor,2.0,average,fading,,2000,76.9,208.0,349.1,0.596,4,8,7,5,6,36,7,0,1,1,0.0
fast tones,sim,2300,,,poor,2.0,average,fading,,2000,56.6,282.9,349.1,0.81,7,9,7,3,8,43,7,3,0,1,0.0
fast tones,sim,2300,,,poor,2.0,average,fading,,2000,70.2,228.0,349.1,0.653,5,7,7,4,11,53,6,0,0,1,0.0
fast tones,sim,2300,,,poor,2.0,average,fading,,2000,108.2,147.9,349.1,0.423,0,8,7,5,11,51,4,0,0,1,0.0
fast tones,sim,2300,,,poor,2.0,average,fading,,2000,98.8,161.9,349.1,0.464,3,7,5,3,6,30,2,0,0,1,0.0
fast tones,sim,2300,,,poor,2.0,average,fading,,2000,69.1,231.5,349.1,0.663,5,7,7,2,11,52,5,0,0,1,0.0
fast tones,sim,2300,,,poor,2.0,average,fading,,2000,96.7,165.4,349.1,0.474,3,7,7,2,5,29,1,0,0,1,0.0
fast tones,sim,2300,,,poor,2.0,average,fading,,2000,72.0,222.1,349.1,0.636,4,8,7,6,10,55,11,1,1,1,0.0
fast tones,sim,2300,,,poor,2.0,average,fading,,2000,76.4,209.3,349.1,0.599,5,7,5,7,13,57,10,0,0,1,0.0
fast tones,sim,2300,,,poor,2.0,average,fading,,2000,69.9,228.8,349.1,0.655,4,8,7,6,10,53,9,2,1,1,0.0
fast tones,sim,2300,,,poor,2.0,average,fading,,2000,71.2,224.7,349.1,0.644,5,7,7,4,12,53,6,0,0,1,0.0
fast tones,sim,2300,,,poor,2.0,average,fading,,2000,98.8,161.9,349.1,0.464,3,7,5,3,6,30,2,0,0,1,0.0
fast tones,sim,2300,,,poor,2.0,average,fading,,2000,71.2,224.6,349.1,0.643,5,7,7,2,11,54,7,2,0,1,0.0
fast tones,sim,2300,,,poor,2.0,average,fading,,2000,97.8,163.6,349.1,0.469,3,7,7,2,5,30,2,0,0,1,0.0
fast tones,sim,2300,,,poor,2.0,average,fading,,2000,72.2,221.5,349.1,0.635,5,7,7,2,10,52,5,1,0,1,0.0
fast tones,sim,2300,,,poor,2.0,average,fading,,2000,50.3,318.4,349.1,0.912,7,9,7,3,7,38,6,1,0,1,0.0
fast tones,sim,2300,,,poor,2.0,average,fading,,2000,61.8,258.9,349.1,0.742,5,8,7,4,9,47,7,0,0,1,0.0
fast tones,sim,2300,,,poor,2.0,average,fading,,2000,47.7,335.2,349.1,0.96,7,9,7,3,6,35,6,4,0,1,0.0
fast tones,sim,2300,,,poor,2.0,average,fading,,2000,72.2,221.5,349.1,0.635,5,7,7,2,10,52,5,1,0,1,0.0
fast tones,sim,2300,,,poor,2.0,average,fading,,2000,53.4,299.5,349.1,0.858,7,8,7,2,7,41,1,0,0,1,0.0
fast tones,sim,2300,,,poor,2.0,average,fading,,2000,70.1,228.1,349.1,0.653,7,7,7,0,9,51,4,0,0,1,0.0
fast tones,sim,2300,,,poor,2.0,average,fading,,2000,95.7,167.2,349.1,0.479,3,7,7,2,5,28,0,0,0,1,0.0
fast tones,sim,2300,,,poor,2.0,average,fading,,2000,72.3,221.3,349.1,0.634,5,7,7,4,11,55,8,0,0,1,0.0
fast tones,sim,2300,,,poor,6.0,average,fading,,2000,30.3,527.9,1093.0,0.483,8,10,8,3,4,22,2,0,0,1,0.0
fast tones,sim,2300,,,poor,6.0,average,fading,,2000,38.7,413.3,1093.0,0.378,8,9,8,1,5,29,1,0,0,1,0.0
fast tones,sim,2300,,,poor,6.0,average,fading,,2000,28.2,567.4,1093.0,0.519,8,10,10,2,4,20,0,0,0,1,0.0
fast tones,sim,2300,,,poor,6.0,average,fading,,2000,35.5,450.1,1093.0,0.412,7,10,10,3,5,26,0,0,0,1,0.0
fast tones,sim,2300,,,poor,6.0,average,fading,,2000,38.7,413.3,1093.0,0.378,8,9,8,1,5,29,1,0,0,1,0.0
fast tones,sim,2300,,,poor,6.0,average,fading,,2000,33.4,478.4,1093.0,0.438,7,10,9,3,5,24,1,0,0,1,0.0
fast tones,sim,2300,,,poor,6.0,average,fading,,2000,34.5,463.8,1093.0,0.424,7,10,10,2,5,25,0,0,0,1,0.0
fast tones,sim,2300,,,poor,6.0,average,fading,,2000,24.0,666.4,1093.0,0.61,9,11,10,2,3,17,2,0,0,1,0.0
fast tones,sim,2300,,,poor,6.0,average,fading,,2000,27.1,589.4,1093.0,0.539,9,11,10,2,4,19,4,1,0,1,0.0
fast tones,sim,2300,,,poor,6.0,average,fading,,2000,49.2,325.2,1093.0,0.298,7,9,9,3,7,37,1,0,0,1,0.0
fast tones,sim,2300,,,poor,6.0,average,fading,,2000,34.5,463.8,1093.0,0.424,7,10,10,2,5,25,0,0,0,1,0.0
fast tones,sim,2300,,,poor,6.0,average,fading,,2000,36.6,437.1,1093.0,0.4,7,9,9,2,5,27,0,0,0,1,0.0
fast tones,sim,2300,,,poor,6.0,average,fading,,2000,34.5,463.8,1093.0,0.424,7,10,10,2,5,25,0,0,0,1,0.0
fast tones,sim,2300,,,poor,6.0,average,fading,,2000,38.7,413.3,1093.0,0.378,7,9,8,3,5,29,1,0,0,1,0.0
fast tones,sim,2300,,,poor,6.0,average,fading,,2000,32.4,493.6,1093.0,0.452,8,10,8,3,4,24,2,1,0,1,0.0
fast tones,sim,2300,,,poor,6.0,average,fading,,2000,28.2,567.4,1093.0,0.519,8,10,10,2,4,20,0,0,0,1,0.0
fast tones,sim,2300,,,poor,6.0,average,fading,,2000,24.0,666.4,1093.0,0.61,9,11,10,2,3,17,2,0,0,1,0.0
fast tones,sim,2300,,,poor,6.0,average,fading,,2000,31.3,510.6,1093.0,0.467,7,10,9,3,5,22,1,0,0,1,0.0
fast tones,sim,2300,,,poor,6.0,average,fading,,2000,40.8,392.2,1093.0,0.359,7,9,8,3,6,30,1,0,0,1,0.0
fast tones,sim,2300,,,poor,6.0,average,fading,,2000,34.5,463.8,1093.0,0.424,7,9,9,1,5,25,0,0,0,1,0.0
fast tones,sim,2300,,,poor,6.0,average,fading,,2000,33.4,478.4,1093.0,0.438,7,10,9,3,5,24,1,0,0,1,0.0
fast tones,sim,2300,,,poor,6.0,average,fading,,2000,34.1,469.5,1093.0,0.43,7,10,9,3,4,24,2,1,0,1,0.0
fast tones,sim,2300,,,poor,6.0,average,fading,,2000,25.1,638.4,1093.0,0.584,9,11,9,2,3,18,4,0,0,1,0.0
fast tones,sim,2300,,,poor,6.0,average,fading,,2000,25.0,639.1,1093.0,0.585,9,11,9,3,4,17,2,0,0,1,0.0
fast tones,sim,2300,,,poor,6.0,average,fading,,2000,23.0,697.0,1093.0,0.638,10,11,10,2,3,16,3,1,0,1,0.0
fast tones,sim,2300,,,poor,6.0,average,fading,,2000,27.1,589.4,1093.0,0.539,8,10,9,2,4,19,1,0,0,1,0.0
fast tones,sim,2300,,,poor,6.0,average,fading,,2000,25.1,638.4,1093.0,0.584,8,10,10,1,3,18,0,0,0,1,0.0
fast tones,sim,2300,,,poor,6.0,average,fading,,2000,33.4,478.4,1093.0,0.438,7,10,9,3,5,24,1,1,0,1,0.0
fast tones,sim,2300,,,poor,6.0,average,fading,,2000,38.7,413.3,1093.0,0.378,7,9,8,2,5,29,1,0,0,1,0.0
fast tones,sim,2300,,,poor,6.0,average,fading,,2000,28.2,567.4,1093.0,0.519,8,10,9,2,4,20,2,0,0,1,0.0
fast tones,sim,500,,,awgn,-18.0,average,fading,,1000,317.9,25.2,35.8,0.703,0,0,0,0,8,48,0,0,0,1,0.0
fast tones,sim,500,,,awgn,-18.0,average,fading,,1000,327.2,24.4,35.8,0.683,0,0,0,0,9,49,1,0,0,1,0.0
fast tones,sim,500,,,awgn,-18.0,average,fading,,1000,316.2,25.3,35.8,0.706,0,0,0,0,8,48,0,0,0,1,0.0
fast tones,sim,500,,,awgn,-18.0,average,fading,,1000,317.1,25.2,35.8,0.704,0,0,0,0,8,48,0,0,0,1,0.0
fast tones,sim,500,,,awgn,-18.0,average,fading,,1000,317.0,25.2,35.8,0.705,0,0,0,0,8,48,0,0,0,1,0.0
fast tones,sim,500,,,awgn,-18.0,average,fading,,1000,316.7,25.3,35.8,0.705,0,0,0,0,8,48,0,0,0,1,0.0
fast tones,sim,500,,,awgn,-18.0,average,fading,,1000,317.4,25.2,35.8,0.704,0,0,0,0,8,48,0,0,0,1,0.0
fast tones,sim,500,,,awgn,-18.0,average,fading,,1000,315.3,25.4,35.8,0.708,0,0,0,0,8,48,0,0,0,1,0.0
fast tones,sim,500,,,awgn,-18.0,average,fading,,1000,317.1,25.2,35.8,0.704,0,0,0,0,8,48,0,0,0,1,0.0
fast tones,sim,500,,,awgn,-18.0,average,fading,,1000,318.1,25.1,35.8,0.702,0,0,0,0,8,48,0,0,0,1,0.0
fast tones,sim,500,,,awgn,-18.0,average,fading,,1000,317.2,25.2,35.8,0.704,0,0,0,0,8,48,0,0,0,1,0.0
fast tones,sim,500,,,awgn,-18.0,average,fading,,1000,315.7,25.3,35.8,0.707,0,0,0,0,8,48,0,0,0,1,0.0
fast tones,sim,500,,,awgn,-18.0,average,fading,,1000,316.1,25.3,35.8,0.706,0,0,0,0,8,48,0,0,0,1,0.0
fast tones,sim,500,,,awgn,-18.0,average,fading,,1000,316.8,25.3,35.8,0.705,0,0,0,0,8,48,0,0,0,1,0.0
fast tones,sim,500,,,awgn,-18.0,average,fading,,1000,316.7,25.3,35.8,0.705,0,0,0,0,8,48,0,0,0,1,0.0
fast tones,sim,500,,,awgn,-18.0,average,fading,,1000,324.8,24.6,35.8,0.688,0,0,0,0,9,49,1,0,0,1,0.0
fast tones,sim,500,,,awgn,-18.0,average,fading,,1000,352.5,22.7,35.8,0.634,0,0,0,0,9,54,6,0,1,1,0.0
fast tones,sim,500,,,awgn,-18.0,average,fading,,1000,316.9,25.2,35.8,0.705,0,0,0,0,8,48,0,0,0,1,0.0
fast tones,sim,500,,,awgn,-18.0,average,fading,,1000,316.0,25.3,35.8,0.707,0,0,0,0,8,48,0,0,0,1,0.0
fast tones,sim,500,,,awgn,-18.0,average,fading,,1000,316.2,25.3,35.8,0.706,0,0,0,0,8,48,0,0,0,1,0.0
fast tones,sim,500,,,awgn,-18.0,average,fading,,1000,315.3,25.4,35.8,0.708,0,0,0,0,8,48,0,0,0,1,0.0
fast tones,sim,500,,,awgn,-18.0,average,fading,,1000,325.3,24.6,35.8,0.687,0,0,0,0,9,49,1,0,0,1,0.0
fast tones,sim,500,,,awgn,-18.0,average,fading,,1000,316.3,25.3,35.8,0.706,0,0,0,0,8,48,0,0,0,1,0.0
fast tones,sim,500,,,awgn,-18.0,average,fading,,1000,325.7,24.6,35.8,0.686,0,0,0,0,9,49,1,0,0,1,0.0
fast tones,sim,500,,,awgn,-18.0,average,fading,,1000,317.6,25.2,35.8,0.703,0,0,0,0,8,48,0,0,0,1,0.0
fast tones,sim,500,,,awgn,-18.0,average,fading,,1000,316.0,25.3,35.8,0.707,0,0,0,0,8,48,0,0,0,1,0.0
fast tones,sim,500,,,awgn,-18.0,average,fading,,1000,316.1,25.3,35.8,0.706,0,0,0,0,8,48,0,0,0,1,0.0
fast tones,sim,500,,,awgn,-18.0,average,fading,,1000,318.1,25.2,35.8,0.702,0,0,0,0,8,48,0,0,0,1,0.0
fast tones,sim,500,,,awgn,-18.0,average,fading,,1000,316.7,25.3,35.8,0.705,0,0,0,0,8,48,0,0,0,1,0.0
fast tones,sim,500,,,awgn,-18.0,average,fading,,1000,326.3,24.5,35.8,0.684,0,0,0,0,9,49,1,0,0,1,0.0
fast tones,sim,500,,,awgn,-14.0,average,fading,,1000,281.5,28.4,53.7,0.529,0,1,1,1,7,42,0,0,0,1,0.0
fast tones,sim,500,,,awgn,-14.0,average,fading,,1000,270.6,29.6,53.7,0.55,0,1,1,1,7,40,0,0,0,1,0.0
fast tones,sim,500,,,awgn,-14.0,average,fading,,1000,279.8,28.6,53.7,0.532,0,1,1,1,7,42,0,0,0,1,0.0
fast tones,sim,500,,,awgn,-14.0,average,fading,,1000,280.8,28.5,53.7,0.53,0,1,1,1,7,42,0,0,0,1,0.0
fast tones,sim,500,,,awgn,-14.0,average,fading,,1000,280.6,28.5,53.7,0.531,0,1,1,1,7,42,0,0,0,1,0.0
fast tones,sim,500,,,awgn,-14.0,average,fading,,1000,280.4,28.5,53.7,0.531,0,1,1,1,7,42,0,0,0,1,0.0
fast tones,sim,500,,,awgn,-14.0,average,fading,,1000,270.3,29.6,53.7,0.551,0,1,1,1,7,40,0,0,0,1,0.0
fast tones,sim,500,,,awgn,-14.0,average,fading,,1000,279.0,28.7,53.7,0.534,0,1,1,1,7,42,0,0,0,1,0.0
fast tones,sim,500,,,awgn,-14.0,average,fading,,1000,295.7,27.1,53.7,0.504,0,1,1,1,8,44,0,0,0,1,0.0
fast tones,sim,500,,,awgn,-14.0,average,fading,,1000,281.7,28.4,53.7,0.528,0,1,1,1,7,42,0,0,0,1,0.0
fast tones,sim,500,,,awgn,-14.0,average,fading,,1000,270.1,29.6,53.7,0.551,0,1,1,1,7,40,0,0,0,1,0.0
fast tones,sim,500,,,awgn,-14.0,average,fading,,1000,294.3,27.2,53.7,0.506,0,1,1,1,8,44,0,0,0,1,0.0
fast tones,sim,500,,,awgn,-14.0,average,fading,,1000,279.8,28.6,53.7,0.532,0,1,1,1,7,42,0,0,0,1,0.0
fast tones,sim,500,,,awgn,-14.0,average,fading,,1000,280.4,28.5,53.7,0.531,0,1,1,1,7,42,0,0,0,1,0.0
fast tones,sim,500,,,awgn,-14.0,average,fading,,1000,295.2,27.1,53.7,0.504,0,1,1,1,8,44,0,0,0,1,0.0
fast tones,sim,500,,,awgn,-14.0,average,fading,,1000,293.8,27.2,53.7,0.507,0,1,1,1,8,44,0,0,0,1,0.0
fast tones,sim,500,,,awgn,-14.0,average,fading,,1000,279.0,28.7,53.7,0.534,0,1,1,1,7,42,0,0,0,1,0.0
fast tones,sim,500,,,awgn,-14.0,average,fading,,1000,295.5,27.1,53.7,0.504,0,1,1,1,8,44,0,0,0,1,0.0
fast tones,sim,500,,,awgn,-14.0,average,fading,,1000,279.7,28.6,53.7,0.532,0,1,1,1,7,42,0,0,0,1,0.0
fast tones,sim,500,,,awgn,-14.0,average,fading,,1000,294.7,27.1,53.7,0.505,0,1,1,1,8,44,0,0,0,1,0.0
fast tones,sim,500,,,awgn,-14.0,average,fading,,1000,293.9,27.2,53.7,0.507,0,1,1,1,8,44,0,0,0,1,0.0
fast tones,sim,500,,,awgn,-14.0,average,fading,,1000,294.3,27.2,53.7,0.506,0,1,1,1,8,44,0,0,0,1,0.0
fast tones,sim,500,,,awgn,-14.0,average,fading,,1000,279.9,28.6,53.7,0.532,0,1,1,1,7,42,0,0,0,1,0.0
fast tones,sim,500,,,awgn,-14.0,average,fading,,1000,294.7,27.1,53.7,0.505,0,1,1,1,8,44,0,0,0,1,0.0
fast tones,sim,500,,,awgn,-14.0,average,fading,,1000,254.4,31.4,53.7,0.585,0,1,1,1,7,37,0,0,0,1,0.0
fast tones,sim,500,,,awgn,-14.0,average,fading,,1000,294.6,27.2,53.7,0.505,0,1,1,1,8,44,0,0,0,1,0.0
fast tones,sim,500,,,awgn,-14.0,average,fading,,1000,294.7,27.1,53.7,0.505,0,1,1,1,8,44,0,0,0,1,0.0
fast tones,sim,500,,,awgn,-14.0,average,fading,,1000,281.7,28.4,53.7,0.529,0,1,1,1,7,42,0,0,0,1,0.0
fast tones,sim,500,,,awgn,-14.0,average,fading,,1000,280.3,28.5,53.7,0.531,0,1,1,1,7,42,0,0,0,1,0.0
fast tones,sim,500,,,awgn,-14.0,average,fading,,1000,295.3,27.1,53.7,0.504,0,1,1,1,8,44,0,0,0,1,0.0
fast tones,sim,500,,,awgn,-12.0,average,fading,,1000,229.1,34.9,53.7,0.65,0,1,1,1,6,33,0,0,0,1,0.0
fast tones,sim,500,,,awgn,-12.0,average,fading,,1000,228.8,35.0,53.7,0.651,0,1,1,1,6,33,0,0,0,1,0.0
fast tones,sim,500,,,awgn,-12.0,average,fading,,1000,227.4,35.2,53.7,0.655,0,1,1,1,6,33,0,0,0,1,0.0
fast tones,sim,500,,,awgn,-12.0,average,fading,,1000,228.3,35.0,53.7,0.652,0,1,1,1,6,33,0,0,0,1,0.0
fast tones,sim,500,,,awgn,-12.0,average,fading,,1000,228.2,35.1,53.7,0.653,0,1,1,1,6,33,0,0,0,1,0.0
fast tones,sim,500,,,awgn,-12.0,average,fading,,1000,227.9,35.1,53.7,0.653,0,1,1,1,6,33,0,0,0,1,0.0
fast tones,sim,500,,,awgn,-12.0,average,fading,,1000,228.6,35.0,53.7,0.651,0,1,1,1,6,33,0,0,0,1,0.0
fast tones,sim,500,,,awgn,-12.0,average,fading,,1000,226.5,35.3,53.7,0.657,0,1,1,1,6,33,0,0,0,1,0.0
fast tones,sim,500,,,awgn,-12.0,average,fading,,1000,228.3,35.0,53.7,0.652,0,1,1,1,6,33,0,0,0,1,0.0
fast tones,sim,500,,,awgn,-12.0,average,fading,,1000,229.3,34.9,53.7,0.649,0,1,1,1,6,33,0,0,0,1,0.0
fast tones,sim,500,,,awgn,-12.0,average,fading,,1000,228.4,35.0,53.7,0.652,0,1,1,1,6,33,0,0,0,1,0.0
fast tones,sim,500,,,awgn,-12.0,average,fading,,1000,226.9,35.3,53.7,0.656,0,1,1,1,6,33,0,0,0,1,0.0
fast tones,sim,500,,,awgn,-12.0,average,fading,,1000,227.3,35.2,53.7,0.655,0,1,1,1,6,33,0,0,0,1,0.0
fast tones,sim,500,,,awgn,-12.0,average,fading,,1000,228.0,35.1,53.7,0.653,0,1,1,1,6,33,0,0,0,1,0.0
fast tones,sim,500,,,awgn,-12.0,average,fading,,1000,227.8,35.1,53.7,0.654,0,1,1,1,6,33,0,0,0,1,0.0
fast tones,sim,500,,,awgn,-12.0,average,fading,,1000,226.4,35.3,53.7,0.658,0,1,1,1,6,33,0,0,0,1,0.0
fast tones,sim,500,,,awgn,-12.0,average,fading,,1000,226.5,35.3,53.7,0.657,0,1,1,1,6,33,0,0,0,1,0.0
fast tones,sim,500,,,awgn,-12.0,average,fading,,1000,228.1,35.1,53.7,0.653,0,1,1,1,6,33,0,0,0,1,0.0
fast tones,sim,500,,,awgn,-12.0,average,fading,,1000,227.2,35.2,53.7,0.655,0,1,1,1,6,33,0,0,0,1,0.0
fast tones,sim,500,,,awgn,-12.0,average,fading,,1000,227.3,35.2,53.7,0.655,0,1,1,1,6,33,0,0,0,1,0.0
fast tones,sim,500,,,awgn,-12.0,average,fading,,1000,226.5,35.3,53.7,0.657,0,1,1,1,6,33,0,0,0,1,0.0
fast tones,sim,500,,,awgn,-12.0,average,fading,,1000,226.9,35.3,53.7,0.656,0,1,1,1,6,33,0,0,0,1,0.0
fast tones,sim,500,,,awgn,-12.0,average,fading,,1000,227.5,35.2,53.7,0.655,0,1,1,1,6,33,0,0,0,1,0.0
fast tones,sim,500,,,awgn,-12.0,average,fading,,1000,227.3,35.2,53.7,0.655,0,1,1,1,6,33,0,0,0,1,0.0
fast tones,sim,500,,,awgn,-12.0,average,fading,,1000,228.8,35.0,53.7,0.651,0,1,1,1,6,33,0,0,0,1,0.0
fast tones,sim,500,,,awgn,-12.0,average,fading,,1000,227.2,35.2,53.7,0.655,0,1,1,1,6,33,0,0,0,1,0.0
fast tones,sim,500,,,awgn,-12.0,average,fading,,1000,227.3,35.2,53.7,0.655,0,1,1,1,6,33,0,0,0,1,0.0
fast tones,sim,500,,,awgn,-12.0,average,fading,,1000,229.3,34.9,53.7,0.649,0,1,1,1,6,33,0,0,0,1,0.0
fast tones,sim,500,,,awgn,-12.0,average,fading,,1000,227.9,35.1,53.7,0.653,0,1,1,1,6,33,0,0,0,1,0.0
fast tones,sim,500,,,awgn,-12.0,average,fading,,1000,228.0,35.1,53.7,0.653,0,1,1,1,6,33,0,0,0,1,0.0
fast tones,sim,500,,,awgn,-10.0,average,fading,,1000,229.1,34.9,53.7,0.65,0,1,1,1,6,33,0,0,0,1,0.0
fast tones,sim,500,,,awgn,-10.0,average,fading,,1000,228.8,35.0,53.7,0.651,0,1,1,1,6,33,0,0,0,1,0.0
fast tones,sim,500,,,awgn,-10.0,average,fading,,1000,227.4,35.2,53.7,0.655,0,1,1,1,6,33,0,0,0,1,0.0
fast tones,sim,500,,,awgn,-10.0,average,fading,,1000,228.3,35.0,53.7,0.652,0,1,1,1,6,33,0,0,0,1,0.0
fast tones,sim,500,,,awgn,-10.0,average,fading,,1000,228.2,35.1,53.7,0.653,0,1,1,1,6,33,0,0,0,1,0.0
fast tones,sim,500,,,awgn,-10.0,average,fading,,1000,227.9,35.1,53.7,0.653,0,1,1,1,6,33,0,0,0,1,0.0
fast tones,sim,500,,,awgn,-10.0,average,fading,,1000,228.6,35.0,53.7,0.651,0,1,1,1,6,33,0,0,0,1,0.0
fast tones,sim,500,,,awgn,-10.0,average,fading,,1000,226.5,35.3,53.7,0.657,0,1,1,1,6,33,0,0,0,1,0.0
fast tones,sim,500,,,awgn,-10.0,average,fading,,1000,228.3,35.0,53.7,0.652,0,1,1,1,6,33,0,0,0,1,0.0
fast tones,sim,500,,,awgn,-10.0,average,fading,,1000,229.3,34.9,53.7,0.649,0,1,1,1,6,33,0,0,0,1,0.0
fast tones,sim,500,,,awgn,-10.0,average,fading,,1000,228.4,35.0,53.7,0.652,0,1,1,1,6,33,0,0,0,1,0.0
fast tones,sim,500,,,awgn,-10.0,average,fading,,1000,226.9,35.3,53.7,0.656,0,1,1,1,6,33,0,0,0,1,0.0
fast tones,sim,500,,,awgn,-10.0,average,fading,,1000,227.3,35.2,53.7,0.655,0,1,1,1,6,33,0,0,0,1,0.0
fast tones,sim,500,,,awgn,-10.0,average,fading,,1000,228.0,35.1,53.7,0.653,0,1,1,1,6,33,0,0,0,1,0.0
fast tones,sim,500,,,awgn,-10.0,average,fading,,1000,227.8,35.1,53.7,0.654,0,1,1,1,6,33,0,0,0,1,0.0
fast tones,sim,500,,,awgn,-10.0,average,fading,,1000,226.4,35.3,53.7,0.658,0,1,1,1,6,33,0,0,0,1,0.0
fast tones,sim,500,,,awgn,-10.0,average,fading,,1000,226.5,35.3,53.7,0.657,0,1,1,1,6,33,0,0,0,1,0.0
fast tones,sim,500,,,awgn,-10.0,average,fading,,1000,228.1,35.1,53.7,0.653,0,1,1,1,6,33,0,0,0,1,0.0
fast tones,sim,500,,,awgn,-10.0,average,fading,,1000,227.2,35.2,53.7,0.655,0,1,1,1,6,33,0,0,0,1,0.0
fast tones,sim,500,,,awgn,-10.0,average,fading,,1000,227.3,35.2,53.7,0.655,0,1,1,1,6,33,0,0,0,1,0.0
fast tones,sim,500,,,awgn,-10.0,average,fading,,1000,226.5,35.3,53.7,0.657,0,1,1,1,6,33,0,0,0,1,0.0
fast tones,sim,500,,,awgn,-10.0,average,fading,,1000,226.9,35.3,53.7,0.656,0,1,1,1,6,33,0,0,0,1,0.0
fast tones,sim,500,,,awgn,-10.0,average,fading,,1000,227.5,35.2,53.7,0.655,0,1,1,1,6,33,0,0,0,1,0.0
fast tones,sim,500,,,awgn,-10.0,average,fading,,1000,227.3,35.2,53.7,0.655,0,1,1,1,6,33,0,0,0,1,0.0
fast tones,sim,500,,,awgn,-10.0,average,fading,,1000,228.8,35.0,53.7,0.651,0,1,1,1,6,33,0,0,0,1,0.0
fast tones,sim,500,,,awgn,-10.0,average,fading,,1000,227.2,35.2,53.7,0.655,0,1,1,1,6,33,0,0,0,1,0.0
fast tones,sim,500,,,awgn,-10.0,average,fading,,1000,227.3,35.2,53.7,0.655,0,1,1,1,6,33,0,0,0,1,0.0
fast tones,sim,500,,,awgn,-10.0,average,fading,,1000,229.3,34.9,53.7,0.649,0,1,1,1,6,33,0,0,0,1,0.0
fast tones,sim,500,,,awgn,-10.0,average,fading,,1000,227.9,35.1,53.7,0.653,0,1,1,1,6,33,0,0,0,1,0.0
fast tones,sim,500,,,awgn,-10.0,average,fading,,1000,228.0,35.1,53.7,0.653,0,1,1,1,6,33,0,0,0,1,0.0
fast tones,sim,500,,,awgn,-8.0,average,fading,,1000,229.1,34.9,53.7,0.65,0,1,1,1,6,33,0,0,0,1,0.0
fast tones,sim,500,,,awgn,-8.0,average,fading,,1000,228.8,35.0,53.7,0.651,0,1,1,1,6,33,0,0,0,1,0.0
fast tones,sim,500,,,awgn,-8.0,average,fading,,1000,227.4,35.2,53.7,0.655,0,1,1,1,6,33,0,0,0,1,0.0
fast tones,sim,500,,,awgn,-8.0,average,fading,,1000,228.3,35.0,53.7,0.652,0,1,1,1,6,33,0,0,0,1,0.0
fast tones,sim,500,,,awgn,-8.0,average,fading,,1000,228.2,35.1,53.7,0.653,0,1,1,1,6,33,0,0,0,1,0.0
fast tones,sim,500,,,awgn,-8.0,average,fading,,1000,227.9,35.1,53.7,0.653,0,1,1,1,6,33,0,0,0,1,0.0
fast tones,sim,500,,,awgn,-8.0,average,fading,,1000,228.6,35.0,53.7,0.651,0,1,1,1,6,33,0,0,0,1,0.0
fast tones,sim,500,,,awgn,-8.0,average,fading,,1000,226.5,35.3,53.7,0.657,0,1,1,1,6,33,0,0,0,1,0.0
fast tones,sim,500,,,awgn,-8.0,average,fading,,1000,228.3,35.0,53.7,0.652,0,1,1,1,6,33,0,0,0,1,0.0
fast tones,sim,500,,,awgn,-8.0,average,fading,,1000,229.3,34.9,53.7,0.649,0,1,1,1,6,33,0,0,0,1,0.0
fast tones,sim,500,,,awgn,-8.0,average,fading,,1000,228.4,35.0,53.7,0.652,0,1,1,1,6,33,0,0,0,1,0.0
fast tones,sim,500,,,awgn,-8.0,average,fading,,1000,226.9,35.3,53.7,0.656,0,1,1,1,6,33,0,0,0,1,0.0
fast tones,sim,500,,,awgn,-8.0,average,fading,,1000,227.3,35.2,53.7,0.655,0,1,1,1,6,33,0,0,0,1,0.0
fast tones,sim,500,,,awgn,-8.0,average,fading,,1000,228.0,35.1,53.7,0.653,0,1,1,1,6,33,0,0,0,1,0.0
fast tones,sim,500,,,awgn,-8.0,average,fading,,1000,227.8,35.1,53.7,0.654,0,1,1,1,6,33,0,0,0,1,0.0
fast tones,sim,500,,,awgn,-8.0,average,fading,,1000,226.4,35.3,53.7,0.658,0,1,1,1,6,33,0,0,0,1,0.0
fast tones,sim,500,,,awgn,-8.0,average,fading,,1000,226.5,35.3,53.7,0.657,0,1,1,1,6,33,0,0,0,1,0.0
fast tones,sim,500,,,awgn,-8.0,average,fading,,1000,228.1,35.1,53.7,0.653,0,1,1,1,6,33,0,0,0,1,0.0
fast tones,sim,500,,,awgn,-8.0,average,fading,,1000,227.2,35.2,53.7,0.655,0,1,1,1,6,33,0,0,0,1,0.0
fast tones,sim,500,,,awgn,-8.0,average,fading,,1000,227.3,35.2,53.7,0.655,0,1,1,1,6,33,0,0,0,1,0.0
fast tones,sim,500,,,awgn,-8.0,average,fading,,1000,226.5,35.3,53.7,0.657,0,1,1,1,6,33,0,0,0,1,0.0
fast tones,sim,500,,,awgn,-8.0,average,fading,,1000,226.9,35.3,53.7,0.656,0,1,1,1,6,33,0,0,0,1,0.0
fast tones,sim,500,,,awgn,-8.0,average,fading,,1000,227.5,35.2,53.7,0.655,0,1,1,1,6,33,0,0,0,1,0.0
fast tones,sim,500,,,awgn,-8.0,average,fading,,1000,227.3,35.2,53.7,0.655,0,1,1,1,6,33,0,0,0,1,0.0
fast tones,sim,500,,,awgn,-8.0,average,fading,,1000,228.8,35.0,53.7,0.651,0,1,1,1,6,33,0,0,0,1,0.0
fast tones,sim,500,,,awgn,-8.0,average,fading,,1000,227.2,35.2,53.7,0.655,0,1,1,1,6,33,0,0,0,1,0.0
fast tones,sim,500,,,awgn,-8.0,average,fading,,1000,227.3,35.2,53.7,0.655,0,1,1,1,6,33,0,0,0,1,0.0
fast tones,sim,500,,,awgn,-8.0,average,fading,,1000,229.3,34.9,53.7,0.649,0,1,1,1,6,33,0,0,0,1,0.0
fast tones,sim,500,,,awgn,-8.0,average,fading,,1000,227.9,35.1,53.7,0.653,0,1,1,1,6,33,0,0,0,1,0.0
fast tones,sim,500,,,awgn,-8.0,average,fading,,1000,228.0,35.1,53.7,0.653,0,1,1,1,6,33,0,0,0,1,0.0
fast tones,sim,500,,,awgn,-6.0,average,fading,,1000,234.4,34.1,113.9,0.3,0,1,1,1,6,34,1,0,0,1,0.0
fast tones,sim,500,,,awgn,-6.0,average,fading,,1000,234.2,34.2,113.9,0.3,0,1,1,1,6,34,1,0,0,1,0.0
fast tones,sim,500,,,awgn,-6.0,average,fading,,1000,210.7,38.0,113.9,0.334,0,1,1,1,6,33,0,0,0,1,0.0
fast tones,sim,500,,,awgn,-6.0,average,fading,,1000,233.7,34.2,113.9,0.301,0,1,1,1,6,34,1,0,0,1,0.0
fast tones,sim,500,,,awgn,-6.0,average,fading,,1000,233.5,34.3,113.9,0.301,0,1,1,1,6,34,1,0,0,1,0.0
fast tones,sim,500,,,awgn,-6.0,average,fading,,1000,227.9,35.1,113.9,0.308,0,1,1,1,6,33,0,0,0,1,0.0
fast tones,sim,500,,,awgn,-6.0,average,fading,,1000,228.6,35.0,113.9,0.307,0,1,1,1,6,33,0,0,0,1,0.0
fast tones,sim,500,,,awgn,-6.0,average,fading,,1000,210.7,38.0,113.9,0.334,0,1,1,1,6,33,0,0,0,1,0.0
fast tones,sim,500,,,awgn,-6.0,average,fading,,1000,228.3,35.0,113.9,0.308,0,1,1,1,6,33,0,0,0,1,0.0
fast tones,sim,500,,,awgn,-6.0,average,fading,,1000,229.3,34.9,113.9,0.306,0,1,1,1,6,33,0,0,0,1,0.0
fast tones,sim,500,,,awgn,-6.0,average,fading,,1000,228.4,35.0,113.9,0.308,0,1,1,1,6,33,0,0,0,1,0.0
fast tones,sim,500,,,awgn,-6.0,average,fading,,1000,226.9,35.3,113.9,0.31,0,1,1,1,6,33,0,0,0,1,0.0
fast tones,sim,500,,,awgn,-6.0,average,fading,,1000,210.7,38.0,113.9,0.334,0,1,1,1,6,33,0,0,0,1,0.0
fast tones,sim,500,,,awgn,-6.0,average,fading,,1000,228.0,35.1,113.9,0.308,0,1,1,1,6,33,0,0,0,1,0.0
fast tones,sim,500,,,awgn,-6.0,average,fading,,1000,233.2,34.3,113.9,0.301,0,1,1,1,6,34,1,0,0,1,0.0
fast tones,sim,500,,,awgn,-6.0,average,fading,,1000,226.4,35.3,113.9,0.31,0,1,1,1,6,33,0,0,0,1,0.0
fast tones,sim,500,,,awgn,-6.0,average,fading,,1000,226.5,35.3,113.9,0.31,0,1,1,1,6,33,0,0,0,1,0.0
fast tones,sim,500,,,awgn,-6.0,average,fading,,1000,214.9,37.2,113.9,0.327,0,1,1,1,6,33,0,0,0,1,0.0
fast tones,sim,500,,,awgn,-6.0,average,fading,,1000,227.2,35.2,113.9,0.309,0,1,1,1,6,33,0,0,0,1,0.0
fast tones,sim,500,,,awgn,-6.0,average,fading,,1000,227.3,35.2,113.9,0.309,0,1,1,1,6,33,0,0,0,1,0.0
fast tones,sim,500,,,awgn,-6.0,average,fading,,1000,231.9,34.5,113.9,0.303,0,1,1,1,6,34,1,0,0,1,0.0
fast tones,sim,500,,,awgn,-6.0,average,fading,,1000,232.3,34.4,113.9,0.303,0,1,1,1,6,34,1,0,0,1,0.0
fast tones,sim,500,,,awgn,-6.0,average,fading,,1000,232.8,34.4,113.9,0.302,0,1,1,1,6,34,1,0,0,1,0.0
fast tones,sim,500,,,awgn,-6.0,average,fading,,1000,227.3,35.2,113.9,0.309,0,1,1,1,6,33,0,0,0,1,0.0
fast tones,sim,500,,,awgn,-6.0,average,fading,,1000,228.8,35.0,113.9,0.307,0,1,1,1,6,33,0,0,0,1,0.0
fast tones,sim,500,,,awgn,-6.0,average,fading,,1000,227.2,35.2,113.9,0.309,0,1,1,1,6,33,0,0,0,1,0.0
fast tones,sim,500,,,awgn,-6.0,average,fading,,1000,227.3,35.2,113.9,0.309,0,1,1,1,6,33,0,0,0,1,0.0
fast tones,sim,500,,,awgn,-6.0,average,fading,,1000,234.6,34.1,113.9,0.3,0,1,1,1,6,34,1,0,0,1,0.0
fast tones,sim,500,,,awgn,-6.0,average,fading,,1000,233.3,34.3,113.9,0.301,0,1,1,1,6,34,1,0,0,1,0.0
fast tones,sim,500,,,awgn,-6.0,average,fading,,1000,233.3,34.3,113.9,0.301,0,1,1,1,6,34,1,0,0,1,0.0
fast tones,sim,500,,,awgn,-4.0,average,fading,,1000,210.7,38.0,189.8,0.2,0,1,1,1,6,33,0,0,0,1,0.0
fast tones,sim,500,,,awgn,-4.0,average,fading,,1000,210.7,38.0,189.8,0.2,0,1,1,1,6,33,0,0,0,1,0.0
fast tones,sim,500,,,awgn,-4.0,average,fading,,1000,210.7,38.0,189.8,0.2,0,1,1,1,6,33,0,0,0,1,0.0
fast tones,sim,500,,,awgn,-4.0,average,fading,,1000,210.7,38.0,189.8,0.2,0,1,1,1,6,33,0,0,0,1,0.0
fast tones,sim,500,,,awgn,-4.0,average,fading,,1000,210.7,38.0,189.8,0.2,0,1,1,1,6,33,0,0,0,1,0.0
fast tones,sim,500,,,awgn,-4.0,average,fading,,1000,210.7,38.0,189.8,0.2,0,1,1,1,6,33,0,0,0,1,0.0
fast tones,sim,500,,,awgn,-4.0,average,fading,,1000,210.7,38.0,189.8,0.2,0,1,1,1,6,33,0,0,0,1,0.0
fast tones,sim,500,,,awgn,-4.0,average,fading,,1000,210.7,38.0,189.8,0.2,0,1,1,1,6,33,0,0,0,1,0.0
fast tones,sim,500,,,awgn,-4.0,average,fading,,1000,210.7,38.0,189.8,0.2,0,1,1,1,6,33,0,0,0,1,0.0
fast tones,sim,500,,,awgn,-4.0,average,fading,,1000,210.7,38.0,189.8,0.2,0,1,1,1,6,33,0,0,0,1,0.0
fast tones,sim,500,,,awgn,-4.0,average,fading,,1000,210.7,38.0,189.8,0.2,0,1,1,1,6,33,0,0,0,1,0.0
fast tones,sim,500,,,awgn,-4.0,average,fading,,1000,210.7,38.0,189.8,0.2,0,1,1,1,6,33,0,0,0,1,0.0
fast tones,sim,500,,,awgn,-4.0,average,fading,,1000,210.7,38.0,189.8,0.2,0,1,1,1,6,33,0,0,0,1,0.0
fast tones,sim,500,,,awgn,-4.0,average,fading,,1000,210.7,38.0,189.8,0.2,0,1,1,1,6,33,0,0,0,1,0.0
fast tones,sim,500,,,awgn,-4.0,average,fading,,1000,210.7,38.0,189.8,0.2,0,1,1,1,6,33,0,0,0,1,0.0
fast tones,sim,500,,,awgn,-4.0,average,fading,,1000,210.7,38.0,189.8,0.2,0,1,1,1,6,33,0,0,0,1,0.0
fast tones,sim,500,,,awgn,-4.0,average,fading,,1000,210.7,38.0,189.8,0.2,0,1,1,1,6,33,0,0,0,1,0.0
fast tones,sim,500,,,awgn,-4.0,average,fading,,1000,210.7,38.0,189.8,0.2,0,1,1,1,6,33,0,0,0,1,0.0
fast tones,sim,500,,,awgn,-4.0,average,fading,,1000,210.7,38.0,189.8,0.2,0,1,1,1,6,33,0,0,0,1,0.0
fast tones,sim,500,,,awgn,-4.0,average,fading,,1000,210.7,38.0,189.8,0.2,0,1,1,1,6,33,0,0,0,1,0.0
fast tones,sim,500,,,awgn,-4.0,average,fading,,1000,210.7,38.0,189.8,0.2,0,1,1,1,6,33,0,0,0,1,0.0
fast tones,sim,500,,,awgn,-4.0,average,fading,,1000,210.7,38.0,189.8,0.2,0,1,1,1,6,33,0,0,0,1,0.0
fast tones,sim,500,,,awgn,-4.0,average,fading,,1000,210.7,38.0,189.8,0.2,0,1,1,1,6,33,0,0,0,1,0.0
fast tones,sim,500,,,awgn,-4.0,average,fading,,1000,210.7,38.0,189.8,0.2,0,1,1,1,6,33,0,0,0,1,0.0
fast tones,sim,500,,,awgn,-4.0,average,fading,,1000,210.7,38.0,189.8,0.2,0,1,1,1,6,33,0,0,0,1,0.0
fast tones,sim,500,,,awgn,-4.0,average,fading,,1000,210.7,38.0,189.8,0.2,0,1,1,1,6,33,0,0,0,1,0.0
fast tones,sim,500,,,awgn,-4.0,average,fading,,1000,210.7,38.0,189.8,0.2,0,1,1,1,6,33,0,0,0,1,0.0
fast tones,sim,500,,,awgn,-4.0,average,fading,,1000,210.7,38.0,189.8,0.2,0,1,1,1,6,33,0,0,0,1,0.0
fast tones,sim,500,,,awgn,-4.0,average,fading,,1000,210.7,38.0,189.8,0.2,0,1,1,1,6,33,0,0,0,1,0.0
fast tones,sim,500,,,awgn,-4.0,average,fading,,1000,210.7,38.0,189.8,0.2,0,1,1,1,6,33,0,0,0,1,0.0
fast tones,sim,500,,,awgn,-2.0,average,fading,,1000,124.0,64.5,296.0,0.218,0,3,3,3,9,51,0,0,0,1,0.0
fast tones,sim,500,,,awgn,-2.0,average,fading,,1000,124.0,64.5,296.0,0.218,0,3,3,3,9,51,0,0,0,1,0.0
fast tones,sim,500,,,awgn,-2.0,average,fading,,1000,127.2,62.9,296.0,0.212,0,3,3,3,9,54,0,0,0,1,0.0
fast tones,sim,500,,,awgn,-2.0,average,fading,,1000,124.0,64.5,296.0,0.218,0,3,3,3,9,51,0,0,0,1,0.0
fast tones,sim,500,,,awgn,-2.0,average,fading,,1000,73.4,109.0,296.0,0.368,2,3,3,1,10,57,0,0,0,1,0.0
fast tones,sim,500,,,awgn,-2.0,average,fading,,1000,127.2,62.9,296.0,0.212,0,3,3,3,9,54,0,0,0,1,0.0
fast tones,sim,500,,,awgn,-2.0,average,fading,,1000,146.8,54.5,296.0,0.184,0,3,3,3,8,46,0,0,0,1,0.0
fast tones,sim,500,,,awgn,-2.0,average,fading,,1000,124.0,64.5,296.0,0.218,0,3,3,3,9,51,0,0,0,1,0.0
fast tones,sim,500,,,awgn,-2.0,average,fading,,1000,127.2,62.9,296.0,0.212,0,3,3,3,9,54,0,0,0,1,0.0
fast tones,sim,500,,,awgn,-2.0,average,fading,,1000,102.4,78.1,296.0,0.264,0,3,3,2,10,57,0,0,0,1,0.0
fast tones,sim,500,,,awgn,-2.0,average,fading,,1000,102.4,78.1,296.0,0.264,0,3,3,2,10,57,0,0,0,1,0.0
fast tones,sim,500,,,awgn,-2.0,average,fading,,1000,148.9,53.7,296.0,0.182,0,3,3,3,8,48,0,0,0,1,0.0
fast tones,sim,500,,,awgn,-2.0,average,fading,,1000,105.5,75.8,296.0,0.256,0,3,3,2,10,60,0,0,0,1,0.0
fast tones,sim,500,,,awgn,-2.0,average,fading,,1000,124.0,64.5,296.0,0.218,0,3,3,3,9,51,0,0,0,1,0.0
fast tones,sim,500,,,awgn,-2.0,average,fading,,1000,79.7,100.4,296.0,0.339,2,3,3,1,11,62,0,0,0,1,0.0
fast tones,sim,500,,,awgn,-2.0,average,fading,,1000,148.9,53.7,296.0,0.182,0,3,3,3,8,48,0,0,0,1,0.0
fast tones,sim,500,,,awgn,-2.0,average,fading,,1000,124.0,64.5,296.0,0.218,0,3,3,3,9,51,0,0,0,1,0.0
fast tones,sim,500,,,awgn,-2.0,average,fading,,1000,124.0,64.5,296.0,0.218,0,3,3,3,9,51,0,0,0,1,0.0
fast tones,sim,500,,,awgn,-2.0,average,fading,,1000,148.9,53.7,296.0,0.182,0,3,3,3,8,48,0,0,0,1,0.0
fast tones,sim,500,,,awgn,-2.0,average,fading,,1000,127.2,62.9,296.0,0.212,0,3,3,3,9,54,0,0,0,1,0.0
fast tones,sim,500,,,awgn,-2.0,average,fading,,1000,148.9,53.7,296.0,0.182,0,3,3,3,8,48,0,0,0,1,0.0
fast tones,sim,500,,,awgn,-2.0,average,fading,,1000,79.7,100.4,296.0,0.339,2,3,3,1,11,62,0,0,0,1,0.0
fast tones,sim,500,,,awgn,-2.0,average,fading,,1000,124.0,64.5,296.0,0.218,0,3,3,3,9,51,0,0,0,1,0.0
fast tones,sim,500,,,awgn,-2.0,average,fading,,1000,105.5,75.8,296.0,0.256,0,3,3,2,10,60,0,0,0,1,0.0
fast tones,sim,500,,,awgn,-2.0,average,fading,,1000,127.2,62.9,296.0,0.212,0,3,3,3,9,54,0,0,0,1,0.0
fast tones,sim,500,,,awgn,-2.0,average,fading,,1000,76.5,104.5,296.0,0.353,2,3,3,1,10,60,0,0,0,1,0.0
fast tones,sim,500,,,awgn,-2.0,average,fading,,1000,105.5,75.8,296.0,0.256,0,3,3,2,10,60,0,0,0,1,0.0
fast tones,sim,500,,,awgn,-2.0,average,fading,,1000,76.5,104.5,296.0,0.353,2,3,3,1,10,60,0,0,0,1,0.0
fast tones,sim,500,,,awgn,-2.0,average,fading,,1000,148.9,53.7,296.0,0.182,0,3,3,3,8,48,0,0,0,1,0.0
fast tones,sim,500,,,awgn,-2.0,average,fading,,1000,148.9,53.7,296.0,0.182,0,3,3,3,8,48,0,0,0,1,0.0
fast tones,sim,500,,,awgn,0.0,average,fading,,1000,54.5,146.9,402.3,0.365,2,4,4,2,7,42,0,0,0,1,0.0
fast tones,sim,500,,,awgn,0.0,average,fading,,1000,54.5,146.9,402.3,0.365,2,4,4,2,7,42,0,0,0,1,0.0
fast tones,sim,500,,,awgn,0.0,average,fading,,1000,54.5,146.9,402.3,0.365,2,4,4,2,7,42,0,0,0,1,0.0
fast tones,sim,500,,,awgn,0.0,average,fading,,1000,54.5,146.9,402.3,0.365,2,4,4,2,7,42,0,0,0,1,0.0
fast tones,sim,500,,,awgn,0.0,average,fading,,1000,47.1,169.8,402.3,0.422,2,4,4,1,6,36,0,0,0,1,0.0
fast tones,sim,500,,,awgn,0.0,average,fading,,1000,54.5,146.9,402.3,0.365,2,4,4,2,7,42,0,0,0,1,0.0
fast tones,sim,500,,,awgn,0.0,average,fading,,1000,54.5,146.9,402.3,0.365,2,4,4,2,7,42,0,0,0,1,0.0
fast tones,sim,500,,,awgn,0.0,average,fading,,1000,52.4,152.8,402.3,0.38,2,4,4,2,7,40,0,0,0,1,0.0
fast tones,sim,500,,,awgn,0.0,average,fading,,1000,54.5,146.9,402.3,0.365,2,4,4,2,7,42,0,0,0,1,0.0
fast tones,sim,500,,,awgn,0.0,average,fading,,1000,54.5,146.9,402.3,0.365,2,4,4,2,7,42,0,0,0,1,0.0
fast tones,sim,500,,,awgn,0.0,average,fading,,1000,52.4,152.8,402.3,0.38,2,4,4,2,7,40,0,0,0,1,0.0
fast tones,sim,500,,,awgn,0.0,average,fading,,1000,54.5,146.9,402.3,0.365,2,4,4,2,7,42,0,0,0,1,0.0
fast tones,sim,500,,,awgn,0.0,average,fading,,1000,54.5,146.9,402.3,0.365,2,4,4,2,7,42,0,0,0,1,0.0
fast tones,sim,500,,,awgn,0.0,average,fading,,1000,54.5,146.9,402.3,0.365,2,4,4,2,7,42,0,0,0,1,0.1
fast tones,sim,500,,,awgn,0.0,average,fading,,1000,54.5,146.9,402.3,0.365,2,4,4,2,7,42,0,0,0,1,0.0
fast tones,sim,500,,,awgn,0.0,average,fading,,1000,56.6,141.5,402.3,0.352,2,4,4,2,8,43,0,0,0,1,0.0
fast tones,sim,500,,,awgn,0.0,average,fading,,1000,54.5,146.9,402.3,0.365,2,4,4,2,7,42,0,0,0,1,0.0
fast tones,sim,500,,,awgn,0.0,average,fading,,1000,54.5,146.9,402.3,0.365,2,4,4,2,7,42,0,0,0,1,0.1
fast tones,sim,500,,,awgn,0.0,average,fading,,1000,56.6,141.5,402.3,0.352,2,4,4,2,8,43,0,0,0,1,0.0
fast tones,sim,500,,,awgn,0.0,average,fading,,1000,54.5,146.9,402.3,0.365,2,4,4,2,7,42,0,0,0,1,0.0
fast tones,sim,500,,,awgn,0.0,average,fading,,1000,54.5,146.9,402.3,0.365,2,4,4,2,7,42,0,0,0,1,0.0
fast tones,sim,500,,,awgn,0.0,average,fading,,1000,52.4,152.8,402.3,0.38,2,4,4,2,7,40,0,0,0,1,0.0
fast tones,sim,500,,,awgn,0.0,average,fading,,1000,54.5,146.9,402.3,0.365,2,4,4,2,7,42,0,0,0,1,0.0
fast tones,sim,500,,,awgn,0.0,average,fading,,1000,56.6,141.5,402.3,0.352,2,4,4,2,8,43,0,0,0,1,0.0
fast tones,sim,500,,,awgn,0.0,average,fading,,1000,52.4,152.8,402.3,0.38,2,4,4,2,7,40,0,0,0,1,0.0
fast tones,sim,500,,,awgn,0.0,average,fading,,1000,47.1,169.8,402.3,0.422,2,4,4,1,6,36,0,0,0,1,0.0
fast tones,sim,500,,,awgn,0.0,average,fading,,1000,54.5,146.9,402.3,0.365,2,4,4,2,7,42,0,0,0,1,0.0
fast tones,sim,500,,,awgn,0.0,average,fading,,1000,52.4,152.8,402.3,0.38,2,4,4,2,7,40,0,0,0,1,0.0
fast tones,sim,500,,,awgn,0.0,average,fading,,1000,54.5,146.9,402.3,0.365,2,4,4,2,7,42,0,0,0,1,0.0
fast tones,sim,500,,,awgn,0.0,average,fading,,1000,54.5,146.9,402.3,0.365,2,4,4,2,7,42,0,0,0,1,0.0
fast tones,sim,500,,,awgn,2.0,average,fading,,1000,44.0,182.0,538.9,0.338,2,5,5,2,6,33,0,0,0,1,0.0
fast tones,sim,500,,,awgn,2.0,average,fading,,1000,44.0,182.0,538.9,0.338,2,5,5,2,6,33,0,0,0,1,0.0
fast tones,sim,500,,,awgn,2.0,average,fading,,1000,44.0,182.0,538.9,0.338,2,5,5,2,6,33,0,0,0,1,0.0
fast tones,sim,500,,,awgn,2.0,average,fading,,1000,44.0,182.0,538.9,0.338,2,5,5,2,6,33,0,0,0,1,0.0
fast tones,sim,500,,,awgn,2.0,average,fading,,1000,41.8,191.2,538.9,0.355,3,5,5,1,6,31,0,0,0,1,0.0
fast tones,sim,500,,,awgn,2.0,average,fading,,1000,44.0,182.0,538.9,0.338,2,5,5,2,6,33,0,0,0,1,0.0
fast tones,sim,500,,,awgn,2.0,average,fading,,1000,45.0,177.7,538.9,0.33,2,5,5,2,6,34,0,0,0,1,0.0
fast tones,sim,500,,,awgn,2.0,average,fading,,1000,44.0,182.0,538.9,0.338,2,5,5,2,6,33,0,0,0,1,0.0
fast tones,sim,500,,,awgn,2.0,average,fading,,1000,44.0,182.0,538.9,0.338,2,5,5,2,6,33,0,0,0,1,0.0
fast tones,sim,500,,,awgn,2.0,average,fading,,1000,42.9,186.5,538.9,0.346,2,5,5,1,6,32,0,0,0,1,0.0
fast tones,sim,500,,,awgn,2.0,average,fading,,1000,42.9,186.5,538.9,0.346,2,5,5,1,6,32,0,0,0,1,0.0
fast tones,sim,500,,,awgn,2.0,average,fading,,1000,45.0,177.7,538.9,0.33,2,5,5,2,6,34,0,0,0,1,0.0
fast tones,sim,500,,,awgn,2.0,average,fading,,1000,42.9,186.5,538.9,0.346,2,5,5,1,6,32,0,0,0,1,0.0
fast tones,sim,500,,,awgn,2.0,average,fading,,1000,44.0,182.0,538.9,0.338,2,5,5,2,6,33,0,0,0,1,0.0
fast tones,sim,500,,,awgn,2.0,average,fading,,1000,41.8,191.2,538.9,0.355,3,5,5,1,6,31,0,0,0,1,0.0
fast tones,sim,500,,,awgn,2.0,average,fading,,1000,45.0,177.7,538.9,0.33,2,5,5,2,6,34,0,0,0,1,0.1
fast tones,sim,500,,,awgn,2.0,average,fading,,1000,44.0,182.0,538.9,0.338,2,5,5,2,6,33,0,0,0,1,0.0
fast tones,sim,500,,,awgn,2.0,average,fading,,1000,44.0,182.0,538.9,0.338,2,5,5,2,6,33,0,0,0,1,0.0
fast tones,sim,500,,,awgn,2.0,average,fading,,1000,45.0,177.7,538.9,0.33,2,5,5,2,6,34,0,0,0,1,0.0
fast tones,sim,500,,,awgn,2.0,average,fading,,1000,44.0,182.0,538.9,0.338,2,5,5,2,6,33,0,0,0,1,0.0
fast tones,sim,500,,,awgn,2.0,average,fading,,1000,45.0,177.7,538.9,0.33,2,5,5,2,6,34,0,0,0,1,0.0
fast tones,sim,500,,,awgn,2.0,average,fading,,1000,41.8,191.2,538.9,0.355,3,5,5,1,6,31,0,0,0,1,0.0
fast tones,sim,500,,,awgn,2.0,average,fading,,1000,44.0,182.0,538.9,0.338,2,5,5,2,6,33,0,0,0,1,0.0
fast tones,sim,500,,,awgn,2.0,average,fading,,1000,42.9,186.5,538.9,0.346,2,5,5,1,6,32,0,0,0,1,0.0
fast tones,sim,500,,,awgn,2.0,average,fading,,1000,44.0,182.0,538.9,0.338,2,5,5,2,6,33,0,0,0,1,0.1
fast tones,sim,500,,,awgn,2.0,average,fading,,1000,41.8,191.2,538.9,0.355,3,5,5,1,6,31,0,0,0,1,0.0
fast tones,sim,500,,,awgn,2.0,average,fading,,1000,42.9,186.5,538.9,0.346,2,5,5,1,6,32,0,0,0,1,0.0
fast tones,sim,500,,,awgn,2.0,average,fading,,1000,41.8,191.2,538.9,0.355,3,5,5,1,6,31,0,0,0,1,0.0
fast tones,sim,500,,,awgn,2.0,average,fading,,1000,45.0,177.7,538.9,0.33,2,5,5,2,6,34,0,0,0,1,0.0
fast tones,sim,500,,,awgn,2.0,average,fading,,1000,44.0,182.0,538.9,0.338,2,5,5,2,6,33,0,0,0,1,0.0
fast tones,sim,500,,,awgn,6.0,average,fading,,1000,28.2,283.7,614.8,0.461,4,8,8,2,4,20,0,0,0,1,0.0
fast tones,sim,500,,,awgn,6.0,average,fading,,1000,28.2,283.7,614.8,0.461,4,8,8,2,4,20,0,0,0,1,0.0
fast tones,sim,500,,,awgn,6.0,average,fading,,1000,28.2,283.7,614.8,0.461,4,8,8,2,4,20,0,0,0,1,0.0
fast tones,sim,500,,,awgn,6.0,average,fading,,1000,28.2,283.7,614.8,0.461,4,8,8,2,4,20,0,0,0,1,0.0
fast tones,sim,500,,,awgn,6.0,average,fading,,1000,25.1,319.2,614.8,0.519,5,8,8,1,3,18,0,0,0,1,0.0
fast tones,sim,500,,,awgn,6.0,average,fading,,1000,28.2,283.7,614.8,0.461,4,8,8,2,4,20,0,0,0,1,0.0
fast tones,sim,500,,,awgn,6.0,average,fading,,1000,30.3,264.0,614.8,0.429,4,8,8,2,4,22,0,0,0,1,0.0
fast tones,sim,500,,,awgn,6.0,average,fading,,1000,28.2,283.7,614.8,0.461,4,8,8,2,4,20,0,0,0,1,0.0
fast tones,sim,500,,,awgn,6.0,average,fading,,1000,28.2,283.7,614.8,0.461,4,8,8,2,4,20,0,0,0,1,0.0
fast tones,sim,500,,,awgn,6.0,average,fading,,1000,28.2,283.7,614.8,0.461,4,8,8,2,4,20,0,0,0,1,0.0
fast tones,sim,500,,,awgn,6.0,average,fading,,1000,28.2,283.7,614.8,0.461,4,8,8,2,4,20,0,0,0,1,0.0
fast tones,sim,500,,,awgn,6.0,average,fading,,1000,30.3,264.0,614.8,0.429,4,8,8,2,4,22,0,0,0,1,0.0
fast tones,sim,500,,,awgn,6.0,average,fading,,1000,28.2,283.7,614.8,0.461,4,8,8,2,4,20,0,0,0,1,0.0
fast tones,sim,500,,,awgn,6.0,average,fading,,1000,28.2,283.7,614.8,0.461,4,8,8,2,4,20,0,0,0,1,0.0
fast tones,sim,500,,,awgn,6.0,average,fading,,1000,25.1,319.2,614.8,0.519,5,8,8,1,3,18,0,0,0,1,0.0
fast tones,sim,500,,,awgn,6.0,average,fading,,1000,30.3,264.0,614.8,0.429,4,8,8,2,4,22,0,0,0,1,0.0
fast tones,sim,500,,,awgn,6.0,average,fading,,1000,28.2,283.7,614.8,0.461,4,8,8,2,4,20,0,0,0,1,0.0
fast tones,sim,500,,,awgn,6.0,average,fading,,1000,28.2,283.7,614.8,0.461,4,8,8,2,4,20,0,0,0,1,0.0
fast tones,sim,500,,,awgn,6.0,average,fading,,1000,30.3,264.0,614.8,0.429,4,8,8,2,4,22,0,0,0,1,0.0
fast tones,sim,500,,,awgn,6.0,average,fading,,1000,28.2,283.7,614.8,0.461,4,8,8,2,4,20,0,0,0,1,0.0
fast tones,sim,500,,,awgn,6.0,average,fading,,1000,30.3,264.0,614.8,0.429,4,8,8,2,4,22,0,0,0,1,0.0
fast tones,sim,500,,,awgn,6.0,average,fading,,1000,25.1,319.2,614.8,0.519,5,8,8,1,3,18,0,0,0,1,0.0
fast tones,sim,500,,,awgn,6.0,average,fading,,1000,28.2,283.7,614.8,0.461,4,8,8,2,4,20,0,0,0,1,0.0
fast tones,sim,500,,,awgn,6.0,average,fading,,1000,28.2,283.7,614.8,0.461,4,8,8,2,4,20,0,0,0,1,0.0
fast tones,sim,500,,,awgn,6.0,average,fading,,1000,28.2,283.7,614.8,0.461,4,8,8,2,4,20,0,0,0,1,0.0
fast tones,sim,500,,,awgn,6.0,average,fading,,1000,25.1,319.2,614.8,0.519,5,8,8,1,3,18,0,0,0,1,0.0
fast tones,sim,500,,,awgn,6.0,average,fading,,1000,28.2,283.7,614.8,0.461,4,8,8,2,4,20,0,0,0,1,0.0
fast tones,sim,500,,,awgn,6.0,average,fading,,1000,25.1,319.2,614.8,0.519,5,8,8,1,3,18,0,0,0,1,0.0
fast tones,sim,500,,,awgn,6.0,average,fading,,1000,30.3,264.0,614.8,0.429,4,8,8,2,4,22,0,0,0,1,0.0
fast tones,sim,500,,,awgn,6.0,average,fading,,1000,30.3,264.0,614.8,0.429,4,8,8,2,4,22,0,0,0,1,0.0
fast tones,sim,500,,,good,-18.0,average,fading,,1000,159.4,0.0,0.0,,,,,0,0,0,0,0,0,0,0.0
fast tones,sim,500,,,good,-18.0,average,fading,,1000,237.4,0.0,0.0,,,,,0,0,0,0,0,0,0,0.0
fast tones,sim,500,,,good,-18.0,average,fading,,1000,301.3,3.3,0.0,,0,0,0,0,4,24,18,2,3,0,0.0
fast tones,sim,500,,,good,-18.0,average,fading,,1000,158.6,0.0,0.0,,,,,0,0,0,0,0,0,0,0.0
fast tones,sim,500,,,good,-18.0,average,fading,,1000,183.3,0.0,0.0,,,,,0,0,0,0,0,0,0,0.0
fast tones,sim,500,,,good,-18.0,average,fading,,1000,764.1,9.5,0.0,,0,0,0,0,16,96,53,11,8,0,0.1
fast tones,sim,500,,,good,-18.0,average,fading,,1000,79.4,0.0,0.0,,,,,0,0,0,0,0,0,0,0.0
fast tones,sim,500,,,good,-18.0,average,fading,,1000,640.3,12.5,0.0,,0,0,0,0,19,96,48,14,8,1,0.1
fast tones,sim,500,,,good,-18.0,average,fading,,1000,543.1,7.4,0.0,,0,0,0,0,11,66,42,8,6,0,0.1
fast tones,sim,500,,,good,-18.0,average,fading,,1000,565.5,7.1,0.0,,0,0,0,0,11,66,42,4,6,0,0.1
fast tones,sim,500,,,good,-18.0,average,fading,,1000,444.0,6.8,0.0,,0,0,0,0,8,48,30,1,5,0,0.1
fast tones,sim,500,,,good,-18.0,average,fading,,1000,157.2,0.0,0.0,,,,,0,0,0,0,0,0,0,0.0
fast tones,sim,500,,,good,-18.0,average,fading,,1000,193.7,0.0,0.0,,,,,0,0,0,0,0,0,0,0.0
fast tones,sim,500,,,good,-18.0,average,fading,,1000,135.6,0.0,0.0,,,,,0,0,0,0,0,0,0,0.0
fast tones,sim,500,,,good,-18.0,average,fading,,1000,192.2,0.0,0.0,,,,,0,0,0,0,0,0,0,0.0
fast tones,sim,500,,,good,-18.0,average,fading,,1000,236.0,0.0,0.0,,,,,0,0,0,0,0,0,0,0.0
fast tones,sim,500,,,good,-18.0,average,fading,,1000,156.8,0.0,0.0,,,,,0,0,0,0,0,0,0,0.0
fast tones,sim,500,,,good,-18.0,average,fading,,1000,348.7,2.9,0.0,,0,0,0,0,4,24,18,3,3,0,0.1
fast tones,sim,500,,,good,-18.0,average,fading,,1000,795.3,10.1,0.0,,0,0,0,0,20,117,69,18,6,1,0.2
fast tones,sim,500,,,good,-18.0,average,fading,,1000,181.5,0.0,0.0,,,,,0,0,0,0,0,0,0,0.0
fast tones,sim,500,,,good,-18.0,average,fading,,1000,781.0,8.6,0.0,,0,0,0,0,16,96,56,14,7,0,0.1
fast tones,sim,500,,,good,-18.0,average,fading,,1000,204.6,0.0,0.0,,,,,0,0,0,0,0,0,0,0.0
fast tones,sim,500,,,good,-18.0,average,fading,,1000,360.9,2.8,0.0,,0,0,0,0,4,24,18,1,3,0,0.0
fast tones,sim,500,,,good,-18.0,average,fading,,1000,639.7,6.0,0.0,,0,0,0,0,11,66,43,7,6,0,0.1
fast tones,sim,500,,,good,-18.0,average,fading,,1000,94.3,0.0,0.0,,,,,0,0,0,0,0,0,0,0.0
fast tones,sim,500,,,good,-18.0,average,fading,,1000,190.5,0.0,0.0,,,,,0,0,0,0,0,0,0,0.0
fast tones,sim,500,,,good,-18.0,average,fading,,1000,795.6,10.1,0.0,,0,0,0,0,21,114,66,14,10,1,0.2
fast tones,sim,500,,,good,-18.0,average,fading,,1000,686.5,11.7,0.0,,0,0,0,0,18,104,56,10,7,1,0.2
fast tones,sim,500,,,good,-18.0,average,fading,,1000,183.6,0.0,0.0,,,,,0,0,0,0,0,0,0,0.0
fast tones,sim,500,,,good,-18.0,average,fading,,1000,216.3,0.0,0.0,,,,,0,0,0,0,0,0,0,0.0
fast tones,sim,500,,,good,-14.0,average,fading,,1000,465.6,17.2,0.0,,0,0,0,0,13,70,22,3,2,1,0.1
fast tones,sim,500,,,good,-14.0,average,fading,,1000,560.5,14.3,0.0,,0,0,0,0,13,73,25,2,3,1,0.1
fast tones,sim,500,,,good,-14.0,average,fading,,1000,341.8,23.4,0.0,,0,1,0,2,9,52,7,1,0,1,0.1
fast tones,sim,500,,,good,-14.0,average,fading,,1000,158.6,0.0,0.0,,,,,0,0,0,0,0,0,0,0.0
fast tones,sim,500,,,good,-14.0,average,fading,,1000,443.4,18.0,0.0,,0,0,0,0,12,68,20,1,3,1,0.1
fast tones,sim,500,,,good,-14.0,average,fading,,1000,454.5,17.6,0.0,,0,0,0,0,13,68,20,1,3,1,0.1
fast tones,sim,500,,,good,-14.0,average,fading,,1000,585.4,13.7,0.0,,0,0,0,0,14,83,35,4,5,1,0.1
fast tones,sim,500,,,good,-14.0,average,fading,,1000,499.5,16.0,0.0,,0,0,0,0,13,78,30,7,3,1,0.1
fast tones,sim,500,,,good,-14.0,average,fading,,1000,432.3,18.5,0.0,,0,1,0,2,11,64,19,7,2,1,0.1
fast tones,sim,500,,,good,-14.0,average,fading,,1000,439.1,18.2,0.0,,0,1,0,2,12,67,22,3,3,1,0.1
fast tones,sim,500,,,good,-14.0,average,fading,,1000,453.2,10.0,0.0,,0,0,0,0,8,48,21,0,3,0,0.1
fast tones,sim,500,,,good,-14.0,average,fading,,1000,451.1,17.7,0.0,,0,0,0,0,11,65,17,2,1,1,0.1
fast tones,sim,500,,,good,-14.0,average,fading,,1000,225.8,0.0,0.0,,,,,0,0,0,0,0,0,0,0.0
fast tones,sim,500,,,good,-14.0,average,fading,,1000,533.5,15.0,0.0,,0,0,0,0,12,67,19,1,1,1,0.1
fast tones,sim,500,,,good,-14.0,average,fading,,1000,192.2,0.0,0.0,,,,,0,0,0,0,0,0,0,0.0
fast tones,sim,500,,,good,-14.0,average,fading,,1000,568.8,14.1,0.0,,0,0,0,0,16,88,40,2,7,1,0.1
fast tones,sim,500,,,good,-14.0,average,fading,,1000,210.8,0.0,0.0,,,,,0,0,0,0,0,0,0,0.0
fast tones,sim,500,,,good,-14.0,average,fading,,1000,529.5,15.1,0.0,,0,0,0,0,17,72,24,0,7,1,0.1
fast tones,sim,500,,,good,-14.0,average,fading,,1000,466.1,17.2,0.0,,0,0,0,0,14,71,23,7,2,1,0.1
fast tones,sim,500,,,good,-14.0,average,fading,,1000,524.9,10.6,0.0,,0,0,0,0,10,60,27,4,3,0,0.1
fast tones,sim,500,,,good,-14.0,average,fading,,1000,439.4,18.2,0.0,,0,0,0,0,11,62,14,0,1,1,0.1
fast tones,sim,500,,,good,-14.0,average,fading,,1000,500.7,16.0,0.0,,0,0,0,0,13,78,30,2,4,1,0.1
fast tones,sim,500,,,good,-14.0,average,fading,,1000,496.6,16.1,0.0,,0,0,0,0,14,75,27,4,4,1,0.1
fast tones,sim,500,,,good,-14.0,average,fading,,1000,638.9,12.5,0.0,,0,0,0,0,16,87,39,4,5,1,0.1
fast tones,sim,500,,,good,-14.0,average,fading,,1000,471.4,17.0,0.0,,0,0,0,0,12,70,22,1,2,1,0.1
fast tones,sim,500,,,good,-14.0,average,fading,,1000,190.5,0.0,0.0,,,,,0,0,0,0,0,0,0,0.0
fast tones,sim,500,,,good,-14.0,average,fading,,1000,562.0,10.8,0.0,,0,0,0,0,11,66,30,0,4,0,0.1
fast tones,sim,500,,,good,-14.0,average,fading,,1000,416.6,19.2,0.0,,0,0,0,0,11,60,12,0,1,1,0.1
fast tones,sim,500,,,good,-14.0,average,fading,,1000,158.2,0.0,0.0,,,,,0,0,0,0,0,0,0,0.0
fast tones,sim,500,,,good,-14.0,average,fading,,1000,543.9,14.7,0.0,,0,0,0,0,15,84,36,1,6,1,0.1
fast tones,sim,500,,,good,-12.0,average,fading,,1000,417.9,19.1,0.0,,0,0,0,0,11,64,16,2,2,1,0.1
fast tones,sim,500,,,good,-12.0,average,fading,,1000,468.3,17.1,0.0,,0,0,0,0,11,59,11,0,1,1,0.1
fast tones,sim,500,,,good,-12.0,average,fading,,1000,331.4,24.1,0.0,,0,1,0,2,8,48,3,0,0,1,0.1
fast tones,sim,500,,,good,-12.0,average,fading,,1000,390.7,20.5,0.0,,0,1,0,2,10,60,15,1,1,1,0.1
fast tones,sim,500,,,good,-12.0,average,fading,,1000,354.1,22.6,0.0,,0,1,0,2,9,54,9,0,1,1,0.1
fast tones,sim,500,,,good,-12.0,average,fading,,1000,327.1,24.5,0.0,,0,1,0,2,9,49,8,0,1,1,0.1
fast tones,sim,500,,,good,-12.0,average,fading,,1000,480.9,16.6,0.0,,0,0,0,0,13,74,26,1,4,1,0.1
fast tones,sim,500,,,good,-12.0,average,fading,,1000,416.3,19.2,0.0,,0,0,0,0,11,63,15,2,1,1,0.1
fast tones,sim,500,,,good,-12.0,average,fading,,1000,384.4,20.8,0.0,,0,1,0,2,10,56,11,2,1,1,0.1
fast tones,sim,500,,,good,-12.0,average,fading,,1000,370.4,21.6,0.0,,0,1,0,2,9,54,9,0,1,1,0.1
fast tones,sim,500,,,good,-12.0,average,fading,,1000,364.7,21.9,0.0,,0,1,0,2,10,55,14,0,2,1,0.1
fast tones,sim,500,,,good,-12.0,average,fading,,1000,391.0,20.5,0.0,,0,1,0,2,9,54,9,2,0,1,0.1
fast tones,sim,500,,,good,-12.0,average,fading,,1000,362.1,22.1,0.0,,0,0,0,0,10,55,7,1,0,1,0.1
fast tones,sim,500,,,good,-12.0,average,fading,,1000,468.8,17.1,0.0,,0,0,0,0,13,72,24,1,3,1,0.1
fast tones,sim,500,,,good,-12.0,average,fading,,1000,192.2,0.0,0.0,,,,,0,0,0,0,0,0,0,0.0
fast tones,sim,500,,,good,-12.0,average,fading,,1000,472.6,16.9,0.0,,0,0,0,0,13,73,25,0,3,1,0.1
fast tones,sim,500,,,good,-12.0,average,fading,,1000,380.0,21.1,0.0,,0,0,0,0,10,57,9,0,1,1,0.1
fast tones,sim,500,,,good,-12.0,average,fading,,1000,368.7,21.7,0.0,,0,1,0,2,9,52,11,2,1,1,0.1
fast tones,sim,500,,,good,-12.0,average,fading,,1000,412.5,19.4,0.0,,0,0,0,0,11,62,14,1,2,1,0.1
fast tones,sim,500,,,good,-12.0,average,fading,,1000,431.0,18.6,0.0,,0,0,0,0,12,66,18,1,2,1,0.1
fast tones,sim,500,,,good,-12.0,average,fading,,1000,352.4,22.7,0.0,,0,0,0,0,10,52,4,0,0,1,0.1
fast tones,sim,500,,,good,-12.0,average,fading,,1000,405.8,19.7,0.0,,0,1,0,2,11,62,17,0,3,1,0.1
fast tones,sim,500,,,good,-12.0,average,fading,,1000,368.6,21.7,0.0,,0,1,0,2,9,54,9,0,1,1,0.1
fast tones,sim,500,,,good,-12.0,average,fading,,1000,399.2,20.0,0.0,,0,0,0,0,11,61,13,2,1,1,0.1
fast tones,sim,500,,,good,-12.0,average,fading,,1000,360.8,22.2,0.0,,0,0,0,0,9,52,4,0,0,1,0.1
fast tones,sim,500,,,good,-12.0,average,fading,,1000,362.0,22.1,0.0,,0,0,0,0,10,55,7,0,0,1,0.1
fast tones,sim,500,,,good,-12.0,average,fading,,1000,562.0,11.7,0.0,,0,0,0,0,11,66,27,0,4,0,0.1
fast tones,sim,500,,,good,-12.0,average,fading,,1000,333.5,24.0,0.0,,0,1,1,1,8,47,1,0,0,1,0.1
fast tones,sim,500,,,good,-12.0,average,fading,,1000,158.2,0.0,0.0,,,,,0,0,0,0,0,0,0,0.0
fast tones,sim,500,,,good,-12.0,average,fading,,1000,474.9,16.8,0.0,,0,0,0,0,13,73,25,0,4,1,0.1
fast tones,sim,500,,,good,-10.0,average,fading,,1000,381.5,21.0,35.8,0.585,0,1,0,2,10,58,13,0,2,1,0.1
fast tones,sim,500,,,good,-10.0,average,fading,,1000,453.4,17.6,35.8,0.493,0,0,0,0,10,57,9,0,1,1,0.1
fast tones,sim,500,,,good,-10.0,average,fading,,1000,243.4,32.9,35.8,0.917,0,1,1,3,6,36,2,0,0,1,0.1
fast tones,sim,500,,,good,-10.0,average,fading,,1000,305.3,26.2,35.8,0.732,0,1,0,2,9,45,4,1,0,1,0.1
fast tones,sim,500,,,good,-10.0,average,fading,,1000,348.8,22.9,35.8,0.64,0,1,0,2,9,53,8,0,1,1,0.1
fast tones,sim,500,,,good,-10.0,average,fading,,1000,322.0,24.8,35.8,0.694,0,1,0,4,8,46,8,0,1,1,0.1
fast tones,sim,500,,,good,-10.0,average,fading,,1000,321.9,24.9,35.8,0.694,0,1,0,2,8,46,1,0,0,1,0.1
fast tones,sim,500,,,good,-10.0,average,fading,,1000,350.5,22.8,35.8,0.637,0,0,0,0,10,53,5,1,0,1,0.1
fast tones,sim,500,,,good,-10.0,average,fading,,1000,295.7,27.1,35.8,0.755,0,1,0,4,8,44,3,1,0,1,0.1
fast tones,sim,500,,,good,-10.0,average,fading,,1000,328.5,24.4,35.8,0.68,0,1,0,4,9,49,8,0,1,1,0.1
fast tones,sim,500,,,good,-10.0,average,fading,,1000,301.9,26.5,35.8,0.74,0,1,0,2,8,45,7,0,1,1,0.1
fast tones,sim,500,,,good,-10.0,average,fading,,1000,359.7,22.2,35.8,0.621,0,1,0,2,9,51,6,2,0,1,0.1
fast tones,sim,500,,,good,-10.0,average,fading,,1000,321.1,24.9,35.8,0.695,0,1,0,4,9,48,4,1,1,1,0.1
fast tones,sim,500,,,good,-10.0,average,fading,,1000,380.4,21.0,35.8,0.587,0,1,0,2,10,58,13,0,2,1,0.1
fast tones,sim,500,,,good,-10.0,average,fading,,1000,192.2,0.0,35.8,0.0,,,,0,0,0,0,0,0,0,0.0
fast tones,sim,500,,,good,-10.0,average,fading,,1000,362.8,22.1,35.8,0.616,0,1,0,4,10,55,16,1,2,1,0.1
fast tones,sim,500,,,good,-10.0,average,fading,,1000,267.3,29.9,35.8,0.835,0,1,0,4,8,42,4,0,0,1,0.1
fast tones,sim,500,,,good,-10.0,average,fading,,1000,326.5,24.5,35.8,0.684,0,0,0,0,9,49,1,0,0,1,0.1
fast tones,sim,500,,,good,-10.0,average,fading,,1000,325.6,24.6,35.8,0.686,0,1,0,2,9,49,4,0,0,1,0.1
fast tones,sim,500,,,good,-10.0,average,fading,,1000,336.5,23.8,35.8,0.664,0,1,0,2,9,51,6,2,0,1,0.1
fast tones,sim,500,,,good,-10.0,average,fading,,1000,315.3,25.4,35.8,0.708,0,1,0,2,8,48,3,0,0,1,0.1
fast tones,sim,500,,,good,-10.0,average,fading,,1000,331.5,24.1,35.8,0.674,0,1,0,2,9,50,9,1,1,1,0.1
fast tones,sim,500,,,good,-10.0,average,fading,,1000,257.8,31.0,35.8,0.866,0,1,0,4,7,41,3,1,0,1,0.1
fast tones,sim,500,,,good,-10.0,average,fading,,1000,389.6,20.5,35.8,0.573,0,0,0,0,10,60,12,0,1,1,0.1
fast tones,sim,500,,,good,-10.0,average,fading,,1000,286.2,28.0,35.8,0.78,0,1,0,2,8,42,7,0,1,1,0.1
fast tones,sim,500,,,good,-10.0,average,fading,,1000,289.2,27.7,35.8,0.772,0,1,0,4,8,43,5,0,0,1,0.1
fast tones,sim,500,,,good,-10.0,average,fading,,1000,353.3,22.6,35.8,0.632,0,1,0,2,9,54,9,0,1,1,0.1
fast tones,sim,500,,,good,-10.0,average,fading,,1000,291.7,27.4,35.8,0.766,0,1,1,1,7,40,1,0,0,1,0.1
fast tones,sim,500,,,good,-10.0,average,fading,,1000,361.4,22.1,35.8,0.618,0,1,0,2,9,53,8,1,0,1,0.1
fast tones,sim,500,,,good,-10.0,average,fading,,1000,437.8,18.3,35.8,0.51,0,0,0,0,12,67,19,0,3,1,0.1
fast tones,sim,500,,,good,-8.0,average,fading,,1000,308.0,26.0,53.7,0.483,0,1,0,4,8,46,8,0,1,1,0.1
fast tones,sim,500,,,good,-8.0,average,fading,,1000,240.5,33.3,53.7,0.619,0,1,0,4,7,37,2,0,0,1,0.1
fast tones,sim,500,,,good,-8.0,average,fading,,1000,243.4,32.9,53.7,0.612,0,1,1,3,6,36,1,0,0,1,0.0
fast tones,sim,500,,,good,-8.0,average,fading,,1000,248.6,32.2,53.7,0.599,0,1,0,2,7,36,2,0,0,1,0.1
fast tones,sim,500,,,good,-8.0,average,fading,,1000,241.0,33.2,53.7,0.618,0,1,1,3,7,37,3,0,0,1,0.1
fast tones,sim,500,,,good,-8.0,average,fading,,1000,227.9,35.1,53.7,0.653,0,1,1,1,6,33,0,0,0,1,0.1
fast tones,sim,500,,,good,-8.0,average,fading,,1000,244.7,32.7,53.7,0.609,0,1,1,3,6,36,1,0,0,1,0.0
fast tones,sim,500,,,good,-8.0,average,fading,,1000,294.1,27.2,53.7,0.506,0,1,0,4,7,42,4,1,0,1,0.1
fast tones,sim,500,,,good,-8.0,average,fading,,1000,290.3,27.6,53.7,0.513,0,1,1,5,8,43,2,1,0,1,0.1
fast tones,sim,500,,,good,-8.0,average,fading,,1000,240.0,33.3,53.7,0.62,0,1,0,2,6,35,1,0,0,1,0.1
fast tones,sim,500,,,good,-8.0,average,fading,,1000,254.1,31.5,53.7,0.586,0,1,0,4,7,37,2,0,0,1,0.1
fast tones,sim,500,,,good,-8.0,average,fading,,1000,310.0,25.8,53.7,0.48,0,1,0,4,9,46,8,0,1,1,0.1
fast tones,sim,500,,,good,-8.0,average,fading,,1000,253.0,31.6,53.7,0.589,0,1,0,4,7,37,2,0,0,1,0.1
fast tones,sim,500,,,good,-8.0,average,fading,,1000,327.1,24.5,53.7,0.455,0,1,1,3,9,49,8,1,1,1,0.1
fast tones,sim,500,,,good,-8.0,average,fading,,1000,192.2,0.0,53.7,0.0,,,,0,0,0,0,0,0,0,0.0
fast tones,sim,500,,,good,-8.0,average,fading,,1000,242.5,33.0,53.7,0.614,0,1,1,3,6,36,1,0,0,1,0.1
fast tones,sim,500,,,good,-8.0,average,fading,,1000,226.8,35.3,53.7,0.657,0,1,1,3,6,36,1,0,0,1,0.0
fast tones,sim,500,,,good,-8.0,average,fading,,1000,311.6,25.7,53.7,0.478,0,1,0,2,8,47,2,0,0,1,0.1
fast tones,sim,500,,,good,-8.0,average,fading,,1000,239.3,33.4,53.7,0.622,0,1,1,3,7,37,2,0,0,1,0.1
fast tones,sim,500,,,good,-8.0,average,fading,,1000,272.7,29.3,53.7,0.546,0,1,0,4,8,43,2,0,0,1,0.1
fast tones,sim,500,,,good,-8.0,average,fading,,1000,226.8,35.3,53.7,0.657,0,1,1,3,6,36,1,0,0,1,0.0
fast tones,sim,500,,,good,-8.0,average,fading,,1000,236.3,33.9,53.7,0.63,0,1,0,4,7,37,2,0,0,1,0.0
fast tones,sim,500,,,good,-8.0,average,fading,,1000,252.4,31.7,53.7,0.59,0,1,0,4,7,40,2,0,0,1,0.1
fast tones,sim,500,,,good,-8.0,average,fading,,1000,300.0,26.7,53.7,0.496,0,1,0,2,8,45,4,0,0,1,0.1
fast tones,sim,500,,,good,-8.0,average,fading,,1000,259.8,30.8,53.7,0.573,0,1,1,3,7,38,1,0,0,1,0.1
fast tones,sim,500,,,good,-8.0,average,fading,,1000,262.4,30.5,53.7,0.567,0,1,0,4,7,41,3,0,0,1,0.1
fast tones,sim,500,,,good,-8.0,average,fading,,1000,289.3,27.7,53.7,0.515,0,1,0,4,8,43,2,0,0,1,0.1
fast tones,sim,500,,,good,-8.0,average,fading,,1000,254.9,31.4,53.7,0.584,0,1,1,3,7,37,2,0,0,1,0.0
fast tones,sim,500,,,good,-8.0,average,fading,,1000,316.7,25.3,53.7,0.47,0,1,0,2,8,48,3,0,0,1,0.1
fast tones,sim,500,,,good,-8.0,average,fading,,1000,364.3,22.0,53.7,0.409,0,1,0,4,10,55,14,0,2,1,0.1
fast tones,sim,500,,,good,-6.0,average,fading,,1000,291.9,27.4,53.7,0.51,0,1,1,3,8,43,8,0,1,1,0.1
fast tones,sim,500,,,good,-6.0,average,fading,,1000,226.8,35.3,53.7,0.657,0,1,1,3,6,36,1,0,0,1,0.0
fast tones,sim,500,,,good,-6.0,average,fading,,1000,227.4,35.2,53.7,0.655,0,1,1,1,6,33,0,0,0,1,0.0
fast tones,sim,500,,,good,-6.0,average,fading,,1000,228.3,35.0,53.7,0.652,0,1,1,1,6,33,0,0,0,1,0.0
fast tones,sim,500,,,good,-6.0,average,fading,,1000,226.1,35.4,53.7,0.659,0,1,0,2,6,35,1,0,0,1,0.0
fast tones,sim,500,,,good,-6.0,average,fading,,1000,227.9,35.1,53.7,0.653,0,1,1,1,6,33,0,0,0,1,0.0
fast tones,sim,500,,,good,-6.0,average,fading,,1000,228.6,35.0,53.7,0.651,0,1,1,1,6,33,0,0,0,1,0.0
fast tones,sim,500,,,good,-6.0,average,fading,,1000,226.5,35.3,53.7,0.657,0,1,1,1,6,33,0,0,0,1,0.0
fast tones,sim,500,,,good,-6.0,average,fading,,1000,254.0,31.5,53.7,0.586,0,1,1,3,7,37,2,0,0,1,0.1
fast tones,sim,500,,,good,-6.0,average,fading,,1000,229.3,34.9,53.7,0.649,0,1,1,1,6,33,0,0,0,1,0.0
fast tones,sim,500,,,good,-6.0,average,fading,,1000,269.9,29.6,53.7,0.552,0,2,1,6,10,54,16,0,3,1,0.1
fast tones,sim,500,,,good,-6.0,average,fading,,1000,230.1,34.8,53.7,0.647,0,1,1,3,6,36,2,0,0,1,0.1
fast tones,sim,500,,,good,-6.0,average,fading,,1000,227.3,35.2,53.7,0.655,0,1,1,1,6,33,0,0,0,1,0.0
fast tones,sim,500,,,good,-6.0,average,fading,,1000,210.7,38.0,53.7,0.707,0,1,1,1,6,33,0,0,0,1,0.0
fast tones,sim,500,,,good,-6.0,average,fading,,1000,242.8,33.0,53.7,0.613,0,1,0,2,7,35,2,0,0,1,0.1
fast tones,sim,500,,,good,-6.0,average,fading,,1000,226.4,35.3,53.7,0.658,0,1,1,1,6,33,0,0,0,1,0.1
fast tones,sim,500,,,good,-6.0,average,fading,,1000,218.4,5.3,53.7,0.098,0,2,0,1,6,36,24,4,4,0,0.0
fast tones,sim,500,,,good,-6.0,average,fading,,1000,214.9,37.2,53.7,0.693,0,1,1,1,6,33,0,0,0,1,0.0
fast tones,sim,500,,,good,-6.0,average,fading,,1000,210.7,38.0,53.7,0.707,0,1,1,1,6,33,0,0,0,1,0.0
fast tones,sim,500,,,good,-6.0,average,fading,,1000,252.4,31.7,53.7,0.59,0,1,0,4,7,40,2,0,0,1,0.1
fast tones,sim,500,,,good,-6.0,average,fading,,1000,210.7,38.0,53.7,0.707,0,1,1,1,6,33,0,0,0,1,0.0
fast tones,sim,500,,,good,-6.0,average,fading,,1000,210.7,38.0,53.7,0.707,0,1,1,1,6,33,0,0,0,1,0.0
fast tones,sim,500,,,good,-6.0,average,fading,,1000,228.2,35.1,53.7,0.652,0,2,0,5,9,46,9,0,1,1,0.0
fast tones,sim,500,,,good,-6.0,average,fading,,1000,274.0,29.2,53.7,0.543,0,1,0,4,8,40,5,0,1,1,0.1
fast tones,sim,500,,,good,-6.0,average,fading,,1000,228.8,35.0,53.7,0.651,0,1,1,1,6,33,0,0,0,1,0.0
fast tones,sim,500,,,good,-6.0,average,fading,,1000,241.0,33.2,53.7,0.618,0,1,0,4,7,37,2,0,0,1,0.0
fast tones,sim,500,,,good,-6.0,average,fading,,1000,238.0,33.6,53.7,0.626,0,1,0,2,6,35,1,0,0,1,0.0
fast tones,sim,500,,,good,-6.0,average,fading,,1000,215.2,37.2,53.7,0.692,0,1,1,1,6,33,0,0,0,1,0.0
fast tones,sim,500,,,good,-6.0,average,fading,,1000,278.4,28.7,53.7,0.535,0,1,1,5,8,43,8,0,1,1,0.1
fast tones,sim,500,,,good,-6.0,average,fading,,1000,269.7,29.7,53.7,0.552,0,1,0,4,7,40,2,0,0,1,0.1
fast tones,sim,500,,,good,-4.0,average,fading,,1000,220.2,36.3,53.7,0.676,0,1,0,2,7,34,1,0,0,1,0.0
fast tones,sim,500,,,good,-4.0,average,fading,,1000,210.7,38.0,53.7,0.707,0,1,1,1,6,33,0,0,0,1,0.1
fast tones,sim,500,,,good,-4.0,average,fading,,1000,232.7,34.4,53.7,0.64,0,1,1,1,6,34,1,0,0,1,0.1
fast tones,sim,500,,,good,-4.0,average,fading,,1000,210.7,38.0,53.7,0.707,0,1,1,1,6,33,0,0,0,1,0.0
fast tones,sim,500,,,good,-4.0,average,fading,,1000,210.7,38.0,53.7,0.707,0,1,1,1,6,33,0,0,0,1,0.0
fast tones,sim,500,,,good,-4.0,average,fading,,1000,214.4,37.3,53.7,0.695,0,1,1,1,6,33,0,0,0,1,0.1
fast tones,sim,500,,,good,-4.0,average,fading,,1000,228.6,35.0,53.7,0.651,0,1,1,1,6,33,0,0,0,1,0.1
fast tones,sim,500,,,good,-4.0,average,fading,,1000,226.5,35.3,53.7,0.657,0,1,1,1,6,33,0,0,0,1,0.1
fast tones,sim,500,,,good,-4.0,average,fading,,1000,210.7,38.0,53.7,0.707,0,1,1,1,6,33,0,0,0,1,0.1
fast tones,sim,500,,,good,-4.0,average,fading,,1000,234.1,34.2,53.7,0.636,0,2,1,2,8,43,6,0,1,1,0.1
fast tones,sim,500,,,good,-4.0,average,fading,,1000,210.7,38.0,53.7,0.707,0,1,1,1,6,33,0,0,0,1,0.1
fast tones,sim,500,,,good,-4.0,average,fading,,1000,230.1,34.8,53.7,0.647,0,1,1,3,6,36,1,0,0,1,0.1
fast tones,sim,500,,,good,-4.0,average,fading,,1000,232.7,34.4,53.7,0.64,0,1,1,1,6,34,1,0,0,1,0.1
fast tones,sim,500,,,good,-4.0,average,fading,,1000,208.6,38.3,53.7,0.714,0,2,1,2,8,47,12,4,2,1,0.1
fast tones,sim,500,,,good,-4.0,average,fading,,1000,259.6,30.8,53.7,0.573,0,2,1,4,11,53,13,3,3,1,0.1
fast tones,sim,500,,,good,-4.0,average,fading,,1000,226.4,35.3,53.7,0.658,0,1,1,1,6,33,0,0,0,1,0.1
fast tones,sim,500,,,good,-4.0,average,fading,,1000,229.5,34.9,53.7,0.649,0,3,1,6,10,60,19,1,3,1,0.1
fast tones,sim,500,,,good,-4.0,average,fading,,1000,214.9,37.2,53.7,0.693,0,1,1,1,6,33,0,0,0,1,0.1
fast tones,sim,500,,,good,-4.0,average,fading,,1000,210.7,38.0,53.7,0.707,0,1,1,1,6,33,0,0,0,1,0.1
fast tones,sim,500,,,good,-4.0,average,fading,,1000,216.5,37.0,53.7,0.688,0,2,1,5,9,43,7,0,1,1,0.1
fast tones,sim,500,,,good,-4.0,average,fading,,1000,204.7,39.1,53.7,0.727,0,2,1,2,8,44,9,0,1,1,0.0
fast tones,sim,500,,,good,-4.0,average,fading,,1000,194.5,41.1,53.7,0.766,1,2,1,1,7,36,1,0,0,1,0.0
fast tones,sim,500,,,good,-4.0,average,fading,,1000,200.5,39.9,53.7,0.743,0,2,1,2,7,41,6,0,1,1,0.1
fast tones,sim,500,,,good,-4.0,average,fading,,1000,226.8,35.3,53.7,0.657,0,1,1,3,6,36,1,0,0,1,0.0
fast tones,sim,500,,,good,-4.0,average,fading,,1000,228.8,35.0,53.7,0.651,0,1,1,1,6,33,0,0,0,1,0.1
fast tones,sim,500,,,good,-4.0,average,fading,,1000,220.7,36.3,53.7,0.675,0,1,1,1,6,34,1,0,0,1,0.0
fast tones,sim,500,,,good,-4.0,average,fading,,1000,210.7,38.0,53.7,0.707,0,1,1,1,6,33,0,0,0,1,0.0
fast tones,sim,500,,,good,-4.0,average,fading,,1000,215.2,37.2,53.7,0.692,0,1,1,1,6,33,0,0,0,1,0.1
fast tones,sim,500,,,good,-4.0,average,fading,,1000,210.7,38.0,53.7,0.707,0,1,1,1,6,33,0,0,0,1,0.0
fast tones,sim,500,,,good,-4.0,average,fading,,1000,238.7,33.5,53.7,0.624,0,1,0,2,6,35,1,0,0,1,0.1
fast tones,sim,500,,,good,-2.0,average,fading,,1000,196.6,40.7,53.7,0.757,1,2,1,1,7,38,3,0,0,1,0.0
fast tones,sim,500,,,good,-2.0,average,fading,,1000,186.4,42.9,53.7,0.799,1,3,1,2,8,43,6,0,1,1,0.0
fast tones,sim,500,,,good,-2.0,average,fading,,1000,210.7,38.0,53.7,0.707,0,1,1,1,6,33,0,0,0,1,0.1
fast tones,sim,500,,,good,-2.0,average,fading,,1000,210.7,38.0,53.7,0.707,0,1,1,1,6,33,0,0,0,1,0.1
fast tones,sim,500,,,good,-2.0,average,fading,,1000,87.5,91.4,53.7,1.702,0,4,1,6,11,53,7,0,0,1,0.0
fast tones,sim,500,,,good,-2.0,average,fading,,1000,229.9,34.8,53.7,0.648,0,2,1,4,8,45,6,0,1,1,0.1
fast tones,sim,500,,,good,-2.0,average,fading,,1000,215.0,37.2,53.7,0.692,0,1,1,1,6,33,0,0,0,1,0.1
fast tones,sim,500,,,good,-2.0,average,fading,,1000,226.5,35.3,53.7,0.657,0,1,1,1,6,33,0,0,0,1,0.1
fast tones,sim,500,,,good,-2.0,average,fading,,1000,200.5,39.9,53.7,0.743,0,2,1,2,7,41,6,0,1,1,0.1
fast tones,sim,500,,,good,-2.0,average,fading,,1000,219.1,36.5,53.7,0.679,0,2,1,2,7,41,6,0,1,1,0.1
fast tones,sim,500,,,good,-2.0,average,fading,,1000,239.7,33.4,53.7,0.621,0,2,1,5,9,52,13,0,2,1,0.1
fast tones,sim,500,,,good,-2.0,average,fading,,1000,212.8,37.6,53.7,0.7,0,3,1,4,10,54,15,1,2,1,0.1
fast tones,sim,500,,,good,-2.0,average,fading,,1000,210.7,38.0,53.7,0.707,0,1,1,1,6,33,0,0,0,1,0.1
fast tones,sim,500,,,good,-2.0,average,fading,,1000,213.9,37.4,53.7,0.696,0,2,1,2,9,51,16,2,2,1,0.1
fast tones,sim,500,,,good,-2.0,average,fading,,1000,221.2,36.2,53.7,0.673,0,2,1,2,10,45,9,1,3,1,0.1
fast tones,sim,500,,,good,-2.0,average,fading,,1000,231.8,34.5,53.7,0.642,0,1,1,1,6,34,1,0,0,1,0.0
fast tones,sim,500,,,good,-2.0,average,fading,,1000,155.4,51.5,53.7,0.958,1,5,1,3,7,38,6,4,1,1,0.0
fast tones,sim,500,,,good,-2.0,average,fading,,1000,210.7,38.0,53.7,0.707,0,1,1,1,6,33,0,0,0,1,0.1
fast tones,sim,500,,,good,-2.0,average,fading,,1000,192.1,41.6,53.7,0.775,0,2,1,4,11,60,14,2,2,1,0.1
fast tones,sim,500,,,good,-2.0,average,fading,,1000,199.4,40.1,53.7,0.747,0,2,1,3,8,39,4,0,1,1,0.0
fast tones,sim,500,,,good,-2.0,average,fading,,1000,202.6,39.5,53.7,0.735,0,2,1,2,8,42,7,0,1,1,0.0
fast tones,sim,500,,,good,-2.0,average,fading,,1000,189.0,42.3,53.7,0.788,0,3,1,5,10,58,12,1,2,1,0.1
fast tones,sim,500,,,good,-2.0,average,fading,,1000,192.1,41.6,53.7,0.775,0,3,1,5,11,60,14,0,2,1,0.0
fast tones,sim,500,,,good,-2.0,average,fading,,1000,221.2,36.2,53.7,0.673,0,2,1,2,10,45,9,0,3,1,0.1
fast tones,sim,500,,,good,-2.0,average,fading,,1000,228.8,35.0,53.7,0.651,0,1,1,1,6,33,0,0,0,1,0.0
fast tones,sim,500,,,good,-2.0,average,fading,,1000,225.2,35.5,53.7,0.661,0,3,1,5,10,50,9,0,1,1,0.1
fast tones,sim,500,,,good,-2.0,average,fading,,1000,190.7,41.9,53.7,0.781,0,2,1,3,9,42,4,0,1,1,0.0
fast tones,sim,500,,,good,-2.0,average,fading,,1000,231.4,34.6,53.7,0.643,0,2,0,4,11,64,24,0,4,1,0.1
fast tones,sim,500,,,good,-2.0,average,fading,,1000,210.7,38.0,53.7,0.707,0,1,1,1,6,33,0,0,0,1,0.0
fast tones,sim,500,,,good,-2.0,average,fading,,1000,228.0,35.1,53.7,0.653,0,1,1,1,6,33,0,0,0,1,0.1
fast tones,sim,500,,,good,0.0,average,fading,,1000,182.9,43.7,53.7,0.814,0,2,1,4,10,53,7,1,1,1,0.0
fast tones,sim,500,,,good,0.0,average,fading,,1000,131.0,61.1,53.7,1.136,0,4,1,6,10,54,13,1,2,1,0.0
fast tones,sim,500,,,good,0.0,average,fading,,1000,198.0,40.4,53.7,0.752,0,3,3,3,8,38,1,0,0,1,0.0
fast tones,sim,500,,,good,0.0,average,fading,,1000,255.0,15.8,53.7,0.294,0,3,0,4,8,42,16,0,3,0,0.0
fast tones,sim,500,,,good,0.0,average,fading,,1000,48.1,166.2,53.7,3.092,2,5,3,3,7,36,2,0,0,1,0.0
fast tones,sim,500,,,good,0.0,average,fading,,1000,124.8,64.1,53.7,1.193,0,5,5,5,8,46,1,0,0,1,0.0
fast tones,sim,500,,,good,0.0,average,fading,,1000,196.7,40.7,53.7,0.757,0,2,1,2,9,54,12,0,2,1,0.0
fast tones,sim,500,,,good,0.0,average,fading,,1000,242.8,33.0,53.7,0.613,0,2,1,4,9,52,13,0,2,1,0.1
fast tones,sim,500,,,good,0.0,average,fading,,1000,95.9,83.4,53.7,1.553,0,5,1,7,10,53,10,2,1,1,0.0
fast tones,sim,500,,,good,0.0,average,fading,,1000,221.7,36.1,53.7,0.671,0,2,1,4,9,44,7,0,1,1,0.1
fast tones,sim,500,,,good,0.0,average,fading,,1000,191.1,41.9,53.7,0.779,0,2,1,6,11,59,13,0,2,1,0.0
fast tones,sim,500,,,good,0.0,average,fading,,1000,205.3,39.0,53.7,0.725,0,4,1,4,10,55,17,1,2,1,0.1
fast tones,sim,500,,,good,0.0,average,fading,,1000,194.5,41.1,53.7,0.766,1,2,1,1,7,36,1,0,0,1,0.0
fast tones,sim,500,,,good,0.0,average,fading,,1000,191.8,41.7,53.7,0.776,0,3,1,3,8,44,11,2,1,1,0.0
fast tones,sim,500,,,good,0.0,average,fading,,1000,191.9,41.7,53.7,0.776,1,3,1,1,8,40,7,1,1,1,0.1
fast tones,sim,500,,,good,0.0,average,fading,,1000,230.1,34.8,53.7,0.647,0,2,1,4,8,45,6,1,1,1,0.1
fast tones,sim,500,,,good,0.0,average,fading,,1000,87.2,91.7,53.7,1.707,1,7,1,4,8,46,12,4,2,1,0.0
fast tones,sim,500,,,good,0.0,average,fading,,1000,193.2,41.4,53.7,0.771,0,3,1,4,8,42,3,2,0,1,0.0
fast tones,sim,500,,,good,0.0,average,fading,,1000,142.1,56.3,53.7,1.048,0,4,1,5,10,50,7,1,1,1,0.0
fast tones,sim,500,,,good,0.0,average,fading,,1000,180.4,44.4,53.7,0.825,1,3,1,2,8,38,3,0,0,1,0.0
fast tones,sim,500,,,good,0.0,average,fading,,1000,181.6,44.0,53.7,0.82,0,3,1,4,9,52,12,0,2,1,0.0
fast tones,sim,500,,,good,0.0,average,fading,,1000,121.6,65.8,53.7,1.225,0,5,1,6,8,47,12,1,2,1,0.0
fast tones,sim,500,,,good,0.0,average,fading,,1000,132.6,60.3,53.7,1.123,1,4,1,3,9,46,9,0,1,1,0.0
fast tones,sim,500,,,good,0.0,average,fading,,1000,215.4,37.1,53.7,0.691,0,2,1,2,8,43,6,0,1,1,0.0
fast tones,sim,500,,,good,0.0,average,fading,,1000,233.5,34.3,53.7,0.638,0,2,1,4,8,43,6,0,1,1,0.0
fast tones,sim,500,,,good,0.0,average,fading,,1000,193.0,41.4,53.7,0.771,0,4,1,5,9,48,11,0,1,1,0.0
fast tones,sim,500,,,good,0.0,average,fading,,1000,114.2,70.1,53.7,1.304,0,4,1,5,10,51,9,2,1,1,0.0
fast tones,sim,500,,,good,0.0,average,fading,,1000,204.4,39.1,53.7,0.728,0,2,1,5,9,50,12,0,2,1,0.1
fast tones,sim,500,,,good,0.0,average,fading,,1000,186.4,42.9,53.7,0.799,1,3,1,2,8,43,6,1,1,1,0.0
fast tones,sim,500,,,good,0.0,average,fading,,1000,224.2,35.7,53.7,0.664,0,2,1,4,8,44,7,1,1,1,0.1
fast tones,sim,500,,,good,2.0,average,fading,,1000,98.7,81.1,113.9,0.712,1,5,1,5,8,39,3,0,0,1,0.0
fast tones,sim,500,,,good,2.0,average,fading,,1000,83.9,95.3,113.9,0.837,0,5,1,6,9,46,13,0,2,1,0.0
fast tones,sim,500,,,good,2.0,average,fading,,1000,50.3,159.2,113.9,1.398,2,5,4,3,7,38,1,0,0,1,0.0
fast tones,sim,500,,,good,2.0,average,fading,,1000,49.2,162.6,113.9,1.428,2,5,4,4,7,37,1,1,0,1,0.0
fast tones,sim,500,,,good,2.0,average,fading,,1000,36.6,218.6,113.9,1.92,3,7,7,2,5,27,0,0,0,1,0.0
fast tones,sim,500,,,good,2.0,average,fading,,1000,102.4,78.1,113.9,0.686,0,4,4,5,10,57,1,0,0,1,0.0
fast tones,sim,500,,,good,2.0,average,fading,,1000,205.2,39.0,113.9,0.342,0,3,1,3,7,38,3,0,0,1,0.0
fast tones,sim,500,,,good,2.0,average,fading,,1000,206.7,38.7,113.9,0.34,0,3,0,5,9,49,9,1,1,1,0.1
fast tones,sim,500,,,good,2.0,average,fading,,1000,61.3,130.6,113.9,1.147,1,5,2,5,8,46,12,0,2,1,0.0
fast tones,sim,500,,,good,2.0,average,fading,,1000,197.0,40.6,113.9,0.357,0,3,1,10,12,63,18,0,3,1,0.1
fast tones,sim,500,,,good,2.0,average,fading,,1000,117.4,68.1,113.9,0.598,0,5,1,6,9,51,10,0,1,1,0.0
fast tones,sim,500,,,good,2.0,average,fading,,1000,164.9,48.5,113.9,0.426,0,5,1,6,10,45,13,0,1,1,0.0
fast tones,sim,500,,,good,2.0,average,fading,,1000,205.3,39.0,113.9,0.342,0,3,1,4,9,51,12,0,2,1,0.1
fast tones,sim,500,,,good,2.0,average,fading,,1000,174.0,46.0,113.9,0.404,1,4,1,2,7,40,8,1,0,1,0.0
fast tones,sim,500,,,good,2.0,average,fading,,1000,176.3,45.4,113.9,0.399,0,4,1,6,13,65,19,2,4,1,0.1
fast tones,sim,500,,,good,2.0,average,fading,,1000,159.2,50.3,113.9,0.442,1,3,1,3,10,55,7,2,0,1,0.1
fast tones,sim,500,,,good,2.0,average,fading,,1000,37.7,212.4,113.9,1.866,4,8,4,3,5,28,6,4,0,1,0.0
fast tones,sim,500,,,good,2.0,average,fading,,1000,178.8,44.7,113.9,0.393,0,3,1,4,8,47,8,0,1,1,0.0
fast tones,sim,500,,,good,2.0,average,fading,,1000,71.8,111.5,113.9,0.979,1,5,1,4,8,41,7,1,0,1,0.0
fast tones,sim,500,,,good,2.0,average,fading,,1000,122.8,65.1,113.9,0.572,1,4,1,4,11,59,6,0,0,1,0.0
fast tones,sim,500,,,good,2.0,average,fading,,1000,68.6,116.6,113.9,1.024,1,4,1,5,9,52,13,1,2,1,0.0
fast tones,sim,500,,,good,2.0,average,fading,,1000,35.5,225.0,113.9,1.977,4,7,5,2,5,26,2,0,0,1,0.0
fast tones,sim,500,,,good,2.0,average,fading,,1000,70.4,113.7,113.9,0.999,1,7,1,5,8,43,12,0,1,1,0.0
fast tones,sim,500,,,good,2.0,average,fading,,1000,189.8,42.2,113.9,0.37,1,3,1,1,7,39,6,0,1,1,0.1
fast tones,sim,500,,,good,2.0,average,fading,,1000,234.3,34.1,113.9,0.3,0,2,1,4,9,51,12,1,2,1,0.1
fast tones,sim,500,,,good,2.0,average,fading,,1000,186.4,42.9,113.9,0.377,0,3,1,3,8,43,7,0,1,1,0.1
fast tones,sim,500,,,good,2.0,average,fading,,1000,57.3,139.5,113.9,1.226,1,5,1,4,8,43,9,2,1,1,0.0
fast tones,sim,500,,,good,2.0,average,fading,,1000,156.1,51.3,113.9,0.45,1,3,1,4,11,58,9,0,1,1,0.1
fast tones,sim,500,,,good,2.0,average,fading,,1000,86.5,92.5,113.9,0.813,0,4,0,7,12,66,17,3,2,1,0.0
fast tones,sim,500,,,good,2.0,average,fading,,1000,199.4,40.1,113.9,0.352,0,3,1,3,9,47,10,0,1,1,0.0
fast tones,sim,500,,,good,6.0,average,fading,,1000,38.3,208.6,258.1,0.808,4,8,4,4,5,24,4,0,1,1,0.0
fast tones,sim,500,,,good,6.0,average,fading,,1000,36.3,220.2,258.1,0.853,5,8,7,3,5,26,6,0,1,1,0.0
fast tones,sim,500,,,good,6.0,average,fading,,1000,32.4,246.8,258.1,0.956,3,8,7,3,4,24,1,0,0,1,0.0
fast tones,sim,500,,,good,6.0,average,fading,,1000,34.5,231.9,258.1,0.899,3,8,8,3,5,25,0,0,0,1,0.0
fast tones,sim,500,,,good,6.0,average,fading,,1000,25.1,319.2,258.1,1.237,5,8,8,1,3,18,0,0,0,1,0.0
fast tones,sim,500,,,good,6.0,average,fading,,1000,46.0,173.8,258.1,0.673,2,7,5,5,7,34,5,0,0,1,0.0
fast tones,sim,500,,,good,6.0,average,fading,,1000,50.3,159.2,258.1,0.617,2,5,4,4,7,38,2,0,0,1,0.0
fast tones,sim,500,,,good,6.0,average,fading,,1000,38.7,206.7,258.1,0.801,2,7,7,3,5,29,0,0,0,1,0.0
fast tones,sim,500,,,good,6.0,average,fading,,1000,36.6,218.7,258.1,0.848,4,8,7,4,6,26,3,0,0,1,0.0
fast tones,sim,500,,,good,6.0,average,fading,,1000,152.3,52.5,258.1,0.204,0,4,1,5,8,46,5,0,0,1,0.0
fast tones,sim,500,,,good,6.0,average,fading,,1000,34.5,231.9,258.1,0.899,4,8,5,4,5,25,4,0,0,1,0.0
fast tones,sim,500,,,good,6.0,average,fading,,1000,74.0,108.1,258.1,0.419,0,7,7,4,6,34,0,0,0,1,0.0
fast tones,sim,500,,,good,6.0,average,fading,,1000,49.2,162.6,258.1,0.63,3,7,4,4,7,37,4,2,0,1,0.0
fast tones,sim,500,,,good,6.0,average,fading,,1000,58.4,137.0,258.1,0.531,1,7,1,4,8,44,13,0,1,1,0.0
fast tones,sim,500,,,good,6.0,average,fading,,1000,77.8,102.8,258.1,0.398,1,7,1,3,9,45,9,0,1,1,0.0
fast tones,sim,500,,,good,6.0,average,fading,,1000,48.5,165.0,258.1,0.639,3,7,5,3,6,32,4,2,0,1,0.0
fast tones,sim,500,,,good,6.0,average,fading,,1000,24.0,333.2,258.1,1.291,8,9,8,2,3,17,3,2,0,1,0.0
fast tones,sim,500,,,good,6.0,average,fading,,1000,83.3,96.0,258.1,0.372,0,5,0,6,11,64,14,0,2,1,0.0
fast tones,sim,500,,,good,6.0,average,fading,,1000,25.1,319.2,258.1,1.237,7,9,8,2,3,18,2,0,0,1,0.0
fast tones,sim,500,,,good,6.0,average,fading,,1000,36.6,218.6,258.1,0.847,5,7,5,3,5,27,3,0,0,1,0.0
fast tones,sim,500,,,good,6.0,average,fading,,1000,32.4,246.8,258.1,0.956,5,7,7,2,4,24,3,0,0,1,0.0
fast tones,sim,500,,,good,6.0,average,fading,,1000,25.0,319.5,258.1,1.238,7,9,8,2,4,17,2,0,0,1,0.0
fast tones,sim,500,,,good,6.0,average,fading,,1000,31.4,255.1,258.1,0.989,5,8,5,2,4,23,2,0,0,1,0.0
fast tones,sim,500,,,good,6.0,average,fading,,1000,72.8,109.9,258.1,0.426,1,7,2,5,10,55,14,1,2,1,0.0
fast tones,sim,500,,,good,6.0,average,fading,,1000,54.4,146.9,258.1,0.569,2,4,3,4,8,41,3,0,0,1,0.0
fast tones,sim,500,,,good,6.0,average,fading,,1000,46.1,173.7,258.1,0.673,4,5,4,3,6,35,4,0,0,1,0.0
fast tones,sim,500,,,good,6.0,average,fading,,1000,30.3,264.0,258.1,1.023,5,8,7,2,4,22,2,0,0,1,0.0
fast tones,sim,500,,,good,6.0,average,fading,,1000,51.3,155.8,258.1,0.604,4,7,4,3,6,35,7,0,1,1,0.0
fast tones,sim,500,,,good,6.0,average,fading,,1000,39.8,201.2,258.1,0.78,4,7,5,2,5,30,3,1,0,1,0.0
fast tones,sim,500,,,good,6.0,average,fading,,1000,88.1,90.8,258.1,0.352,0,5,4,3,7,36,2,0,0,1,0.0
fast tones,sim,500,,,moderate,-18.0,average,fading,,1000,79.7,0.0,0.0,,,,,0,0,0,0,0,0,0,0.0
fast tones,sim,500,,,moderate,-18.0,average,fading,,1000,125.6,0.0,0.0,,,,,0,0,0,0,0,0,0,0.0
fast tones,sim,500,,,moderate,-18.0,average,fading,,1000,108.3,0.0,0.0,,,,,0,0,0,0,0,0,0,0.0
fast tones,sim,500,,,moderate,-18.0,average,fading,,1000,158.6,0.0,0.0,,,,,0,0,0,0,0,0,0,0.0
fast tones,sim,500,,,moderate,-18.0,average,fading,,1000,231.7,0.0,0.0,,,,,0,0,0,0,0,0,0,0.0
fast tones,sim,500,,,moderate,-18.0,average,fading,,1000,93.8,0.0,0.0,,,,,0,0,0,0,0,0,0,0.0
fast tones,sim,500,,,moderate,-18.0,average,fading,,1000,79.4,0.0,0.0,,,,,0,0,0,0,0,0,0,0.0
fast tones,sim,500,,,moderate,-18.0,average,fading,,1000,64.4,0.0,0.0,,,,,0,0,0,0,0,0,0,0.0
fast tones,sim,500,,,moderate,-18.0,average,fading,,1000,495.9,5.4,0.0,,0,0,0,0,9,54,38,9,5,0,0.1
fast tones,sim,500,,,moderate,-18.0,average,fading,,1000,182.3,0.0,0.0,,,,,0,0,0,0,0,0,0,0.0
fast tones,sim,500,,,moderate,-18.0,average,fading,,1000,180.5,0.0,0.0,,,,,0,0,0,0,0,0,0,0.0
fast tones,sim,500,,,moderate,-18.0,average,fading,,1000,120.7,0.0,0.0,,,,,0,0,0,0,0,0,0,0.0
fast tones,sim,500,,,moderate,-18.0,average,fading,,1000,134.0,0.0,0.0,,,,,0,0,0,0,0,0,0,0.0
fast tones,sim,500,,,moderate,-18.0,average,fading,,1000,195.4,0.0,0.0,,,,,0,0,0,0,0,0,0,0.0
fast tones,sim,500,,,moderate,-18.0,average,fading,,1000,100.2,0.0,0.0,,,,,0,0,0,0,0,0,0,0.0
fast tones,sim,500,,,moderate,-18.0,average,fading,,1000,134.9,0.0,0.0,,,,,0,0,0,0,0,0,0,0.0
fast tones,sim,500,,,moderate,-18.0,average,fading,,1000,210.8,0.0,0.0,,,,,0,0,0,0,0,0,0,0.0
fast tones,sim,500,,,moderate,-18.0,average,fading,,1000,226.6,0.0,0.0,,,,,0,0,0,0,0,0,0,0.0
fast tones,sim,500,,,moderate,-18.0,average,fading,,1000,189.3,0.0,0.0,,,,,0,0,0,0,0,0,0,0.0
fast tones,sim,500,,,moderate,-18.0,average,fading,,1000,85.7,0.0,0.0,,,,,0,0,0,0,0,0,0,0.0
fast tones,sim,500,,,moderate,-18.0,average,fading,,1000,238.4,0.0,0.0,,,,,0,0,0,0,0,0,0,0.0
fast tones,sim,500,,,moderate,-18.0,average,fading,,1000,89.2,0.0,0.0,,,,,0,0,0,0,0,0,0,0.0
fast tones,sim,500,,,moderate,-18.0,average,fading,,1000,119.9,0.0,0.0,,,,,0,0,0,0,0,0,0,0.0
fast tones,sim,500,,,moderate,-18.0,average,fading,,1000,112.9,0.0,0.0,,,,,0,0,0,0,0,0,0,0.0
fast tones,sim,500,,,moderate,-18.0,average,fading,,1000,196.2,0.0,0.0,,,,,0,0,0,0,0,0,0,0.0
fast tones,sim,500,,,moderate,-18.0,average,fading,,1000,129.5,0.0,0.0,,,,,0,0,0,0,0,0,0,0.0
fast tones,sim,500,,,moderate,-18.0,average,fading,,1000,93.0,0.0,0.0,,,,,0,0,0,0,0,0,0,0.0
fast tones,sim,500,,,moderate,-18.0,average,fading,,1000,180.3,0.0,0.0,,,,,0,0,0,0,0,0,0,0.0
fast tones,sim,500,,,moderate,-18.0,average,fading,,1000,140.7,0.0,0.0,,,,,0,0,0,0,0,0,0,0.0
fast tones,sim,500,,,moderate,-18.0,average,fading,,1000,124.9,0.0,0.0,,,,,0,0,0,0,0,0,0,0.0
fast tones,sim,500,,,moderate,-14.0,average,fading,,1000,461.4,17.3,0.0,,0,0,0,0,11,63,15,3,1,1,0.1
fast tones,sim,500,,,moderate,-14.0,average,fading,,1000,374.3,21.4,0.0,,0,0,0,0,10,57,9,3,0,1,0.1
fast tones,sim,500,,,moderate,-14.0,average,fading,,1000,404.6,19.8,0.0,,0,0,0,0,11,62,14,1,1,1,0.1
fast tones,sim,500,,,moderate,-14.0,average,fading,,1000,390.7,20.5,0.0,,0,1,0,2,10,60,15,6,1,1,0.1
fast tones,sim,500,,,moderate,-14.0,average,fading,,1000,409.9,19.5,0.0,,0,0,0,0,10,59,11,0,1,1,0.1
fast tones,sim,500,,,moderate,-14.0,average,fading,,1000,393.7,20.3,0.0,,0,0,0,0,11,60,12,1,0,1,0.1
fast tones,sim,500,,,moderate,-14.0,average,fading,,1000,425.0,18.8,0.0,,0,0,0,0,11,56,8,1,1,1,0.1
fast tones,sim,500,,,moderate,-14.0,average,fading,,1000,435.6,18.4,0.0,,0,0,0,0,12,67,19,3,2,1,0.1
fast tones,sim,500,,,moderate,-14.0,average,fading,,1000,369.2,21.7,0.0,,0,0,0,0,10,56,8,1,1,1,0.1
fast tones,sim,500,,,moderate,-14.0,average,fading,,1000,406.7,19.7,0.0,,0,0,0,0,12,57,9,1,1,1,0.1
fast tones,sim,500,,,moderate,-14.0,average,fading,,1000,410.2,19.5,0.0,,0,0,0,0,11,60,12,1,1,1,0.1
fast tones,sim,500,,,moderate,-14.0,average,fading,,1000,413.7,19.3,0.0,,0,0,0,0,12,63,15,1,1,1,0.1
fast tones,sim,500,,,moderate,-14.0,average,fading,,1000,431.0,18.6,0.0,,0,0,0,0,12,66,18,1,2,1,0.1
fast tones,sim,500,,,moderate,-14.0,average,fading,,1000,394.5,20.3,0.0,,0,0,0,0,11,60,12,0,1,1,0.1
fast tones,sim,500,,,moderate,-14.0,average,fading,,1000,411.5,19.4,0.0,,0,0,0,0,11,57,9,2,0,1,0.1
fast tones,sim,500,,,moderate,-14.0,average,fading,,1000,414.4,19.3,0.0,,0,0,0,0,11,64,16,0,1,1,0.1
fast tones,sim,500,,,moderate,-14.0,average,fading,,1000,463.2,17.3,0.0,,0,0,0,0,12,72,24,0,3,1,0.1
fast tones,sim,500,,,moderate,-14.0,average,fading,,1000,390.5,20.5,0.0,,0,0,0,0,10,60,12,4,1,1,0.1
fast tones,sim,500,,,moderate,-14.0,average,fading,,1000,443.8,18.0,0.0,,0,0,0,0,10,60,12,0,1,1,0.1
fast tones,sim,500,,,moderate,-14.0,average,fading,,1000,418.0,19.1,0.0,,0,0,0,0,11,63,15,1,2,1,0.1
fast tones,sim,500,,,moderate,-14.0,average,fading,,1000,470.9,17.0,0.0,,0,0,0,0,13,66,18,1,3,1,0.1
fast tones,sim,500,,,moderate,-14.0,average,fading,,1000,404.2,19.8,0.0,,0,0,0,0,11,62,14,1,1,1,0.1
fast tones,sim,500,,,moderate,-14.0,average,fading,,1000,468.6,17.1,0.0,,0,0,0,0,13,68,20,0,3,1,0.1
fast tones,sim,500,,,moderate,-14.0,average,fading,,1000,362.0,22.1,0.0,,0,0,0,0,10,55,7,1,0,1,0.1
fast tones,sim,500,,,moderate,-14.0,average,fading,,1000,358.2,22.3,0.0,,0,0,0,0,10,54,6,1,0,1,0.1
fast tones,sim,500,,,moderate,-14.0,average,fading,,1000,405.7,19.7,0.0,,0,0,0,0,10,57,9,1,0,1,0.1
fast tones,sim,500,,,moderate,-14.0,average,fading,,1000,352.5,22.7,0.0,,0,0,0,0,9,54,6,2,0,1,0.1
fast tones,sim,500,,,moderate,-14.0,average,fading,,1000,353.3,22.6,0.0,,0,0,0,0,10,53,5,1,0,1,0.1
fast tones,sim,500,,,moderate,-14.0,average,fading,,1000,378.7,21.1,0.0,,0,0,0,0,10,58,10,1,0,1,0.1
fast tones,sim,500,,,moderate,-14.0,average,fading,,1000,435.3,18.4,0.0,,0,0,0,0,11,64,16,5,1,1,0.1
fast tones,sim,500,,,moderate,-12.0,average,fading,,1000,370.0,21.6,35.8,0.604,0,0,0,0,10,56,8,0,1,1,0.1
fast tones,sim,500,,,moderate,-12.0,average,fading,,1000,317.7,25.2,35.8,0.703,0,1,0,2,8,48,3,1,0,1,0.0
fast tones,sim,500,,,moderate,-12.0,average,fading,,1000,325.7,24.6,35.8,0.686,0,1,0,2,9,49,4,1,0,1,0.1
fast tones,sim,500,,,moderate,-12.0,average,fading,,1000,326.3,24.5,35.8,0.684,0,1,0,2,10,48,3,1,1,1,0.1
fast tones,sim,500,,,moderate,-12.0,average,fading,,1000,317.0,25.2,35.8,0.705,0,1,0,2,8,48,3,1,0,1,0.1
fast tones,sim,500,,,moderate,-12.0,average,fading,,1000,316.7,25.3,35.8,0.705,0,1,0,2,8,48,3,1,0,1,0.1
fast tones,sim,500,,,moderate,-12.0,average,fading,,1000,306.7,26.1,35.8,0.728,0,1,0,2,8,46,1,0,0,1,0.0
fast tones,sim,500,,,moderate,-12.0,average,fading,,1000,341.8,23.4,35.8,0.653,0,1,0,2,9,52,7,1,1,1,0.1
fast tones,sim,500,,,moderate,-12.0,average,fading,,1000,317.1,25.2,35.8,0.704,0,1,0,2,8,48,3,1,0,1,0.0
fast tones,sim,500,,,moderate,-12.0,average,fading,,1000,327.7,24.4,35.8,0.682,0,1,0,2,9,49,4,2,0,1,0.1
fast tones,sim,500,,,moderate,-12.0,average,fading,,1000,369.3,21.7,35.8,0.605,0,0,0,0,10,56,8,0,1,1,0.1
fast tones,sim,500,,,moderate,-12.0,average,fading,,1000,330.6,24.2,35.8,0.675,0,0,0,0,9,50,2,0,0,1,0.1
fast tones,sim,500,,,moderate,-12.0,average,fading,,1000,279.8,28.6,35.8,0.798,0,1,0,2,7,42,1,1,0,1,0.0
fast tones,sim,500,,,moderate,-12.0,average,fading,,1000,337.1,23.7,35.8,0.663,0,0,0,0,9,51,3,0,0,1,0.1
fast tones,sim,500,,,moderate,-12.0,average,fading,,1000,336.9,23.7,35.8,0.663,0,0,0,0,9,51,3,0,0,1,0.1
fast tones,sim,500,,,moderate,-12.0,average,fading,,1000,330.2,24.2,35.8,0.676,0,0,0,0,9,50,2,0,0,1,0.1
fast tones,sim,500,,,moderate,-12.0,average,fading,,1000,346.0,23.1,35.8,0.646,0,0,0,0,10,52,4,0,1,1,0.1
fast tones,sim,500,,,moderate,-12.0,average,fading,,1000,337.2,23.7,35.8,0.662,0,0,0,0,9,51,3,0,0,1,0.1
fast tones,sim,500,,,moderate,-12.0,average,fading,,1000,316.0,25.3,35.8,0.707,0,1,0,2,8,48,3,0,0,1,0.1
fast tones,sim,500,,,moderate,-12.0,average,fading,,1000,320.4,25.0,35.8,0.697,0,1,0,2,9,48,3,0,0,1,0.1
fast tones,sim,500,,,moderate,-12.0,average,fading,,1000,388.1,20.6,35.8,0.575,0,1,0,2,9,54,9,1,1,1,0.1
fast tones,sim,500,,,moderate,-12.0,average,fading,,1000,325.3,24.6,35.8,0.687,0,1,0,2,9,49,4,0,0,1,0.1
fast tones,sim,500,,,moderate,-12.0,average,fading,,1000,368.4,21.7,35.8,0.606,0,1,0,2,10,56,11,1,1,1,0.1
fast tones,sim,500,,,moderate,-12.0,average,fading,,1000,300.0,26.7,35.8,0.744,0,1,0,2,8,45,4,0,0,1,0.1
fast tones,sim,500,,,moderate,-12.0,average,fading,,1000,306.9,26.1,35.8,0.728,0,1,0,2,8,46,1,1,0,1,0.0
fast tones,sim,500,,,moderate,-12.0,average,fading,,1000,349.0,22.9,35.8,0.64,0,1,0,2,8,48,3,0,0,1,0.1
fast tones,sim,500,,,moderate,-12.0,average,fading,,1000,325.7,24.6,35.8,0.686,0,1,1,1,9,49,1,0,0,1,0.1
fast tones,sim,500,,,moderate,-12.0,average,fading,,1000,333.0,24.0,35.8,0.671,0,0,0,0,9,50,2,0,0,1,0.1
fast tones,sim,500,,,moderate,-12.0,average,fading,,1000,337.0,23.7,35.8,0.663,0,0,0,0,9,51,3,0,0,1,0.1
fast tones,sim,500,,,moderate,-12.0,average,fading,,1000,347.8,23.0,35.8,0.642,0,1,0,2,9,53,8,1,0,1,0.1
fast tones,sim,500,,,moderate,-10.0,average,fading,,1000,317.9,25.2,53.7,0.468,0,1,0,2,8,48,3,0,0,1,0.1
fast tones,sim,500,,,moderate,-10.0,average,fading,,1000,254.5,31.4,53.7,0.585,0,1,0,4,7,37,2,0,0,1,0.0
fast tones,sim,500,,,moderate,-10.0,average,fading,,1000,305.5,26.2,53.7,0.487,0,1,0,4,8,46,4,1,0,1,0.1
fast tones,sim,500,,,moderate,-10.0,average,fading,,1000,270.1,29.6,53.7,0.551,0,1,0,4,7,40,2,1,0,1,0.0
fast tones,sim,500,,,moderate,-10.0,average,fading,,1000,253.8,31.5,53.7,0.587,0,1,0,2,7,37,3,0,0,1,0.0
fast tones,sim,500,,,moderate,-10.0,average,fading,,1000,289.9,27.6,53.7,0.514,0,1,0,4,8,43,2,0,0,1,0.0
fast tones,sim,500,,,moderate,-10.0,average,fading,,1000,228.6,35.0,53.7,0.651,0,1,1,1,6,33,0,0,0,1,0.1
fast tones,sim,500,,,moderate,-10.0,average,fading,,1000,272.4,29.4,53.7,0.546,0,1,0,2,8,40,2,0,0,1,0.0
fast tones,sim,500,,,moderate,-10.0,average,fading,,1000,237.9,33.6,53.7,0.626,0,1,0,2,7,34,1,0,0,1,0.0
fast tones,sim,500,,,moderate,-10.0,average,fading,,1000,271.0,29.5,53.7,0.549,0,1,1,3,7,40,1,1,0,1,0.0
fast tones,sim,500,,,moderate,-10.0,average,fading,,1000,239.1,33.5,53.7,0.623,0,1,0,2,6,35,1,0,0,1,0.0
fast tones,sim,500,,,moderate,-10.0,average,fading,,1000,309.2,25.9,53.7,0.482,0,1,0,2,9,46,2,0,0,1,0.1
fast tones,sim,500,,,moderate,-10.0,average,fading,,1000,243.4,32.9,53.7,0.612,0,1,1,3,6,36,1,1,0,1,0.0
fast tones,sim,500,,,moderate,-10.0,average,fading,,1000,290.0,27.6,53.7,0.513,0,1,0,4,8,43,2,0,0,1,0.0
fast tones,sim,500,,,moderate,-10.0,average,fading,,1000,280.3,28.5,53.7,0.531,0,1,0,2,7,42,1,0,0,1,0.0
fast tones,sim,500,,,moderate,-10.0,average,fading,,1000,293.8,27.2,53.7,0.507,0,1,1,3,8,44,3,0,0,1,0.1
fast tones,sim,500,,,moderate,-10.0,average,fading,,1000,279.0,28.7,53.7,0.534,0,1,1,3,7,42,1,0,0,1,0.0
fast tones,sim,500,,,moderate,-10.0,average,fading,,1000,284.8,28.1,53.7,0.523,0,1,0,4,8,42,3,1,0,1,0.0
fast tones,sim,500,,,moderate,-10.0,average,fading,,1000,237.9,33.6,53.7,0.626,0,1,0,2,6,35,1,0,0,1,0.0
fast tones,sim,500,,,moderate,-10.0,average,fading,,1000,298.9,26.8,53.7,0.498,0,1,0,4,9,44,3,0,0,1,0.1
fast tones,sim,500,,,moderate,-10.0,average,fading,,1000,242.6,33.0,53.7,0.614,0,1,1,3,6,36,1,0,0,1,0.0
fast tones,sim,500,,,moderate,-10.0,average,fading,,1000,243.0,32.9,53.7,0.613,0,1,1,3,6,36,2,0,0,1,0.0
fast tones,sim,500,,,moderate,-10.0,average,fading,,1000,315.9,25.3,53.7,0.471,0,1,0,4,9,47,8,0,1,1,0.1
fast tones,sim,500,,,moderate,-10.0,average,fading,,1000,243.4,32.9,53.7,0.612,0,1,0,2,6,36,2,0,0,1,0.0
fast tones,sim,500,,,moderate,-10.0,average,fading,,1000,281.2,28.4,53.7,0.529,0,1,1,3,7,42,1,0,0,1,0.0
fast tones,sim,500,,,moderate,-10.0,average,fading,,1000,236.8,33.8,53.7,0.629,0,1,0,2,7,34,1,0,0,1,0.0
fast tones,sim,500,,,moderate,-10.0,average,fading,,1000,278.6,28.7,53.7,0.534,0,1,0,4,8,41,2,0,0,1,0.1
fast tones,sim,500,,,moderate,-10.0,average,fading,,1000,245.3,32.6,53.7,0.607,0,1,1,3,6,36,2,0,0,1,0.0
fast tones,sim,500,,,moderate,-10.0,average,fading,,1000,269.6,29.7,53.7,0.552,0,1,1,3,7,40,1,0,0,1,0.0
fast tones,sim,500,,,moderate,-10.0,average,fading,,1000,300.7,26.6,53.7,0.495,0,1,0,2,8,45,4,0,0,1,0.0
fast tones,sim,500,,,moderate,-8.0,average,fading,,1000,291.1,27.5,53.7,0.511,0,1,0,4,8,43,2,0,0,1,0.0
fast tones,sim,500,,,moderate,-8.0,average,fading,,1000,228.8,35.0,53.7,0.651,0,1,1,1,6,33,0,0,0,1,0.0
fast tones,sim,500,,,moderate,-8.0,average,fading,,1000,214.8,37.2,53.7,0.693,0,1,1,1,6,33,0,0,0,1,0.0
fast tones,sim,500,,,moderate,-8.0,average,fading,,1000,228.3,35.0,53.7,0.652,0,1,1,1,6,33,0,0,0,1,0.0
fast tones,sim,500,,,moderate,-8.0,average,fading,,1000,238.9,33.5,53.7,0.623,0,1,0,2,6,35,1,0,0,1,0.0
fast tones,sim,500,,,moderate,-8.0,average,fading,,1000,227.9,35.1,53.7,0.653,0,1,1,1,6,33,0,0,0,1,0.0
fast tones,sim,500,,,moderate,-8.0,average,fading,,1000,228.6,35.0,53.7,0.651,0,1,1,1,6,33,0,0,0,1,0.0
fast tones,sim,500,,,moderate,-8.0,average,fading,,1000,226.5,35.3,53.7,0.657,0,1,1,1,6,33,0,0,0,1,0.0
fast tones,sim,500,,,moderate,-8.0,average,fading,,1000,228.3,35.0,53.7,0.652,0,1,1,1,6,33,0,0,0,1,0.0
fast tones,sim,500,,,moderate,-8.0,average,fading,,1000,229.3,34.9,53.7,0.649,0,1,1,1,6,33,0,0,0,1,0.0
fast tones,sim,500,,,moderate,-8.0,average,fading,,1000,228.4,35.0,53.7,0.652,0,1,1,1,6,33,0,0,0,1,0.0
fast tones,sim,500,,,moderate,-8.0,average,fading,,1000,226.9,35.3,53.7,0.656,0,1,1,1,6,33,0,0,0,1,0.1
fast tones,sim,500,,,moderate,-8.0,average,fading,,1000,232.7,34.4,53.7,0.64,0,1,1,1,6,34,1,0,0,1,0.0
fast tones,sim,500,,,moderate,-8.0,average,fading,,1000,238.7,33.5,53.7,0.624,0,1,0,2,6,35,1,0,0,1,0.0
fast tones,sim,500,,,moderate,-8.0,average,fading,,1000,253.5,31.6,53.7,0.587,0,1,0,4,7,37,2,0,0,1,0.0
fast tones,sim,500,,,moderate,-8.0,average,fading,,1000,237.2,33.7,53.7,0.628,0,1,0,2,6,35,1,0,0,1,0.0
fast tones,sim,500,,,moderate,-8.0,average,fading,,1000,242.6,33.0,53.7,0.614,0,1,1,3,6,36,1,0,0,1,0.0
fast tones,sim,500,,,moderate,-8.0,average,fading,,1000,244.2,32.8,53.7,0.61,0,1,1,3,6,36,1,0,0,1,0.0
fast tones,sim,500,,,moderate,-8.0,average,fading,,1000,227.2,35.2,53.7,0.655,0,1,1,1,6,33,0,0,0,1,0.0
fast tones,sim,500,,,moderate,-8.0,average,fading,,1000,227.3,35.2,53.7,0.655,0,1,1,1,6,33,0,0,0,1,0.0
fast tones,sim,500,,,moderate,-8.0,average,fading,,1000,226.5,35.3,53.7,0.657,0,1,1,1,6,33,0,0,0,1,0.0
fast tones,sim,500,,,moderate,-8.0,average,fading,,1000,252.6,31.7,53.7,0.589,0,1,1,3,7,37,2,0,0,1,0.0
fast tones,sim,500,,,moderate,-8.0,average,fading,,1000,264.6,30.2,53.7,0.563,0,1,1,3,7,39,6,0,1,1,0.0
fast tones,sim,500,,,moderate,-8.0,average,fading,,1000,227.3,35.2,53.7,0.655,0,1,1,1,6,33,0,0,0,1,0.0
fast tones,sim,500,,,moderate,-8.0,average,fading,,1000,228.8,35.0,53.7,0.651,0,1,1,1,6,33,0,0,0,1,0.0
fast tones,sim,500,,,moderate,-8.0,average,fading,,1000,227.2,35.2,53.7,0.655,0,1,1,1,6,33,0,0,0,1,0.1
fast tones,sim,500,,,moderate,-8.0,average,fading,,1000,227.3,35.2,53.7,0.655,0,1,1,1,6,33,0,0,0,1,0.1
fast tones,sim,500,,,moderate,-8.0,average,fading,,1000,245.3,32.6,53.7,0.607,0,1,1,3,6,36,1,0,0,1,0.0
fast tones,sim,500,,,moderate,-8.0,average,fading,,1000,227.9,35.1,53.7,0.653,0,1,1,1,6,33,0,0,0,1,0.0
fast tones,sim,500,,,moderate,-8.0,average,fading,,1000,275.0,29.1,53.7,0.541,0,1,0,4,7,41,3,0,0,1,0.1
fast tones,sim,500,,,moderate,-6.0,average,fading,,1000,229.1,34.9,53.7,0.65,0,1,1,1,6,33,0,0,0,1,0.0
fast tones,sim,500,,,moderate,-6.0,average,fading,,1000,228.8,35.0,53.7,0.651,0,1,1,1,6,33,0,0,0,1,0.1
fast tones,sim,500,,,moderate,-6.0,average,fading,,1000,214.8,37.2,53.7,0.693,0,1,1,1,6,33,0,0,0,1,0.1
fast tones,sim,500,,,moderate,-6.0,average,fading,,1000,233.7,34.2,53.7,0.637,0,1,1,1,6,34,1,0,0,1,0.1
fast tones,sim,500,,,moderate,-6.0,average,fading,,1000,295.9,27.0,53.7,0.503,0,2,1,3,12,62,25,2,4,1,0.1
fast tones,sim,500,,,moderate,-6.0,average,fading,,1000,233.3,34.3,53.7,0.638,0,1,1,1,6,34,1,0,0,1,0.0
fast tones,sim,500,,,moderate,-6.0,average,fading,,1000,228.6,35.0,53.7,0.651,0,1,1,1,6,33,0,0,0,1,0.0
fast tones,sim,500,,,moderate,-6.0,average,fading,,1000,231.9,34.5,53.7,0.642,0,1,1,1,6,34,1,0,0,1,0.1
fast tones,sim,500,,,moderate,-6.0,average,fading,,1000,214.5,37.3,53.7,0.694,0,1,1,1,6,33,0,0,0,1,0.0
fast tones,sim,500,,,moderate,-6.0,average,fading,,1000,229.3,34.9,53.7,0.649,0,1,1,1,6,33,0,0,0,1,0.1
fast tones,sim,500,,,moderate,-6.0,average,fading,,1000,228.4,35.0,53.7,0.652,0,1,1,1,6,33,0,0,0,1,0.0
fast tones,sim,500,,,moderate,-6.0,average,fading,,1000,226.9,35.3,53.7,0.656,0,1,1,1,6,33,0,0,0,1,0.1
fast tones,sim,500,,,moderate,-6.0,average,fading,,1000,226.4,35.3,53.7,0.658,0,2,1,2,10,50,14,1,3,1,0.1
fast tones,sim,500,,,moderate,-6.0,average,fading,,1000,233.3,34.3,53.7,0.638,0,1,1,1,6,34,1,0,0,1,0.1
fast tones,sim,500,,,moderate,-6.0,average,fading,,1000,227.8,35.1,53.7,0.654,0,1,1,1,6,33,0,0,0,1,0.1
fast tones,sim,500,,,moderate,-6.0,average,fading,,1000,214.6,37.3,53.7,0.694,0,1,1,1,6,33,0,0,0,1,0.1
fast tones,sim,500,,,moderate,-6.0,average,fading,,1000,226.5,35.3,53.7,0.657,0,1,1,1,6,33,0,0,0,1,0.0
fast tones,sim,500,,,moderate,-6.0,average,fading,,1000,228.1,35.1,53.7,0.653,0,1,1,1,6,33,0,0,0,1,0.1
fast tones,sim,500,,,moderate,-6.0,average,fading,,1000,227.2,35.2,53.7,0.655,0,1,1,1,6,33,0,0,0,1,0.1
fast tones,sim,500,,,moderate,-6.0,average,fading,,1000,227.3,35.2,53.7,0.655,0,1,1,1,6,33,0,0,0,1,0.0
fast tones,sim,500,,,moderate,-6.0,average,fading,,1000,231.9,34.5,53.7,0.642,0,1,1,1,6,34,1,0,0,1,0.1
fast tones,sim,500,,,moderate,-6.0,average,fading,,1000,228.6,35.0,53.7,0.651,0,2,1,2,10,48,12,3,3,1,0.1
fast tones,sim,500,,,moderate,-6.0,average,fading,,1000,232.8,34.4,53.7,0.64,0,1,1,1,6,34,1,0,0,1,0.1
fast tones,sim,500,,,moderate,-6.0,average,fading,,1000,227.3,35.2,53.7,0.655,0,1,1,1,6,33,0,0,0,1,0.0
fast tones,sim,500,,,moderate,-6.0,average,fading,,1000,228.8,35.0,53.7,0.651,0,1,1,1,6,33,0,0,0,1,0.1
fast tones,sim,500,,,moderate,-6.0,average,fading,,1000,227.2,35.2,53.7,0.655,0,1,1,1,6,33,0,0,0,1,0.1
fast tones,sim,500,,,moderate,-6.0,average,fading,,1000,227.3,35.2,53.7,0.655,0,1,1,1,6,33,0,0,0,1,0.1
fast tones,sim,500,,,moderate,-6.0,average,fading,,1000,229.3,34.9,53.7,0.649,0,1,1,1,6,33,0,0,0,1,0.1
fast tones,sim,500,,,moderate,-6.0,average,fading,,1000,233.3,34.3,53.7,0.638,0,1,1,1,6,34,1,0,0,1,0.1
fast tones,sim,500,,,moderate,-6.0,average,fading,,1000,244.0,32.8,53.7,0.61,0,1,1,3,6,36,1,0,0,1,0.1
fast tones,sim,500,,,moderate,-4.0,average,fading,,1000,214.6,37.3,53.7,0.694,0,1,1,1,6,33,0,0,0,1,0.1
fast tones,sim,500,,,moderate,-4.0,average,fading,,1000,228.8,35.0,53.7,0.651,0,1,1,1,6,33,0,0,0,1,0.1
fast tones,sim,500,,,moderate,-4.0,average,fading,,1000,220.1,36.3,53.7,0.676,0,1,1,1,6,34,1,0,0,1,0.1
fast tones,sim,500,,,moderate,-4.0,average,fading,,1000,233.7,34.2,53.7,0.637,0,1,1,1,6,34,1,0,0,1,0.0
fast tones,sim,500,,,moderate,-4.0,average,fading,,1000,258.8,30.9,53.7,0.575,0,3,1,4,11,56,19,2,3,1,0.1
fast tones,sim,500,,,moderate,-4.0,average,fading,,1000,219.7,36.4,53.7,0.678,0,1,1,1,6,34,1,0,0,1,0.0
fast tones,sim,500,,,moderate,-4.0,average,fading,,1000,228.6,35.0,53.7,0.651,0,1,1,1,6,33,0,0,0,1,0.0
fast tones,sim,500,,,moderate,-4.0,average,fading,,1000,231.9,34.5,53.7,0.642,0,1,1,1,6,34,1,0,0,1,0.0
fast tones,sim,500,,,moderate,-4.0,average,fading,,1000,214.5,37.3,53.7,0.694,0,1,1,1,6,33,0,0,0,1,0.0
fast tones,sim,500,,,moderate,-4.0,average,fading,,1000,229.3,34.9,53.7,0.649,0,1,1,1,6,33,0,0,0,1,0.0
fast tones,sim,500,,,moderate,-4.0,average,fading,,1000,210.7,38.0,53.7,0.707,0,1,1,1,6,33,0,0,0,1,0.0
fast tones,sim,500,,,moderate,-4.0,average,fading,,1000,232.3,34.4,53.7,0.641,0,1,1,1,6,34,1,0,0,1,0.0
fast tones,sim,500,,,moderate,-4.0,average,fading,,1000,216.5,37.0,53.7,0.688,0,2,1,3,9,43,6,1,1,1,0.1
fast tones,sim,500,,,moderate,-4.0,average,fading,,1000,196.6,40.7,53.7,0.757,1,2,1,1,7,38,3,1,0,1,0.0
fast tones,sim,500,,,moderate,-4.0,average,fading,,1000,227.8,35.1,53.7,0.654,0,1,1,1,6,33,0,0,0,1,0.1
fast tones,sim,500,,,moderate,-4.0,average,fading,,1000,235.6,34.0,53.7,0.632,0,2,1,2,10,55,19,0,3,1,0.0
fast tones,sim,500,,,moderate,-4.0,average,fading,,1000,226.5,35.3,53.7,0.657,0,1,1,1,6,33,0,0,0,1,0.0
fast tones,sim,500,,,moderate,-4.0,average,fading,,1000,233.5,34.3,53.7,0.638,0,1,1,1,6,34,1,0,0,1,0.0
fast tones,sim,500,,,moderate,-4.0,average,fading,,1000,232.6,34.4,53.7,0.64,0,1,1,1,6,34,1,0,0,1,0.0
fast tones,sim,500,,,moderate,-4.0,average,fading,,1000,227.3,35.2,53.7,0.655,0,1,1,1,6,33,0,0,0,1,0.0
fast tones,sim,500,,,moderate,-4.0,average,fading,,1000,210.7,38.0,53.7,0.707,0,1,1,1,6,33,0,0,0,1,0.0
fast tones,sim,500,,,moderate,-4.0,average,fading,,1000,205.5,38.9,53.7,0.725,0,2,1,2,9,43,8,0,2,1,0.0
fast tones,sim,500,,,moderate,-4.0,average,fading,,1000,232.8,34.4,53.7,0.64,0,1,1,1,6,34,1,0,0,1,0.0
fast tones,sim,500,,,moderate,-4.0,average,fading,,1000,210.7,38.0,53.7,0.707,0,1,1,1,6,33,0,0,0,1,0.0
fast tones,sim,500,,,moderate,-4.0,average,fading,,1000,215.5,37.1,53.7,0.691,0,1,1,1,6,33,0,0,0,1,0.1
fast tones,sim,500,,,moderate,-4.0,average,fading,,1000,227.2,35.2,53.7,0.655,0,1,1,1,6,33,0,0,0,1,0.0
fast tones,sim,500,,,moderate,-4.0,average,fading,,1000,232.7,34.4,53.7,0.64,0,1,1,1,6,34,1,0,0,1,0.0
fast tones,sim,500,,,moderate,-4.0,average,fading,,1000,229.3,34.9,53.7,0.649,0,1,1,1,6,33,0,0,0,1,0.0
fast tones,sim,500,,,moderate,-4.0,average,fading,,1000,233.3,34.3,53.7,0.638,0,1,1,1,6,34,1,0,0,1,0.0
fast tones,sim,500,,,moderate,-4.0,average,fading,,1000,210.7,38.0,53.7,0.707,0,1,1,1,6,33,0,0,0,1,0.1
fast tones,sim,500,,,moderate,-2.0,average,fading,,1000,207.5,38.6,53.7,0.718,0,2,1,3,9,42,7,1,1,1,0.1
fast tones,sim,500,,,moderate,-2.0,average,fading,,1000,232.5,34.4,53.7,0.64,0,2,1,3,9,41,4,1,1,1,0.0
fast tones,sim,500,,,moderate,-2.0,average,fading,,1000,215.4,37.1,53.7,0.691,0,2,1,4,8,43,6,2,1,1,0.1
fast tones,sim,500,,,moderate,-2.0,average,fading,,1000,209.5,38.2,53.7,0.711,0,3,1,3,8,39,4,3,0,1,0.0
fast tones,sim,500,,,moderate,-2.0,average,fading,,1000,216.8,36.9,53.7,0.687,0,3,1,3,9,53,18,4,3,1,0.0
fast tones,sim,500,,,moderate,-2.0,average,fading,,1000,224.8,35.6,53.7,0.662,0,2,1,2,9,41,4,0,0,1,0.1
fast tones,sim,500,,,moderate,-2.0,average,fading,,1000,227.3,35.2,53.7,0.655,0,2,1,3,8,38,1,0,0,1,0.1
fast tones,sim,500,,,moderate,-2.0,average,fading,,1000,219.6,36.4,53.7,0.678,0,2,1,3,9,43,6,0,1,1,0.0
fast tones,sim,500,,,moderate,-2.0,average,fading,,1000,204.3,39.2,53.7,0.729,0,2,1,2,7,41,6,1,1,1,0.1
fast tones,sim,500,,,moderate,-2.0,average,fading,,1000,230.9,34.7,53.7,0.645,0,2,1,5,9,39,2,0,1,1,0.1
fast tones,sim,500,,,moderate,-2.0,average,fading,,1000,224.4,35.6,53.7,0.663,0,2,1,3,10,44,8,0,3,1,0.1
fast tones,sim,500,,,moderate,-2.0,average,fading,,1000,250.5,31.9,53.7,0.594,0,2,0,3,9,51,13,3,2,1,0.1
fast tones,sim,500,,,moderate,-2.0,average,fading,,1000,184.2,43.4,53.7,0.808,0,3,1,3,8,48,9,1,1,1,0.1
fast tones,sim,500,,,moderate,-2.0,average,fading,,1000,196.6,40.7,53.7,0.757,1,2,1,1,7,38,3,0,0,1,0.1
fast tones,sim,500,,,moderate,-2.0,average,fading,,1000,219.6,36.4,53.7,0.678,0,2,1,4,8,43,6,0,1,1,0.1
fast tones,sim,500,,,moderate,-2.0,average,fading,,1000,220.0,36.4,53.7,0.677,0,1,1,1,6,34,1,0,0,1,0.1
fast tones,sim,500,,,moderate,-2.0,average,fading,,1000,252.0,31.7,53.7,0.591,0,2,1,4,10,58,19,3,3,1,0.1
fast tones,sim,500,,,moderate,-2.0,average,fading,,1000,194.5,41.1,53.7,0.766,1,2,1,1,7,36,1,0,0,1,0.0
fast tones,sim,500,,,moderate,-2.0,average,fading,,1000,220.6,36.3,53.7,0.675,0,2,1,5,9,40,3,1,1,1,0.0
fast tones,sim,500,,,moderate,-2.0,average,fading,,1000,217.2,36.8,53.7,0.686,0,2,1,2,7,41,6,1,1,1,0.1
fast tones,sim,500,,,moderate,-2.0,average,fading,,1000,200.8,39.8,53.7,0.742,0,2,1,3,8,41,6,3,0,1,0.1
fast tones,sim,500,,,moderate,-2.0,average,fading,,1000,194.7,41.1,53.7,0.765,0,3,1,3,9,41,8,0,2,1,0.0
fast tones,sim,500,,,moderate,-2.0,average,fading,,1000,260.6,30.7,53.7,0.571,0,2,1,3,10,52,13,1,2,1,0.1
fast tones,sim,500,,,moderate,-2.0,average,fading,,1000,200.5,39.9,53.7,0.743,0,2,1,2,7,41,6,0,1,1,0.1
fast tones,sim,500,,,moderate,-2.0,average,fading,,1000,239.1,33.5,53.7,0.623,0,2,1,4,9,51,12,1,2,1,0.1
fast tones,sim,500,,,moderate,-2.0,average,fading,,1000,215.1,37.2,53.7,0.692,0,2,1,3,8,39,2,1,0,1,0.1
fast tones,sim,500,,,moderate,-2.0,average,fading,,1000,232.7,34.4,53.7,0.64,0,1,1,1,6,34,1,0,0,1,0.1
fast tones,sim,500,,,moderate,-2.0,average,fading,,1000,287.4,27.8,53.7,0.518,0,2,1,4,11,61,24,0,4,1,0.1
fast tones,sim,500,,,moderate,-2.0,average,fading,,1000,256.9,31.1,53.7,0.58,0,2,1,4,9,52,13,0,2,1,0.1
fast tones,sim,500,,,moderate,-2.0,average,fading,,1000,223.6,35.8,53.7,0.666,0,2,0,3,9,49,12,1,2,1,0.1
fast tones,sim,500,,,moderate,0.0,average,fading,,1000,215.4,37.1,53.7,0.691,0,2,1,4,8,43,6,0,1,1,0.0
fast tones,sim,500,,,moderate,0.0,average,fading,,1000,191.0,41.9,53.7,0.78,1,3,1,3,8,42,3,0,0,1,0.0
fast tones,sim,500,,,moderate,0.0,average,fading,,1000,194.5,41.1,53.7,0.766,1,2,1,1,7,36,1,0,0,1,0.0
fast tones,sim,500,,,moderate,0.0,average,fading,,1000,193.3,41.4,53.7,0.77,0,4,1,3,9,39,5,3,0,1,0.0
fast tones,sim,500,,,moderate,0.0,average,fading,,1000,206.1,38.8,53.7,0.723,0,4,1,3,9,51,18,4,3,1,0.0
fast tones,sim,500,,,moderate,0.0,average,fading,,1000,180.1,44.4,53.7,0.827,0,4,1,5,11,51,11,0,1,1,0.0
fast tones,sim,500,,,moderate,0.0,average,fading,,1000,233.8,34.2,53.7,0.637,0,2,1,3,10,40,4,0,3,1,0.1
fast tones,sim,500,,,moderate,0.0,average,fading,,1000,205.6,38.9,53.7,0.724,0,2,1,2,8,46,9,0,1,1,0.0
fast tones,sim,500,,,moderate,0.0,average,fading,,1000,198.7,40.3,53.7,0.749,0,2,1,4,9,46,8,0,1,1,0.0
fast tones,sim,500,,,moderate,0.0,average,fading,,1000,210.4,38.0,53.7,0.707,0,2,1,3,8,39,2,1,0,1,0.0
fast tones,sim,500,,,moderate,0.0,average,fading,,1000,197.6,40.5,53.7,0.753,0,2,1,3,8,38,3,1,0,1,0.0
fast tones,sim,500,,,moderate,0.0,average,fading,,1000,219.6,36.4,53.7,0.678,0,3,1,5,10,50,8,0,1,1,0.0
fast tones,sim,500,,,moderate,0.0,average,fading,,1000,172.9,46.3,53.7,0.861,0,4,1,5,10,55,15,0,2,1,0.0
fast tones,sim,500,,,moderate,0.0,average,fading,,1000,158.6,50.4,53.7,0.939,1,3,1,4,9,51,7,0,0,1,0.0
fast tones,sim,500,,,moderate,0.0,average,fading,,1000,178.8,44.7,53.7,0.832,0,3,1,4,8,47,6,1,1,1,0.0
fast tones,sim,500,,,moderate,0.0,average,fading,,1000,205.0,39.0,53.7,0.726,0,2,0,7,11,41,4,1,3,1,0.0
fast tones,sim,500,,,moderate,0.0,average,fading,,1000,218.7,36.6,53.7,0.681,0,2,1,4,10,45,4,0,0,1,0.0
fast tones,sim,500,,,moderate,0.0,average,fading,,1000,194.5,41.1,53.7,0.766,1,2,1,1,7,36,1,0,0,1,0.0
fast tones,sim,500,,,moderate,0.0,average,fading,,1000,226.2,35.4,53.7,0.658,0,2,1,3,8,45,6,1,1,1,0.0
fast tones,sim,500,,,moderate,0.0,average,fading,,1000,212.2,37.7,53.7,0.702,1,2,1,1,7,37,2,1,0,1,0.0
fast tones,sim,500,,,moderate,0.0,average,fading,,1000,197.3,40.6,53.7,0.755,0,2,1,5,10,48,10,0,0,1,0.0
fast tones,sim,500,,,moderate,0.0,average,fading,,1000,183.8,43.5,53.7,0.81,0,4,1,4,9,47,10,0,2,1,0.0
fast tones,sim,500,,,moderate,0.0,average,fading,,1000,180.4,44.3,53.7,0.825,0,3,1,7,11,46,9,1,2,1,0.0
fast tones,sim,500,,,moderate,0.0,average,fading,,1000,209.5,38.2,53.7,0.711,0,2,0,5,11,49,9,2,2,1,0.0
fast tones,sim,500,,,moderate,0.0,average,fading,,1000,199.1,40.2,53.7,0.748,0,2,1,6,11,48,4,1,1,1,0.0
fast tones,sim,500,,,moderate,0.0,average,fading,,1000,219.4,36.5,53.7,0.679,0,2,1,3,8,39,2,0,0,1,0.0
fast tones,sim,500,,,moderate,0.0,average,fading,,1000,232.4,34.4,53.7,0.641,0,2,1,3,8,40,3,0,0,1,0.0
fast tones,sim,500,,,moderate,0.0,average,fading,,1000,213.9,37.4,53.7,0.696,0,2,1,3,8,38,1,0,0,1,0.0
fast tones,sim,500,,,moderate,0.0,average,fading,,1000,177.6,45.0,53.7,0.838,0,4,1,4,9,42,6,3,0,1,0.0
fast tones,sim,500,,,moderate,0.0,average,fading,,1000,215.4,37.1,53.7,0.691,0,2,1,2,8,43,6,0,1,1,0.0
fast tones,sim,500,,,moderate,2.0,average,fading,,1000,194.0,41.2,113.9,0.362,0,3,1,6,9,41,3,0,1,1,0.0
fast tones,sim,500,,,moderate,2.0,average,fading,,1000,200.3,39.9,113.9,0.351,0,3,1,6,10,42,3,0,1,1,0.0
fast tones,sim,500,,,moderate,2.0,average,fading,,1000,120.1,66.6,113.9,0.585,1,4,1,3,8,43,2,0,0,1,0.0
fast tones,sim,500,,,moderate,2.0,average,fading,,1000,70.7,113.1,113.9,0.993,0,5,2,5,9,54,14,1,2,1,0.0
fast tones,sim,500,,,moderate,2.0,average,fading,,1000,162.3,49.3,113.9,0.433,0,5,1,5,10,45,11,1,2,1,0.0
fast tones,sim,500,,,moderate,2.0,average,fading,,1000,149.1,53.7,113.9,0.471,0,5,1,5,10,46,11,0,1,1,0.0
fast tones,sim,500,,,moderate,2.0,average,fading,,1000,198.2,40.4,113.9,0.354,0,2,1,4,9,45,7,0,1,1,0.0
fast tones,sim,500,,,moderate,2.0,average,fading,,1000,187.3,42.7,113.9,0.375,0,2,1,4,9,50,8,0,1,1,0.0
fast tones,sim,500,,,moderate,2.0,average,fading,,1000,192.0,41.7,113.9,0.366,0,2,1,5,10,43,5,0,0,1,0.0
fast tones,sim,500,,,moderate,2.0,average,fading,,1000,176.6,45.3,113.9,0.398,1,3,1,4,9,48,8,1,1,1,0.0
fast tones,sim,500,,,moderate,2.0,average,fading,,1000,160.0,50.0,113.9,0.439,0,3,1,4,10,54,14,0,2,1,0.0
fast tones,sim,500,,,moderate,2.0,average,fading,,1000,148.7,53.8,113.9,0.473,0,5,1,6,10,49,12,1,1,1,0.0
fast tones,sim,500,,,moderate,2.0,average,fading,,1000,141.9,56.4,113.9,0.495,0,5,1,6,9,50,15,0,2,1,0.0
fast tones,sim,500,,,moderate,2.0,average,fading,,1000,111.5,71.7,113.9,0.63,1,4,1,4,8,43,6,0,0,1,0.0
fast tones,sim,500,,,moderate,2.0,average,fading,,1000,158.8,50.4,113.9,0.442,0,4,3,6,10,54,13,1,2,1,0.0
fast tones,sim,500,,,moderate,2.0,average,fading,,1000,188.9,42.4,113.9,0.372,1,2,1,3,9,41,3,1,0,1,0.0
fast tones,sim,500,,,moderate,2.0,average,fading,,1000,170.6,46.9,113.9,0.412,0,4,0,6,12,49,9,0,2,1,0.0
fast tones,sim,500,,,moderate,2.0,average,fading,,1000,159.3,50.2,113.9,0.441,0,3,1,6,10,54,9,0,1,1,0.0
fast tones,sim,500,,,moderate,2.0,average,fading,,1000,188.9,42.4,113.9,0.372,1,2,1,3,9,41,3,0,0,1,0.0
fast tones,sim,500,,,moderate,2.0,average,fading,,1000,160.4,49.9,113.9,0.438,1,3,1,3,8,42,3,1,0,1,0.0
fast tones,sim,500,,,moderate,2.0,average,fading,,1000,175.9,45.5,113.9,0.399,1,3,1,4,9,44,5,0,0,1,0.0
fast tones,sim,500,,,moderate,2.0,average,fading,,1000,113.9,70.2,113.9,0.617,1,5,1,5,11,61,10,0,1,1,0.0
fast tones,sim,500,,,moderate,2.0,average,fading,,1000,169.5,47.2,113.9,0.415,1,3,2,3,8,40,3,0,0,1,0.0
fast tones,sim,500,,,moderate,2.0,average,fading,,1000,173.4,46.1,113.9,0.405,0,3,0,5,10,41,4,0,1,1,0.0
fast tones,sim,500,,,moderate,2.0,average,fading,,1000,196.4,40.7,113.9,0.358,0,2,1,7,12,43,5,0,3,1,0.0
fast tones,sim,500,,,moderate,2.0,average,fading,,1000,194.6,41.1,113.9,0.361,0,4,1,4,9,39,4,1,0,1,0.0
fast tones,sim,500,,,moderate,2.0,average,fading,,1000,123.0,65.1,113.9,0.571,0,5,1,6,9,44,6,1,1,1,0.0
fast tones,sim,500,,,moderate,2.0,average,fading,,1000,207.2,38.6,113.9,0.339,0,3,1,4,10,55,18,0,3,1,0.0
fast tones,sim,500,,,moderate,2.0,average,fading,,1000,163.3,49.0,113.9,0.43,0,4,1,5,9,54,14,0,2,1,0.0
fast tones,sim,500,,,moderate,2.0,average,fading,,1000,187.8,42.6,113.9,0.374,1,2,1,3,9,40,2,0,0,1,0.0
fast tones,sim,500,,,moderate,6.0,average,fading,,1000,56.6,141.5,258.1,0.548,2,5,3,4,8,43,5,0,0,1,0.0
fast tones,sim,500,,,moderate,6.0,average,fading,,1000,39.7,201.3,258.1,0.78,3,7,5,3,6,29,2,0,0,1,0.0
fast tones,sim,500,,,moderate,6.0,average,fading,,1000,44.6,179.5,258.1,0.696,3,7,3,4,6,32,4,0,0,1,0.0
fast tones,sim,500,,,moderate,6.0,average,fading,,1000,29.3,273.5,258.1,1.06,5,8,7,2,4,21,1,1,0,1,0.0
fast tones,sim,500,,,moderate,6.0,average,fading,,1000,77.3,103.5,258.1,0.401,2,7,3,4,10,60,10,1,1,1,0.0
fast tones,sim,500,,,moderate,6.0,average,fading,,1000,47.1,169.8,258.1,0.658,3,7,3,4,6,36,4,0,0,1,0.0
fast tones,sim,500,,,moderate,6.0,average,fading,,1000,61.8,129.4,258.1,0.501,2,4,3,4,8,48,4,0,0,1,0.0
fast tones,sim,500,,,moderate,6.0,average,fading,,1000,37.7,212.4,258.1,0.823,3,7,5,3,5,28,2,1,0,1,0.0
fast tones,sim,500,,,moderate,6.0,average,fading,,1000,45.0,177.7,258.1,0.689,3,7,4,3,6,34,4,1,0,1,0.0
fast tones,sim,500,,,moderate,6.0,average,fading,,1000,57.2,139.8,258.1,0.542,3,5,4,5,8,39,7,0,1,1,0.0
fast tones,sim,500,,,moderate,6.0,average,fading,,1000,31.4,255.1,258.1,0.989,5,8,7,2,4,23,3,2,0,1,0.0
fast tones,sim,500,,,moderate,6.0,average,fading,,1000,85.9,93.1,258.1,0.361,0,7,4,4,7,34,4,1,0,1,0.0
fast tones,sim,500,,,moderate,6.0,average,fading,,1000,34.5,231.9,258.1,0.899,5,7,5,3,5,25,3,0,0,1,0.0
fast tones,sim,500,,,moderate,6.0,average,fading,,1000,38.7,206.8,258.1,0.801,3,7,3,4,6,28,4,0,0,1,0.0
fast tones,sim,500,,,moderate,6.0,average,fading,,1000,52.4,152.8,258.1,0.592,3,5,3,3,7,40,4,2,0,1,0.0
fast tones,sim,500,,,moderate,6.0,average,fading,,1000,50.3,159.2,258.1,0.617,3,5,3,3,7,38,4,0,0,1,0.0
fast tones,sim,500,,,moderate,6.0,average,fading,,1000,47.0,170.1,258.1,0.659,3,7,3,4,6,32,4,0,0,1,0.0
fast tones,sim,500,,,moderate,6.0,average,fading,,1000,45.8,174.7,258.1,0.677,3,7,5,4,6,34,7,0,1,1,0.0
fast tones,sim,500,,,moderate,6.0,average,fading,,1000,47.1,169.8,258.1,0.658,3,7,4,4,6,36,7,1,0,1,0.0
fast tones,sim,500,,,moderate,6.0,average,fading,,1000,50.3,159.2,258.1,0.617,2,5,4,3,7,38,1,0,0,1,0.0
fast tones,sim,500,,,moderate,6.0,average,fading,,1000,55.2,144.9,258.1,0.561,2,7,2,6,8,41,13,3,1,1,0.0
fast tones,sim,500,,,moderate,6.0,average,fading,,1000,32.4,247.0,258.1,0.957,7,9,7,3,5,23,7,4,0,1,0.0
fast tones,sim,500,,,moderate,6.0,average,fading,,1000,76.2,105.0,258.1,0.407,1,5,1,5,11,58,5,0,1,1,0.0
fast tones,sim,500,,,moderate,6.0,average,fading,,1000,80.4,99.5,258.1,0.386,1,5,1,3,8,41,3,0,0,1,0.0
fast tones,sim,500,,,moderate,6.0,average,fading,,1000,50.3,159.2,258.1,0.617,3,5,3,3,7,38,3,0,0,1,0.0
fast tones,sim,500,,,moderate,6.0,average,fading,,1000,53.4,149.8,258.1,0.58,3,5,3,5,7,41,6,0,0,1,0.0
fast tones,sim,500,,,moderate,6.0,average,fading,,1000,39.8,201.2,258.1,0.78,4,7,4,3,5,30,2,0,0,1,0.0
fast tones,sim,500,,,moderate,6.0,average,fading,,1000,60.8,131.6,258.1,0.51,3,5,3,6,8,42,9,0,1,1,0.0
fast tones,sim,500,,,moderate,6.0,average,fading,,1000,70.4,113.6,258.1,0.44,1,7,1,6,8,39,9,0,1,1,0.0
fast tones,sim,500,,,moderate,6.0,average,fading,,1000,42.9,186.5,258.1,0.723,4,7,4,3,6,32,4,0,0,1,0.0
fast tones,sim,500,,,poor,-18.0,average,fading,,1000,79.7,0.0,0.0,,,,,0,0,0,0,0,0,0,0.0
fast tones,sim,500,,,poor,-18.0,average,fading,,1000,125.6,0.0,0.0,,,,,0,0,0,0,0,0,0,0.0
fast tones,sim,500,,,poor,-18.0,average,fading,,1000,108.3,0.0,0.0,,,,,0,0,0,0,0,0,0,0.0
fast tones,sim,500,,,poor,-18.0,average,fading,,1000,109.6,0.0,0.0,,,,,0,0,0,0,0,0,0,0.0
fast tones,sim,500,,,poor,-18.0,average,fading,,1000,183.3,0.0,0.0,,,,,0,0,0,0,0,0,0,0.0
fast tones,sim,500,,,poor,-18.0,average,fading,,1000,220.6,0.0,0.0,,,,,0,0,0,0,0,0,0,0.0
fast tones,sim,500,,,poor,-18.0,average,fading,,1000,79.4,0.0,0.0,,,,,0,0,0,0,0,0,0,0.0
fast tones,sim,500,,,poor,-18.0,average,fading,,1000,64.4,0.0,0.0,,,,,0,0,0,0,0,0,0,0.0
fast tones,sim,500,,,poor,-18.0,average,fading,,1000,190.3,0.0,0.0,,,,,0,0,0,0,0,0,0,0.0
fast tones,sim,500,,,poor,-18.0,average,fading,,1000,105.2,0.0,0.0,,,,,0,0,0,0,0,0,0,0.0
fast tones,sim,500,,,poor,-18.0,average,fading,,1000,91.4,0.0,0.0,,,,,0,0,0,0,0,0,0,0.0
fast tones,sim,500,,,poor,-18.0,average,fading,,1000,120.7,0.0,0.0,,,,,0,0,0,0,0,0,0,0.0
fast tones,sim,500,,,poor,-18.0,average,fading,,1000,134.0,0.0,0.0,,,,,0,0,0,0,0,0,0,0.0
fast tones,sim,500,,,poor,-18.0,average,fading,,1000,195.4,0.0,0.0,,,,,0,0,0,0,0,0,0,0.0
fast tones,sim,500,,,poor,-18.0,average,fading,,1000,100.2,0.0,0.0,,,,,0,0,0,0,0,0,0,0.0
fast tones,sim,500,,,poor,-18.0,average,fading,,1000,134.9,0.0,0.0,,,,,0,0,0,0,0,0,0,0.0
fast tones,sim,500,,,poor,-18.0,average,fading,,1000,210.8,0.0,0.0,,,,,0,0,0,0,0,0,0,0.0
fast tones,sim,500,,,poor,-18.0,average,fading,,1000,158.4,0.0,0.0,,,,,0,0,0,0,0,0,0,0.0
fast tones,sim,500,,,poor,-18.0,average,fading,,1000,122.0,0.0,0.0,,,,,0,0,0,0,0,0,0,0.0
fast tones,sim,500,,,poor,-18.0,average,fading,,1000,85.7,0.0,0.0,,,,,0,0,0,0,0,0,0,0.0
fast tones,sim,500,,,poor,-18.0,average,fading,,1000,238.4,0.0,0.0,,,,,0,0,0,0,0,0,0,0.0
fast tones,sim,500,,,poor,-18.0,average,fading,,1000,658.0,6.9,0.0,,0,0,0,0,13,78,51,21,8,0,0.1
fast tones,sim,500,,,poor,-18.0,average,fading,,1000,119.9,0.0,0.0,,,,,0,0,0,0,0,0,0,0.0
fast tones,sim,500,,,poor,-18.0,average,fading,,1000,233.8,0.0,0.0,,,,,0,0,0,0,0,0,0,0.0
fast tones,sim,500,,,poor,-18.0,average,fading,,1000,94.3,0.0,0.0,,,,,0,0,0,0,0,0,0,0.0
fast tones,sim,500,,,poor,-18.0,average,fading,,1000,129.5,0.0,0.0,,,,,0,0,0,0,0,0,0,0.0
fast tones,sim,500,,,poor,-18.0,average,fading,,1000,93.0,0.0,0.0,,,,,0,0,0,0,0,0,0,0.0
fast tones,sim,500,,,poor,-18.0,average,fading,,1000,180.3,0.0,0.0,,,,,0,0,0,0,0,0,0,0.0
fast tones,sim,500,,,poor,-18.0,average,fading,,1000,140.7,0.0,0.0,,,,,0,0,0,0,0,0,0,0.0
fast tones,sim,500,,,poor,-18.0,average,fading,,1000,124.9,0.0,0.0,,,,,0,0,0,0,0,0,0,0.0
fast tones,sim,500,,,poor,-14.0,average,fading,,1000,353.1,22.7,35.8,0.632,0,0,0,0,10,53,5,0,0,1,0.1
fast tones,sim,500,,,poor,-14.0,average,fading,,1000,375.6,21.3,35.8,0.595,0,0,0,0,9,52,4,0,0,1,0.1
fast tones,sim,500,,,poor,-14.0,average,fading,,1000,357.5,22.4,35.8,0.625,0,0,0,0,10,54,6,1,1,1,0.1
fast tones,sim,500,,,poor,-14.0,average,fading,,1000,332.1,24.1,35.8,0.673,0,0,0,0,9,50,2,0,0,1,0.0
fast tones,sim,500,,,poor,-14.0,average,fading,,1000,326.6,24.5,35.8,0.684,0,0,0,0,9,49,1,0,0,1,0.1
fast tones,sim,500,,,poor,-14.0,average,fading,,1000,342.4,23.4,35.8,0.652,0,0,0,0,9,52,4,0,0,1,0.1
fast tones,sim,500,,,poor,-14.0,average,fading,,1000,327.0,24.5,35.8,0.683,0,0,0,0,9,49,1,0,0,1,0.1
fast tones,sim,500,,,poor,-14.0,average,fading,,1000,335.6,23.8,35.8,0.665,0,0,0,0,9,51,3,0,0,1,0.0
fast tones,sim,500,,,poor,-14.0,average,fading,,1000,348.8,22.9,35.8,0.64,0,1,0,2,8,48,3,2,0,1,0.1
fast tones,sim,500,,,poor,-14.0,average,fading,,1000,371.8,21.5,35.8,0.601,0,0,0,0,9,53,5,0,0,1,0.1
fast tones,sim,500,,,poor,-14.0,average,fading,,1000,321.4,24.9,35.8,0.695,0,1,0,2,9,48,3,1,0,1,0.1
fast tones,sim,500,,,poor,-14.0,average,fading,,1000,336.0,23.8,35.8,0.665,0,0,0,0,9,51,3,0,0,1,0.1
fast tones,sim,500,,,poor,-14.0,average,fading,,1000,331.1,24.2,35.8,0.675,0,0,0,0,9,50,2,0,0,1,0.1
fast tones,sim,500,,,poor,-14.0,average,fading,,1000,347.8,23.0,35.8,0.642,0,0,0,0,9,53,5,0,0,1,0.1
fast tones,sim,500,,,poor,-14.0,average,fading,,1000,347.7,23.0,35.8,0.642,0,0,0,0,9,53,5,0,0,1,0.1
fast tones,sim,500,,,poor,-14.0,average,fading,,1000,378.1,21.2,35.8,0.591,0,0,0,0,10,58,10,1,1,1,0.1
fast tones,sim,500,,,poor,-14.0,average,fading,,1000,372.8,21.5,35.8,0.599,0,0,0,0,10,57,9,0,1,1,0.1
fast tones,sim,500,,,poor,-14.0,average,fading,,1000,331.9,24.1,35.8,0.673,0,0,0,0,9,50,2,0,0,1,0.1
fast tones,sim,500,,,poor,-14.0,average,fading,,1000,325.6,24.6,35.8,0.686,0,1,0,2,9,49,4,2,0,1,0.0
fast tones,sim,500,,,poor,-14.0,average,fading,,1000,325.7,24.6,35.8,0.686,0,0,0,0,9,49,1,1,0,1,0.0
fast tones,sim,500,,,poor,-14.0,average,fading,,1000,335.6,23.8,35.8,0.665,0,0,0,0,9,51,3,0,0,1,0.0
fast tones,sim,500,,,poor,-14.0,average,fading,,1000,336.0,23.8,35.8,0.665,0,0,0,0,9,51,3,1,0,1,0.1
fast tones,sim,500,,,poor,-14.0,average,fading,,1000,346.9,23.1,35.8,0.644,0,1,0,2,10,52,7,4,1,1,0.1
fast tones,sim,500,,,poor,-14.0,average,fading,,1000,336.4,23.8,35.8,0.664,0,0,0,0,9,51,3,0,0,1,0.1
fast tones,sim,500,,,poor,-14.0,average,fading,,1000,327.2,24.5,35.8,0.683,0,0,0,0,9,49,1,0,0,1,0.1
fast tones,sim,500,,,poor,-14.0,average,fading,,1000,352.4,22.7,35.8,0.634,0,1,0,2,9,54,9,4,0,1,0.1
fast tones,sim,500,,,poor,-14.0,average,fading,,1000,336.4,23.8,35.8,0.664,0,0,0,0,9,51,3,0,0,1,0.1
fast tones,sim,500,,,poor,-14.0,average,fading,,1000,343.7,23.3,35.8,0.65,0,0,0,0,9,52,4,0,0,1,0.1
fast tones,sim,500,,,poor,-14.0,average,fading,,1000,418.1,19.1,35.8,0.534,0,0,0,0,10,52,4,1,0,1,0.1
fast tones,sim,500,,,poor,-14.0,average,fading,,1000,347.8,23.0,35.8,0.642,0,0,0,0,9,53,5,1,0,1,0.1
fast tones,sim,500,,,poor,-12.0,average,fading,,1000,317.9,25.2,35.8,0.703,0,1,0,2,8,48,3,2,0,1,0.0
fast tones,sim,500,,,poor,-12.0,average,fading,,1000,306.9,26.1,35.8,0.728,0,1,0,2,8,46,1,1,0,1,0.0
fast tones,sim,500,,,poor,-12.0,average,fading,,1000,316.2,25.3,35.8,0.706,0,1,0,2,8,48,3,1,0,1,0.0
fast tones,sim,500,,,poor,-12.0,average,fading,,1000,317.1,25.2,35.8,0.704,0,1,0,2,8,48,3,1,0,1,0.0
fast tones,sim,500,,,poor,-12.0,average,fading,,1000,306.3,26.1,35.8,0.729,0,1,0,2,8,46,1,0,0,1,0.0
fast tones,sim,500,,,poor,-12.0,average,fading,,1000,311.4,25.7,35.8,0.717,0,1,0,2,8,47,2,0,0,1,0.0
fast tones,sim,500,,,poor,-12.0,average,fading,,1000,290.6,27.5,35.8,0.768,0,1,0,2,8,43,2,1,0,1,0.0
fast tones,sim,500,,,poor,-12.0,average,fading,,1000,315.3,25.4,35.8,0.708,0,1,0,2,8,48,3,0,0,1,0.0
fast tones,sim,500,,,poor,-12.0,average,fading,,1000,317.1,25.2,35.8,0.704,0,1,0,2,8,48,3,1,0,1,0.0
fast tones,sim,500,,,poor,-12.0,average,fading,,1000,281.7,28.4,35.8,0.793,0,1,0,2,7,42,1,0,0,1,0.0
fast tones,sim,500,,,poor,-12.0,average,fading,,1000,306.5,26.1,35.8,0.729,0,1,0,2,8,46,1,0,0,1,0.0
fast tones,sim,500,,,poor,-12.0,average,fading,,1000,294.3,27.2,35.8,0.759,0,1,0,2,8,44,3,1,0,1,0.0
fast tones,sim,500,,,poor,-12.0,average,fading,,1000,289.3,27.6,35.8,0.772,0,1,0,2,8,43,2,2,0,1,0.1
fast tones,sim,500,,,poor,-12.0,average,fading,,1000,311.4,25.7,35.8,0.717,0,1,0,2,8,47,2,0,0,1,0.1
fast tones,sim,500,,,poor,-12.0,average,fading,,1000,316.7,25.3,35.8,0.705,0,1,0,2,8,48,3,1,0,1,0.1
fast tones,sim,500,,,poor,-12.0,average,fading,,1000,315.3,25.4,35.8,0.708,0,1,0,2,8,48,3,0,0,1,0.1
fast tones,sim,500,,,poor,-12.0,average,fading,,1000,304.6,26.3,35.8,0.733,0,1,0,2,8,46,1,0,0,1,0.0
fast tones,sim,500,,,poor,-12.0,average,fading,,1000,306.2,26.1,35.8,0.729,0,1,0,2,8,46,1,1,0,1,0.0
fast tones,sim,500,,,poor,-12.0,average,fading,,1000,305.3,26.2,35.8,0.732,0,1,0,2,8,46,1,0,0,1,0.0
fast tones,sim,500,,,poor,-12.0,average,fading,,1000,305.4,26.2,35.8,0.731,0,1,0,2,8,46,1,1,0,1,0.0
fast tones,sim,500,,,poor,-12.0,average,fading,,1000,314.2,25.5,35.8,0.711,0,1,0,4,9,47,4,0,0,1,0.0
fast tones,sim,500,,,poor,-12.0,average,fading,,1000,310.4,25.8,35.8,0.72,0,1,0,2,8,47,2,2,0,1,0.0
fast tones,sim,500,,,poor,-12.0,average,fading,,1000,316.3,25.3,35.8,0.706,0,1,0,2,8,48,3,0,0,1,0.0
fast tones,sim,500,,,poor,-12.0,average,fading,,1000,305.4,26.2,35.8,0.731,0,1,0,2,8,46,1,0,0,1,0.0
fast tones,sim,500,,,poor,-12.0,average,fading,,1000,301.5,26.5,35.8,0.741,0,1,1,3,8,45,2,0,0,1,0.0
fast tones,sim,500,,,poor,-12.0,average,fading,,1000,305.3,26.2,35.8,0.731,0,1,0,2,8,46,1,0,0,1,0.0
fast tones,sim,500,,,poor,-12.0,average,fading,,1000,279.7,28.6,35.8,0.798,0,1,0,2,7,42,1,0,0,1,0.0
fast tones,sim,500,,,poor,-12.0,average,fading,,1000,318.1,25.2,35.8,0.702,0,1,0,2,8,48,3,1,0,1,0.0
fast tones,sim,500,,,poor,-12.0,average,fading,,1000,316.7,25.3,35.8,0.705,0,1,0,2,8,48,3,0,0,1,0.0
fast tones,sim,500,,,poor,-12.0,average,fading,,1000,316.8,25.3,35.8,0.705,0,1,0,2,8,48,3,1,0,1,0.0
fast tones,sim,500,,,poor,-10.0,average,fading,,1000,229.1,34.9,53.7,0.65,0,1,1,1,6,33,0,0,0,1,0.0
fast tones,sim,500,,,poor,-10.0,average,fading,,1000,244.9,32.7,53.7,0.608,0,1,1,3,6,36,1,0,0,1,0.0
fast tones,sim,500,,,poor,-10.0,average,fading,,1000,289.4,27.6,53.7,0.515,0,1,0,4,8,43,2,1,0,1,0.1
fast tones,sim,500,,,poor,-10.0,average,fading,,1000,228.3,35.0,53.7,0.652,0,1,1,1,6,33,0,0,0,1,0.0
fast tones,sim,500,,,poor,-10.0,average,fading,,1000,244.3,32.8,53.7,0.61,0,1,1,3,6,36,1,0,0,1,0.0
fast tones,sim,500,,,poor,-10.0,average,fading,,1000,253.6,31.5,53.7,0.587,0,1,0,4,7,37,2,0,0,1,0.0
fast tones,sim,500,,,poor,-10.0,average,fading,,1000,228.6,35.0,53.7,0.651,0,1,1,1,6,33,0,0,0,1,0.0
fast tones,sim,500,,,poor,-10.0,average,fading,,1000,268.2,29.8,53.7,0.555,0,1,1,3,7,40,1,0,0,1,0.0
fast tones,sim,500,,,poor,-10.0,average,fading,,1000,270.1,29.6,53.7,0.551,0,1,1,3,7,40,1,0,0,1,0.0
fast tones,sim,500,,,poor,-10.0,average,fading,,1000,291.3,27.5,53.7,0.511,0,1,0,4,8,43,2,0,0,1,0.0
fast tones,sim,500,,,poor,-10.0,average,fading,,1000,228.4,35.0,53.7,0.652,0,1,1,1,6,33,0,0,0,1,0.0
fast tones,sim,500,,,poor,-10.0,average,fading,,1000,268.6,29.8,53.7,0.554,0,1,1,3,7,40,1,0,0,1,0.0
fast tones,sim,500,,,poor,-10.0,average,fading,,1000,243.4,32.9,53.7,0.612,0,1,1,3,6,36,1,0,0,1,0.0
fast tones,sim,500,,,poor,-10.0,average,fading,,1000,275.1,29.1,53.7,0.541,0,1,1,3,7,41,2,0,0,1,0.0
fast tones,sim,500,,,poor,-10.0,average,fading,,1000,280.3,28.5,53.7,0.531,0,1,0,2,7,42,1,0,0,1,0.0
fast tones,sim,500,,,poor,-10.0,average,fading,,1000,288.5,27.7,53.7,0.516,0,1,0,4,8,43,2,0,0,1,0.0
fast tones,sim,500,,,poor,-10.0,average,fading,,1000,237.2,33.7,53.7,0.628,0,1,0,2,6,35,1,0,0,1,0.0
fast tones,sim,500,,,poor,-10.0,average,fading,,1000,259.1,30.9,53.7,0.575,0,1,1,3,7,38,1,0,0,1,0.0
fast tones,sim,500,,,poor,-10.0,average,fading,,1000,227.2,35.2,53.7,0.655,0,1,1,1,6,33,0,0,0,1,0.0
fast tones,sim,500,,,poor,-10.0,average,fading,,1000,279.8,28.6,53.7,0.532,0,1,1,3,7,42,1,0,0,1,0.0
fast tones,sim,500,,,poor,-10.0,average,fading,,1000,236.1,33.9,53.7,0.631,0,1,0,2,7,34,1,1,0,1,0.0
fast tones,sim,500,,,poor,-10.0,average,fading,,1000,243.0,32.9,53.7,0.613,0,1,1,3,6,36,1,0,0,1,0.0
fast tones,sim,500,,,poor,-10.0,average,fading,,1000,242.4,33.0,53.7,0.614,0,1,0,2,7,35,2,0,0,1,0.0
fast tones,sim,500,,,poor,-10.0,average,fading,,1000,243.4,32.9,53.7,0.612,0,1,0,2,6,36,2,0,0,1,0.0
fast tones,sim,500,,,poor,-10.0,average,fading,,1000,244.8,32.7,53.7,0.608,0,1,1,3,6,36,1,0,0,1,0.0
fast tones,sim,500,,,poor,-10.0,average,fading,,1000,236.8,33.8,53.7,0.629,0,1,0,2,7,34,1,0,0,1,0.0
fast tones,sim,500,,,poor,-10.0,average,fading,,1000,227.3,35.2,53.7,0.655,0,1,1,1,6,33,0,0,0,1,0.0
fast tones,sim,500,,,poor,-10.0,average,fading,,1000,245.3,32.6,53.7,0.607,0,1,1,3,6,36,1,0,0,1,0.0
fast tones,sim,500,,,poor,-10.0,average,fading,,1000,269.6,29.7,53.7,0.552,0,1,0,4,7,40,2,0,0,1,0.0
fast tones,sim,500,,,poor,-10.0,average,fading,,1000,275.0,29.1,53.7,0.541,0,1,0,4,7,41,3,1,0,1,0.0
fast tones,sim,500,,,poor,-8.0,average,fading,,1000,229.1,34.9,53.7,0.65,0,1,1,1,6,33,0,0,0,1,0.0
fast tones,sim,500,,,poor,-8.0,average,fading,,1000,228.8,35.0,53.7,0.651,0,1,1,1,6,33,0,0,0,1,0.0
fast tones,sim,500,,,poor,-8.0,average,fading,,1000,238.1,33.6,53.7,0.625,0,1,0,2,6,35,1,0,0,1,0.0
fast tones,sim,500,,,poor,-8.0,average,fading,,1000,228.3,35.0,53.7,0.652,0,1,1,1,6,33,0,0,0,1,0.0
fast tones,sim,500,,,poor,-8.0,average,fading,,1000,228.2,35.1,53.7,0.653,0,1,1,1,6,33,0,0,0,1,0.0
fast tones,sim,500,,,poor,-8.0,average,fading,,1000,227.9,35.1,53.7,0.653,0,1,1,1,6,33,0,0,0,1,0.0
fast tones,sim,500,,,poor,-8.0,average,fading,,1000,228.6,35.0,53.7,0.651,0,1,1,1,6,33,0,0,0,1,0.0
fast tones,sim,500,,,poor,-8.0,average,fading,,1000,226.5,35.3,53.7,0.657,0,1,1,1,6,33,0,0,0,1,0.0
fast tones,sim,500,,,poor,-8.0,average,fading,,1000,244.4,32.7,53.7,0.609,0,1,1,3,6,36,1,0,0,1,0.0
fast tones,sim,500,,,poor,-8.0,average,fading,,1000,229.3,34.9,53.7,0.649,0,1,1,1,6,33,0,0,0,1,0.1
fast tones,sim,500,,,poor,-8.0,average,fading,,1000,228.4,35.0,53.7,0.652,0,1,1,1,6,33,0,0,0,1,0.0
fast tones,sim,500,,,poor,-8.0,average,fading,,1000,226.9,35.3,53.7,0.656,0,1,1,1,6,33,0,0,0,1,0.0
fast tones,sim,500,,,poor,-8.0,average,fading,,1000,232.7,34.4,53.7,0.64,0,1,1,1,6,34,1,0,0,1,0.0
fast tones,sim,500,,,poor,-8.0,average,fading,,1000,228.0,35.1,53.7,0.653,0,1,1,1,6,33,0,0,0,1,0.0
fast tones,sim,500,,,poor,-8.0,average,fading,,1000,227.8,35.1,53.7,0.654,0,1,1,1,6,33,0,0,0,1,0.0
fast tones,sim,500,,,poor,-8.0,average,fading,,1000,226.4,35.3,53.7,0.658,0,1,1,1,6,33,0,0,0,1,0.0
fast tones,sim,500,,,poor,-8.0,average,fading,,1000,226.5,35.3,53.7,0.657,0,1,1,1,6,33,0,0,0,1,0.0
fast tones,sim,500,,,poor,-8.0,average,fading,,1000,228.1,35.1,53.7,0.653,0,1,1,1,6,33,0,0,0,1,0.0
fast tones,sim,500,,,poor,-8.0,average,fading,,1000,227.2,35.2,53.7,0.655,0,1,1,1,6,33,0,0,0,1,0.0
fast tones,sim,500,,,poor,-8.0,average,fading,,1000,243.4,32.9,53.7,0.612,0,1,1,3,6,36,1,0,0,1,0.0
fast tones,sim,500,,,poor,-8.0,average,fading,,1000,226.5,35.3,53.7,0.657,0,1,1,1,6,33,0,0,0,1,0.0
fast tones,sim,500,,,poor,-8.0,average,fading,,1000,226.9,35.3,53.7,0.656,0,1,1,1,6,33,0,0,0,1,0.0
fast tones,sim,500,,,poor,-8.0,average,fading,,1000,232.8,34.4,53.7,0.64,0,1,1,1,6,34,1,0,0,1,0.0
fast tones,sim,500,,,poor,-8.0,average,fading,,1000,227.3,35.2,53.7,0.655,0,1,1,1,6,33,0,0,0,1,0.0
fast tones,sim,500,,,poor,-8.0,average,fading,,1000,228.8,35.0,53.7,0.651,0,1,1,1,6,33,0,0,0,1,0.0
fast tones,sim,500,,,poor,-8.0,average,fading,,1000,227.2,35.2,53.7,0.655,0,1,1,1,6,33,0,0,0,1,0.0
fast tones,sim,500,,,poor,-8.0,average,fading,,1000,227.3,35.2,53.7,0.655,0,1,1,1,6,33,0,0,0,1,0.0
fast tones,sim,500,,,poor,-8.0,average,fading,,1000,229.3,34.9,53.7,0.649,0,1,1,1,6,33,0,0,0,1,0.0
fast tones,sim,500,,,poor,-8.0,average,fading,,1000,238.6,33.5,53.7,0.624,0,1,0,2,6,35,1,0,0,1,0.1
fast tones,sim,500,,,poor,-8.0,average,fading,,1000,269.7,29.7,53.7,0.552,0,1,0,4,7,40,2,0,0,1,0.1
fast tones,sim,500,,,poor,-6.0,average,fading,,1000,234.4,34.1,53.7,0.635,0,1,1,1,6,34,1,0,0,1,0.0
fast tones,sim,500,,,poor,-6.0,average,fading,,1000,234.2,34.2,53.7,0.636,0,1,1,1,6,34,1,0,0,1,0.0
fast tones,sim,500,,,poor,-6.0,average,fading,,1000,227.4,35.2,53.7,0.655,0,1,1,1,6,33,0,0,0,1,0.0
fast tones,sim,500,,,poor,-6.0,average,fading,,1000,228.3,35.0,53.7,0.652,0,1,1,1,6,33,0,0,0,1,0.0
fast tones,sim,500,,,poor,-6.0,average,fading,,1000,228.2,35.1,53.7,0.653,0,1,1,1,6,33,0,0,0,1,0.0
fast tones,sim,500,,,poor,-6.0,average,fading,,1000,227.9,35.1,53.7,0.653,0,1,1,1,6,33,0,0,0,1,0.0
fast tones,sim,500,,,poor,-6.0,average,fading,,1000,228.6,35.0,53.7,0.651,0,1,1,1,6,33,0,0,0,1,0.0
fast tones,sim,500,,,poor,-6.0,average,fading,,1000,226.5,35.3,53.7,0.657,0,1,1,1,6,33,0,0,0,1,0.0
fast tones,sim,500,,,poor,-6.0,average,fading,,1000,210.7,38.0,53.7,0.707,0,1,1,1,6,33,0,0,0,1,0.0
fast tones,sim,500,,,poor,-6.0,average,fading,,1000,229.3,34.9,53.7,0.649,0,1,1,1,6,33,0,0,0,1,0.0
fast tones,sim,500,,,poor,-6.0,average,fading,,1000,228.4,35.0,53.7,0.652,0,1,1,1,6,33,0,0,0,1,0.0
fast tones,sim,500,,,poor,-6.0,average,fading,,1000,226.9,35.3,53.7,0.656,0,1,1,1,6,33,0,0,0,1,0.1
fast tones,sim,500,,,poor,-6.0,average,fading,,1000,232.7,34.4,53.7,0.64,0,1,1,1,6,34,1,0,0,1,0.0
fast tones,sim,500,,,poor,-6.0,average,fading,,1000,228.0,35.1,53.7,0.653,0,1,1,1,6,33,0,0,0,1,0.0
fast tones,sim,500,,,poor,-6.0,average,fading,,1000,227.8,35.1,53.7,0.654,0,1,1,1,6,33,0,0,0,1,0.0
fast tones,sim,500,,,poor,-6.0,average,fading,,1000,226.4,35.3,53.7,0.658,0,1,1,1,6,33,0,0,0,1,0.0
fast tones,sim,500,,,poor,-6.0,average,fading,,1000,226.5,35.3,53.7,0.657,0,1,1,1,6,33,0,0,0,1,0.0
fast tones,sim,500,,,poor,-6.0,average,fading,,1000,228.1,35.1,53.7,0.653,0,1,1,1,6,33,0,0,0,1,0.0
fast tones,sim,500,,,poor,-6.0,average,fading,,1000,213.7,37.4,53.7,0.697,0,1,1,1,6,33,0,0,0,1,0.0
fast tones,sim,500,,,poor,-6.0,average,fading,,1000,227.3,35.2,53.7,0.655,0,1,1,1,6,33,0,0,0,1,0.0
fast tones,sim,500,,,poor,-6.0,average,fading,,1000,226.5,35.3,53.7,0.657,0,1,1,1,6,33,0,0,0,1,0.0
fast tones,sim,500,,,poor,-6.0,average,fading,,1000,232.3,34.4,53.7,0.641,0,1,1,1,6,34,1,0,0,1,0.0
fast tones,sim,500,,,poor,-6.0,average,fading,,1000,232.8,34.4,53.7,0.64,0,1,1,1,6,34,1,0,0,1,0.0
fast tones,sim,500,,,poor,-6.0,average,fading,,1000,227.3,35.2,53.7,0.655,0,1,1,1,6,33,0,0,0,1,0.0
fast tones,sim,500,,,poor,-6.0,average,fading,,1000,228.8,35.0,53.7,0.651,0,1,1,1,6,33,0,0,0,1,0.0
fast tones,sim,500,,,poor,-6.0,average,fading,,1000,227.2,35.2,53.7,0.655,0,1,1,1,6,33,0,0,0,1,0.0
fast tones,sim,500,,,poor,-6.0,average,fading,,1000,227.3,35.2,53.7,0.655,0,1,1,1,6,33,0,0,0,1,0.0
fast tones,sim,500,,,poor,-6.0,average,fading,,1000,229.3,34.9,53.7,0.649,0,1,1,1,6,33,0,0,0,1,0.1
fast tones,sim,500,,,poor,-6.0,average,fading,,1000,227.9,35.1,53.7,0.653,0,1,1,1,6,33,0,0,0,1,0.0
fast tones,sim,500,,,poor,-6.0,average,fading,,1000,233.3,34.3,53.7,0.638,0,1,1,1,6,34,1,0,0,1,0.0
fast tones,sim,500,,,poor,-4.0,average,fading,,1000,234.4,34.1,53.7,0.635,0,1,1,1,6,34,1,0,0,1,0.0
fast tones,sim,500,,,poor,-4.0,average,fading,,1000,234.2,34.2,53.7,0.636,0,1,1,1,6,34,1,0,0,1,0.0
fast tones,sim,500,,,poor,-4.0,average,fading,,1000,210.7,38.0,53.7,0.707,0,1,1,1,6,33,0,0,0,1,0.0
fast tones,sim,500,,,poor,-4.0,average,fading,,1000,233.7,34.2,53.7,0.637,0,1,1,1,6,34,1,0,0,1,0.0
fast tones,sim,500,,,poor,-4.0,average,fading,,1000,228.2,35.1,53.7,0.653,0,1,1,1,6,33,0,0,0,1,0.0
fast tones,sim,500,,,poor,-4.0,average,fading,,1000,227.9,35.1,53.7,0.653,0,1,1,1,6,33,0,0,0,1,0.0
fast tones,sim,500,,,poor,-4.0,average,fading,,1000,228.6,35.0,53.7,0.651,0,1,1,1,6,33,0,0,0,1,0.0
fast tones,sim,500,,,poor,-4.0,average,fading,,1000,226.5,35.3,53.7,0.657,0,1,1,1,6,33,0,0,0,1,0.0
fast tones,sim,500,,,poor,-4.0,average,fading,,1000,210.7,38.0,53.7,0.707,0,1,1,1,6,33,0,0,0,1,0.0
fast tones,sim,500,,,poor,-4.0,average,fading,,1000,229.3,34.9,53.7,0.649,0,1,1,1,6,33,0,0,0,1,0.0
fast tones,sim,500,,,poor,-4.0,average,fading,,1000,228.4,35.0,53.7,0.652,0,1,1,1,6,33,0,0,0,1,0.0
fast tones,sim,500,,,poor,-4.0,average,fading,,1000,226.9,35.3,53.7,0.656,0,1,1,1,6,33,0,0,0,1,0.0
fast tones,sim,500,,,poor,-4.0,average,fading,,1000,232.7,34.4,53.7,0.64,0,1,1,1,6,34,1,0,0,1,0.0
fast tones,sim,500,,,poor,-4.0,average,fading,,1000,228.0,35.1,53.7,0.653,0,1,1,1,6,33,0,0,0,1,0.0
fast tones,sim,500,,,poor,-4.0,average,fading,,1000,220.2,36.3,53.7,0.676,0,1,1,1,6,34,1,0,0,1,0.0
fast tones,sim,500,,,poor,-4.0,average,fading,,1000,231.8,34.5,53.7,0.642,0,1,1,1,6,34,1,0,0,1,0.0
fast tones,sim,500,,,poor,-4.0,average,fading,,1000,231.9,34.5,53.7,0.642,0,1,1,1,6,34,1,0,0,1,0.0
fast tones,sim,500,,,poor,-4.0,average,fading,,1000,233.5,34.3,53.7,0.638,0,1,1,1,6,34,1,0,0,1,0.0
fast tones,sim,500,,,poor,-4.0,average,fading,,1000,213.7,37.4,53.7,0.697,0,2,1,2,9,48,13,2,2,1,0.0
fast tones,sim,500,,,poor,-4.0,average,fading,,1000,227.3,35.2,53.7,0.655,0,1,1,1,6,33,0,0,0,1,0.0
fast tones,sim,500,,,poor,-4.0,average,fading,,1000,214.9,37.2,53.7,0.693,0,1,1,1,6,33,0,0,0,1,0.0
fast tones,sim,500,,,poor,-4.0,average,fading,,1000,214.3,37.3,53.7,0.695,0,1,1,1,6,33,0,0,0,1,0.0
fast tones,sim,500,,,poor,-4.0,average,fading,,1000,253.9,31.5,53.7,0.586,0,2,1,2,10,59,24,0,4,1,0.0
fast tones,sim,500,,,poor,-4.0,average,fading,,1000,232.6,34.4,53.7,0.64,0,1,1,1,6,34,1,0,0,1,0.0
fast tones,sim,500,,,poor,-4.0,average,fading,,1000,215.5,37.1,53.7,0.691,0,1,1,1,6,33,0,0,0,1,0.0
fast tones,sim,500,,,poor,-4.0,average,fading,,1000,227.2,35.2,53.7,0.655,0,1,1,1,6,33,0,0,0,1,0.0
fast tones,sim,500,,,poor,-4.0,average,fading,,1000,227.3,35.2,53.7,0.655,0,1,1,1,6,33,0,0,0,1,0.0
fast tones,sim,500,,,poor,-4.0,average,fading,,1000,229.3,34.9,53.7,0.649,0,1,1,1,6,33,0,0,0,1,0.0
fast tones,sim,500,,,poor,-4.0,average,fading,,1000,227.9,35.1,53.7,0.653,0,1,1,1,6,33,0,0,0,1,0.0
fast tones,sim,500,,,poor,-4.0,average,fading,,1000,233.3,34.3,53.7,0.638,0,1,1,1,6,34,1,0,0,1,0.0
fast tones,sim,500,,,poor,-2.0,average,fading,,1000,224.4,35.7,53.7,0.664,0,3,1,7,13,63,24,5,5,1,0.0
fast tones,sim,500,,,poor,-2.0,average,fading,,1000,234.2,34.2,53.7,0.636,0,1,1,1,6,34,1,0,0,1,0.0
fast tones,sim,500,,,poor,-2.0,average,fading,,1000,234.3,34.1,53.7,0.635,0,2,1,4,9,51,12,1,2,1,0.0
fast tones,sim,500,,,poor,-2.0,average,fading,,1000,238.5,33.5,53.7,0.624,0,2,1,4,8,44,7,0,1,1,0.0
fast tones,sim,500,,,poor,-2.0,average,fading,,1000,205.5,38.9,53.7,0.725,0,2,1,2,9,43,8,0,2,1,0.0
fast tones,sim,500,,,poor,-2.0,average,fading,,1000,233.3,34.3,53.7,0.638,0,1,1,1,6,34,1,0,0,1,0.1
fast tones,sim,500,,,poor,-2.0,average,fading,,1000,209.4,38.2,53.7,0.711,0,2,1,3,8,38,1,0,0,1,0.0
fast tones,sim,500,,,poor,-2.0,average,fading,,1000,223.6,35.8,53.7,0.666,0,2,1,2,9,49,12,0,2,1,0.0
fast tones,sim,500,,,poor,-2.0,average,fading,,1000,193.9,41.3,53.7,0.768,0,2,1,3,9,45,7,2,1,1,0.0
fast tones,sim,500,,,poor,-2.0,average,fading,,1000,234.3,34.1,53.7,0.635,0,2,1,4,9,51,12,1,2,1,0.0
fast tones,sim,500,,,poor,-2.0,average,fading,,1000,241.0,33.2,53.7,0.618,0,2,1,5,10,44,5,0,3,1,0.0
fast tones,sim,500,,,poor,-2.0,average,fading,,1000,210.5,38.0,53.7,0.707,0,3,3,3,7,37,0,0,0,1,0.0
fast tones,sim,500,,,poor,-2.0,average,fading,,1000,222.7,35.9,53.7,0.669,0,3,1,3,9,42,4,0,0,1,0.0
fast tones,sim,500,,,poor,-2.0,average,fading,,1000,226.7,35.3,53.7,0.657,0,2,1,3,8,38,1,0,0,1,0.0
fast tones,sim,500,,,poor,-2.0,average,fading,,1000,185.7,43.1,53.7,0.802,1,2,1,1,8,39,1,1,0,1,0.0
fast tones,sim,500,,,poor,-2.0,average,fading,,1000,215.4,37.1,53.7,0.691,0,2,1,4,8,43,6,0,1,1,0.0
fast tones,sim,500,,,poor,-2.0,average,fading,,1000,177.1,45.2,53.7,0.841,0,3,1,7,12,57,11,1,2,1,0.0
fast tones,sim,500,,,poor,-2.0,average,fading,,1000,232.2,34.5,53.7,0.641,0,2,1,3,8,39,2,0,0,1,0.0
fast tones,sim,500,,,poor,-2.0,average,fading,,1000,226.7,35.3,53.7,0.657,0,2,0,5,12,60,20,0,4,1,0.0
fast tones,sim,500,,,poor,-2.0,average,fading,,1000,219.5,36.4,53.7,0.678,0,3,0,5,10,40,3,0,3,1,0.0
fast tones,sim,500,,,poor,-2.0,average,fading,,1000,225.6,35.5,53.7,0.66,0,2,1,5,10,46,9,2,2,1,0.0
fast tones,sim,500,,,poor,-2.0,average,fading,,1000,210.4,38.0,53.7,0.707,0,2,1,3,8,39,2,1,0,1,0.0
fast tones,sim,500,,,poor,-2.0,average,fading,,1000,189.8,42.2,53.7,0.784,1,3,1,1,7,39,6,0,1,1,0.0
fast tones,sim,500,,,poor,-2.0,average,fading,,1000,248.9,32.1,53.7,0.598,0,2,1,3,10,52,13,0,2,1,0.1
fast tones,sim,500,,,poor,-2.0,average,fading,,1000,213.5,37.5,53.7,0.697,0,2,1,3,11,52,9,0,3,1,0.0
fast tones,sim,500,,,poor,-2.0,average,fading,,1000,216.9,36.9,53.7,0.686,0,2,1,5,9,39,2,0,1,1,0.1
fast tones,sim,500,,,poor,-2.0,average,fading,,1000,245.4,32.6,53.7,0.607,0,2,1,4,10,57,18,1,3,1,0.1
fast tones,sim,500,,,poor,-2.0,average,fading,,1000,219.9,36.4,53.7,0.677,0,2,1,4,8,43,6,1,1,1,0.0
fast tones,sim,500,,,poor,-2.0,average,fading,,1000,226.6,35.3,53.7,0.657,0,2,1,3,8,38,1,0,0,1,0.0
fast tones,sim,500,,,poor,-2.0,average,fading,,1000,228.4,35.0,53.7,0.652,0,2,1,3,9,44,7,0,1,1,0.0
fast tones,sim,500,,,poor,0.0,average,fading,,1000,233.9,11.3,189.8,0.059,0,4,0,3,8,48,30,0,5,0,0.0
fast tones,sim,500,,,poor,0.0,average,fading,,1000,237.1,33.7,189.8,0.178,0,2,1,2,9,39,2,0,0,1,0.0
fast tones,sim,500,,,poor,0.0,average,fading,,1000,111.4,71.8,189.8,0.378,1,4,1,4,9,46,4,1,0,1,0.0
fast tones,sim,500,,,poor,0.0,average,fading,,1000,153.2,52.2,189.8,0.275,0,3,1,7,13,74,10,0,1,1,0.0
fast tones,sim,500,,,poor,0.0,average,fading,,1000,184.9,43.3,189.8,0.228,0,2,0,3,9,49,7,0,1,1,0.0
fast tones,sim,500,,,poor,0.0,average,fading,,1000,169.0,47.3,189.8,0.249,1,3,2,3,8,38,1,0,0,1,0.0
fast tones,sim,500,,,poor,0.0,average,fading,,1000,138.8,57.6,189.8,0.304,0,4,3,8,11,60,15,2,2,1,0.0
fast tones,sim,500,,,poor,0.0,average,fading,,1000,178.8,44.7,189.8,0.236,0,4,1,5,8,47,9,1,1,1,0.0
fast tones,sim,500,,,poor,0.0,average,fading,,1000,188.5,42.4,189.8,0.224,0,3,1,3,9,44,7,1,1,1,0.0
fast tones,sim,500,,,poor,0.0,average,fading,,1000,171.5,46.6,189.8,0.246,1,3,2,4,9,41,2,0,0,1,0.0
fast tones,sim,500,,,poor,0.0,average,fading,,1000,138.1,57.9,189.8,0.305,0,3,2,7,14,75,16,0,2,1,0.0
fast tones,sim,500,,,poor,0.0,average,fading,,1000,216.7,36.9,189.8,0.195,0,2,1,2,7,41,6,0,1,1,0.0
fast tones,sim,500,,,poor,0.0,average,fading,,1000,176.5,45.3,189.8,0.239,0,3,2,7,10,44,4,0,1,1,0.0
fast tones,sim,500,,,poor,0.0,average,fading,,1000,232.0,34.5,189.8,0.182,0,2,1,3,8,39,2,0,0,1,0.0
fast tones,sim,500,,,poor,0.0,average,fading,,1000,180.5,44.3,189.8,0.234,0,4,1,7,11,49,8,1,2,1,0.0
fast tones,sim,500,,,poor,0.0,average,fading,,1000,167.5,47.8,189.8,0.252,0,3,1,6,13,73,25,0,4,1,0.0
fast tones,sim,500,,,poor,0.0,average,fading,,1000,133.3,60.0,189.8,0.316,1,4,1,6,11,60,13,3,1,1,0.0
fast tones,sim,500,,,poor,0.0,average,fading,,1000,151.1,52.9,189.8,0.279,1,3,1,3,9,48,2,0,0,1,0.0
fast tones,sim,500,,,poor,0.0,average,fading,,1000,149.2,53.6,189.8,0.283,0,4,2,5,8,46,5,1,1,1,0.0
fast tones,sim,500,,,poor,0.0,average,fading,,1000,215.4,37.1,189.8,0.196,0,2,1,4,8,43,6,0,1,1,0.0
fast tones,sim,500,,,poor,0.0,average,fading,,1000,201.5,39.7,189.8,0.209,0,2,1,3,8,37,2,0,1,1,0.0
fast tones,sim,500,,,poor,0.0,average,fading,,1000,158.7,50.4,189.8,0.266,1,3,1,3,9,44,3,2,0,1,0.0
fast tones,sim,500,,,poor,0.0,average,fading,,1000,164.8,48.6,189.8,0.256,0,4,1,4,9,49,10,1,1,1,0.0
fast tones,sim,500,,,poor,0.0,average,fading,,1000,166.6,48.0,189.8,0.253,0,4,0,10,14,56,16,3,4,1,0.0
fast tones,sim,500,,,poor,0.0,average,fading,,1000,156.7,51.0,189.8,0.269,1,3,1,1,8,39,2,0,0,1,0.0
fast tones,sim,500,,,poor,0.0,average,fading,,1000,153.1,52.2,189.8,0.275,1,3,1,3,10,53,2,1,0,1,0.0
fast tones,sim,500,,,poor,0.0,average,fading,,1000,183.7,43.5,189.8,0.23,0,3,1,5,10,53,13,0,2,1,0.0
fast tones,sim,500,,,poor,0.0,average,fading,,1000,135.8,58.9,189.8,0.31,0,3,1,6,12,64,19,0,3,1,0.0
fast tones,sim,500,,,poor,0.0,average,fading,,1000,192.5,41.6,189.8,0.219,0,3,0,9,13,54,9,0,4,1,0.0
fast tones,sim,500,,,poor,0.0,average,fading,,1000,169.3,47.2,189.8,0.249,0,3,1,5,13,73,13,1,2,1,0.0
fast tones,sim,500,,,poor,2.0,average,fading,,1000,114.9,69.6,189.8,0.367,1,5,1,5,10,51,13,0,2,1,0.0
fast tones,sim,500,,,poor,2.0,average,fading,,1000,62.8,127.3,189.8,0.671,3,4,3,3,9,48,6,4,0,1,0.0
fast tones,sim,500,,,poor,2.0,average,fading,,1000,75.5,106.0,189.8,0.559,2,5,2,4,10,59,3,0,0,1,0.0
fast tones,sim,500,,,poor,2.0,average,fading,,1000,149.1,53.6,189.8,0.283,0,4,1,4,8,43,2,1,0,1,0.0
fast tones,sim,500,,,poor,2.0,average,fading,,1000,79.4,100.8,189.8,0.531,0,4,3,6,11,61,10,2,1,1,0.0
fast tones,sim,500,,,poor,2.0,average,fading,,1000,67.8,117.9,189.8,0.621,1,4,4,5,9,52,7,1,1,1,0.0
fast tones,sim,500,,,poor,2.0,average,fading,,1000,136.9,58.4,189.8,0.308,0,4,1,8,13,73,16,1,2,1,0.0
fast tones,sim,500,,,poor,2.0,average,fading,,1000,137.1,58.3,189.8,0.307,1,5,1,4,7,40,8,1,1,1,0.0
fast tones,sim,500,,,poor,2.0,average,fading,,1000,159.5,50.2,189.8,0.264,1,4,1,4,9,44,8,1,1,1,0.0
fast tones,sim,500,,,poor,2.0,average,fading,,1000,70.0,114.4,189.8,0.603,1,4,3,6,9,54,10,1,1,1,0.0
fast tones,sim,500,,,poor,2.0,average,fading,,1000,110.0,72.7,189.8,0.383,0,4,3,6,11,52,9,0,1,1,0.0
fast tones,sim,500,,,poor,2.0,average,fading,,1000,187.8,42.6,189.8,0.224,0,5,5,5,10,54,14,0,2,1,0.0
fast tones,sim,500,,,poor,2.0,average,fading,,1000,152.6,52.4,189.8,0.276,0,3,1,7,12,58,9,0,1,1,0.0
fast tones,sim,500,,,poor,2.0,average,fading,,1000,118.2,67.7,189.8,0.357,0,4,1,5,10,51,9,1,1,1,0.0
fast tones,sim,500,,,poor,2.0,average,fading,,1000,122.3,65.4,189.8,0.345,1,5,1,4,8,38,4,1,0,1,0.0
fast tones,sim,500,,,poor,2.0,average,fading,,1000,97.7,81.9,189.8,0.431,0,4,1,10,14,74,16,0,3,1,0.0
fast tones,sim,500,,,poor,2.0,average,fading,,1000,64.7,123.7,189.8,0.652,1,5,1,5,9,49,10,0,1,1,0.0
fast tones,sim,500,,,poor,2.0,average,fading,,1000,57.6,138.9,189.8,0.732,2,5,3,4,8,44,5,1,0,1,0.0
fast tones,sim,500,,,poor,2.0,average,fading,,1000,130.2,61.4,189.8,0.324,0,4,1,6,10,54,10,1,1,1,0.1
fast tones,sim,500,,,poor,2.0,average,fading,,1000,106.0,75.4,189.8,0.398,1,4,1,4,9,45,3,0,0,1,0.0
fast tones,sim,500,,,poor,2.0,average,fading,,1000,78.1,102.5,189.8,0.54,0,4,0,5,10,60,14,1,2,1,0.0
fast tones,sim,500,,,poor,2.0,average,fading,,1000,124.1,64.5,189.8,0.34,1,4,1,4,10,53,3,2,0,1,0.0
fast tones,sim,500,,,poor,2.0,average,fading,,1000,133.7,59.8,189.8,0.315,1,5,1,3,8,44,10,0,1,1,0.0
fast tones,sim,500,,,poor,2.0,average,fading,,1000,135.8,58.9,189.8,0.31,1,5,1,5,9,45,11,1,1,1,0.0
fast tones,sim,500,,,poor,2.0,average,fading,,1000,85.3,93.8,189.8,0.494,0,4,2,4,11,65,9,0,1,1,0.0
fast tones,sim,500,,,poor,2.0,average,fading,,1000,64.9,123.3,189.8,0.65,2,4,3,2,8,47,1,1,0,1,0.0
fast tones,sim,500,,,poor,2.0,average,fading,,1000,60.8,131.6,189.8,0.694,2,4,3,2,8,47,1,1,0,1,0.0
fast tones,sim,500,,,poor,2.0,average,fading,,1000,87.7,91.2,189.8,0.481,1,4,1,3,9,47,3,1,0,1,0.0
fast tones,sim,500,,,poor,2.0,average,fading,,1000,80.1,99.8,189.8,0.526,1,5,2,8,12,60,8,0,2,1,0.0
fast tones,sim,500,,,poor,2.0,average,fading,,1000,139.2,57.5,189.8,0.303,1,5,1,4,8,41,8,1,1,1,0.0
fast tones,sim,500,,,poor,6.0,average,fading,,1000,38.7,206.7,296.0,0.698,4,7,4,2,5,29,2,1,0,1,0.0
fast tones,sim,500,,,poor,6.0,average,fading,,1000,41.8,191.2,296.0,0.646,5,7,5,1,6,31,5,3,0,1,0.0
fast tones,sim,500,,,poor,6.0,average,fading,,1000,31.4,255.1,296.0,0.862,4,8,7,3,4,23,2,0,0,1,0.0
fast tones,sim,500,,,poor,6.0,average,fading,,1000,53.1,150.5,296.0,0.509,0,7,4,4,7,40,9,0,1,1,0.0
fast tones,sim,500,,,poor,6.0,average,fading,,1000,52.1,153.6,296.0,0.519,3,5,3,5,7,39,8,0,1,1,0.0
fast tones,sim,500,,,poor,6.0,average,fading,,1000,53.4,149.8,296.0,0.506,2,7,2,4,7,41,3,1,0,1,0.0
fast tones,sim,500,,,poor,6.0,average,fading,,1000,42.9,186.5,296.0,0.63,2,7,5,3,6,32,2,1,0,1,0.0
fast tones,sim,500,,,poor,6.0,average,fading,,1000,30.3,264.0,296.0,0.892,5,8,5,3,4,22,3,1,0,1,0.0
fast tones,sim,500,,,poor,6.0,average,fading,,1000,49.2,162.6,296.0,0.549,3,7,3,3,7,37,4,0,0,1,0.0
fast tones,sim,500,,,poor,6.0,average,fading,,1000,45.0,177.7,296.0,0.6,3,5,5,3,6,34,1,0,0,1,0.0
fast tones,sim,500,,,poor,6.0,average,fading,,1000,50.2,159.4,296.0,0.538,3,5,4,4,6,35,2,0,0,1,0.0
fast tones,sim,500,,,poor,6.0,average,fading,,1000,38.7,206.7,296.0,0.698,2,7,7,3,5,29,0,0,0,1,0.0
fast tones,sim,500,,,poor,6.0,average,fading,,1000,39.8,201.2,296.0,0.68,3,7,5,3,5,30,2,1,0,1,0.0
fast tones,sim,500,,,poor,6.0,average,fading,,1000,53.4,149.8,296.0,0.506,3,5,3,3,7,41,3,0,0,1,0.0
fast tones,sim,500,,,poor,6.0,average,fading,,1000,34.5,231.9,296.0,0.783,4,8,4,4,5,25,4,1,0,1,0.0
fast tones,sim,500,,,poor,6.0,average,fading,,1000,38.7,206.7,296.0,0.698,4,7,5,2,5,29,2,0,0,1,0.0
fast tones,sim,500,,,poor,6.0,average,fading,,1000,31.4,255.1,296.0,0.862,5,8,7,2,4,23,3,0,0,1,0.0
fast tones,sim,500,,,poor,6.0,average,fading,,1000,38.7,206.8,296.0,0.699,4,7,4,3,6,28,4,1,0,1,0.0
fast tones,sim,500,,,poor,6.0,average,fading,,1000,47.1,169.8,296.0,0.574,2,5,5,4,6,36,1,0,0,1,0.0
fast tones,sim,500,,,poor,6.0,average,fading,,1000,38.7,206.7,296.0,0.698,3,7,5,3,5,29,1,1,0,1,0.0
fast tones,sim,500,,,poor,6.0,average,fading,,1000,44.0,182.0,296.0,0.615,3,5,5,3,6,33,1,0,0,1,0.0
fast tones,sim,500,,,poor,6.0,average,fading,,1000,45.0,177.7,296.0,0.6,3,7,3,4,6,34,3,2,0,1,0.0
fast tones,sim,500,,,poor,6.0,average,fading,,1000,30.3,264.2,296.0,0.893,7,9,7,3,5,21,5,1,0,1,0.0
fast tones,sim,500,,,poor,6.0,average,fading,,1000,50.3,159.2,296.0,0.538,3,7,3,2,7,38,2,1,0,1,0.0
fast tones,sim,500,,,poor,6.0,average,fading,,1000,40.8,196.1,296.0,0.662,4,7,4,4,6,30,6,0,0,1,0.0
fast tones,sim,500,,,poor,6.0,average,fading,,1000,37.7,212.4,296.0,0.718,4,7,5,2,5,28,1,1,0,1,0.0
fast tones,sim,500,,,poor,6.0,average,fading,,1000,37.7,212.4,296.0,0.718,4,7,5,2,5,28,1,1,0,1,0.0
fast tones,sim,500,,,poor,6.0,average,fading,,1000,38.7,206.7,296.0,0.698,4,7,5,2,5,29,2,0,0,1,0.0
fast tones,sim,500,,,poor,6.0,average,fading,,1000,59.4,134.6,296.0,0.455,2,7,2,4,8,45,7,1,1,1,0.0
fast tones,sim,500,,,poor,6.0,average,fading,,1000,34.5,231.9,296.0,0.783,5,8,5,3,5,25,4,1,0,1,0.0
"fast tones, no cap",sim,2300,floor_margin_db=None,,awgn,-18.0,average,fading,,2000,608.9,26.3,35.8,0.734,0,0,0,0,16,96,0,0,0,1,0.0
"fast tones, no cap",sim,2300,floor_margin_db=None,,awgn,-18.0,average,fading,,2000,618.2,25.9,35.8,0.723,0,0,0,0,17,97,1,0,0,1,0.0
"fast tones, no cap",sim,2300,floor_margin_db=None,,awgn,-18.0,average,fading,,2000,616.7,25.9,35.8,0.724,0,0,0,0,17,97,1,0,0,1,0.0
"fast tones, no cap",sim,2300,floor_margin_db=None,,awgn,-18.0,average,fading,,2000,608.1,26.3,35.8,0.735,0,0,0,0,16,96,0,0,0,1,0.0
"fast tones, no cap",sim,2300,floor_margin_db=None,,awgn,-18.0,average,fading,,2000,608.0,26.3,35.8,0.735,0,0,0,0,16,96,0,0,0,1,0.0
"fast tones, no cap",sim,2300,floor_margin_db=None,,awgn,-18.0,average,fading,,2000,607.7,26.3,35.8,0.735,0,0,0,0,16,96,0,0,0,1,0.0
"fast tones, no cap",sim,2300,floor_margin_db=None,,awgn,-18.0,average,fading,,2000,608.4,26.3,35.8,0.734,0,0,0,0,16,96,0,0,0,1,0.0
"fast tones, no cap",sim,2300,floor_margin_db=None,,awgn,-18.0,average,fading,,2000,606.3,26.4,35.8,0.737,0,0,0,0,16,96,0,0,0,1,0.0
"fast tones, no cap",sim,2300,floor_margin_db=None,,awgn,-18.0,average,fading,,2000,608.1,26.3,35.8,0.735,0,0,0,0,16,96,0,0,0,1,0.0
"fast tones, no cap",sim,2300,floor_margin_db=None,,awgn,-18.0,average,fading,,2000,609.1,26.3,35.8,0.733,0,0,0,0,16,96,0,0,0,1,0.0
"fast tones, no cap",sim,2300,floor_margin_db=None,,awgn,-18.0,average,fading,,2000,608.2,26.3,35.8,0.734,0,0,0,0,16,96,0,0,0,1,0.0
"fast tones, no cap",sim,2300,floor_margin_db=None,,awgn,-18.0,average,fading,,2000,606.7,26.4,35.8,0.736,0,0,0,0,16,96,0,0,0,1,0.0
"fast tones, no cap",sim,2300,floor_margin_db=None,,awgn,-18.0,average,fading,,2000,607.1,26.4,35.8,0.736,0,0,0,0,16,96,0,0,0,1,0.0
"fast tones, no cap",sim,2300,floor_margin_db=None,,awgn,-18.0,average,fading,,2000,607.7,26.3,35.8,0.735,0,0,0,0,16,96,0,0,0,1,0.0
"fast tones, no cap",sim,2300,floor_margin_db=None,,awgn,-18.0,average,fading,,2000,607.6,26.3,35.8,0.735,0,0,0,0,16,96,0,0,0,1,0.0
"fast tones, no cap",sim,2300,floor_margin_db=None,,awgn,-18.0,average,fading,,2000,615.8,26.0,35.8,0.725,0,0,0,0,17,97,1,0,0,1,0.0
"fast tones, no cap",sim,2300,floor_margin_db=None,,awgn,-18.0,average,fading,,2000,643.5,24.9,35.8,0.694,0,0,0,0,17,102,6,0,1,1,0.0
"fast tones, no cap",sim,2300,floor_margin_db=None,,awgn,-18.0,average,fading,,2000,607.9,26.3,35.8,0.735,0,0,0,0,16,96,0,0,0,1,0.0
"fast tones, no cap",sim,2300,floor_margin_db=None,,awgn,-18.0,average,fading,,2000,607.0,26.4,35.8,0.736,0,0,0,0,16,96,0,0,0,1,0.0
"fast tones, no cap",sim,2300,floor_margin_db=None,,awgn,-18.0,average,fading,,2000,607.1,26.4,35.8,0.736,0,0,0,0,16,96,0,0,0,1,0.0
"fast tones, no cap",sim,2300,floor_margin_db=None,,awgn,-18.0,average,fading,,2000,606.3,26.4,35.8,0.737,0,0,0,0,16,96,0,0,0,1,0.1
"fast tones, no cap",sim,2300,floor_margin_db=None,,awgn,-18.0,average,fading,,2000,616.3,26.0,35.8,0.725,0,0,0,0,17,97,1,0,0,1,0.0
"fast tones, no cap",sim,2300,floor_margin_db=None,,awgn,-18.0,average,fading,,2000,607.2,26.3,35.8,0.736,0,0,0,0,16,96,0,0,0,1,0.0
"fast tones, no cap",sim,2300,floor_margin_db=None,,awgn,-18.0,average,fading,,2000,616.6,25.9,35.8,0.724,0,0,0,0,17,97,1,0,0,1,0.1
"fast tones, no cap",sim,2300,floor_margin_db=None,,awgn,-18.0,average,fading,,2000,608.5,26.3,35.8,0.734,0,0,0,0,16,96,0,0,0,1,0.0
"fast tones, no cap",sim,2300,floor_margin_db=None,,awgn,-18.0,average,fading,,2000,607.0,26.4,35.8,0.736,0,0,0,0,16,96,0,0,0,1,0.0
"fast tones, no cap",sim,2300,floor_margin_db=None,,awgn,-18.0,average,fading,,2000,607.1,26.4,35.8,0.736,0,0,0,0,16,96,0,0,0,1,0.0
"fast tones, no cap",sim,2300,floor_margin_db=None,,awgn,-18.0,average,fading,,2000,609.0,26.3,35.8,0.733,0,0,0,0,16,96,0,0,0,1,0.0
"fast tones, no cap",sim,2300,floor_margin_db=None,,awgn,-18.0,average,fading,,2000,617.2,25.9,35.8,0.724,0,0,0,0,17,97,1,0,0,1,0.1
"fast tones, no cap",sim,2300,floor_margin_db=None,,awgn,-18.0,average,fading,,2000,617.3,25.9,35.8,0.724,0,0,0,0,17,97,1,0,0,1,0.0
"fast tones, no cap",sim,2300,floor_margin_db=None,,awgn,-14.0,average,fading,,2000,463.4,34.5,111.9,0.308,0,1,1,1,12,72,0,0,0,1,0.0
"fast tones, no cap",sim,2300,floor_margin_db=None,,awgn,-14.0,average,fading,,2000,452.4,35.4,111.9,0.316,0,1,1,1,12,70,0,0,0,1,0.0
"fast tones, no cap",sim,2300,floor_margin_db=None,,awgn,-14.0,average,fading,,2000,461.7,34.7,111.9,0.31,0,1,1,1,12,72,0,0,0,1,0.0
"fast tones, no cap",sim,2300,floor_margin_db=None,,awgn,-14.0,average,fading,,2000,462.6,34.6,111.9,0.309,0,1,1,1,12,72,0,0,0,1,0.0
"fast tones, no cap",sim,2300,floor_margin_db=None,,awgn,-14.0,average,fading,,2000,462.5,34.6,111.9,0.309,0,1,1,1,12,72,0,0,0,1,0.0
"fast tones, no cap",sim,2300,floor_margin_db=None,,awgn,-14.0,average,fading,,2000,462.2,34.6,111.9,0.309,0,1,1,1,12,72,0,0,0,1,0.0
"fast tones, no cap",sim,2300,floor_margin_db=None,,awgn,-14.0,average,fading,,2000,452.2,35.4,111.9,0.316,0,1,1,1,12,70,0,0,0,1,0.0
"fast tones, no cap",sim,2300,floor_margin_db=None,,awgn,-14.0,average,fading,,2000,460.8,34.7,111.9,0.31,0,1,1,1,12,72,0,0,0,1,0.0
"fast tones, no cap",sim,2300,floor_margin_db=None,,awgn,-14.0,average,fading,,2000,477.6,33.5,111.9,0.299,0,1,1,1,13,74,0,0,0,1,0.0
"fast tones, no cap",sim,2300,floor_margin_db=None,,awgn,-14.0,average,fading,,2000,463.6,34.5,111.9,0.308,0,1,1,1,12,72,0,0,0,1,0.0
"fast tones, no cap",sim,2300,floor_margin_db=None,,awgn,-14.0,average,fading,,2000,452.0,35.4,111.9,0.316,0,1,1,1,12,70,0,0,0,1,0.0
"fast tones, no cap",sim,2300,floor_margin_db=None,,awgn,-14.0,average,fading,,2000,476.1,33.6,111.9,0.3,0,1,1,1,13,74,0,0,0,1,0.0
"fast tones, no cap",sim,2300,floor_margin_db=None,,awgn,-14.0,average,fading,,2000,461.6,34.7,111.9,0.31,0,1,1,1,12,72,0,0,0,1,0.0
"fast tones, no cap",sim,2300,floor_margin_db=None,,awgn,-14.0,average,fading,,2000,462.3,34.6,111.9,0.309,0,1,1,1,12,72,0,0,0,1,0.0
"fast tones, no cap",sim,2300,floor_margin_db=None,,awgn,-14.0,average,fading,,2000,477.1,33.5,111.9,0.3,0,1,1,1,13,74,0,0,0,1,0.0
"fast tones, no cap",sim,2300,floor_margin_db=None,,awgn,-14.0,average,fading,,2000,475.7,33.6,111.9,0.3,0,1,1,1,13,74,0,0,0,1,0.0
"fast tones, no cap",sim,2300,floor_margin_db=None,,awgn,-14.0,average,fading,,2000,460.8,34.7,111.9,0.31,0,1,1,1,12,72,0,0,0,1,0.0
"fast tones, no cap",sim,2300,floor_margin_db=None,,awgn,-14.0,average,fading,,2000,477.3,33.5,111.9,0.299,0,1,1,1,13,74,0,0,0,1,0.0
"fast tones, no cap",sim,2300,floor_margin_db=None,,awgn,-14.0,average,fading,,2000,461.5,34.7,111.9,0.31,0,1,1,1,12,72,0,0,0,1,0.0
"fast tones, no cap",sim,2300,floor_margin_db=None,,awgn,-14.0,average,fading,,2000,476.6,33.6,111.9,0.3,0,1,1,1,13,74,0,0,0,1,0.0
"fast tones, no cap",sim,2300,floor_margin_db=None,,awgn,-14.0,average,fading,,2000,475.8,33.6,111.9,0.3,0,1,1,1,13,74,0,0,0,1,0.0
"fast tones, no cap",sim,2300,floor_margin_db=None,,awgn,-14.0,average,fading,,2000,476.2,33.6,111.9,0.3,0,1,1,1,13,74,0,0,0,1,0.0
"fast tones, no cap",sim,2300,floor_margin_db=None,,awgn,-14.0,average,fading,,2000,461.8,34.7,111.9,0.31,0,1,1,1,12,72,0,0,0,1,0.0
"fast tones, no cap",sim,2300,floor_margin_db=None,,awgn,-14.0,average,fading,,2000,476.5,33.6,111.9,0.3,0,1,1,1,13,74,0,0,0,1,0.0
"fast tones, no cap",sim,2300,floor_margin_db=None,,awgn,-14.0,average,fading,,2000,441.6,36.2,111.9,0.324,0,1,1,1,12,68,0,0,0,1,0.0
"fast tones, no cap",sim,2300,floor_margin_db=None,,awgn,-14.0,average,fading,,2000,476.4,33.6,111.9,0.3,0,1,1,1,13,74,0,0,0,1,0.0
"fast tones, no cap",sim,2300,floor_margin_db=None,,awgn,-14.0,average,fading,,2000,476.5,33.6,111.9,0.3,0,1,1,1,13,74,0,0,0,1,0.0
"fast tones, no cap",sim,2300,floor_margin_db=None,,awgn,-14.0,average,fading,,2000,463.6,34.5,111.9,0.308,0,1,1,1,12,72,0,0,0,1,0.0
"fast tones, no cap",sim,2300,floor_margin_db=None,,awgn,-14.0,average,fading,,2000,462.2,34.6,111.9,0.309,0,1,1,1,12,72,0,0,0,1,0.0
"fast tones, no cap",sim,2300,floor_margin_db=None,,awgn,-14.0,average,fading,,2000,477.2,33.5,111.9,0.3,0,1,1,1,13,74,0,0,0,1,0.0
"fast tones, no cap",sim,2300,floor_margin_db=None,,awgn,-12.0,average,fading,,2000,338.2,47.3,156.7,0.302,0,2,2,2,9,51,0,0,0,1,0.0
"fast tones, no cap",sim,2300,floor_margin_db=None,,awgn,-12.0,average,fading,,2000,306.9,52.1,156.7,0.333,0,2,2,1,8,46,0,0,0,1,0.0
"fast tones, no cap",sim,2300,floor_margin_db=None,,awgn,-12.0,average,fading,,2000,325.7,49.1,156.7,0.313,0,2,2,2,9,49,0,0,0,1,0.0
"fast tones, no cap",sim,2300,floor_margin_db=None,,awgn,-12.0,average,fading,,2000,311.8,51.3,156.7,0.327,0,2,2,2,8,47,0,0,0,1,0.0
"fast tones, no cap",sim,2300,floor_margin_db=None,,awgn,-12.0,average,fading,,2000,326.6,49.0,156.7,0.313,0,2,2,2,9,49,0,0,0,1,0.0
"fast tones, no cap",sim,2300,floor_margin_db=None,,awgn,-12.0,average,fading,,2000,311.4,51.4,156.7,0.328,0,2,2,2,8,47,0,0,0,1,0.0
"fast tones, no cap",sim,2300,floor_margin_db=None,,awgn,-12.0,average,fading,,2000,306.7,52.2,156.7,0.333,0,2,2,1,8,46,0,0,0,1,0.0
"fast tones, no cap",sim,2300,floor_margin_db=None,,awgn,-12.0,average,fading,,2000,324.9,49.2,156.7,0.314,0,2,2,2,9,49,0,0,0,1,0.0
"fast tones, no cap",sim,2300,floor_margin_db=None,,awgn,-12.0,average,fading,,2000,311.8,51.3,156.7,0.327,0,2,2,2,8,47,0,0,0,1,0.0
"fast tones, no cap",sim,2300,floor_margin_db=None,,awgn,-12.0,average,fading,,2000,312.7,51.2,156.7,0.326,0,2,2,2,8,47,0,0,0,1,0.0
"fast tones, no cap",sim,2300,floor_margin_db=None,,awgn,-12.0,average,fading,,2000,306.5,52.2,156.7,0.333,0,2,2,1,8,46,0,0,0,1,0.0
"fast tones, no cap",sim,2300,floor_margin_db=None,,awgn,-12.0,average,fading,,2000,325.3,49.2,156.7,0.314,0,2,2,2,9,49,0,0,0,1,0.0
"fast tones, no cap",sim,2300,floor_margin_db=None,,awgn,-12.0,average,fading,,2000,305.4,52.4,156.7,0.334,0,2,2,1,8,46,0,0,0,1,0.0
"fast tones, no cap",sim,2300,floor_margin_db=None,,awgn,-12.0,average,fading,,2000,326.4,49.0,156.7,0.313,0,2,2,2,9,49,0,0,0,1,0.0
"fast tones, no cap",sim,2300,floor_margin_db=None,,awgn,-12.0,average,fading,,2000,326.2,49.0,156.7,0.313,0,2,2,2,9,49,0,0,0,1,0.0
"fast tones, no cap",sim,2300,floor_margin_db=None,,awgn,-12.0,average,fading,,2000,309.9,51.6,156.7,0.329,0,2,2,2,8,47,0,0,0,1,0.0
"fast tones, no cap",sim,2300,floor_margin_db=None,,awgn,-12.0,average,fading,,2000,310.0,51.6,156.7,0.329,0,2,2,2,8,47,0,0,0,1,0.0
"fast tones, no cap",sim,2300,floor_margin_db=None,,awgn,-12.0,average,fading,,2000,337.2,47.4,156.7,0.303,0,2,2,2,9,51,0,0,0,1,0.0
"fast tones, no cap",sim,2300,floor_margin_db=None,,awgn,-12.0,average,fading,,2000,325.6,49.1,156.7,0.314,0,2,2,2,9,49,0,0,0,1,0.0
"fast tones, no cap",sim,2300,floor_margin_db=None,,awgn,-12.0,average,fading,,2000,325.7,49.1,156.7,0.313,0,2,2,2,9,49,0,0,0,1,0.0
"fast tones, no cap",sim,2300,floor_margin_db=None,,awgn,-12.0,average,fading,,2000,310.0,51.6,156.7,0.329,0,2,2,2,8,47,0,0,0,1,0.0
"fast tones, no cap",sim,2300,floor_margin_db=None,,awgn,-12.0,average,fading,,2000,325.3,49.2,156.7,0.314,0,2,2,2,9,49,0,0,0,1,0.0
"fast tones, no cap",sim,2300,floor_margin_db=None,,awgn,-12.0,average,fading,,2000,305.6,52.4,156.7,0.334,0,2,2,1,8,46,0,0,0,1,0.0
"fast tones, no cap",sim,2300,floor_margin_db=None,,awgn,-12.0,average,fading,,2000,325.7,49.1,156.7,0.313,0,2,2,2,9,49,0,0,0,1,0.0
"fast tones, no cap",sim,2300,floor_margin_db=None,,awgn,-12.0,average,fading,,2000,306.9,52.1,156.7,0.333,0,2,2,1,8,46,0,0,0,1,0.0
"fast tones, no cap",sim,2300,floor_margin_db=None,,awgn,-12.0,average,fading,,2000,325.6,49.1,156.7,0.314,0,2,2,2,9,49,0,0,0,1,0.0
"fast tones, no cap",sim,2300,floor_margin_db=None,,awgn,-12.0,average,fading,,2000,325.7,49.1,156.7,0.313,0,2,2,2,9,49,0,0,0,1,0.0
"fast tones, no cap",sim,2300,floor_margin_db=None,,awgn,-12.0,average,fading,,2000,312.7,51.2,156.7,0.326,0,2,2,2,8,47,0,0,0,1,0.0
"fast tones, no cap",sim,2300,floor_margin_db=None,,awgn,-12.0,average,fading,,2000,311.4,51.4,156.7,0.328,0,2,2,2,8,47,0,0,0,1,0.0
"fast tones, no cap",sim,2300,floor_margin_db=None,,awgn,-12.0,average,fading,,2000,337.1,47.5,156.7,0.303,0,2,2,2,9,51,0,0,0,1,0.0
"fast tones, no cap",sim,2300,floor_margin_db=None,,awgn,-10.0,average,fading,,2000,254.7,62.8,228.4,0.275,0,4,4,3,7,37,0,0,0,1,0.0
"fast tones, no cap",sim,2300,floor_margin_db=None,,awgn,-10.0,average,fading,,2000,223.5,71.6,228.4,0.314,1,3,3,1,6,32,0,0,0,1,0.0
"fast tones, no cap",sim,2300,floor_margin_db=None,,awgn,-10.0,average,fading,,2000,238.1,67.2,228.4,0.294,0,3,3,2,6,35,0,0,0,1,0.0
"fast tones, no cap",sim,2300,floor_margin_db=None,,awgn,-10.0,average,fading,,2000,239.0,66.9,228.4,0.293,0,3,3,2,6,35,0,0,0,1,0.0
"fast tones, no cap",sim,2300,floor_margin_db=None,,awgn,-10.0,average,fading,,2000,238.9,67.0,228.4,0.293,0,3,3,2,6,35,0,0,0,1,0.0
"fast tones, no cap",sim,2300,floor_margin_db=None,,awgn,-10.0,average,fading,,2000,238.6,67.0,228.4,0.294,0,3,3,2,6,35,0,0,0,1,0.0
"fast tones, no cap",sim,2300,floor_margin_db=None,,awgn,-10.0,average,fading,,2000,223.2,71.7,228.4,0.314,1,3,3,1,6,32,0,0,0,1,0.0
"fast tones, no cap",sim,2300,floor_margin_db=None,,awgn,-10.0,average,fading,,2000,237.2,67.4,228.4,0.295,0,3,3,2,6,35,0,0,0,1,0.0
"fast tones, no cap",sim,2300,floor_margin_db=None,,awgn,-10.0,average,fading,,2000,239.0,66.9,228.4,0.293,0,3,3,2,6,35,0,0,0,1,0.0
"fast tones, no cap",sim,2300,floor_margin_db=None,,awgn,-10.0,average,fading,,2000,240.0,66.7,228.4,0.292,0,3,3,2,6,35,0,0,0,1,0.0
"fast tones, no cap",sim,2300,floor_margin_db=None,,awgn,-10.0,average,fading,,2000,217.7,73.5,228.4,0.322,1,4,4,2,6,31,0,0,0,1,0.0
"fast tones, no cap",sim,2300,floor_margin_db=None,,awgn,-10.0,average,fading,,2000,252.5,63.4,228.4,0.277,0,4,4,3,7,37,0,0,0,1,0.0
"fast tones, no cap",sim,2300,floor_margin_db=None,,awgn,-10.0,average,fading,,2000,227.3,70.4,228.4,0.308,0,3,3,1,6,33,0,0,0,1,0.0
"fast tones, no cap",sim,2300,floor_margin_db=None,,awgn,-10.0,average,fading,,2000,238.7,67.0,228.4,0.294,0,3,3,2,6,35,0,0,0,1,0.0
"fast tones, no cap",sim,2300,floor_margin_db=None,,awgn,-10.0,average,fading,,2000,238.6,67.1,228.4,0.294,0,3,3,2,6,35,0,0,0,1,0.0
"fast tones, no cap",sim,2300,floor_margin_db=None,,awgn,-10.0,average,fading,,2000,237.2,67.5,228.4,0.295,0,3,3,2,6,35,0,0,0,1,0.0
"fast tones, no cap",sim,2300,floor_margin_db=None,,awgn,-10.0,average,fading,,2000,237.2,67.4,228.4,0.295,0,3,3,2,6,35,0,0,0,1,0.0
"fast tones, no cap",sim,2300,floor_margin_db=None,,awgn,-10.0,average,fading,,2000,253.8,63.0,228.4,0.276,0,3,3,2,7,37,0,0,0,1,0.0
"fast tones, no cap",sim,2300,floor_margin_db=None,,awgn,-10.0,average,fading,,2000,237.9,67.2,228.4,0.294,0,3,3,2,6,35,0,0,0,1,0.0
"fast tones, no cap",sim,2300,floor_margin_db=None,,awgn,-10.0,average,fading,,2000,238.1,67.2,228.4,0.294,0,3,3,2,6,35,0,0,0,1,0.0
"fast tones, no cap",sim,2300,floor_margin_db=None,,awgn,-10.0,average,fading,,2000,237.2,67.4,228.4,0.295,0,3,3,2,6,35,0,0,0,1,0.0
"fast tones, no cap",sim,2300,floor_margin_db=None,,awgn,-10.0,average,fading,,2000,252.6,63.3,228.4,0.277,0,4,4,3,7,37,0,0,0,1,0.0
"fast tones, no cap",sim,2300,floor_margin_db=None,,awgn,-10.0,average,fading,,2000,216.7,73.8,228.4,0.323,1,4,4,2,6,31,0,0,0,1,0.0
"fast tones, no cap",sim,2300,floor_margin_db=None,,awgn,-10.0,average,fading,,2000,238.0,67.2,228.4,0.294,0,3,3,2,6,35,0,0,0,1,0.0
"fast tones, no cap",sim,2300,floor_margin_db=None,,awgn,-10.0,average,fading,,2000,218.0,73.4,228.4,0.321,1,4,4,2,6,31,0,0,0,1,0.0
"fast tones, no cap",sim,2300,floor_margin_db=None,,awgn,-10.0,average,fading,,2000,237.9,67.2,228.4,0.294,0,3,3,2,6,35,0,0,0,1,0.0
"fast tones, no cap",sim,2300,floor_margin_db=None,,awgn,-10.0,average,fading,,2000,238.0,67.2,228.4,0.294,0,3,3,2,6,35,0,0,0,1,0.0
"fast tones, no cap",sim,2300,floor_margin_db=None,,awgn,-10.0,average,fading,,2000,240.0,66.7,228.4,0.292,0,3,3,2,6,35,0,0,0,1,0.0
"fast tones, no cap",sim,2300,floor_margin_db=None,,awgn,-10.0,average,fading,,2000,238.6,67.1,228.4,0.294,0,3,3,2,6,35,0,0,0,1,0.0
"fast tones, no cap",sim,2300,floor_margin_db=None,,awgn,-10.0,average,fading,,2000,253.6,63.1,228.4,0.276,0,4,4,3,7,37,0,0,0,1,0.0
"fast tones, no cap",sim,2300,floor_margin_db=None,,awgn,-8.0,average,fading,,2000,172.4,92.8,228.4,0.406,1,4,4,1,4,24,0,0,0,1,0.0
"fast tones, no cap",sim,2300,floor_margin_db=None,,awgn,-8.0,average,fading,,2000,166.8,95.9,228.4,0.42,2,4,4,1,4,23,0,0,0,1,0.0
"fast tones, no cap",sim,2300,floor_margin_db=None,,awgn,-8.0,average,fading,,2000,165.3,96.8,228.4,0.424,2,4,4,1,4,23,0,0,0,1,0.0
"fast tones, no cap",sim,2300,floor_margin_db=None,,awgn,-8.0,average,fading,,2000,166.3,96.2,228.4,0.421,2,4,4,1,4,23,0,0,0,1,0.0
"fast tones, no cap",sim,2300,floor_margin_db=None,,awgn,-8.0,average,fading,,2000,166.2,96.3,228.4,0.422,2,4,4,1,4,23,0,0,0,1,0.0
"fast tones, no cap",sim,2300,floor_margin_db=None,,awgn,-8.0,average,fading,,2000,165.9,96.4,228.4,0.422,2,4,4,1,4,23,0,0,0,1,0.0
"fast tones, no cap",sim,2300,floor_margin_db=None,,awgn,-8.0,average,fading,,2000,166.6,96.1,228.4,0.421,2,4,4,1,4,23,0,0,0,1,0.0
"fast tones, no cap",sim,2300,floor_margin_db=None,,awgn,-8.0,average,fading,,2000,164.5,97.3,228.4,0.426,2,4,4,1,4,23,0,0,0,1,0.0
"fast tones, no cap",sim,2300,floor_margin_db=None,,awgn,-8.0,average,fading,,2000,166.3,96.2,228.4,0.421,2,4,4,1,4,23,0,0,0,1,0.0
"fast tones, no cap",sim,2300,floor_margin_db=None,,awgn,-8.0,average,fading,,2000,167.3,95.7,228.4,0.419,2,4,4,1,4,23,0,0,0,1,0.0
"fast tones, no cap",sim,2300,floor_margin_db=None,,awgn,-8.0,average,fading,,2000,166.4,96.2,228.4,0.421,2,4,4,1,4,23,0,0,0,1,0.0
"fast tones, no cap",sim,2300,floor_margin_db=None,,awgn,-8.0,average,fading,,2000,164.9,97.0,228.4,0.425,2,4,4,1,4,23,0,0,0,1,0.0
"fast tones, no cap",sim,2300,floor_margin_db=None,,awgn,-8.0,average,fading,,2000,165.3,96.8,228.4,0.424,2,4,4,1,4,23,0,0,0,1,0.0
"fast tones, no cap",sim,2300,floor_margin_db=None,,awgn,-8.0,average,fading,,2000,165.9,96.4,228.4,0.422,2,4,4,1,4,23,0,0,0,1,0.0
"fast tones, no cap",sim,2300,floor_margin_db=None,,awgn,-8.0,average,fading,,2000,165.8,96.5,228.4,0.423,2,4,4,1,4,23,0,0,0,1,0.0
"fast tones, no cap",sim,2300,floor_margin_db=None,,awgn,-8.0,average,fading,,2000,164.4,97.3,228.4,0.426,2,4,4,1,4,23,0,0,0,1,0.0
"fast tones, no cap",sim,2300,floor_margin_db=None,,awgn,-8.0,average,fading,,2000,164.5,97.3,228.4,0.426,2,4,4,1,4,23,0,0,0,1,0.0
"fast tones, no cap",sim,2300,floor_margin_db=None,,awgn,-8.0,average,fading,,2000,186.4,85.8,228.4,0.376,1,4,4,2,5,26,0,0,0,1,0.0
"fast tones, no cap",sim,2300,floor_margin_db=None,,awgn,-8.0,average,fading,,2000,165.2,96.9,228.4,0.424,2,4,4,1,4,23,0,0,0,1,0.0
"fast tones, no cap",sim,2300,floor_margin_db=None,,awgn,-8.0,average,fading,,2000,165.3,96.8,228.4,0.424,2,4,4,1,4,23,0,0,0,1,0.0
"fast tones, no cap",sim,2300,floor_margin_db=None,,awgn,-8.0,average,fading,,2000,164.5,97.3,228.4,0.426,2,4,4,1,4,23,0,0,0,1,0.0
"fast tones, no cap",sim,2300,floor_margin_db=None,,awgn,-8.0,average,fading,,2000,170.3,94.0,228.4,0.412,1,4,4,1,4,24,0,0,0,1,0.0
"fast tones, no cap",sim,2300,floor_margin_db=None,,awgn,-8.0,average,fading,,2000,165.4,96.7,228.4,0.424,2,4,4,1,4,23,0,0,0,1,0.0
"fast tones, no cap",sim,2300,floor_margin_db=None,,awgn,-8.0,average,fading,,2000,165.3,96.8,228.4,0.424,2,4,4,1,4,23,0,0,0,1,0.0
"fast tones, no cap",sim,2300,floor_margin_db=None,,awgn,-8.0,average,fading,,2000,166.7,96.0,228.4,0.42,2,4,4,1,4,23,0,0,0,1,0.0
"fast tones, no cap",sim,2300,floor_margin_db=None,,awgn,-8.0,average,fading,,2000,165.2,96.9,228.4,0.424,2,4,4,1,4,23,0,0,0,1,0.0
"fast tones, no cap",sim,2300,floor_margin_db=None,,awgn,-8.0,average,fading,,2000,165.3,96.8,228.4,0.424,2,4,4,1,4,23,0,0,0,1,0.0
"fast tones, no cap",sim,2300,floor_margin_db=None,,awgn,-8.0,average,fading,,2000,167.2,95.7,228.4,0.419,2,4,4,1,4,23,0,0,0,1,0.0
"fast tones, no cap",sim,2300,floor_margin_db=None,,awgn,-8.0,average,fading,,2000,165.9,96.5,228.4,0.422,2,4,4,1,4,23,0,0,0,1,0.0
"fast tones, no cap",sim,2300,floor_margin_db=None,,awgn,-8.0,average,fading,,2000,186.2,85.9,228.4,0.376,1,4,4,2,5,26,0,0,0,1,0.0
"fast tones, no cap",sim,2300,floor_margin_db=None,,awgn,-6.0,average,fading,,2000,187.4,85.4,228.4,0.374,0,4,4,1,5,26,1,0,0,1,0.0
"fast tones, no cap",sim,2300,floor_margin_db=None,,awgn,-6.0,average,fading,,2000,181.7,88.0,228.4,0.386,0,5,5,2,5,25,1,0,0,1,0.0
"fast tones, no cap",sim,2300,floor_margin_db=None,,awgn,-6.0,average,fading,,2000,112.3,142.5,228.4,0.624,3,5,5,1,3,17,0,0,0,1,0.0
"fast tones, no cap",sim,2300,floor_margin_db=None,,awgn,-6.0,average,fading,,2000,186.6,85.7,228.4,0.375,0,4,4,1,5,26,1,0,0,1,0.0
"fast tones, no cap",sim,2300,floor_margin_db=None,,awgn,-6.0,average,fading,,2000,150.1,106.6,228.4,0.467,0,5,5,1,4,20,1,0,0,1,0.0
"fast tones, no cap",sim,2300,floor_margin_db=None,,awgn,-6.0,average,fading,,2000,129.5,123.5,228.4,0.541,3,5,5,1,3,17,0,0,0,1,0.0
"fast tones, no cap",sim,2300,floor_margin_db=None,,awgn,-6.0,average,fading,,2000,130.2,122.9,228.4,0.538,3,5,5,1,3,17,0,0,0,1,0.0
"fast tones, no cap",sim,2300,floor_margin_db=None,,awgn,-6.0,average,fading,,2000,112.3,142.5,228.4,0.624,3,5,5,1,3,17,0,0,0,1,0.0
"fast tones, no cap",sim,2300,floor_margin_db=None,,awgn,-6.0,average,fading,,2000,129.9,123.1,228.4,0.539,3,5,5,1,3,17,0,0,0,1,0.0
"fast tones, no cap",sim,2300,floor_margin_db=None,,awgn,-6.0,average,fading,,2000,130.9,122.2,228.4,0.535,3,5,5,1,3,17,0,0,0,1,0.0
"fast tones, no cap",sim,2300,floor_margin_db=None,,awgn,-6.0,average,fading,,2000,130.0,123.1,228.4,0.539,3,5,5,1,3,17,0,0,0,1,0.0
"fast tones, no cap",sim,2300,floor_margin_db=None,,awgn,-6.0,average,fading,,2000,128.5,124.5,228.4,0.545,3,5,5,1,3,17,0,0,0,1,0.0
"fast tones, no cap",sim,2300,floor_margin_db=None,,awgn,-6.0,average,fading,,2000,112.3,142.5,228.4,0.624,3,5,5,1,3,17,0,0,0,1,0.0
"fast tones, no cap",sim,2300,floor_margin_db=None,,awgn,-6.0,average,fading,,2000,129.6,123.5,228.4,0.541,3,5,5,1,3,17,0,0,0,1,0.0
"fast tones, no cap",sim,2300,floor_margin_db=None,,awgn,-6.0,average,fading,,2000,149.7,106.9,228.4,0.468,0,5,5,1,4,20,1,0,0,1,0.0
"fast tones, no cap",sim,2300,floor_margin_db=None,,awgn,-6.0,average,fading,,2000,128.0,125.0,228.4,0.547,3,5,5,1,3,17,0,0,0,1,0.0
"fast tones, no cap",sim,2300,floor_margin_db=None,,awgn,-6.0,average,fading,,2000,128.1,124.9,228.4,0.547,3,5,5,1,3,17,0,0,0,1,0.0
"fast tones, no cap",sim,2300,floor_margin_db=None,,awgn,-6.0,average,fading,,2000,135.1,118.4,228.4,0.519,2,5,5,1,3,18,0,0,0,1,0.0
"fast tones, no cap",sim,2300,floor_margin_db=None,,awgn,-6.0,average,fading,,2000,128.8,124.2,228.4,0.544,3,5,5,1,3,17,0,0,0,1,0.0
"fast tones, no cap",sim,2300,floor_margin_db=None,,awgn,-6.0,average,fading,,2000,129.0,124.1,228.4,0.543,3,5,5,1,3,17,0,0,0,1,0.0
"fast tones, no cap",sim,2300,floor_margin_db=None,,awgn,-6.0,average,fading,,2000,148.4,107.8,228.4,0.472,0,5,5,1,4,20,1,0,0,1,0.0
"fast tones, no cap",sim,2300,floor_margin_db=None,,awgn,-6.0,average,fading,,2000,159.5,100.3,228.4,0.439,0,5,5,2,4,22,1,0,0,1,0.0
"fast tones, no cap",sim,2300,floor_margin_db=None,,awgn,-6.0,average,fading,,2000,149.4,107.1,228.4,0.469,0,5,5,1,4,20,1,0,0,1,0.0
"fast tones, no cap",sim,2300,floor_margin_db=None,,awgn,-6.0,average,fading,,2000,128.9,124.1,228.4,0.544,3,5,5,1,3,17,0,0,0,1,0.0
"fast tones, no cap",sim,2300,floor_margin_db=None,,awgn,-6.0,average,fading,,2000,130.4,122.7,228.4,0.537,3,5,5,1,3,17,0,0,0,1,0.0
"fast tones, no cap",sim,2300,floor_margin_db=None,,awgn,-6.0,average,fading,,2000,128.8,124.2,228.4,0.544,3,5,5,1,3,17,0,0,0,1,0.0
"fast tones, no cap",sim,2300,floor_margin_db=None,,awgn,-6.0,average,fading,,2000,128.9,124.1,228.4,0.544,3,5,5,1,3,17,0,0,0,1,0.0
"fast tones, no cap",sim,2300,floor_margin_db=None,,awgn,-6.0,average,fading,,2000,151.2,105.9,228.4,0.464,0,5,5,1,4,20,1,0,0,1,0.0
"fast tones, no cap",sim,2300,floor_margin_db=None,,awgn,-6.0,average,fading,,2000,186.2,85.9,228.4,0.376,0,4,4,1,5,26,1,0,0,1,0.0
"fast tones, no cap",sim,2300,floor_margin_db=None,,awgn,-6.0,average,fading,,2000,149.9,106.8,228.4,0.468,0,5,5,1,4,20,1,0,0,1,0.0
"fast tones, no cap",sim,2300,floor_margin_db=None,,awgn,-4.0,average,fading,,2000,112.3,142.5,228.4,0.624,3,5,5,1,3,17,0,0,0,1,0.0
"fast tones, no cap",sim,2300,floor_margin_db=None,,awgn,-4.0,average,fading,,2000,112.3,142.5,228.4,0.624,3,5,5,1,3,17,0,0,0,1,0.0
"fast tones, no cap",sim,2300,floor_margin_db=None,,awgn,-4.0,average,fading,,2000,112.3,142.5,228.4,0.624,3,5,5,1,3,17,0,0,0,1,0.0
"fast tones, no cap",sim,2300,floor_margin_db=None,,awgn,-4.0,average,fading,,2000,112.3,142.5,228.4,0.624,3,5,5,1,3,17,0,0,0,1,0.0
"fast tones, no cap",sim,2300,floor_margin_db=None,,awgn,-4.0,average,fading,,2000,112.3,142.5,228.4,0.624,3,5,5,1,3,17,0,0,0,1,0.0
"fast tones, no cap",sim,2300,floor_margin_db=None,,awgn,-4.0,average,fading,,2000,112.3,142.5,228.4,0.624,3,5,5,1,3,17,0,0,0,1,0.0
"fast tones, no cap",sim,2300,floor_margin_db=None,,awgn,-4.0,average,fading,,2000,112.3,142.5,228.4,0.624,3,5,5,1,3,17,0,0,0,1,0.0
"fast tones, no cap",sim,2300,floor_margin_db=None,,awgn,-4.0,average,fading,,2000,112.3,142.5,228.4,0.624,3,5,5,1,3,17,0,0,0,1,0.0
"fast tones, no cap",sim,2300,floor_margin_db=None,,awgn,-4.0,average,fading,,2000,112.3,142.5,228.4,0.624,3,5,5,1,3,17,0,0,0,1,0.0
"fast tones, no cap",sim,2300,floor_margin_db=None,,awgn,-4.0,average,fading,,2000,112.3,142.5,228.4,0.624,3,5,5,1,3,17,0,0,0,1,0.0
"fast tones, no cap",sim,2300,floor_margin_db=None,,awgn,-4.0,average,fading,,2000,112.3,142.5,228.4,0.624,3,5,5,1,3,17,0,0,0,1,0.0
"fast tones, no cap",sim,2300,floor_margin_db=None,,awgn,-4.0,average,fading,,2000,112.3,142.5,228.4,0.624,3,5,5,1,3,17,0,0,0,1,0.0
"fast tones, no cap",sim,2300,floor_margin_db=None,,awgn,-4.0,average,fading,,2000,112.3,142.5,228.4,0.624,3,5,5,1,3,17,0,0,0,1,0.0
"fast tones, no cap",sim,2300,floor_margin_db=None,,awgn,-4.0,average,fading,,2000,112.3,142.5,228.4,0.624,3,5,5,1,3,17,0,0,0,1,0.0
"fast tones, no cap",sim,2300,floor_margin_db=None,,awgn,-4.0,average,fading,,2000,112.3,142.5,228.4,0.624,3,5,5,1,3,17,0,0,0,1,0.0
"fast tones, no cap",sim,2300,floor_margin_db=None,,awgn,-4.0,average,fading,,2000,112.3,142.5,228.4,0.624,3,5,5,1,3,17,0,0,0,1,0.0
"fast tones, no cap",sim,2300,floor_margin_db=None,,awgn,-4.0,average,fading,,2000,112.3,142.5,228.4,0.624,3,5,5,1,3,17,0,0,0,1,0.0
"fast tones, no cap",sim,2300,floor_margin_db=None,,awgn,-4.0,average,fading,,2000,112.3,142.5,228.4,0.624,3,5,5,1,3,17,0,0,0,1,0.0
"fast tones, no cap",sim,2300,floor_margin_db=None,,awgn,-4.0,average,fading,,2000,112.3,142.5,228.4,0.624,3,5,5,1,3,17,0,0,0,1,0.0
"fast tones, no cap",sim,2300,floor_margin_db=None,,awgn,-4.0,average,fading,,2000,112.3,142.5,228.4,0.624,3,5,5,1,3,17,0,0,0,1,0.0
"fast tones, no cap",sim,2300,floor_margin_db=None,,awgn,-4.0,average,fading,,2000,112.3,142.5,228.4,0.624,3,5,5,1,3,17,0,0,0,1,0.0
"fast tones, no cap",sim,2300,floor_margin_db=None,,awgn,-4.0,average,fading,,2000,112.3,142.5,228.4,0.624,3,5,5,1,3,17,0,0,0,1,0.0
"fast tones, no cap",sim,2300,floor_margin_db=None,,awgn,-4.0,average,fading,,2000,112.3,142.5,228.4,0.624,3,5,5,1,3,17,0,0,0,1,0.0
"fast tones, no cap",sim,2300,floor_margin_db=None,,awgn,-4.0,average,fading,,2000,112.3,142.5,228.4,0.624,3,5,5,1,3,17,0,0,0,1,0.0
"fast tones, no cap",sim,2300,floor_margin_db=None,,awgn,-4.0,average,fading,,2000,112.3,142.5,228.4,0.624,3,5,5,1,3,17,0,0,0,1,0.0
"fast tones, no cap",sim,2300,floor_margin_db=None,,awgn,-4.0,average,fading,,2000,112.3,142.5,228.4,0.624,3,5,5,1,3,17,0,0,0,1,0.0
"fast tones, no cap",sim,2300,floor_margin_db=None,,awgn,-4.0,average,fading,,2000,112.3,142.5,228.4,0.624,3,5,5,1,3,17,0,0,0,1,0.0
"fast tones, no cap",sim,2300,floor_margin_db=None,,awgn,-4.0,average,fading,,2000,112.3,142.5,228.4,0.624,3,5,5,1,3,17,0,0,0,1,0.0
"fast tones, no cap",sim,2300,floor_margin_db=None,,awgn,-4.0,average,fading,,2000,112.3,142.5,228.4,0.624,3,5,5,1,3,17,0,0,0,1,0.0
"fast tones, no cap",sim,2300,floor_margin_db=None,,awgn,-4.0,average,fading,,2000,112.3,142.5,228.4,0.624,3,5,5,1,3,17,0,0,0,1,0.0
"fast tones, no cap",sim,2300,floor_margin_db=None,,awgn,-2.0,average,fading,,2000,112.3,142.5,531.3,0.268,3,5,5,1,3,17,0,0,0,1,0.0
"fast tones, no cap",sim,2300,floor_margin_db=None,,awgn,-2.0,average,fading,,2000,112.3,142.5,531.3,0.268,3,5,5,1,3,17,0,0,0,1,0.0
"fast tones, no cap",sim,2300,floor_margin_db=None,,awgn,-2.0,average,fading,,2000,112.3,142.5,531.3,0.268,3,5,5,1,3,17,0,0,0,1,0.0
"fast tones, no cap",sim,2300,floor_margin_db=None,,awgn,-2.0,average,fading,,2000,112.3,142.5,531.3,0.268,3,5,5,1,3,17,0,0,0,1,0.0
"fast tones, no cap",sim,2300,floor_margin_db=None,,awgn,-2.0,average,fading,,2000,112.3,142.5,531.3,0.268,3,5,5,1,3,17,0,0,0,1,0.0
"fast tones, no cap",sim,2300,floor_margin_db=None,,awgn,-2.0,average,fading,,2000,112.3,142.5,531.3,0.268,3,5,5,1,3,17,0,0,0,1,0.0
"fast tones, no cap",sim,2300,floor_margin_db=None,,awgn,-2.0,average,fading,,2000,112.3,142.5,531.3,0.268,3,5,5,1,3,17,0,0,0,1,0.0
"fast tones, no cap",sim,2300,floor_margin_db=None,,awgn,-2.0,average,fading,,2000,112.3,142.5,531.3,0.268,3,5,5,1,3,17,0,0,0,1,0.0
"fast tones, no cap",sim,2300,floor_margin_db=None,,awgn,-2.0,average,fading,,2000,112.3,142.5,531.3,0.268,3,5,5,1,3,17,0,0,0,1,0.0
"fast tones, no cap",sim,2300,floor_margin_db=None,,awgn,-2.0,average,fading,,2000,112.3,142.5,531.3,0.268,3,5,5,1,3,17,0,0,0,1,0.0
"fast tones, no cap",sim,2300,floor_margin_db=None,,awgn,-2.0,average,fading,,2000,112.3,142.5,531.3,0.268,3,5,5,1,3,17,0,0,0,1,0.0
"fast tones, no cap",sim,2300,floor_margin_db=None,,awgn,-2.0,average,fading,,2000,112.3,142.5,531.3,0.268,3,5,5,1,3,17,0,0,0,1,0.0
"fast tones, no cap",sim,2300,floor_margin_db=None,,awgn,-2.0,average,fading,,2000,112.3,142.5,531.3,0.268,3,5,5,1,3,17,0,0,0,1,0.0
"fast tones, no cap",sim,2300,floor_margin_db=None,,awgn,-2.0,average,fading,,2000,112.3,142.5,531.3,0.268,3,5,5,1,3,17,0,0,0,1,0.0
"fast tones, no cap",sim,2300,floor_margin_db=None,,awgn,-2.0,average,fading,,2000,112.3,142.5,531.3,0.268,3,5,5,1,3,17,0,0,0,1,0.0
"fast tones, no cap",sim,2300,floor_margin_db=None,,awgn,-2.0,average,fading,,2000,112.3,142.5,531.3,0.268,3,5,5,1,3,17,0,0,0,1,0.0
"fast tones, no cap",sim,2300,floor_margin_db=None,,awgn,-2.0,average,fading,,2000,112.3,142.5,531.3,0.268,3,5,5,1,3,17,0,0,0,1,0.0
"fast tones, no cap",sim,2300,floor_margin_db=None,,awgn,-2.0,average,fading,,2000,112.3,142.5,531.3,0.268,3,5,5,1,3,17,0,0,0,1,0.0
"fast tones, no cap",sim,2300,floor_margin_db=None,,awgn,-2.0,average,fading,,2000,112.3,142.5,531.3,0.268,3,5,5,1,3,17,0,0,0,1,0.0
"fast tones, no cap",sim,2300,floor_margin_db=None,,awgn,-2.0,average,fading,,2000,112.3,142.5,531.3,0.268,3,5,5,1,3,17,0,0,0,1,0.0
"fast tones, no cap",sim,2300,floor_margin_db=None,,awgn,-2.0,average,fading,,2000,112.3,142.5,531.3,0.268,3,5,5,1,3,17,0,0,0,1,0.0
"fast tones, no cap",sim,2300,floor_margin_db=None,,awgn,-2.0,average,fading,,2000,112.3,142.5,531.3,0.268,3,5,5,1,3,17,0,0,0,1,0.0
"fast tones, no cap",sim,2300,floor_margin_db=None,,awgn,-2.0,average,fading,,2000,112.3,142.5,531.3,0.268,3,5,5,1,3,17,0,0,0,1,0.0
"fast tones, no cap",sim,2300,floor_margin_db=None,,awgn,-2.0,average,fading,,2000,112.3,142.5,531.3,0.268,3,5,5,1,3,17,0,0,0,1,0.0
"fast tones, no cap",sim,2300,floor_margin_db=None,,awgn,-2.0,average,fading,,2000,112.3,142.5,531.3,0.268,3,5,5,1,3,17,0,0,0,1,0.0
"fast tones, no cap",sim,2300,floor_margin_db=None,,awgn,-2.0,average,fading,,2000,112.3,142.5,531.3,0.268,3,5,5,1,3,17,0,0,0,1,0.0
"fast tones, no cap",sim,2300,floor_margin_db=None,,awgn,-2.0,average,fading,,2000,112.3,142.5,531.3,0.268,3,5,5,1,3,17,0,0,0,1,0.0
"fast tones, no cap",sim,2300,floor_margin_db=None,,awgn,-2.0,average,fading,,2000,112.3,142.5,531.3,0.268,3,5,5,1,3,17,0,0,0,1,0.0
"fast tones, no cap",sim,2300,floor_margin_db=None,,awgn,-2.0,average,fading,,2000,112.3,142.5,531.3,0.268,3,5,5,1,3,17,0,0,0,1,0.0
"fast tones, no cap",sim,2300,floor_margin_db=None,,awgn,-2.0,average,fading,,2000,112.3,142.5,531.3,0.268,3,5,5,1,3,17,0,0,0,1,0.0
"fast tones, no cap",sim,2300,floor_margin_db=None,,awgn,0.0,average,fading,,2000,112.3,142.5,721.1,0.198,3,5,5,1,3,17,0,0,0,1,0.0
"fast tones, no cap",sim,2300,floor_margin_db=None,,awgn,0.0,average,fading,,2000,112.3,142.5,721.1,0.198,3,5,5,1,3,17,0,0,0,1,0.0
"fast tones, no cap",sim,2300,floor_margin_db=None,,awgn,0.0,average,fading,,2000,112.3,142.5,721.1,0.198,3,5,5,1,3,17,0,0,0,1,0.0
"fast tones, no cap",sim,2300,floor_margin_db=None,,awgn,0.0,average,fading,,2000,112.3,142.5,721.1,0.198,3,5,5,1,3,17,0,0,0,1,0.0
"fast tones, no cap",sim,2300,floor_margin_db=None,,awgn,0.0,average,fading,,2000,112.3,142.5,721.1,0.198,3,5,5,1,3,17,0,0,0,1,0.0
"fast tones, no cap",sim,2300,floor_margin_db=None,,awgn,0.0,average,fading,,2000,112.3,142.5,721.1,0.198,3,5,5,1,3,17,0,0,0,1,0.0
"fast tones, no cap",sim,2300,floor_margin_db=None,,awgn,0.0,average,fading,,2000,112.3,142.5,721.1,0.198,3,5,5,1,3,17,0,0,0,1,0.0
"fast tones, no cap",sim,2300,floor_margin_db=None,,awgn,0.0,average,fading,,2000,112.3,142.5,721.1,0.198,3,5,5,1,3,17,0,0,0,1,0.0
"fast tones, no cap",sim,2300,floor_margin_db=None,,awgn,0.0,average,fading,,2000,112.3,142.5,721.1,0.198,3,5,5,1,3,17,0,0,0,1,0.0
"fast tones, no cap",sim,2300,floor_margin_db=None,,awgn,0.0,average,fading,,2000,112.3,142.5,721.1,0.198,3,5,5,1,3,17,0,0,0,1,0.0
"fast tones, no cap",sim,2300,floor_margin_db=None,,awgn,0.0,average,fading,,2000,112.3,142.5,721.1,0.198,3,5,5,1,3,17,0,0,0,1,0.0
"fast tones, no cap",sim,2300,floor_margin_db=None,,awgn,0.0,average,fading,,2000,112.3,142.5,721.1,0.198,3,5,5,1,3,17,0,0,0,1,0.0
"fast tones, no cap",sim,2300,floor_margin_db=None,,awgn,0.0,average,fading,,2000,112.3,142.5,721.1,0.198,3,5,5,1,3,17,0,0,0,1,0.0
"fast tones, no cap",sim,2300,floor_margin_db=None,,awgn,0.0,average,fading,,2000,112.3,142.5,721.1,0.198,3,5,5,1,3,17,0,0,0,1,0.0
"fast tones, no cap",sim,2300,floor_margin_db=None,,awgn,0.0,average,fading,,2000,112.3,142.5,721.1,0.198,3,5,5,1,3,17,0,0,0,1,0.0
"fast tones, no cap",sim,2300,floor_margin_db=None,,awgn,0.0,average,fading,,2000,112.3,142.5,721.1,0.198,3,5,5,1,3,17,0,0,0,1,0.0
"fast tones, no cap",sim,2300,floor_margin_db=None,,awgn,0.0,average,fading,,2000,112.3,142.5,721.1,0.198,3,5,5,1,3,17,0,0,0,1,0.0
"fast tones, no cap",sim,2300,floor_margin_db=None,,awgn,0.0,average,fading,,2000,112.3,142.5,721.1,0.198,3,5,5,1,3,17,0,0,0,1,0.0
"fast tones, no cap",sim,2300,floor_margin_db=None,,awgn,0.0,average,fading,,2000,112.3,142.5,721.1,0.198,3,5,5,1,3,17,0,0,0,1,0.0
"fast tones, no cap",sim,2300,floor_margin_db=None,,awgn,0.0,average,fading,,2000,112.3,142.5,721.1,0.198,3,5,5,1,3,17,0,0,0,1,0.0
"fast tones, no cap",sim,2300,floor_margin_db=None,,awgn,0.0,average,fading,,2000,112.3,142.5,721.1,0.198,3,5,5,1,3,17,0,0,0,1,0.0
"fast tones, no cap",sim,2300,floor_margin_db=None,,awgn,0.0,average,fading,,2000,112.3,142.5,721.1,0.198,3,5,5,1,3,17,0,0,0,1,0.0
"fast tones, no cap",sim,2300,floor_margin_db=None,,awgn,0.0,average,fading,,2000,112.3,142.5,721.1,0.198,3,5,5,1,3,17,0,0,0,1,0.0
"fast tones, no cap",sim,2300,floor_margin_db=None,,awgn,0.0,average,fading,,2000,112.3,142.5,721.1,0.198,3,5,5,1,3,17,0,0,0,1,0.0
"fast tones, no cap",sim,2300,floor_margin_db=None,,awgn,0.0,average,fading,,2000,112.3,142.5,721.1,0.198,3,5,5,1,3,17,0,0,0,1,0.0
"fast tones, no cap",sim,2300,floor_margin_db=None,,awgn,0.0,average,fading,,2000,85.6,187.0,721.1,0.259,3,7,7,1,8,43,0,0,0,1,0.0
"fast tones, no cap",sim,2300,floor_margin_db=None,,awgn,0.0,average,fading,,2000,112.3,142.5,721.1,0.198,3,5,5,1,3,17,0,0,0,1,0.0
"fast tones, no cap",sim,2300,floor_margin_db=None,,awgn,0.0,average,fading,,2000,112.3,142.5,721.1,0.198,3,5,5,1,3,17,0,0,0,1,0.0
"fast tones, no cap",sim,2300,floor_margin_db=None,,awgn,0.0,average,fading,,2000,112.3,142.5,721.1,0.198,3,5,5,1,3,17,0,0,0,1,0.0
"fast tones, no cap",sim,2300,floor_margin_db=None,,awgn,0.0,average,fading,,2000,112.3,142.5,721.1,0.198,3,5,5,1,3,17,0,0,0,1,0.0
"fast tones, no cap",sim,2300,floor_margin_db=None,,awgn,2.0,average,fading,,2000,49.2,325.2,1093.0,0.298,7,8,8,1,7,37,0,0,0,1,0.0
"fast tones, no cap",sim,2300,floor_margin_db=None,,awgn,2.0,average,fading,,2000,49.2,325.2,1093.0,0.298,7,8,8,1,7,37,0,0,0,1,0.0
"fast tones, no cap",sim,2300,floor_margin_db=None,,awgn,2.0,average,fading,,2000,49.2,325.2,1093.0,0.298,7,8,8,1,7,37,0,0,0,1,0.0
"fast tones, no cap",sim,2300,floor_margin_db=None,,awgn,2.0,average,fading,,2000,49.2,325.2,1093.0,0.298,7,8,8,1,7,37,0,0,0,1,0.0
"fast tones, no cap",sim,2300,floor_margin_db=None,,awgn,2.0,average,fading,,2000,42.9,372.9,1093.0,0.341,7,8,8,1,6,32,0,0,0,1,0.0
"fast tones, no cap",sim,2300,floor_margin_db=None,,awgn,2.0,average,fading,,2000,49.2,325.2,1093.0,0.298,7,8,8,1,7,37,0,0,0,1,0.0
"fast tones, no cap",sim,2300,floor_margin_db=None,,awgn,2.0,average,fading,,2000,94.6,169.1,1093.0,0.155,3,8,8,3,5,27,0,0,0,1,0.0
"fast tones, no cap",sim,2300,floor_margin_db=None,,awgn,2.0,average,fading,,2000,49.2,325.2,1093.0,0.298,7,8,8,1,7,37,0,0,0,1,0.0
"fast tones, no cap",sim,2300,floor_margin_db=None,,awgn,2.0,average,fading,,2000,46.1,347.3,1093.0,0.318,7,8,8,1,6,35,0,0,0,1,0.0
"fast tones, no cap",sim,2300,floor_margin_db=None,,awgn,2.0,average,fading,,2000,46.1,347.3,1093.0,0.318,7,8,8,1,6,35,0,0,0,1,0.0
"fast tones, no cap",sim,2300,floor_margin_db=None,,awgn,2.0,average,fading,,2000,42.9,372.9,1093.0,0.341,7,8,8,1,6,32,0,0,0,1,0.0
"fast tones, no cap",sim,2300,floor_margin_db=None,,awgn,2.0,average,fading,,2000,51.3,311.8,1093.0,0.285,7,8,8,1,7,39,0,0,0,1,0.0
"fast tones, no cap",sim,2300,floor_margin_db=None,,awgn,2.0,average,fading,,2000,49.2,325.2,1093.0,0.298,7,8,8,1,7,37,0,0,0,1,0.0
"fast tones, no cap",sim,2300,floor_margin_db=None,,awgn,2.0,average,fading,,2000,49.2,325.2,1093.0,0.298,7,8,8,1,7,37,0,0,0,1,0.0
"fast tones, no cap",sim,2300,floor_margin_db=None,,awgn,2.0,average,fading,,2000,46.1,347.3,1093.0,0.318,7,8,8,1,6,35,0,0,0,1,0.0
"fast tones, no cap",sim,2300,floor_margin_db=None,,awgn,2.0,average,fading,,2000,76.1,210.2,1093.0,0.192,3,8,8,2,6,36,0,0,0,1,0.0
"fast tones, no cap",sim,2300,floor_margin_db=None,,awgn,2.0,average,fading,,2000,49.2,325.2,1093.0,0.298,7,8,8,1,7,37,0,0,0,1,0.0
"fast tones, no cap",sim,2300,floor_margin_db=None,,awgn,2.0,average,fading,,2000,49.2,325.2,1093.0,0.298,7,8,8,1,7,37,0,0,0,1,0.0
"fast tones, no cap",sim,2300,floor_margin_db=None,,awgn,2.0,average,fading,,2000,51.3,311.8,1093.0,0.285,7,8,8,1,7,39,0,0,0,1,0.0
"fast tones, no cap",sim,2300,floor_margin_db=None,,awgn,2.0,average,fading,,2000,51.3,311.8,1093.0,0.285,7,8,8,1,7,39,0,0,0,1,0.0
"fast tones, no cap",sim,2300,floor_margin_db=None,,awgn,2.0,average,fading,,2000,49.2,325.2,1093.0,0.298,7,8,8,1,7,37,0,0,0,1,0.0
"fast tones, no cap",sim,2300,floor_margin_db=None,,awgn,2.0,average,fading,,2000,46.1,347.3,1093.0,0.318,7,8,8,1,6,35,0,0,0,1,0.0
"fast tones, no cap",sim,2300,floor_margin_db=None,,awgn,2.0,average,fading,,2000,46.1,347.3,1093.0,0.318,7,8,8,1,6,35,0,0,0,1,0.0
"fast tones, no cap",sim,2300,floor_margin_db=None,,awgn,2.0,average,fading,,2000,49.2,325.2,1093.0,0.298,7,8,8,1,7,37,0,0,0,1,0.0
"fast tones, no cap",sim,2300,floor_margin_db=None,,awgn,2.0,average,fading,,2000,49.2,325.2,1093.0,0.298,7,8,8,1,7,37,0,0,0,1,0.0
"fast tones, no cap",sim,2300,floor_margin_db=None,,awgn,2.0,average,fading,,2000,42.9,372.9,1093.0,0.341,7,8,8,1,6,32,0,0,0,1,0.0
"fast tones, no cap",sim,2300,floor_margin_db=None,,awgn,2.0,average,fading,,2000,49.2,325.2,1093.0,0.298,7,8,8,1,7,37,0,0,0,1,0.0
"fast tones, no cap",sim,2300,floor_margin_db=None,,awgn,2.0,average,fading,,2000,46.1,347.3,1093.0,0.318,7,8,8,1,6,35,0,0,0,1,0.0
"fast tones, no cap",sim,2300,floor_margin_db=None,,awgn,2.0,average,fading,,2000,51.3,311.8,1093.0,0.285,7,8,8,1,7,39,0,0,0,1,0.0
"fast tones, no cap",sim,2300,floor_margin_db=None,,awgn,2.0,average,fading,,2000,49.2,325.2,1093.0,0.298,7,8,8,1,7,37,0,0,0,1,0.0
"fast tones, no cap",sim,2300,floor_margin_db=None,,awgn,6.0,average,fading,,2000,25.1,638.4,2208.7,0.289,8,10,10,1,3,18,0,0,0,1,0.0
"fast tones, no cap",sim,2300,floor_margin_db=None,,awgn,6.0,average,fading,,2000,25.1,638.4,2208.7,0.289,8,10,10,1,3,18,0,0,0,1,0.0
"fast tones, no cap",sim,2300,floor_margin_db=None,,awgn,6.0,average,fading,,2000,25.1,638.4,2208.7,0.289,8,10,10,1,3,18,0,0,0,1,0.0
"fast tones, no cap",sim,2300,floor_margin_db=None,,awgn,6.0,average,fading,,2000,28.2,567.4,2208.7,0.257,8,10,10,2,4,20,0,0,0,1,0.0
"fast tones, no cap",sim,2300,floor_margin_db=None,,awgn,6.0,average,fading,,2000,25.1,638.4,2208.7,0.289,8,10,10,1,3,18,0,0,0,1,0.0
"fast tones, no cap",sim,2300,floor_margin_db=None,,awgn,6.0,average,fading,,2000,25.1,638.4,2208.7,0.289,8,10,10,1,3,18,0,0,0,1,0.0
"fast tones, no cap",sim,2300,floor_margin_db=None,,awgn,6.0,average,fading,,2000,29.3,547.0,2208.7,0.248,7,10,10,2,4,21,0,0,0,1,0.0
"fast tones, no cap",sim,2300,floor_margin_db=None,,awgn,6.0,average,fading,,2000,25.1,638.4,2208.7,0.289,8,10,10,1,3,18,0,0,0,1,0.0
"fast tones, no cap",sim,2300,floor_margin_db=None,,awgn,6.0,average,fading,,2000,25.1,638.4,2208.7,0.289,8,10,10,1,3,18,0,0,0,1,0.0
"fast tones, no cap",sim,2300,floor_margin_db=None,,awgn,6.0,average,fading,,2000,25.1,638.4,2208.7,0.289,8,10,10,1,3,18,0,0,0,1,0.0
"fast tones, no cap",sim,2300,floor_margin_db=None,,awgn,6.0,average,fading,,2000,25.1,638.4,2208.7,0.289,8,10,10,1,3,18,0,0,0,1,0.0
"fast tones, no cap",sim,2300,floor_margin_db=None,,awgn,6.0,average,fading,,2000,28.2,567.4,2208.7,0.257,8,10,10,2,4,20,0,0,0,1,0.0
"fast tones, no cap",sim,2300,floor_margin_db=None,,awgn,6.0,average,fading,,2000,25.1,638.4,2208.7,0.289,8,10,10,1,3,18,0,0,0,1,0.0
"fast tones, no cap",sim,2300,floor_margin_db=None,,awgn,6.0,average,fading,,2000,25.1,638.4,2208.7,0.289,8,10,10,1,3,18,0,0,0,1,0.0
"fast tones, no cap",sim,2300,floor_margin_db=None,,awgn,6.0,average,fading,,2000,25.1,638.4,2208.7,0.289,8,10,10,1,3,18,0,0,0,1,0.0
"fast tones, no cap",sim,2300,floor_margin_db=None,,awgn,6.0,average,fading,,2000,29.3,547.0,2208.7,0.248,7,10,10,2,4,21,0,0,0,1,0.0
"fast tones, no cap",sim,2300,floor_margin_db=None,,awgn,6.0,average,fading,,2000,25.1,638.4,2208.7,0.289,8,10,10,1,3,18,0,0,0,1,0.0
"fast tones, no cap",sim,2300,floor_margin_db=None,,awgn,6.0,average,fading,,2000,25.1,638.4,2208.7,0.289,8,10,10,1,3,18,0,0,0,1,0.0
"fast tones, no cap",sim,2300,floor_margin_db=None,,awgn,6.0,average,fading,,2000,28.2,567.4,2208.7,0.257,8,10,10,2,4,20,0,0,0,1,0.0
"fast tones, no cap",sim,2300,floor_margin_db=None,,awgn,6.0,average,fading,,2000,25.1,638.4,2208.7,0.289,8,10,10,1,3,18,0,0,0,1,0.0
"fast tones, no cap",sim,2300,floor_margin_db=None,,awgn,6.0,average,fading,,2000,28.2,567.4,2208.7,0.257,8,10,10,2,4,20,0,0,0,1,0.0
"fast tones, no cap",sim,2300,floor_margin_db=None,,awgn,6.0,average,fading,,2000,25.1,638.4,2208.7,0.289,8,10,10,1,3,18,0,0,0,1,0.0
"fast tones, no cap",sim,2300,floor_margin_db=None,,awgn,6.0,average,fading,,2000,25.1,638.4,2208.7,0.289,8,10,10,1,3,18,0,0,0,1,0.0
"fast tones, no cap",sim,2300,floor_margin_db=None,,awgn,6.0,average,fading,,2000,25.1,638.4,2208.7,0.289,8,10,10,1,3,18,0,0,0,1,0.0
"fast tones, no cap",sim,2300,floor_margin_db=None,,awgn,6.0,average,fading,,2000,25.1,638.4,2208.7,0.289,8,10,10,1,3,18,0,0,0,1,0.0
"fast tones, no cap",sim,2300,floor_margin_db=None,,awgn,6.0,average,fading,,2000,25.1,638.4,2208.7,0.289,8,10,10,1,3,18,0,0,0,1,0.0
"fast tones, no cap",sim,2300,floor_margin_db=None,,awgn,6.0,average,fading,,2000,25.1,638.4,2208.7,0.289,8,10,10,1,3,18,0,0,0,1,0.0
"fast tones, no cap",sim,2300,floor_margin_db=None,,awgn,6.0,average,fading,,2000,25.1,638.4,2208.7,0.289,8,10,10,1,3,18,0,0,0,1,0.0
"fast tones, no cap",sim,2300,floor_margin_db=None,,awgn,6.0,average,fading,,2000,28.2,567.4,2208.7,0.257,8,10,10,2,4,20,0,0,0,1,0.0
"fast tones, no cap",sim,2300,floor_margin_db=None,,awgn,6.0,average,fading,,2000,25.1,638.4,2208.7,0.289,8,10,10,1,3,18,0,0,0,1,0.0
"fast tones, no cap",sim,2300,floor_margin_db=None,,good,-18.0,average,fading,,2000,159.4,0.0,0.0,,,,,0,0,0,0,0,0,0,0.0
"fast tones, no cap",sim,2300,floor_margin_db=None,,good,-18.0,average,fading,,2000,237.4,0.0,0.0,,,,,0,0,0,0,0,0,0,0.0
"fast tones, no cap",sim,2300,floor_margin_db=None,,good,-18.0,average,fading,,2000,301.3,3.3,0.0,,0,0,0,0,4,24,18,2,3,0,0.0
"fast tones, no cap",sim,2300,floor_margin_db=None,,good,-18.0,average,fading,,2000,158.6,0.0,0.0,,,,,0,0,0,0,0,0,0,0.0
"fast tones, no cap",sim,2300,floor_margin_db=None,,good,-18.0,average,fading,,2000,183.3,0.0,0.0,,,,,0,0,0,0,0,0,0,0.0
"fast tones, no cap",sim,2300,floor_margin_db=None,,good,-18.0,average,fading,,2000,764.1,9.5,0.0,,0,0,0,0,16,96,53,11,8,0,0.1
"fast tones, no cap",sim,2300,floor_margin_db=None,,good,-18.0,average,fading,,2000,79.4,0.0,0.0,,,,,0,0,0,0,0,0,0,0.0
"fast tones, no cap",sim,2300,floor_margin_db=None,,good,-18.0,average,fading,,2000,1114.7,14.4,0.0,,0,0,0,0,30,176,80,29,7,1,0.3
"fast tones, no cap",sim,2300,floor_margin_db=None,,good,-18.0,average,fading,,2000,543.1,7.4,0.0,,0,0,0,0,11,66,42,8,6,0,0.1
"fast tones, no cap",sim,2300,floor_margin_db=None,,good,-18.0,average,fading,,2000,565.5,7.1,0.0,,0,0,0,0,11,66,42,4,6,0,0.1
"fast tones, no cap",sim,2300,floor_margin_db=None,,good,-18.0,average,fading,,2000,444.0,6.8,0.0,,0,0,0,0,8,48,30,1,5,0,0.1
"fast tones, no cap",sim,2300,floor_margin_db=None,,good,-18.0,average,fading,,2000,157.2,0.0,0.0,,,,,0,0,0,0,0,0,0,0.0
"fast tones, no cap",sim,2300,floor_margin_db=None,,good,-18.0,average,fading,,2000,193.7,0.0,0.0,,,,,0,0,0,0,0,0,0,0.0
"fast tones, no cap",sim,2300,floor_margin_db=None,,good,-18.0,average,fading,,2000,135.6,0.0,0.0,,,,,0,0,0,0,0,0,0,0.0
"fast tones, no cap",sim,2300,floor_margin_db=None,,good,-18.0,average,fading,,2000,192.2,0.0,0.0,,,,,0,0,0,0,0,0,0,0.0
"fast tones, no cap",sim,2300,floor_margin_db=None,,good,-18.0,average,fading,,2000,236.0,0.0,0.0,,,,,0,0,0,0,0,0,0,0.0
"fast tones, no cap",sim,2300,floor_margin_db=None,,good,-18.0,average,fading,,2000,156.8,0.0,0.0,,,,,0,0,0,0,0,0,0,0.0
"fast tones, no cap",sim,2300,floor_margin_db=None,,good,-18.0,average,fading,,2000,348.7,2.9,0.0,,0,0,0,0,4,24,18,3,3,0,0.1
"fast tones, no cap",sim,2300,floor_margin_db=None,,good,-18.0,average,fading,,2000,982.2,8.4,0.0,,0,0,0,0,21,126,77,18,7,0,0.2
"fast tones, no cap",sim,2300,floor_margin_db=None,,good,-18.0,average,fading,,2000,181.5,0.0,0.0,,,,,0,0,0,0,0,0,0,0.0
"fast tones, no cap",sim,2300,floor_margin_db=None,,good,-18.0,average,fading,,2000,781.0,8.6,0.0,,0,0,0,0,16,96,56,14,7,0,0.1
"fast tones, no cap",sim,2300,floor_margin_db=None,,good,-18.0,average,fading,,2000,204.6,0.0,0.0,,,,,0,0,0,0,0,0,0,0.0
"fast tones, no cap",sim,2300,floor_margin_db=None,,good,-18.0,average,fading,,2000,360.9,2.8,0.0,,0,0,0,0,4,24,18,1,3,0,0.0
"fast tones, no cap",sim,2300,floor_margin_db=None,,good,-18.0,average,fading,,2000,639.7,6.0,0.0,,0,0,0,0,11,66,43,7,6,0,0.1
"fast tones, no cap",sim,2300,floor_margin_db=None,,good,-18.0,average,fading,,2000,94.3,0.0,0.0,,,,,0,0,0,0,0,0,0,0.0
"fast tones, no cap",sim,2300,floor_margin_db=None,,good,-18.0,average,fading,,2000,190.5,0.0,0.0,,,,,0,0,0,0,0,0,0,0.0
"fast tones, no cap",sim,2300,floor_margin_db=None,,good,-18.0,average,fading,,2000,1051.0,8.6,0.0,,0,0,0,0,23,138,84,16,11,0,0.2
"fast tones, no cap",sim,2300,floor_margin_db=None,,good,-18.0,average,fading,,2000,925.5,9.4,0.0,,0,0,0,0,21,126,74,10,9,0,0.2
"fast tones, no cap",sim,2300,floor_margin_db=None,,good,-18.0,average,fading,,2000,183.6,0.0,0.0,,,,,0,0,0,0,0,0,0,0.0
"fast tones, no cap",sim,2300,floor_margin_db=None,,good,-18.0,average,fading,,2000,216.3,0.0,0.0,,,,,0,0,0,0,0,0,0,0.0
"fast tones, no cap",sim,2300,floor_margin_db=None,,good,-14.0,average,fading,,2000,887.3,18.0,0.0,,0,0,0,0,25,140,44,3,6,1,0.2
"fast tones, no cap",sim,2300,floor_margin_db=None,,good,-14.0,average,fading,,2000,1039.1,15.4,0.0,,0,0,0,0,26,150,54,6,7,1,0.2
"fast tones, no cap",sim,2300,floor_margin_db=None,,good,-14.0,average,fading,,2000,670.4,16.0,0.0,,0,2,0,3,14,84,29,4,3,0,0.1
"fast tones, no cap",sim,2300,floor_margin_db=None,,good,-14.0,average,fading,,2000,158.6,0.0,0.0,,,,,0,0,0,0,0,0,0,0.0
"fast tones, no cap",sim,2300,floor_margin_db=None,,good,-14.0,average,fading,,2000,855.7,18.7,0.0,,0,0,0,0,23,136,40,1,5,1,0.2
"fast tones, no cap",sim,2300,floor_margin_db=None,,good,-14.0,average,fading,,2000,938.6,17.0,0.0,,0,0,0,0,26,149,53,3,6,1,0.2
"fast tones, no cap",sim,2300,floor_margin_db=None,,good,-14.0,average,fading,,2000,1051.7,15.2,0.0,,0,0,0,0,27,158,62,6,8,1,0.3
"fast tones, no cap",sim,2300,floor_margin_db=None,,good,-14.0,average,fading,,2000,901.1,17.8,0.0,,0,0,0,0,24,144,48,9,5,1,0.2
"fast tones, no cap",sim,2300,floor_margin_db=None,,good,-14.0,average,fading,,2000,866.6,18.5,0.0,,0,1,0,2,23,138,46,11,5,1,0.2
"fast tones, no cap",sim,2300,floor_margin_db=None,,good,-14.0,average,fading,,2000,783.7,13.4,0.0,,0,1,0,2,17,102,43,4,6,0,0.1
"fast tones, no cap",sim,2300,floor_margin_db=None,,good,-14.0,average,fading,,2000,453.2,11.3,0.0,,0,1,0,1,8,48,21,0,3,0,0.1
"fast tones, no cap",sim,2300,floor_margin_db=None,,good,-14.0,average,fading,,2000,827.9,19.3,0.0,,0,0,0,0,22,128,32,4,1,1,0.2
"fast tones, no cap",sim,2300,floor_margin_db=None,,good,-14.0,average,fading,,2000,225.8,0.0,0.0,,,,,0,0,0,0,0,0,0,0.0
"fast tones, no cap",sim,2300,floor_margin_db=None,,good,-14.0,average,fading,,2000,945.8,16.9,0.0,,0,0,0,0,23,135,39,4,3,1,0.2
"fast tones, no cap",sim,2300,floor_margin_db=None,,good,-14.0,average,fading,,2000,192.2,0.0,0.0,,,,,0,0,0,0,0,0,0,0.0
"fast tones, no cap",sim,2300,floor_margin_db=None,,good,-14.0,average,fading,,2000,1017.5,15.7,0.0,,0,0,0,0,28,162,66,6,9,1,0.2
"fast tones, no cap",sim,2300,floor_margin_db=None,,good,-14.0,average,fading,,2000,210.8,0.0,0.0,,,,,0,0,0,0,0,0,0,0.0
"fast tones, no cap",sim,2300,floor_margin_db=None,,good,-14.0,average,fading,,2000,963.2,16.6,0.0,,0,0,0,0,26,146,50,3,6,1,0.2
"fast tones, no cap",sim,2300,floor_margin_db=None,,good,-14.0,average,fading,,2000,1083.0,14.0,0.0,,0,0,0,0,26,156,66,6,7,0,0.2
"fast tones, no cap",sim,2300,floor_margin_db=None,,good,-14.0,average,fading,,2000,524.9,10.6,0.0,,0,0,0,0,10,60,27,4,3,0,0.1
"fast tones, no cap",sim,2300,floor_margin_db=None,,good,-14.0,average,fading,,2000,862.5,18.6,0.0,,0,0,0,0,22,132,36,2,3,1,0.2
"fast tones, no cap",sim,2300,floor_margin_db=None,,good,-14.0,average,fading,,2000,919.8,17.4,0.0,,0,0,0,0,26,143,47,4,5,1,0.3
"fast tones, no cap",sim,2300,floor_margin_db=None,,good,-14.0,average,fading,,2000,838.1,19.1,0.0,,0,0,0,0,23,133,37,4,4,1,0.2
"fast tones, no cap",sim,2300,floor_margin_db=None,,good,-14.0,average,fading,,2000,1066.4,15.0,0.0,,0,0,0,0,27,155,59,5,7,1,0.4
"fast tones, no cap",sim,2300,floor_margin_db=None,,good,-14.0,average,fading,,2000,935.9,17.1,0.0,,0,0,0,0,25,146,50,6,5,1,0.3
"fast tones, no cap",sim,2300,floor_margin_db=None,,good,-14.0,average,fading,,2000,190.5,0.0,0.0,,,,,0,0,0,0,0,0,0,0.0
"fast tones, no cap",sim,2300,floor_margin_db=None,,good,-14.0,average,fading,,2000,562.0,10.8,0.0,,0,0,0,0,11,66,30,0,4,0,0.1
"fast tones, no cap",sim,2300,floor_margin_db=None,,good,-14.0,average,fading,,2000,828.9,19.3,0.0,,0,0,0,0,22,128,32,3,3,1,0.2
"fast tones, no cap",sim,2300,floor_margin_db=None,,good,-14.0,average,fading,,2000,158.2,0.0,0.0,,,,,0,0,0,0,0,0,0,0.0
"fast tones, no cap",sim,2300,floor_margin_db=None,,good,-14.0,average,fading,,2000,1050.3,15.2,0.0,,0,0,0,0,28,165,69,3,9,1,0.2
"fast tones, no cap",sim,2300,floor_margin_db=None,,good,-12.0,average,fading,,2000,803.4,19.9,0.0,,0,0,0,0,22,127,31,2,4,1,0.2
"fast tones, no cap",sim,2300,floor_margin_db=None,,good,-12.0,average,fading,,2000,864.8,18.5,0.0,,0,0,0,0,21,122,26,0,3,1,0.2
"fast tones, no cap",sim,2300,floor_margin_db=None,,good,-12.0,average,fading,,2000,560.8,28.5,0.0,,0,3,0,4,15,88,19,5,1,1,0.1
"fast tones, no cap",sim,2300,floor_margin_db=None,,good,-12.0,average,fading,,2000,776.2,20.6,0.0,,0,2,0,2,21,123,35,1,3,1,0.2
"fast tones, no cap",sim,2300,floor_margin_db=None,,good,-12.0,average,fading,,2000,734.3,21.8,0.0,,0,1,0,2,20,116,24,1,3,1,0.2
"fast tones, no cap",sim,2300,floor_margin_db=None,,good,-12.0,average,fading,,2000,623.4,25.7,0.0,,0,2,0,4,17,98,16,1,1,1,0.2
"fast tones, no cap",sim,2300,floor_margin_db=None,,good,-12.0,average,fading,,2000,802.9,19.9,0.0,,0,0,0,0,22,127,31,2,4,1,0.2
"fast tones, no cap",sim,2300,floor_margin_db=None,,good,-12.0,average,fading,,2000,837.2,19.1,0.0,,0,0,0,0,23,133,37,2,4,1,0.2
"fast tones, no cap",sim,2300,floor_margin_db=None,,good,-12.0,average,fading,,2000,692.0,23.1,0.0,,0,2,0,3,19,109,24,4,2,1,0.2
"fast tones, no cap",sim,2300,floor_margin_db=None,,good,-12.0,average,fading,,2000,668.1,23.9,0.0,,0,2,0,4,18,105,24,2,3,1,0.2
"fast tones, no cap",sim,2300,floor_margin_db=None,,good,-12.0,average,fading,,2000,574.2,27.9,0.0,,0,2,0,4,15,90,22,0,3,1,0.2
"fast tones, no cap",sim,2300,floor_margin_db=None,,good,-12.0,average,fading,,2000,701.9,22.8,0.0,,0,1,0,2,19,107,14,3,0,1,0.2
"fast tones, no cap",sim,2300,floor_margin_db=None,,good,-12.0,average,fading,,2000,775.2,20.6,0.0,,0,0,0,0,21,123,27,1,3,1,0.2
"fast tones, no cap",sim,2300,floor_margin_db=None,,good,-12.0,average,fading,,2000,892.7,17.9,0.0,,0,0,0,0,24,142,46,3,6,1,0.2
"fast tones, no cap",sim,2300,floor_margin_db=None,,good,-12.0,average,fading,,2000,192.2,0.0,0.0,,,,,0,0,0,0,0,0,0,0.0
"fast tones, no cap",sim,2300,floor_margin_db=None,,good,-12.0,average,fading,,2000,905.5,17.7,0.0,,0,0,0,0,24,142,46,0,5,1,0.2
"fast tones, no cap",sim,2300,floor_margin_db=None,,good,-12.0,average,fading,,2000,743.4,21.5,0.0,,0,0,0,0,20,118,22,0,3,1,0.2
"fast tones, no cap",sim,2300,floor_margin_db=None,,good,-12.0,average,fading,,2000,606.0,26.4,0.0,,0,2,0,3,17,87,11,3,2,1,0.2
"fast tones, no cap",sim,2300,floor_margin_db=None,,good,-12.0,average,fading,,2000,727.2,22.0,0.0,,0,1,0,1,20,115,23,0,2,1,0.2
"fast tones, no cap",sim,2300,floor_margin_db=None,,good,-12.0,average,fading,,2000,795.5,20.1,0.0,,0,0,0,0,22,126,30,3,3,1,0.2
"fast tones, no cap",sim,2300,floor_margin_db=None,,good,-12.0,average,fading,,2000,699.7,22.9,0.0,,0,0,0,0,20,110,14,0,2,1,0.2
"fast tones, no cap",sim,2300,floor_margin_db=None,,good,-12.0,average,fading,,2000,711.3,22.5,0.0,,0,2,0,3,21,111,26,1,4,1,0.2
"fast tones, no cap",sim,2300,floor_margin_db=None,,good,-12.0,average,fading,,2000,634.9,14.4,0.0,,0,1,0,2,13,78,27,1,4,0,0.1
"fast tones, no cap",sim,2300,floor_margin_db=None,,good,-12.0,average,fading,,2000,732.1,21.9,0.0,,0,0,0,0,19,114,18,2,1,1,0.2
"fast tones, no cap",sim,2300,floor_margin_db=None,,good,-12.0,average,fading,,2000,788.8,20.3,0.0,,0,0,0,0,21,122,26,4,3,1,0.2
"fast tones, no cap",sim,2300,floor_margin_db=None,,good,-12.0,average,fading,,2000,793.0,20.2,0.0,,0,0,0,0,21,125,29,0,3,1,0.2
"fast tones, no cap",sim,2300,floor_margin_db=None,,good,-12.0,average,fading,,2000,562.0,11.7,0.0,,0,0,0,0,11,66,27,0,4,0,0.1
"fast tones, no cap",sim,2300,floor_margin_db=None,,good,-12.0,average,fading,,2000,576.4,27.8,0.0,,0,2,0,3,15,84,6,0,0,1,0.1
"fast tones, no cap",sim,2300,floor_margin_db=None,,good,-12.0,average,fading,,2000,158.2,0.0,0.0,,,,,0,0,0,0,0,0,0,0.0
"fast tones, no cap",sim,2300,floor_margin_db=None,,good,-12.0,average,fading,,2000,802.3,19.9,0.0,,0,0,0,0,22,127,31,0,4,1,0.2
"fast tones, no cap",sim,2300,floor_margin_db=None,,good,-10.0,average,fading,,2000,682.8,23.4,35.8,0.654,0,2,0,4,19,107,23,0,3,1,0.2
"fast tones, no cap",sim,2300,floor_margin_db=None,,good,-10.0,average,fading,,2000,829.4,19.3,35.8,0.539,0,0,0,0,20,119,23,0,3,1,0.2
"fast tones, no cap",sim,2300,floor_margin_db=None,,good,-10.0,average,fading,,2000,289.4,55.3,35.8,1.544,0,4,0,5,8,43,7,2,0,1,0.1
"fast tones, no cap",sim,2300,floor_margin_db=None,,good,-10.0,average,fading,,2000,379.9,42.1,35.8,1.176,0,4,0,4,10,58,14,1,1,1,0.1
"fast tones, no cap",sim,2300,floor_margin_db=None,,good,-10.0,average,fading,,2000,587.3,27.2,35.8,0.761,0,2,0,3,16,92,10,0,1,1,0.1
"fast tones, no cap",sim,2300,floor_margin_db=None,,good,-10.0,average,fading,,2000,494.0,32.4,35.8,0.904,0,3,0,5,13,77,12,0,1,1,0.1
"fast tones, no cap",sim,2300,floor_margin_db=None,,good,-10.0,average,fading,,2000,634.8,25.2,35.8,0.704,0,1,0,2,17,100,8,2,1,1,0.3
"fast tones, no cap",sim,2300,floor_margin_db=None,,good,-10.0,average,fading,,2000,652.2,24.5,35.8,0.685,0,0,0,0,18,103,7,1,0,1,0.2
"fast tones, no cap",sim,2300,floor_margin_db=None,,good,-10.0,average,fading,,2000,363.1,44.1,35.8,1.23,0,4,0,4,10,55,6,5,0,1,0.1
"fast tones, no cap",sim,2300,floor_margin_db=None,,good,-10.0,average,fading,,2000,428.0,37.4,35.8,1.044,0,4,0,4,11,66,12,1,1,1,0.1
"fast tones, no cap",sim,2300,floor_margin_db=None,,good,-10.0,average,fading,,2000,546.1,29.3,35.8,0.818,0,3,0,3,14,83,12,0,1,1,0.1
"fast tones, no cap",sim,2300,floor_margin_db=None,,good,-10.0,average,fading,,2000,625.0,25.6,35.8,0.715,0,2,0,3,16,95,8,3,0,1,0.2
"fast tones, no cap",sim,2300,floor_margin_db=None,,good,-10.0,average,fading,,2000,628.9,25.4,35.8,0.71,0,2,0,3,17,99,17,1,2,1,0.2
"fast tones, no cap",sim,2300,floor_margin_db=None,,good,-10.0,average,fading,,2000,654.5,24.4,35.8,0.682,0,1,0,2,18,103,11,0,1,1,0.2
"fast tones, no cap",sim,2300,floor_margin_db=None,,good,-10.0,average,fading,,2000,192.2,0.0,35.8,0.0,,,,0,0,0,0,0,0,0,0.0
"fast tones, no cap",sim,2300,floor_margin_db=None,,good,-10.0,average,fading,,2000,649.1,24.6,35.8,0.688,0,2,0,3,18,102,24,1,3,1,0.2
"fast tones, no cap",sim,2300,floor_margin_db=None,,good,-10.0,average,fading,,2000,633.5,25.3,35.8,0.705,0,1,0,5,17,100,14,0,2,1,0.1
"fast tones, no cap",sim,2300,floor_margin_db=None,,good,-10.0,average,fading,,2000,682.2,23.5,35.8,0.655,0,1,0,2,18,108,16,0,2,1,0.2
"fast tones, no cap",sim,2300,floor_margin_db=None,,good,-10.0,average,fading,,2000,585.5,27.3,35.8,0.763,0,2,0,2,16,92,6,0,0,1,0.1
"fast tones, no cap",sim,2300,floor_margin_db=None,,good,-10.0,average,fading,,2000,658.4,24.3,35.8,0.678,0,1,0,2,18,104,12,3,0,1,0.2
"fast tones, no cap",sim,2300,floor_margin_db=None,,good,-10.0,average,fading,,2000,621.2,25.8,35.8,0.719,0,1,0,2,17,98,6,0,0,1,0.1
"fast tones, no cap",sim,2300,floor_margin_db=None,,good,-10.0,average,fading,,2000,618.6,25.9,35.8,0.722,0,2,0,3,17,97,24,1,3,1,0.1
"fast tones, no cap",sim,2300,floor_margin_db=None,,good,-10.0,average,fading,,2000,580.4,27.6,35.8,0.77,0,2,0,3,16,91,9,0,0,1,0.1
"fast tones, no cap",sim,2300,floor_margin_db=None,,good,-10.0,average,fading,,2000,690.2,23.2,35.8,0.647,0,0,0,0,19,109,13,0,1,1,0.2
"fast tones, no cap",sim,2300,floor_margin_db=None,,good,-10.0,average,fading,,2000,598.2,26.7,35.8,0.747,0,2,0,4,17,93,18,0,2,1,0.1
"fast tones, no cap",sim,2300,floor_margin_db=None,,good,-10.0,average,fading,,2000,685.0,23.4,35.8,0.652,0,1,0,1,18,106,14,1,1,1,0.2
"fast tones, no cap",sim,2300,floor_margin_db=None,,good,-10.0,average,fading,,2000,638.9,25.0,35.8,0.699,0,1,0,2,17,101,9,0,1,1,0.2
"fast tones, no cap",sim,2300,floor_margin_db=None,,good,-10.0,average,fading,,2000,421.1,38.0,35.8,1.061,0,3,0,6,11,61,4,0,0,1,0.1
"fast tones, no cap",sim,2300,floor_margin_db=None,,good,-10.0,average,fading,,2000,158.2,0.0,35.8,0.0,,,,0,0,0,0,0,0,0,0.0
"fast tones, no cap",sim,2300,floor_margin_db=None,,good,-10.0,average,fading,,2000,697.7,22.9,35.8,0.64,0,2,0,3,19,110,24,0,3,1,0.2
"fast tones, no cap",sim,2300,floor_margin_db=None,,good,-8.0,average,fading,,2000,328.3,48.7,76.1,0.64,0,4,0,4,9,49,10,0,1,1,0.1
"fast tones, no cap",sim,2300,floor_margin_db=None,,good,-8.0,average,fading,,2000,577.2,27.7,76.1,0.364,0,2,1,4,16,90,10,0,1,1,0.1
"fast tones, no cap",sim,2300,floor_margin_db=None,,good,-8.0,average,fading,,2000,201.7,79.3,76.1,1.042,2,5,2,4,5,29,7,1,0,1,0.0
"fast tones, no cap",sim,2300,floor_margin_db=None,,good,-8.0,average,fading,,2000,171.7,93.2,76.1,1.224,3,5,4,2,4,24,5,2,0,1,0.0
"fast tones, no cap",sim,2300,floor_margin_db=None,,good,-8.0,average,fading,,2000,348.0,46.0,76.1,0.604,0,3,0,4,9,53,3,0,0,1,0.1
"fast tones, no cap",sim,2300,floor_margin_db=None,,good,-8.0,average,fading,,2000,202.3,79.1,76.1,1.039,2,4,2,3,5,29,3,0,0,1,0.0
"fast tones, no cap",sim,2300,floor_margin_db=None,,good,-8.0,average,fading,,2000,316.3,50.6,76.1,0.665,0,3,1,5,9,47,3,0,0,1,0.1
"fast tones, no cap",sim,2300,floor_margin_db=None,,good,-8.0,average,fading,,2000,590.2,27.1,76.1,0.356,0,1,0,3,16,93,4,0,0,1,0.2
"fast tones, no cap",sim,2300,floor_margin_db=None,,good,-8.0,average,fading,,2000,181.2,88.3,76.1,1.16,1,5,1,4,5,25,5,5,0,1,0.0
"fast tones, no cap",sim,2300,floor_margin_db=None,,good,-8.0,average,fading,,2000,187.6,85.3,76.1,1.121,3,5,3,3,5,26,7,1,0,1,0.0
"fast tones, no cap",sim,2300,floor_margin_db=None,,good,-8.0,average,fading,,2000,208.1,76.9,76.1,1.01,2,4,2,3,5,30,4,1,0,1,0.0
"fast tones, no cap",sim,2300,floor_margin_db=None,,good,-8.0,average,fading,,2000,476.9,33.5,76.1,0.441,0,3,0,4,13,74,11,0,1,1,0.1
"fast tones, no cap",sim,2300,floor_margin_db=None,,good,-8.0,average,fading,,2000,320.3,49.9,76.1,0.656,0,3,0,4,9,48,4,1,0,1,0.1
"fast tones, no cap",sim,2300,floor_margin_db=None,,good,-8.0,average,fading,,2000,566.0,28.3,76.1,0.371,0,1,0,4,15,89,3,1,0,1,0.1
"fast tones, no cap",sim,2300,floor_margin_db=None,,good,-8.0,average,fading,,2000,402.0,39.8,76.1,0.523,1,2,1,3,10,56,3,1,0,1,0.1
"fast tones, no cap",sim,2300,floor_margin_db=None,,good,-8.0,average,fading,,2000,340.8,46.9,76.1,0.617,0,4,0,5,9,49,10,1,1,1,0.1
"fast tones, no cap",sim,2300,floor_margin_db=None,,good,-8.0,average,fading,,2000,194.4,82.3,76.1,1.081,2,4,2,3,6,27,2,0,0,1,0.0
"fast tones, no cap",sim,2300,floor_margin_db=None,,good,-8.0,average,fading,,2000,426.0,37.6,76.1,0.493,0,3,3,4,11,66,2,0,0,1,0.1
"fast tones, no cap",sim,2300,floor_margin_db=None,,good,-8.0,average,fading,,2000,432.3,37.0,76.1,0.486,0,3,0,3,11,66,4,0,0,1,0.1
"fast tones, no cap",sim,2300,floor_margin_db=None,,good,-8.0,average,fading,,2000,585.7,27.3,76.1,0.359,0,2,0,3,16,92,6,0,0,1,0.1
"fast tones, no cap",sim,2300,floor_margin_db=None,,good,-8.0,average,fading,,2000,397.7,40.2,76.1,0.529,0,2,0,5,11,61,4,0,0,1,0.1
"fast tones, no cap",sim,2300,floor_margin_db=None,,good,-8.0,average,fading,,2000,393.0,40.7,76.1,0.535,0,3,0,3,10,58,4,0,0,1,0.1
"fast tones, no cap",sim,2300,floor_margin_db=None,,good,-8.0,average,fading,,2000,143.3,111.7,76.1,1.467,3,5,3,3,4,22,2,0,0,1,0.0
"fast tones, no cap",sim,2300,floor_margin_db=None,,good,-8.0,average,fading,,2000,560.0,28.6,76.1,0.375,0,2,0,4,15,88,6,1,0,1,0.1
"fast tones, no cap",sim,2300,floor_margin_db=None,,good,-8.0,average,fading,,2000,390.3,41.0,76.1,0.539,0,3,0,7,10,60,3,1,0,1,0.1
"fast tones, no cap",sim,2300,floor_margin_db=None,,good,-8.0,average,fading,,2000,570.6,28.0,76.1,0.368,0,2,0,2,15,90,5,0,0,1,0.1
"fast tones, no cap",sim,2300,floor_margin_db=None,,good,-8.0,average,fading,,2000,353.3,45.3,76.1,0.595,0,3,0,5,9,54,9,0,1,1,0.1
"fast tones, no cap",sim,2300,floor_margin_db=None,,good,-8.0,average,fading,,2000,369.4,43.3,76.1,0.569,0,3,2,6,10,56,2,0,0,1,0.1
"fast tones, no cap",sim,2300,floor_margin_db=None,,good,-8.0,average,fading,,2000,513.5,31.2,76.1,0.409,0,2,2,5,14,80,3,0,0,1,0.2
"fast tones, no cap",sim,2300,floor_margin_db=None,,good,-8.0,average,fading,,2000,541.5,29.5,76.1,0.388,0,3,1,8,15,84,17,0,3,1,0.1
"fast tones, no cap",sim,2300,floor_margin_db=None,,good,-6.0,average,fading,,2000,156.3,102.3,156.7,0.653,3,5,4,2,4,21,2,0,0,1,0.0
"fast tones, no cap",sim,2300,floor_margin_db=None,,good,-6.0,average,fading,,2000,452.4,35.4,156.7,0.226,0,3,0,3,12,70,4,0,0,1,0.1
"fast tones, no cap",sim,2300,floor_margin_db=None,,good,-6.0,average,fading,,2000,146.2,109.4,156.7,0.698,3,5,3,3,5,21,2,0,0,1,0.0
"fast tones, no cap",sim,2300,floor_margin_db=None,,good,-6.0,average,fading,,2000,160.9,99.4,156.7,0.634,3,5,4,2,4,22,3,0,0,1,0.0
"fast tones, no cap",sim,2300,floor_margin_db=None,,good,-6.0,average,fading,,2000,212.1,75.4,156.7,0.481,2,4,2,3,6,30,2,0,0,1,0.0
"fast tones, no cap",sim,2300,floor_margin_db=None,,good,-6.0,average,fading,,2000,180.8,88.5,156.7,0.565,2,5,2,3,5,25,3,0,0,1,0.0
"fast tones, no cap",sim,2300,floor_margin_db=None,,good,-6.0,average,fading,,2000,290.6,55.1,156.7,0.351,0,3,3,4,8,43,1,0,0,1,0.1
"fast tones, no cap",sim,2300,floor_margin_db=None,,good,-6.0,average,fading,,2000,397.6,40.2,156.7,0.257,0,2,0,2,11,61,4,0,0,1,0.1
"fast tones, no cap",sim,2300,floor_margin_db=None,,good,-6.0,average,fading,,2000,155.6,102.8,156.7,0.656,3,5,4,2,4,21,2,2,0,1,0.0
"fast tones, no cap",sim,2300,floor_margin_db=None,,good,-6.0,average,fading,,2000,161.9,98.8,156.7,0.631,3,5,4,2,4,22,3,0,0,1,0.0
"fast tones, no cap",sim,2300,floor_margin_db=None,,good,-6.0,average,fading,,2000,201.6,79.4,156.7,0.506,2,4,2,4,6,28,3,0,0,1,0.1
"fast tones, no cap",sim,2300,floor_margin_db=None,,good,-6.0,average,fading,,2000,169.9,94.2,156.7,0.601,2,5,2,3,5,23,6,1,1,1,0.1
"fast tones, no cap",sim,2300,floor_margin_db=None,,good,-6.0,average,fading,,2000,232.7,68.8,156.7,0.439,0,4,2,3,6,34,3,0,0,1,0.1
"fast tones, no cap",sim,2300,floor_margin_db=None,,good,-6.0,average,fading,,2000,304.9,52.5,156.7,0.335,0,3,2,5,9,45,3,1,0,1,0.1
"fast tones, no cap",sim,2300,floor_margin_db=None,,good,-6.0,average,fading,,2000,232.0,69.0,156.7,0.44,0,4,1,3,7,33,3,1,0,1,0.1
"fast tones, no cap",sim,2300,floor_margin_db=None,,good,-6.0,average,fading,,2000,168.6,94.9,156.7,0.605,2,5,3,4,5,23,3,1,0,1,0.0
"fast tones, no cap",sim,2300,floor_margin_db=None,,good,-6.0,average,fading,,2000,137.7,116.2,156.7,0.741,3,5,4,2,4,18,1,1,0,1,0.0
"fast tones, no cap",sim,2300,floor_margin_db=None,,good,-6.0,average,fading,,2000,245.9,65.1,156.7,0.415,2,3,2,3,7,38,5,1,0,1,0.1
"fast tones, no cap",sim,2300,floor_margin_db=None,,good,-6.0,average,fading,,2000,195.0,82.0,156.7,0.523,2,4,3,3,6,27,2,0,0,1,0.0
"fast tones, no cap",sim,2300,floor_margin_db=None,,good,-6.0,average,fading,,2000,200.0,80.0,156.7,0.511,1,5,1,5,6,31,8,3,0,1,0.0
"fast tones, no cap",sim,2300,floor_margin_db=None,,good,-6.0,average,fading,,2000,147.5,108.5,156.7,0.692,3,5,3,3,5,22,3,0,0,1,0.0
"fast tones, no cap",sim,2300,floor_margin_db=None,,good,-6.0,average,fading,,2000,132.6,120.7,156.7,0.77,3,5,4,2,4,20,1,0,0,1,0.0
"fast tones, no cap",sim,2300,floor_margin_db=None,,good,-6.0,average,fading,,2000,132.6,120.7,156.7,0.77,3,5,4,2,4,20,1,0,0,1,0.0
"fast tones, no cap",sim,2300,floor_margin_db=None,,good,-6.0,average,fading,,2000,456.2,35.1,156.7,0.224,0,3,0,4,12,71,4,0,0,1,0.1
"fast tones, no cap",sim,2300,floor_margin_db=None,,good,-6.0,average,fading,,2000,208.5,76.7,156.7,0.49,0,4,4,3,5,30,0,0,0,1,0.0
"fast tones, no cap",sim,2300,floor_margin_db=None,,good,-6.0,average,fading,,2000,425.1,37.6,156.7,0.24,0,3,0,3,11,66,4,0,0,1,0.1
"fast tones, no cap",sim,2300,floor_margin_db=None,,good,-6.0,average,fading,,2000,146.3,109.4,156.7,0.698,3,5,4,2,4,22,3,0,0,1,0.0
"fast tones, no cap",sim,2300,floor_margin_db=None,,good,-6.0,average,fading,,2000,202.5,79.0,156.7,0.504,0,5,4,4,6,28,1,0,0,1,0.0
"fast tones, no cap",sim,2300,floor_margin_db=None,,good,-6.0,average,fading,,2000,337.0,47.5,156.7,0.303,0,4,0,4,9,51,6,0,0,1,0.1
"fast tones, no cap",sim,2300,floor_margin_db=None,,good,-6.0,average,fading,,2000,208.4,76.8,156.7,0.49,0,5,4,3,5,30,7,0,1,1,0.1
"fast tones, no cap",sim,2300,floor_margin_db=None,,good,-4.0,average,fading,,2000,112.3,142.5,156.7,0.909,3,5,5,1,3,17,0,0,0,1,0.0
"fast tones, no cap",sim,2300,floor_margin_db=None,,good,-4.0,average,fading,,2000,196.7,81.4,156.7,0.519,0,5,3,3,6,27,4,0,0,1,0.0
"fast tones, no cap",sim,2300,floor_margin_db=None,,good,-4.0,average,fading,,2000,146.2,109.4,156.7,0.698,3,5,4,4,5,21,2,0,0,1,0.0
"fast tones, no cap",sim,2300,floor_margin_db=None,,good,-4.0,average,fading,,2000,129.9,123.1,156.7,0.786,3,5,5,1,3,17,0,0,0,1,0.0
"fast tones, no cap",sim,2300,floor_margin_db=None,,good,-4.0,average,fading,,2000,132.6,120.7,156.7,0.77,3,5,5,3,4,20,1,1,0,1,0.0
"fast tones, no cap",sim,2300,floor_margin_db=None,,good,-4.0,average,fading,,2000,116.0,138.0,156.7,0.88,3,5,5,1,3,17,0,0,0,1,0.0
"fast tones, no cap",sim,2300,floor_margin_db=None,,good,-4.0,average,fading,,2000,186.9,85.6,156.7,0.546,1,5,4,4,5,26,2,0,0,1,0.0
"fast tones, no cap",sim,2300,floor_margin_db=None,,good,-4.0,average,fading,,2000,184.8,86.6,156.7,0.553,2,4,4,2,5,26,1,0,0,1,0.0
"fast tones, no cap",sim,2300,floor_margin_db=None,,good,-4.0,average,fading,,2000,136.4,117.3,156.7,0.749,3,5,5,3,4,20,1,0,0,1,0.0
"fast tones, no cap",sim,2300,floor_margin_db=None,,good,-4.0,average,fading,,2000,151.2,105.8,156.7,0.675,3,5,5,3,4,20,2,0,0,1,0.0
"fast tones, no cap",sim,2300,floor_margin_db=None,,good,-4.0,average,fading,,2000,130.0,123.1,156.7,0.785,3,5,5,1,3,17,0,0,0,1,0.0
"fast tones, no cap",sim,2300,floor_margin_db=None,,good,-4.0,average,fading,,2000,185.2,86.4,156.7,0.551,0,5,3,4,5,26,4,1,0,1,0.0
"fast tones, no cap",sim,2300,floor_margin_db=None,,good,-4.0,average,fading,,2000,170.7,93.8,156.7,0.598,0,5,4,3,4,24,2,0,0,1,0.0
"fast tones, no cap",sim,2300,floor_margin_db=None,,good,-4.0,average,fading,,2000,186.2,85.9,156.7,0.548,0,5,4,4,5,26,1,0,0,1,0.0
"fast tones, no cap",sim,2300,floor_margin_db=None,,good,-4.0,average,fading,,2000,214.7,74.5,156.7,0.475,0,4,3,2,5,30,2,0,0,1,0.1
"fast tones, no cap",sim,2300,floor_margin_db=None,,good,-4.0,average,fading,,2000,137.6,116.3,156.7,0.742,3,5,4,2,4,18,1,0,0,1,0.0
"fast tones, no cap",sim,2300,floor_margin_db=None,,good,-4.0,average,fading,,2000,137.7,116.2,156.7,0.741,3,5,4,2,4,18,1,0,0,1,0.0
"fast tones, no cap",sim,2300,floor_margin_db=None,,good,-4.0,average,fading,,2000,116.5,137.3,156.7,0.876,3,5,5,1,3,17,0,0,0,1,0.0
"fast tones, no cap",sim,2300,floor_margin_db=None,,good,-4.0,average,fading,,2000,146.3,109.4,156.7,0.698,0,5,4,2,4,22,2,0,0,1,0.1
"fast tones, no cap",sim,2300,floor_margin_db=None,,good,-4.0,average,fading,,2000,152.9,104.7,156.7,0.668,2,5,2,4,5,23,3,1,0,1,0.1
"fast tones, no cap",sim,2300,floor_margin_db=None,,good,-4.0,average,fading,,2000,142.1,112.6,156.7,0.718,3,5,4,4,5,21,2,0,0,1,0.0
"fast tones, no cap",sim,2300,floor_margin_db=None,,good,-4.0,average,fading,,2000,132.6,120.7,156.7,0.77,3,5,5,3,4,20,1,0,0,1,0.1
"fast tones, no cap",sim,2300,floor_margin_db=None,,good,-4.0,average,fading,,2000,121.9,131.3,156.7,0.838,3,5,4,2,4,18,1,0,0,1,0.0
"fast tones, no cap",sim,2300,floor_margin_db=None,,good,-4.0,average,fading,,2000,185.6,86.2,156.7,0.55,0,5,4,4,5,26,1,0,0,1,0.1
"fast tones, no cap",sim,2300,floor_margin_db=None,,good,-4.0,average,fading,,2000,181.7,88.1,156.7,0.562,0,5,5,3,5,25,0,0,0,1,0.1
"fast tones, no cap",sim,2300,floor_margin_db=None,,good,-4.0,average,fading,,2000,205.8,77.8,156.7,0.496,0,4,3,4,6,29,3,0,0,1,0.0
"fast tones, no cap",sim,2300,floor_margin_db=None,,good,-4.0,average,fading,,2000,137.9,116.0,156.7,0.74,3,5,5,3,4,21,3,0,0,1,0.1
"fast tones, no cap",sim,2300,floor_margin_db=None,,good,-4.0,average,fading,,2000,182.2,87.8,156.7,0.56,0,5,5,3,5,25,3,0,0,1,0.1
"fast tones, no cap",sim,2300,floor_margin_db=None,,good,-4.0,average,fading,,2000,222.5,71.9,156.7,0.459,0,4,4,3,6,32,2,0,0,1,0.1
"fast tones, no cap",sim,2300,floor_margin_db=None,,good,-4.0,average,fading,,2000,165.9,96.4,156.7,0.615,0,5,4,2,4,23,3,0,0,1,0.0
"fast tones, no cap",sim,2300,floor_margin_db=None,,good,-2.0,average,fading,,2000,112.3,142.5,228.4,0.624,3,5,5,1,3,17,0,0,0,1,0.0
"fast tones, no cap",sim,2300,floor_margin_db=None,,good,-2.0,average,fading,,2000,143.3,111.7,228.4,0.489,3,5,3,3,4,22,2,0,0,1,0.0
"fast tones, no cap",sim,2300,floor_margin_db=None,,good,-2.0,average,fading,,2000,116.4,137.5,228.4,0.602,3,5,5,1,3,17,0,0,0,1,0.0
"fast tones, no cap",sim,2300,floor_margin_db=None,,good,-2.0,average,fading,,2000,129.9,123.1,228.4,0.539,3,5,5,1,3,17,0,0,0,1,0.0
"fast tones, no cap",sim,2300,floor_margin_db=None,,good,-2.0,average,fading,,2000,112.3,142.5,228.4,0.624,3,5,5,1,3,17,0,0,0,1,0.0
"fast tones, no cap",sim,2300,floor_margin_db=None,,good,-2.0,average,fading,,2000,116.0,138.0,228.4,0.604,3,5,5,1,3,17,0,0,0,1,0.0
"fast tones, no cap",sim,2300,floor_margin_db=None,,good,-2.0,average,fading,,2000,145.1,110.2,228.4,0.483,2,5,4,2,4,19,1,0,0,1,0.0
"fast tones, no cap",sim,2300,floor_margin_db=None,,good,-2.0,average,fading,,2000,169.8,94.2,228.4,0.413,0,5,4,3,4,24,2,0,0,1,0.0
"fast tones, no cap",sim,2300,floor_margin_db=None,,good,-2.0,average,fading,,2000,116.1,137.8,228.4,0.604,3,5,5,1,3,17,0,0,0,1,0.0
"fast tones, no cap",sim,2300,floor_margin_db=None,,good,-2.0,average,fading,,2000,130.9,122.2,228.4,0.535,3,5,5,1,3,17,0,0,0,1,0.0
"fast tones, no cap",sim,2300,floor_margin_db=None,,good,-2.0,average,fading,,2000,118.7,134.8,228.4,0.59,4,7,5,2,5,27,9,0,1,1,0.0
"fast tones, no cap",sim,2300,floor_margin_db=None,,good,-2.0,average,fading,,2000,158.2,101.1,228.4,0.443,2,5,4,4,5,24,2,0,0,1,0.0
"fast tones, no cap",sim,2300,floor_margin_db=None,,good,-2.0,average,fading,,2000,121.9,131.3,228.4,0.575,3,5,4,2,4,18,1,0,0,1,0.0
"fast tones, no cap",sim,2300,floor_margin_db=None,,good,-2.0,average,fading,,2000,132.6,120.7,228.4,0.528,3,5,5,3,4,20,1,0,0,1,0.0
"fast tones, no cap",sim,2300,floor_margin_db=None,,good,-2.0,average,fading,,2000,148.7,107.6,228.4,0.471,2,5,5,3,4,23,1,0,0,1,0.0
"fast tones, no cap",sim,2300,floor_margin_db=None,,good,-2.0,average,fading,,2000,128.0,125.0,228.4,0.547,3,5,5,1,3,17,0,0,0,1,0.0
"fast tones, no cap",sim,2300,floor_margin_db=None,,good,-2.0,average,fading,,2000,147.5,108.5,228.4,0.475,0,5,4,2,4,22,2,0,0,1,0.0
"fast tones, no cap",sim,2300,floor_margin_db=None,,good,-2.0,average,fading,,2000,116.5,137.3,228.4,0.601,3,5,5,1,3,17,0,0,0,1,0.0
"fast tones, no cap",sim,2300,floor_margin_db=None,,good,-2.0,average,fading,,2000,121.9,131.3,228.4,0.575,3,5,4,2,4,18,1,0,0,1,0.0
"fast tones, no cap",sim,2300,floor_margin_db=None,,good,-2.0,average,fading,,2000,142.1,112.6,228.4,0.493,3,5,4,4,5,21,2,0,0,1,0.0
"fast tones, no cap",sim,2300,floor_margin_db=None,,good,-2.0,average,fading,,2000,132.6,120.7,228.4,0.528,3,5,5,3,4,20,1,0,0,1,0.0
"fast tones, no cap",sim,2300,floor_margin_db=None,,good,-2.0,average,fading,,2000,112.3,142.5,228.4,0.624,3,5,5,1,3,17,0,0,0,1,0.0
"fast tones, no cap",sim,2300,floor_margin_db=None,,good,-2.0,average,fading,,2000,93.9,170.4,228.4,0.746,5,7,5,1,4,22,4,0,0,1,0.0
"fast tones, no cap",sim,2300,floor_margin_db=None,,good,-2.0,average,fading,,2000,154.5,103.5,228.4,0.453,2,5,4,3,4,21,1,0,0,1,0.0
"fast tones, no cap",sim,2300,floor_margin_db=None,,good,-2.0,average,fading,,2000,121.9,131.3,228.4,0.575,3,5,4,2,4,18,1,0,0,1,0.0
"fast tones, no cap",sim,2300,floor_margin_db=None,,good,-2.0,average,fading,,2000,153.3,104.4,228.4,0.457,0,5,5,3,4,23,2,0,0,1,0.0
"fast tones, no cap",sim,2300,floor_margin_db=None,,good,-2.0,average,fading,,2000,132.6,120.7,228.4,0.528,3,5,5,3,4,20,1,0,0,1,0.0
"fast tones, no cap",sim,2300,floor_margin_db=None,,good,-2.0,average,fading,,2000,116.8,137.0,228.4,0.6,3,5,5,1,3,17,0,0,0,1,0.0
"fast tones, no cap",sim,2300,floor_margin_db=None,,good,-2.0,average,fading,,2000,121.9,131.3,228.4,0.575,3,5,4,2,4,18,1,0,0,1,0.0
"fast tones, no cap",sim,2300,floor_margin_db=None,,good,-2.0,average,fading,,2000,152.1,105.2,228.4,0.461,0,5,4,2,4,23,3,0,0,1,0.0
"fast tones, no cap",sim,2300,floor_margin_db=None,,good,0.0,average,fading,,2000,112.3,142.5,228.4,0.624,3,5,5,1,3,17,0,0,0,1,0.0
"fast tones, no cap",sim,2300,floor_margin_db=None,,good,0.0,average,fading,,2000,121.9,131.3,228.4,0.575,3,5,4,2,4,18,1,0,0,1,0.0
"fast tones, no cap",sim,2300,floor_margin_db=None,,good,0.0,average,fading,,2000,112.3,142.5,228.4,0.624,3,5,5,1,3,17,0,0,0,1,0.0
"fast tones, no cap",sim,2300,floor_margin_db=None,,good,0.0,average,fading,,2000,112.3,142.5,228.4,0.624,3,5,5,1,3,17,0,0,0,1,0.0
"fast tones, no cap",sim,2300,floor_margin_db=None,,good,0.0,average,fading,,2000,88.4,181.0,228.4,0.793,5,7,5,1,5,24,2,1,0,1,0.0
"fast tones, no cap",sim,2300,floor_margin_db=None,,good,0.0,average,fading,,2000,116.0,138.0,228.4,0.604,3,5,5,1,3,17,0,0,0,1,0.0
"fast tones, no cap",sim,2300,floor_margin_db=None,,good,0.0,average,fading,,2000,130.2,122.9,228.4,0.538,3,5,5,1,3,17,0,0,0,1,0.0
"fast tones, no cap",sim,2300,floor_margin_db=None,,good,0.0,average,fading,,2000,159.1,100.5,228.4,0.44,0,5,5,2,4,22,1,0,0,1,0.0
"fast tones, no cap",sim,2300,floor_margin_db=None,,good,0.0,average,fading,,2000,116.1,137.8,228.4,0.604,3,5,5,1,3,17,0,0,0,1,0.0
"fast tones, no cap",sim,2300,floor_margin_db=None,,good,0.0,average,fading,,2000,136.8,117.0,228.4,0.512,0,5,5,1,4,20,1,0,0,1,0.0
"fast tones, no cap",sim,2300,floor_margin_db=None,,good,0.0,average,fading,,2000,112.3,142.5,228.4,0.624,3,5,5,1,3,17,0,0,0,1,0.0
"fast tones, no cap",sim,2300,floor_margin_db=None,,good,0.0,average,fading,,2000,122.7,130.4,228.4,0.571,4,7,4,4,6,25,5,3,0,1,0.0
"fast tones, no cap",sim,2300,floor_margin_db=None,,good,0.0,average,fading,,2000,90.7,176.4,228.4,0.772,5,7,5,1,4,19,1,1,0,1,0.0
"fast tones, no cap",sim,2300,floor_margin_db=None,,good,0.0,average,fading,,2000,112.3,142.5,228.4,0.624,3,5,5,1,3,17,0,0,0,1,0.0
"fast tones, no cap",sim,2300,floor_margin_db=None,,good,0.0,average,fading,,2000,92.8,172.4,228.4,0.755,5,7,5,1,4,21,3,3,0,1,0.0
"fast tones, no cap",sim,2300,floor_margin_db=None,,good,0.0,average,fading,,2000,128.0,125.0,228.4,0.547,3,5,5,1,3,17,0,0,0,1,0.0
"fast tones, no cap",sim,2300,floor_margin_db=None,,good,0.0,average,fading,,2000,141.8,112.8,228.4,0.494,0,7,5,4,7,30,7,2,0,1,0.0
"fast tones, no cap",sim,2300,floor_margin_db=None,,good,0.0,average,fading,,2000,135.0,118.5,228.4,0.519,3,7,5,4,7,34,12,1,1,1,0.0
"fast tones, no cap",sim,2300,floor_margin_db=None,,good,0.0,average,fading,,2000,113.7,140.7,228.4,0.616,4,7,4,3,6,31,7,0,1,1,0.0
"fast tones, no cap",sim,2300,floor_margin_db=None,,good,0.0,average,fading,,2000,114.0,140.3,228.4,0.614,4,7,4,4,6,28,10,2,0,1,0.0
"fast tones, no cap",sim,2300,floor_margin_db=None,,good,0.0,average,fading,,2000,92.8,172.4,228.4,0.755,5,7,5,1,4,21,3,0,0,1,0.0
"fast tones, no cap",sim,2300,floor_margin_db=None,,good,0.0,average,fading,,2000,92.8,172.4,228.4,0.755,5,7,5,1,4,21,3,0,0,1,0.0
"fast tones, no cap",sim,2300,floor_margin_db=None,,good,0.0,average,fading,,2000,92.8,172.4,228.4,0.755,5,7,5,1,4,21,3,0,0,1,0.0
"fast tones, no cap",sim,2300,floor_margin_db=None,,good,0.0,average,fading,,2000,128.9,124.1,228.4,0.544,3,5,5,1,3,17,0,0,0,1,0.0
"fast tones, no cap",sim,2300,floor_margin_db=None,,good,0.0,average,fading,,2000,121.9,131.3,228.4,0.575,3,5,4,2,4,18,1,0,0,1,0.0
"fast tones, no cap",sim,2300,floor_margin_db=None,,good,0.0,average,fading,,2000,153.3,104.4,228.4,0.457,0,5,5,3,4,23,2,0,0,1,0.0
"fast tones, no cap",sim,2300,floor_margin_db=None,,good,0.0,average,fading,,2000,90.7,176.4,228.4,0.772,5,7,5,1,4,19,1,0,0,1,0.0
"fast tones, no cap",sim,2300,floor_margin_db=None,,good,0.0,average,fading,,2000,116.8,137.0,228.4,0.6,3,5,5,1,3,17,0,0,0,1,0.0
"fast tones, no cap",sim,2300,floor_margin_db=None,,good,0.0,average,fading,,2000,121.9,131.3,228.4,0.575,3,5,4,2,4,18,1,0,0,1,0.0
"fast tones, no cap",sim,2300,floor_margin_db=None,,good,0.0,average,fading,,2000,112.3,142.5,228.4,0.624,3,5,5,1,3,17,0,0,0,1,0.0
"fast tones, no cap",sim,2300,floor_margin_db=None,,good,2.0,average,fading,,2000,91.8,174.4,228.4,0.764,5,7,5,1,4,20,2,0,0,1,0.0
"fast tones, no cap",sim,2300,floor_margin_db=None,,good,2.0,average,fading,,2000,115.2,138.9,228.4,0.608,3,7,5,2,5,26,5,1,0,1,0.0
"fast tones, no cap",sim,2300,floor_margin_db=None,,good,2.0,average,fading,,2000,112.3,142.5,228.4,0.624,3,5,5,1,3,17,0,0,0,1,0.0
"fast tones, no cap",sim,2300,floor_margin_db=None,,good,2.0,average,fading,,2000,112.3,142.5,228.4,0.624,3,5,5,1,3,17,0,0,0,1,0.0
"fast tones, no cap",sim,2300,floor_margin_db=None,,good,2.0,average,fading,,2000,48.1,332.3,228.4,1.455,5,9,5,4,7,36,5,1,0,1,0.0
"fast tones, no cap",sim,2300,floor_margin_db=None,,good,2.0,average,fading,,2000,68.0,235.3,228.4,1.03,5,8,5,3,8,38,3,2,0,1,0.0
"fast tones, no cap",sim,2300,floor_margin_db=None,,good,2.0,average,fading,,2000,136.9,116.8,228.4,0.512,0,5,5,1,4,20,1,0,0,1,0.0
"fast tones, no cap",sim,2300,floor_margin_db=None,,good,2.0,average,fading,,2000,112.3,142.5,228.4,0.624,3,5,5,1,3,17,0,0,0,1,0.0
"fast tones, no cap",sim,2300,floor_margin_db=None,,good,2.0,average,fading,,2000,133.0,120.3,228.4,0.527,0,9,4,7,8,43,15,2,2,1,0.0
"fast tones, no cap",sim,2300,floor_margin_db=None,,good,2.0,average,fading,,2000,136.8,117.0,228.4,0.512,0,5,5,1,4,20,1,0,0,1,0.0
"fast tones, no cap",sim,2300,floor_margin_db=None,,good,2.0,average,fading,,2000,94.6,169.1,228.4,0.74,3,8,8,3,5,27,0,0,0,1,0.0
"fast tones, no cap",sim,2300,floor_margin_db=None,,good,2.0,average,fading,,2000,113.1,141.5,228.4,0.62,4,7,5,5,6,23,3,0,0,1,0.0
"fast tones, no cap",sim,2300,floor_margin_db=None,,good,2.0,average,fading,,2000,121.0,132.2,228.4,0.579,3,8,5,4,7,37,12,6,1,1,0.0
"fast tones, no cap",sim,2300,floor_margin_db=None,,good,2.0,average,fading,,2000,91.6,174.7,228.4,0.765,5,7,5,1,5,27,5,1,0,1,0.0
"fast tones, no cap",sim,2300,floor_margin_db=None,,good,2.0,average,fading,,2000,92.8,172.4,228.4,0.755,4,7,5,3,5,20,2,1,0,1,0.0
"fast tones, no cap",sim,2300,floor_margin_db=None,,good,2.0,average,fading,,2000,112.3,142.5,228.4,0.624,3,5,5,1,3,17,0,0,0,1,0.0
"fast tones, no cap",sim,2300,floor_margin_db=None,,good,2.0,average,fading,,2000,80.4,199.0,228.4,0.872,5,8,5,3,8,41,5,0,0,1,0.0
"fast tones, no cap",sim,2300,floor_margin_db=None,,good,2.0,average,fading,,2000,112.3,142.5,228.4,0.624,3,5,5,1,3,17,0,0,0,1,0.0
"fast tones, no cap",sim,2300,floor_margin_db=None,,good,2.0,average,fading,,2000,64.4,248.4,228.4,1.088,5,9,5,3,7,35,6,3,0,1,0.0
"fast tones, no cap",sim,2300,floor_margin_db=None,,good,2.0,average,fading,,2000,111.9,142.9,228.4,0.626,4,7,4,4,6,26,8,2,0,1,0.0
"fast tones, no cap",sim,2300,floor_margin_db=None,,good,2.0,average,fading,,2000,92.5,173.0,228.4,0.758,5,7,5,3,7,30,3,0,0,1,0.0
"fast tones, no cap",sim,2300,floor_margin_db=None,,good,2.0,average,fading,,2000,91.5,174.8,228.4,0.765,5,7,5,3,6,26,4,0,0,1,0.0
"fast tones, no cap",sim,2300,floor_margin_db=None,,good,2.0,average,fading,,2000,81.1,197.4,228.4,0.864,4,8,5,3,8,45,9,0,1,1,0.0
"fast tones, no cap",sim,2300,floor_margin_db=None,,good,2.0,average,fading,,2000,127.6,125.4,228.4,0.549,0,7,5,3,5,26,3,0,0,1,0.0
"fast tones, no cap",sim,2300,floor_margin_db=None,,good,2.0,average,fading,,2000,90.7,176.4,228.4,0.772,5,7,5,1,4,19,1,0,0,1,0.0
"fast tones, no cap",sim,2300,floor_margin_db=None,,good,2.0,average,fading,,2000,91.8,174.4,228.4,0.764,5,7,5,1,4,20,2,1,0,1,0.0
"fast tones, no cap",sim,2300,floor_margin_db=None,,good,2.0,average,fading,,2000,84.0,190.5,228.4,0.834,5,8,5,3,6,27,2,1,0,1,0.0
"fast tones, no cap",sim,2300,floor_margin_db=None,,good,2.0,average,fading,,2000,101.3,158.0,228.4,0.692,4,7,5,2,4,24,6,0,1,1,0.0
"fast tones, no cap",sim,2300,floor_margin_db=None,,good,2.0,average,fading,,2000,90.7,176.4,228.4,0.772,5,7,5,1,4,19,1,0,0,1,0.0
"fast tones, no cap",sim,2300,floor_margin_db=None,,good,2.0,average,fading,,2000,89.5,178.9,228.4,0.783,5,7,5,1,5,25,3,0,0,1,0.0
"fast tones, no cap",sim,2300,floor_margin_db=None,,good,6.0,average,fading,,2000,67.8,236.0,531.3,0.444,5,8,5,3,6,31,4,0,0,1,0.0
"fast tones, no cap",sim,2300,floor_margin_db=None,,good,6.0,average,fading,,2000,84.6,189.2,531.3,0.356,5,7,5,3,9,44,4,0,0,1,0.0
"fast tones, no cap",sim,2300,floor_margin_db=None,,good,6.0,average,fading,,2000,29.3,547.0,531.3,1.029,7,10,10,2,4,21,0,0,0,1,0.0
"fast tones, no cap",sim,2300,floor_margin_db=None,,good,6.0,average,fading,,2000,88.1,181.7,531.3,0.342,5,7,5,3,8,33,2,0,0,1,0.0
"fast tones, no cap",sim,2300,floor_margin_db=None,,good,6.0,average,fading,,2000,24.0,666.4,531.3,1.254,9,11,10,2,3,17,2,1,0,1,0.0
"fast tones, no cap",sim,2300,floor_margin_db=None,,good,6.0,average,fading,,2000,87.3,183.3,531.3,0.345,3,9,9,3,4,21,0,0,0,1,0.0
"fast tones, no cap",sim,2300,floor_margin_db=None,,good,6.0,average,fading,,2000,95.7,167.2,531.3,0.315,3,8,7,3,5,28,3,0,0,1,0.0
"fast tones, no cap",sim,2300,floor_margin_db=None,,good,6.0,average,fading,,2000,39.8,402.4,531.3,0.757,7,9,8,3,5,30,2,0,0,1,0.0
"fast tones, no cap",sim,2300,floor_margin_db=None,,good,6.0,average,fading,,2000,29.3,547.0,531.3,1.029,7,10,10,2,4,21,0,0,0,1,0.0
"fast tones, no cap",sim,2300,floor_margin_db=None,,good,6.0,average,fading,,2000,90.7,176.4,531.3,0.332,5,7,5,1,4,19,1,0,0,1,0.0
"fast tones, no cap",sim,2300,floor_margin_db=None,,good,6.0,average,fading,,2000,35.5,450.1,531.3,0.847,5,10,5,4,5,26,4,0,0,1,0.0
"fast tones, no cap",sim,2300,floor_margin_db=None,,good,6.0,average,fading,,2000,82.7,193.5,531.3,0.364,5,9,5,2,5,26,7,0,1,1,0.0
"fast tones, no cap",sim,2300,floor_margin_db=None,,good,6.0,average,fading,,2000,44.0,364.0,531.3,0.685,7,10,7,3,6,33,7,6,0,1,0.0
"fast tones, no cap",sim,2300,floor_margin_db=None,,good,6.0,average,fading,,2000,37.7,424.9,531.3,0.8,7,10,7,3,5,28,6,1,0,1,0.0
"fast tones, no cap",sim,2300,floor_margin_db=None,,good,6.0,average,fading,,2000,67.7,236.4,531.3,0.445,5,9,5,3,7,34,3,1,0,1,0.0
"fast tones, no cap",sim,2300,floor_margin_db=None,,good,6.0,average,fading,,2000,92.5,172.9,531.3,0.325,3,8,8,4,5,25,1,0,0,1,0.0
"fast tones, no cap",sim,2300,floor_margin_db=None,,good,6.0,average,fading,,2000,29.2,547.5,531.3,1.03,8,11,8,3,5,20,5,0,0,1,0.0
"fast tones, no cap",sim,2300,floor_margin_db=None,,good,6.0,average,fading,,2000,85.0,188.2,531.3,0.354,5,8,5,3,6,28,3,1,0,1,0.0
"fast tones, no cap",sim,2300,floor_margin_db=None,,good,6.0,average,fading,,2000,24.0,666.4,531.3,1.254,9,11,10,2,3,17,2,0,0,1,0.0
"fast tones, no cap",sim,2300,floor_margin_db=None,,good,6.0,average,fading,,2000,84.0,190.5,531.3,0.359,5,9,5,3,6,27,7,0,0,1,0.0
"fast tones, no cap",sim,2300,floor_margin_db=None,,good,6.0,average,fading,,2000,20.8,767.5,531.3,1.445,9,11,11,1,3,14,0,0,0,1,0.0
"fast tones, no cap",sim,2300,floor_margin_db=None,,good,6.0,average,fading,,2000,38.7,413.3,531.3,0.778,8,9,8,3,5,29,3,0,0,1,0.0
"fast tones, no cap",sim,2300,floor_margin_db=None,,good,6.0,average,fading,,2000,27.1,589.4,531.3,1.109,9,10,10,2,4,19,3,0,0,1,0.0
"fast tones, no cap",sim,2300,floor_margin_db=None,,good,6.0,average,fading,,2000,94.9,168.6,531.3,0.317,0,9,8,3,8,40,2,0,0,1,0.0
"fast tones, no cap",sim,2300,floor_margin_db=None,,good,6.0,average,fading,,2000,56.0,285.7,531.3,0.538,5,9,5,3,6,28,3,1,0,1,0.0
"fast tones, no cap",sim,2300,floor_margin_db=None,,good,6.0,average,fading,,2000,87.3,183.2,531.3,0.345,5,8,5,2,5,23,2,0,0,1,0.0
"fast tones, no cap",sim,2300,floor_margin_db=None,,good,6.0,average,fading,,2000,23.0,697.0,531.3,1.312,9,11,10,2,3,16,1,1,0,1,0.0
"fast tones, no cap",sim,2300,floor_margin_db=None,,good,6.0,average,fading,,2000,50.3,318.4,531.3,0.599,7,9,8,5,7,38,4,0,0,1,0.0
"fast tones, no cap",sim,2300,floor_margin_db=None,,good,6.0,average,fading,,2000,34.5,463.8,531.3,0.873,8,10,9,3,5,25,3,0,0,1,0.0
"fast tones, no cap",sim,2300,floor_margin_db=None,,good,6.0,average,fading,,2000,32.4,493.6,531.3,0.929,8,10,9,2,4,24,3,0,0,1,0.0
"fast tones, no cap",sim,2300,floor_margin_db=None,,moderate,-18.0,average,fading,,2000,79.7,0.0,0.0,,,,,0,0,0,0,0,0,0,0.0
"fast tones, no cap",sim,2300,floor_margin_db=None,,moderate,-18.0,average,fading,,2000,125.6,0.0,0.0,,,,,0,0,0,0,0,0,0,0.0
"fast tones, no cap",sim,2300,floor_margin_db=None,,moderate,-18.0,average,fading,,2000,108.3,0.0,0.0,,,,,0,0,0,0,0,0,0,0.0
"fast tones, no cap",sim,2300,floor_margin_db=None,,moderate,-18.0,average,fading,,2000,158.6,0.0,0.0,,,,,0,0,0,0,0,0,0,0.0
"fast tones, no cap",sim,2300,floor_margin_db=None,,moderate,-18.0,average,fading,,2000,231.7,0.0,0.0,,,,,0,0,0,0,0,0,0,0.0
"fast tones, no cap",sim,2300,floor_margin_db=None,,moderate,-18.0,average,fading,,2000,93.8,0.0,0.0,,,,,0,0,0,0,0,0,0,0.0
"fast tones, no cap",sim,2300,floor_margin_db=None,,moderate,-18.0,average,fading,,2000,79.4,0.0,0.0,,,,,0,0,0,0,0,0,0,0.0
"fast tones, no cap",sim,2300,floor_margin_db=None,,moderate,-18.0,average,fading,,2000,64.4,0.0,0.0,,,,,0,0,0,0,0,0,0,0.0
"fast tones, no cap",sim,2300,floor_margin_db=None,,moderate,-18.0,average,fading,,2000,495.9,5.4,0.0,,0,0,0,0,9,54,38,9,5,0,0.1
"fast tones, no cap",sim,2300,floor_margin_db=None,,moderate,-18.0,average,fading,,2000,182.3,0.0,0.0,,,,,0,0,0,0,0,0,0,0.0
"fast tones, no cap",sim,2300,floor_margin_db=None,,moderate,-18.0,average,fading,,2000,180.5,0.0,0.0,,,,,0,0,0,0,0,0,0,0.0
"fast tones, no cap",sim,2300,floor_margin_db=None,,moderate,-18.0,average,fading,,2000,120.7,0.0,0.0,,,,,0,0,0,0,0,0,0,0.0
"fast tones, no cap",sim,2300,floor_margin_db=None,,moderate,-18.0,average,fading,,2000,134.0,0.0,0.0,,,,,0,0,0,0,0,0,0,0.0
"fast tones, no cap",sim,2300,floor_margin_db=None,,moderate,-18.0,average,fading,,2000,195.4,0.0,0.0,,,,,0,0,0,0,0,0,0,0.0
"fast tones, no cap",sim,2300,floor_margin_db=None,,moderate,-18.0,average,fading,,2000,100.2,0.0,0.0,,,,,0,0,0,0,0,0,0,0.0
"fast tones, no cap",sim,2300,floor_margin_db=None,,moderate,-18.0,average,fading,,2000,134.9,0.0,0.0,,,,,0,0,0,0,0,0,0,0.0
"fast tones, no cap",sim,2300,floor_margin_db=None,,moderate,-18.0,average,fading,,2000,210.8,0.0,0.0,,,,,0,0,0,0,0,0,0,0.0
"fast tones, no cap",sim,2300,floor_margin_db=None,,moderate,-18.0,average,fading,,2000,226.6,0.0,0.0,,,,,0,0,0,0,0,0,0,0.0
"fast tones, no cap",sim,2300,floor_margin_db=None,,moderate,-18.0,average,fading,,2000,189.3,0.0,0.0,,,,,0,0,0,0,0,0,0,0.0
"fast tones, no cap",sim,2300,floor_margin_db=None,,moderate,-18.0,average,fading,,2000,85.7,0.0,0.0,,,,,0,0,0,0,0,0,0,0.0
"fast tones, no cap",sim,2300,floor_margin_db=None,,moderate,-18.0,average,fading,,2000,238.4,0.0,0.0,,,,,0,0,0,0,0,0,0,0.0
"fast tones, no cap",sim,2300,floor_margin_db=None,,moderate,-18.0,average,fading,,2000,89.2,0.0,0.0,,,,,0,0,0,0,0,0,0,0.0
"fast tones, no cap",sim,2300,floor_margin_db=None,,moderate,-18.0,average,fading,,2000,119.9,0.0,0.0,,,,,0,0,0,0,0,0,0,0.0
"fast tones, no cap",sim,2300,floor_margin_db=None,,moderate,-18.0,average,fading,,2000,112.9,0.0,0.0,,,,,0,0,0,0,0,0,0,0.0
"fast tones, no cap",sim,2300,floor_margin_db=None,,moderate,-18.0,average,fading,,2000,196.2,0.0,0.0,,,,,0,0,0,0,0,0,0,0.0
"fast tones, no cap",sim,2300,floor_margin_db=None,,moderate,-18.0,average,fading,,2000,129.5,0.0,0.0,,,,,0,0,0,0,0,0,0,0.0
"fast tones, no cap",sim,2300,floor_margin_db=None,,moderate,-18.0,average,fading,,2000,93.0,0.0,0.0,,,,,0,0,0,0,0,0,0,0.0
"fast tones, no cap",sim,2300,floor_margin_db=None,,moderate,-18.0,average,fading,,2000,180.3,0.0,0.0,,,,,0,0,0,0,0,0,0,0.0
"fast tones, no cap",sim,2300,floor_margin_db=None,,moderate,-18.0,average,fading,,2000,140.7,0.0,0.0,,,,,0,0,0,0,0,0,0,0.0
"fast tones, no cap",sim,2300,floor_margin_db=None,,moderate,-18.0,average,fading,,2000,124.9,0.0,0.0,,,,,0,0,0,0,0,0,0,0.0
"fast tones, no cap",sim,2300,floor_margin_db=None,,moderate,-14.0,average,fading,,2000,851.5,18.8,0.0,,0,0,0,0,22,127,31,5,2,1,0.1
"fast tones, no cap",sim,2300,floor_margin_db=None,,moderate,-14.0,average,fading,,2000,753.7,21.2,0.0,,0,0,0,0,21,119,23,4,1,1,0.1
"fast tones, no cap",sim,2300,floor_margin_db=None,,moderate,-14.0,average,fading,,2000,775.5,20.6,0.0,,0,0,0,0,21,122,26,4,1,1,0.1
"fast tones, no cap",sim,2300,floor_margin_db=None,,moderate,-14.0,average,fading,,2000,716.8,22.3,0.0,,0,1,0,2,20,113,21,7,1,1,0.1
"fast tones, no cap",sim,2300,floor_margin_db=None,,moderate,-14.0,average,fading,,2000,838.0,19.1,0.0,,0,0,0,0,22,129,33,1,4,1,0.2
"fast tones, no cap",sim,2300,floor_margin_db=None,,moderate,-14.0,average,fading,,2000,743.2,21.5,0.0,,0,0,0,0,20,118,22,1,1,1,0.1
"fast tones, no cap",sim,2300,floor_margin_db=None,,moderate,-14.0,average,fading,,2000,726.6,22.0,0.0,,0,0,0,0,19,106,10,2,1,1,0.1
"fast tones, no cap",sim,2300,floor_margin_db=None,,moderate,-14.0,average,fading,,2000,748.0,21.4,0.0,,0,0,0,0,20,119,23,4,2,1,0.1
"fast tones, no cap",sim,2300,floor_margin_db=None,,moderate,-14.0,average,fading,,2000,722.2,22.2,0.0,,0,0,0,0,20,114,18,6,1,1,0.1
"fast tones, no cap",sim,2300,floor_margin_db=None,,moderate,-14.0,average,fading,,2000,740.9,21.6,0.0,,0,0,0,0,19,114,18,3,0,1,0.1
"fast tones, no cap",sim,2300,floor_margin_db=None,,moderate,-14.0,average,fading,,2000,744.5,21.5,0.0,,0,0,0,0,20,118,22,1,2,1,0.1
"fast tones, no cap",sim,2300,floor_margin_db=None,,moderate,-14.0,average,fading,,2000,805.8,19.9,0.0,,0,0,0,0,22,128,32,2,3,1,0.1
"fast tones, no cap",sim,2300,floor_margin_db=None,,moderate,-14.0,average,fading,,2000,818.8,19.5,0.0,,0,0,0,0,22,129,33,4,3,1,0.1
"fast tones, no cap",sim,2300,floor_margin_db=None,,moderate,-14.0,average,fading,,2000,778.5,20.6,0.0,,0,0,0,0,22,123,27,0,1,1,0.1
"fast tones, no cap",sim,2300,floor_margin_db=None,,moderate,-14.0,average,fading,,2000,766.4,20.9,0.0,,0,0,0,0,20,116,20,3,1,1,0.1
"fast tones, no cap",sim,2300,floor_margin_db=None,,moderate,-14.0,average,fading,,2000,741.8,21.6,0.0,,0,0,0,0,20,118,22,0,1,1,0.1
"fast tones, no cap",sim,2300,floor_margin_db=None,,moderate,-14.0,average,fading,,2000,846.8,18.9,0.0,,0,0,0,0,24,134,38,3,4,1,0.2
"fast tones, no cap",sim,2300,floor_margin_db=None,,moderate,-14.0,average,fading,,2000,764.5,20.9,0.0,,0,0,0,0,21,121,25,5,2,1,0.1
"fast tones, no cap",sim,2300,floor_margin_db=None,,moderate,-14.0,average,fading,,2000,792.2,20.2,0.0,,0,0,0,0,20,117,21,0,2,1,0.2
"fast tones, no cap",sim,2300,floor_margin_db=None,,moderate,-14.0,average,fading,,2000,732.7,21.8,0.0,,0,0,0,0,20,116,20,2,2,1,0.1
"fast tones, no cap",sim,2300,floor_margin_db=None,,moderate,-14.0,average,fading,,2000,777.5,20.6,0.0,,0,0,0,0,20,118,22,2,1,1,0.1
"fast tones, no cap",sim,2300,floor_margin_db=None,,moderate,-14.0,average,fading,,2000,843.2,19.0,0.0,,0,0,0,0,22,132,36,2,4,1,0.1
"fast tones, no cap",sim,2300,floor_margin_db=None,,moderate,-14.0,average,fading,,2000,800.5,20.0,0.0,,0,0,0,0,22,123,27,0,2,1,0.1
"fast tones, no cap",sim,2300,floor_margin_db=None,,moderate,-14.0,average,fading,,2000,679.8,23.5,0.0,,0,0,0,0,18,108,12,3,0,1,0.1
"fast tones, no cap",sim,2300,floor_margin_db=None,,moderate,-14.0,average,fading,,2000,755.6,21.2,0.0,,0,0,0,0,20,120,24,2,2,1,0.1
"fast tones, no cap",sim,2300,floor_margin_db=None,,moderate,-14.0,average,fading,,2000,759.5,21.1,0.0,,0,0,0,0,20,115,19,1,1,1,0.1
"fast tones, no cap",sim,2300,floor_margin_db=None,,moderate,-14.0,average,fading,,2000,704.3,22.7,0.0,,0,0,0,0,20,111,15,3,0,1,0.1
"fast tones, no cap",sim,2300,floor_margin_db=None,,moderate,-14.0,average,fading,,2000,722.0,22.2,0.0,,0,0,0,0,21,113,17,1,1,1,0.1
"fast tones, no cap",sim,2300,floor_margin_db=None,,moderate,-14.0,average,fading,,2000,880.3,18.2,0.0,,0,0,0,0,24,140,44,4,4,1,0.2
"fast tones, no cap",sim,2300,floor_margin_db=None,,moderate,-14.0,average,fading,,2000,759.1,21.1,0.0,,0,0,0,0,20,116,20,6,1,1,0.1
"fast tones, no cap",sim,2300,floor_margin_db=None,,moderate,-12.0,average,fading,,2000,677.0,23.6,35.8,0.66,0,0,0,0,18,107,11,0,1,1,0.1
"fast tones, no cap",sim,2300,floor_margin_db=None,,moderate,-12.0,average,fading,,2000,581.8,27.5,35.8,0.768,0,2,0,3,16,91,6,1,0,1,0.1
"fast tones, no cap",sim,2300,floor_margin_db=None,,moderate,-12.0,average,fading,,2000,560.0,28.6,35.8,0.798,0,2,0,3,15,88,6,2,0,1,0.1
"fast tones, no cap",sim,2300,floor_margin_db=None,,moderate,-12.0,average,fading,,2000,472.2,33.9,35.8,0.946,0,3,0,3,13,73,11,5,0,1,0.1
"fast tones, no cap",sim,2300,floor_margin_db=None,,moderate,-12.0,average,fading,,2000,602.6,26.6,35.8,0.741,0,1,0,4,16,95,6,1,0,1,0.1
"fast tones, no cap",sim,2300,floor_margin_db=None,,moderate,-12.0,average,fading,,2000,602.3,26.6,35.8,0.742,0,1,0,2,16,95,3,1,0,1,0.1
"fast tones, no cap",sim,2300,floor_margin_db=None,,moderate,-12.0,average,fading,,2000,561.3,28.5,35.8,0.796,0,2,0,4,15,88,3,0,0,1,0.1
"fast tones, no cap",sim,2300,floor_margin_db=None,,moderate,-12.0,average,fading,,2000,632.7,25.3,35.8,0.706,0,1,0,2,17,100,8,1,1,1,0.1
"fast tones, no cap",sim,2300,floor_margin_db=None,,moderate,-12.0,average,fading,,2000,650.5,24.6,35.8,0.687,0,1,0,2,18,101,9,1,0,1,0.1
"fast tones, no cap",sim,2300,floor_margin_db=None,,moderate,-12.0,average,fading,,2000,609.1,26.3,35.8,0.733,0,1,0,2,16,96,4,2,0,1,0.1
"fast tones, no cap",sim,2300,floor_margin_db=None,,moderate,-12.0,average,fading,,2000,675.2,23.7,35.8,0.662,0,0,0,0,19,106,10,0,1,1,0.2
"fast tones, no cap",sim,2300,floor_margin_db=None,,moderate,-12.0,average,fading,,2000,543.5,29.4,35.8,0.822,0,2,2,2,15,85,2,0,0,1,0.1
"fast tones, no cap",sim,2300,floor_margin_db=None,,moderate,-12.0,average,fading,,2000,491.5,32.6,35.8,0.909,0,2,0,5,14,76,5,3,0,1,0.1
"fast tones, no cap",sim,2300,floor_margin_db=None,,moderate,-12.0,average,fading,,2000,648.3,24.7,35.8,0.689,0,0,0,0,18,102,6,0,0,1,0.2
"fast tones, no cap",sim,2300,floor_margin_db=None,,moderate,-12.0,average,fading,,2000,644.0,24.8,35.8,0.694,0,0,0,0,17,102,6,0,0,1,0.2
"fast tones, no cap",sim,2300,floor_margin_db=None,,moderate,-12.0,average,fading,,2000,631.9,25.3,35.8,0.707,0,0,0,0,17,100,4,0,0,1,0.1
"fast tones, no cap",sim,2300,floor_margin_db=None,,moderate,-12.0,average,fading,,2000,637.3,25.1,35.8,0.701,0,0,0,0,17,101,5,0,0,1,0.2
"fast tones, no cap",sim,2300,floor_margin_db=None,,moderate,-12.0,average,fading,,2000,560.8,28.5,35.8,0.796,0,2,0,4,15,88,6,0,0,1,0.1
"fast tones, no cap",sim,2300,floor_margin_db=None,,moderate,-12.0,average,fading,,2000,621.9,25.7,35.8,0.718,0,1,0,2,17,98,6,0,0,1,0.2
"fast tones, no cap",sim,2300,floor_margin_db=None,,moderate,-12.0,average,fading,,2000,585.7,27.3,35.8,0.763,0,2,0,3,16,92,6,0,0,1,0.2
"fast tones, no cap",sim,2300,floor_margin_db=None,,moderate,-12.0,average,fading,,2000,677.9,23.6,35.8,0.659,0,1,0,4,18,101,12,1,1,1,0.2
"fast tones, no cap",sim,2300,floor_margin_db=None,,moderate,-12.0,average,fading,,2000,570.3,28.1,35.8,0.783,0,2,2,3,15,90,4,0,0,1,0.2
"fast tones, no cap",sim,2300,floor_margin_db=None,,moderate,-12.0,average,fading,,2000,654.0,24.5,35.8,0.683,0,1,0,2,18,103,11,1,1,1,0.2
"fast tones, no cap",sim,2300,floor_margin_db=None,,moderate,-12.0,average,fading,,2000,596.3,26.8,35.8,0.749,0,1,0,2,16,94,5,0,0,1,0.1
"fast tones, no cap",sim,2300,floor_margin_db=None,,moderate,-12.0,average,fading,,2000,597.8,26.8,35.8,0.747,0,1,0,4,16,94,5,1,0,1,0.1
"fast tones, no cap",sim,2300,floor_margin_db=None,,moderate,-12.0,average,fading,,2000,640.0,25.0,35.8,0.698,0,1,0,2,16,96,4,0,0,1,0.1
"fast tones, no cap",sim,2300,floor_margin_db=None,,moderate,-12.0,average,fading,,2000,622.0,25.7,35.8,0.718,0,1,0,2,17,98,6,0,0,1,0.1
"fast tones, no cap",sim,2300,floor_margin_db=None,,moderate,-12.0,average,fading,,2000,645.4,24.8,35.8,0.692,0,0,0,0,17,102,6,0,0,1,0.2
"fast tones, no cap",sim,2300,floor_margin_db=None,,moderate,-12.0,average,fading,,2000,607.7,26.3,35.8,0.735,0,1,0,2,16,96,4,0,0,1,0.1
"fast tones, no cap",sim,2300,floor_margin_db=None,,moderate,-12.0,average,fading,,2000,638.7,25.0,35.8,0.699,0,1,0,2,17,101,9,1,0,1,0.1
"fast tones, no cap",sim,2300,floor_margin_db=None,,moderate,-10.0,average,fading,,2000,608.9,26.3,76.1,0.345,0,1,0,2,16,96,4,0,0,1,0.1
"fast tones, no cap",sim,2300,floor_margin_db=None,,moderate,-10.0,average,fading,,2000,572.2,28.0,76.1,0.367,0,1,0,5,15,90,4,0,0,1,0.1
"fast tones, no cap",sim,2300,floor_margin_db=None,,moderate,-10.0,average,fading,,2000,341.8,46.8,76.1,0.615,0,3,0,4,9,52,4,1,0,1,0.1
"fast tones, no cap",sim,2300,floor_margin_db=None,,moderate,-10.0,average,fading,,2000,254.0,63.0,76.1,0.828,2,4,2,3,7,37,8,3,0,1,0.1
"fast tones, no cap",sim,2300,floor_margin_db=None,,moderate,-10.0,average,fading,,2000,373.7,42.8,76.1,0.563,0,2,0,3,10,57,2,0,0,1,0.1
"fast tones, no cap",sim,2300,floor_margin_db=None,,moderate,-10.0,average,fading,,2000,347.8,46.0,76.1,0.604,0,3,0,4,9,53,5,1,0,1,0.1
"fast tones, no cap",sim,2300,floor_margin_db=None,,moderate,-10.0,average,fading,,2000,279.9,57.2,76.1,0.751,0,3,2,3,8,41,2,2,0,1,0.1
"fast tones, no cap",sim,2300,floor_margin_db=None,,moderate,-10.0,average,fading,,2000,335.6,47.7,76.1,0.626,0,3,0,3,9,51,4,1,0,1,0.1
"fast tones, no cap",sim,2300,floor_margin_db=None,,moderate,-10.0,average,fading,,2000,295.7,54.1,76.1,0.711,0,3,2,3,8,44,1,0,0,1,0.1
"fast tones, no cap",sim,2300,floor_margin_db=None,,moderate,-10.0,average,fading,,2000,307.4,52.1,76.1,0.684,0,3,2,3,8,46,3,1,0,1,0.1
"fast tones, no cap",sim,2300,floor_margin_db=None,,moderate,-10.0,average,fading,,2000,337.5,47.4,76.1,0.623,0,3,1,4,9,51,2,0,0,1,0.1
"fast tones, no cap",sim,2300,floor_margin_db=None,,moderate,-10.0,average,fading,,2000,408.7,39.1,76.1,0.514,0,3,2,4,11,63,2,0,0,1,0.1
"fast tones, no cap",sim,2300,floor_margin_db=None,,moderate,-10.0,average,fading,,2000,274.4,58.3,76.1,0.766,1,3,1,3,7,41,2,1,0,1,0.1
"fast tones, no cap",sim,2300,floor_margin_db=None,,moderate,-10.0,average,fading,,2000,544.6,29.4,76.1,0.386,0,1,0,5,15,85,3,0,0,1,0.1
"fast tones, no cap",sim,2300,floor_margin_db=None,,moderate,-10.0,average,fading,,2000,487.8,32.8,76.1,0.431,0,2,1,5,13,76,3,0,0,1,0.1
"fast tones, no cap",sim,2300,floor_margin_db=None,,moderate,-10.0,average,fading,,2000,242.5,66.0,76.1,0.867,0,5,2,3,6,36,9,4,0,1,0.1
"fast tones, no cap",sim,2300,floor_margin_db=None,,moderate,-10.0,average,fading,,2000,444.7,36.0,76.1,0.473,0,2,0,3,12,69,3,0,0,1,0.1
"fast tones, no cap",sim,2300,floor_margin_db=None,,moderate,-10.0,average,fading,,2000,472.0,33.9,76.1,0.445,0,2,1,5,13,73,2,0,0,1,0.1
"fast tones, no cap",sim,2300,floor_margin_db=None,,moderate,-10.0,average,fading,,2000,274.3,58.3,76.1,0.766,0,3,2,3,7,41,1,0,0,1,0.1
"fast tones, no cap",sim,2300,floor_margin_db=None,,moderate,-10.0,average,fading,,2000,388.9,41.1,76.1,0.54,0,3,2,5,10,60,2,0,0,1,0.1
"fast tones, no cap",sim,2300,floor_margin_db=None,,moderate,-10.0,average,fading,,2000,564.6,28.3,76.1,0.372,0,1,0,5,15,89,3,0,0,1,0.2
"fast tones, no cap",sim,2300,floor_margin_db=None,,moderate,-10.0,average,fading,,2000,305.0,52.5,76.1,0.689,0,3,2,3,8,46,3,2,0,1,0.1
"fast tones, no cap",sim,2300,floor_margin_db=None,,moderate,-10.0,average,fading,,2000,404.7,39.5,76.1,0.519,0,3,0,4,11,62,7,1,1,1,0.1
"fast tones, no cap",sim,2300,floor_margin_db=None,,moderate,-10.0,average,fading,,2000,445.5,35.9,76.1,0.472,0,2,0,4,12,69,3,0,0,1,0.1
"fast tones, no cap",sim,2300,floor_margin_db=None,,moderate,-10.0,average,fading,,2000,499.4,32.0,76.1,0.421,0,2,1,4,13,78,2,0,0,1,0.2
"fast tones, no cap",sim,2300,floor_margin_db=None,,moderate,-10.0,average,fading,,2000,316.0,50.6,76.1,0.665,0,3,2,4,8,48,4,1,0,1,0.1
"fast tones, no cap",sim,2300,floor_margin_db=None,,moderate,-10.0,average,fading,,2000,367.4,43.5,76.1,0.572,0,3,0,4,10,56,3,1,0,1,0.1
"fast tones, no cap",sim,2300,floor_margin_db=None,,moderate,-10.0,average,fading,,2000,307.4,52.1,76.1,0.684,0,3,2,3,8,46,3,0,0,1,0.1
"fast tones, no cap",sim,2300,floor_margin_db=None,,moderate,-10.0,average,fading,,2000,311.4,51.4,76.1,0.675,0,3,2,3,8,47,4,0,0,1,0.1
"fast tones, no cap",sim,2300,floor_margin_db=None,,moderate,-10.0,average,fading,,2000,513.6,31.2,76.1,0.409,0,2,1,4,14,80,4,0,0,1,0.1
"fast tones, no cap",sim,2300,floor_margin_db=None,,moderate,-8.0,average,fading,,2000,260.1,61.5,156.7,0.393,0,4,1,5,7,38,2,0,0,1,0.0
"fast tones, no cap",sim,2300,floor_margin_db=None,,moderate,-8.0,average,fading,,2000,197.8,80.9,156.7,0.516,2,4,2,3,5,28,2,0,0,1,0.0
"fast tones, no cap",sim,2300,floor_margin_db=None,,moderate,-8.0,average,fading,,2000,173.0,92.5,156.7,0.59,3,5,3,3,5,26,7,3,0,1,0.0
"fast tones, no cap",sim,2300,floor_margin_db=None,,moderate,-8.0,average,fading,,2000,181.2,88.3,156.7,0.563,3,5,4,2,5,25,6,3,0,1,0.0
"fast tones, no cap",sim,2300,floor_margin_db=None,,moderate,-8.0,average,fading,,2000,233.5,68.5,156.7,0.437,0,4,2,4,6,34,4,0,0,1,0.0
"fast tones, no cap",sim,2300,floor_margin_db=None,,moderate,-8.0,average,fading,,2000,289.9,55.2,156.7,0.352,1,3,2,2,8,43,2,0,0,1,0.0
"fast tones, no cap",sim,2300,floor_margin_db=None,,moderate,-8.0,average,fading,,2000,208.3,76.8,156.7,0.49,1,4,3,3,5,30,1,0,0,1,0.0
"fast tones, no cap",sim,2300,floor_margin_db=None,,moderate,-8.0,average,fading,,2000,210.4,76.0,156.7,0.485,2,4,2,3,6,30,2,0,0,1,0.0
"fast tones, no cap",sim,2300,floor_margin_db=None,,moderate,-8.0,average,fading,,2000,223.0,71.8,156.7,0.458,0,5,2,3,6,32,6,1,0,1,0.1
"fast tones, no cap",sim,2300,floor_margin_db=None,,moderate,-8.0,average,fading,,2000,281.7,56.8,156.7,0.362,1,3,2,2,7,42,1,0,0,1,0.0
"fast tones, no cap",sim,2300,floor_margin_db=None,,moderate,-8.0,average,fading,,2000,166.4,96.2,156.7,0.614,2,4,4,1,4,23,0,0,0,1,0.0
"fast tones, no cap",sim,2300,floor_margin_db=None,,moderate,-8.0,average,fading,,2000,325.3,49.2,156.7,0.314,0,4,4,5,9,49,1,0,0,1,0.1
"fast tones, no cap",sim,2300,floor_margin_db=None,,moderate,-8.0,average,fading,,2000,174.9,91.5,156.7,0.584,2,4,3,2,5,24,1,0,0,1,0.0
"fast tones, no cap",sim,2300,floor_margin_db=None,,moderate,-8.0,average,fading,,2000,175.5,91.2,156.7,0.582,2,4,3,2,5,24,1,1,0,1,0.0
"fast tones, no cap",sim,2300,floor_margin_db=None,,moderate,-8.0,average,fading,,2000,300.6,53.2,156.7,0.34,0,3,2,3,8,45,2,0,0,1,0.0
"fast tones, no cap",sim,2300,floor_margin_db=None,,moderate,-8.0,average,fading,,2000,162.2,98.7,156.7,0.63,3,5,3,3,5,24,5,1,0,1,0.0
"fast tones, no cap",sim,2300,floor_margin_db=None,,moderate,-8.0,average,fading,,2000,190.2,84.1,156.7,0.537,0,4,4,2,5,27,0,0,0,1,0.0
"fast tones, no cap",sim,2300,floor_margin_db=None,,moderate,-8.0,average,fading,,2000,300.9,53.2,156.7,0.339,0,3,2,3,8,45,2,1,0,1,0.1
"fast tones, no cap",sim,2300,floor_margin_db=None,,moderate,-8.0,average,fading,,2000,165.2,96.9,156.7,0.618,2,4,4,1,4,23,0,0,0,1,0.0
"fast tones, no cap",sim,2300,floor_margin_db=None,,moderate,-8.0,average,fading,,2000,207.1,77.3,156.7,0.493,2,4,3,2,5,30,2,0,0,1,0.0
"fast tones, no cap",sim,2300,floor_margin_db=None,,moderate,-8.0,average,fading,,2000,184.8,86.6,156.7,0.552,0,4,4,1,5,26,1,0,0,1,0.0
"fast tones, no cap",sim,2300,floor_margin_db=None,,moderate,-8.0,average,fading,,2000,278.2,57.5,156.7,0.367,1,3,2,4,8,41,2,0,0,1,0.0
"fast tones, no cap",sim,2300,floor_margin_db=None,,moderate,-8.0,average,fading,,2000,244.3,65.5,156.7,0.418,1,4,1,3,6,36,8,0,1,1,0.0
"fast tones, no cap",sim,2300,floor_margin_db=None,,moderate,-8.0,average,fading,,2000,216.6,73.9,156.7,0.471,0,4,3,4,6,31,1,0,0,1,0.0
"fast tones, no cap",sim,2300,floor_margin_db=None,,moderate,-8.0,average,fading,,2000,281.2,56.9,156.7,0.363,1,4,1,3,7,42,2,0,0,1,0.1
"fast tones, no cap",sim,2300,floor_margin_db=None,,moderate,-8.0,average,fading,,2000,252.9,63.3,156.7,0.404,0,4,2,4,7,37,1,0,0,1,0.0
"fast tones, no cap",sim,2300,floor_margin_db=None,,moderate,-8.0,average,fading,,2000,185.6,86.2,156.7,0.55,2,4,3,2,5,26,1,0,0,1,0.0
"fast tones, no cap",sim,2300,floor_margin_db=None,,moderate,-8.0,average,fading,,2000,187.5,85.3,156.7,0.544,1,4,4,2,5,26,0,0,0,1,0.0
"fast tones, no cap",sim,2300,floor_margin_db=None,,moderate,-8.0,average,fading,,2000,165.9,96.5,156.7,0.615,2,4,4,1,4,23,0,0,0,1,0.0
"fast tones, no cap",sim,2300,floor_margin_db=None,,moderate,-8.0,average,fading,,2000,222.6,71.9,156.7,0.459,1,4,2,4,6,32,3,0,0,1,0.0
"fast tones, no cap",sim,2300,floor_margin_db=None,,moderate,-6.0,average,fading,,2000,187.4,85.4,156.7,0.545,0,5,4,2,5,26,3,0,0,1,0.0
"fast tones, no cap",sim,2300,floor_margin_db=None,,moderate,-6.0,average,fading,,2000,150.7,106.1,156.7,0.677,3,5,4,2,4,20,1,1,0,1,0.0
"fast tones, no cap",sim,2300,floor_margin_db=None,,moderate,-6.0,average,fading,,2000,142.0,112.7,156.7,0.719,3,5,4,2,4,21,2,0,0,1,0.0
"fast tones, no cap",sim,2300,floor_margin_db=None,,moderate,-6.0,average,fading,,2000,186.6,85.7,156.7,0.547,0,4,4,1,5,26,1,0,0,1,0.0
"fast tones, no cap",sim,2300,floor_margin_db=None,,moderate,-6.0,average,fading,,2000,132.6,120.7,156.7,0.77,3,5,4,2,4,20,1,0,0,1,0.0
"fast tones, no cap",sim,2300,floor_margin_db=None,,moderate,-6.0,average,fading,,2000,180.8,88.5,156.7,0.565,0,5,4,2,5,25,2,0,0,1,0.0
"fast tones, no cap",sim,2300,floor_margin_db=None,,moderate,-6.0,average,fading,,2000,166.6,96.1,156.7,0.613,2,5,4,3,4,23,3,1,0,1,0.0
"fast tones, no cap",sim,2300,floor_margin_db=None,,moderate,-6.0,average,fading,,2000,153.8,104.1,156.7,0.664,3,5,4,2,4,21,2,0,0,1,0.0
"fast tones, no cap",sim,2300,floor_margin_db=None,,moderate,-6.0,average,fading,,2000,136.4,117.3,156.7,0.749,3,5,4,2,4,20,1,0,0,1,0.0
"fast tones, no cap",sim,2300,floor_margin_db=None,,moderate,-6.0,average,fading,,2000,161.9,98.8,156.7,0.631,2,5,4,3,4,22,2,0,0,1,0.0
"fast tones, no cap",sim,2300,floor_margin_db=None,,moderate,-6.0,average,fading,,2000,130.0,123.1,156.7,0.785,3,5,5,1,3,17,0,0,0,1,0.0
"fast tones, no cap",sim,2300,floor_margin_db=None,,moderate,-6.0,average,fading,,2000,185.2,86.4,156.7,0.551,0,5,4,2,5,26,3,0,0,1,0.0
"fast tones, no cap",sim,2300,floor_margin_db=None,,moderate,-6.0,average,fading,,2000,189.8,84.3,156.7,0.538,0,5,4,3,6,26,2,0,0,1,0.0
"fast tones, no cap",sim,2300,floor_margin_db=None,,moderate,-6.0,average,fading,,2000,191.6,83.5,156.7,0.533,0,4,3,2,5,27,2,0,0,1,0.0
"fast tones, no cap",sim,2300,floor_margin_db=None,,moderate,-6.0,average,fading,,2000,170.0,94.1,156.7,0.6,2,5,4,3,5,23,1,0,0,1,0.0
"fast tones, no cap",sim,2300,floor_margin_db=None,,moderate,-6.0,average,fading,,2000,136.5,117.2,156.7,0.748,3,5,5,3,4,20,2,0,0,1,0.0
"fast tones, no cap",sim,2300,floor_margin_db=None,,moderate,-6.0,average,fading,,2000,148.4,107.8,156.7,0.688,2,5,5,2,4,20,0,0,0,1,0.0
"fast tones, no cap",sim,2300,floor_margin_db=None,,moderate,-6.0,average,fading,,2000,186.4,85.8,156.7,0.548,2,4,3,2,5,26,1,0,0,1,0.0
"fast tones, no cap",sim,2300,floor_margin_db=None,,moderate,-6.0,average,fading,,2000,154.5,103.6,156.7,0.661,3,5,4,2,4,21,2,0,0,1,0.0
"fast tones, no cap",sim,2300,floor_margin_db=None,,moderate,-6.0,average,fading,,2000,160.0,100.0,156.7,0.638,3,5,4,2,4,22,3,2,0,1,0.0
"fast tones, no cap",sim,2300,floor_margin_db=None,,moderate,-6.0,average,fading,,2000,127.2,125.8,156.7,0.803,3,5,4,2,4,19,2,1,0,1,0.0
"fast tones, no cap",sim,2300,floor_margin_db=None,,moderate,-6.0,average,fading,,2000,137.9,116.0,156.7,0.74,3,5,4,2,4,21,2,0,0,1,0.0
"fast tones, no cap",sim,2300,floor_margin_db=None,,moderate,-6.0,average,fading,,2000,160.1,100.0,156.7,0.638,3,5,4,2,4,22,3,1,0,1,0.0
"fast tones, no cap",sim,2300,floor_margin_db=None,,moderate,-6.0,average,fading,,2000,159.9,100.1,156.7,0.638,0,5,4,2,4,22,2,0,0,1,0.0
"fast tones, no cap",sim,2300,floor_margin_db=None,,moderate,-6.0,average,fading,,2000,150.7,106.2,156.7,0.678,3,5,4,2,4,20,1,0,0,1,0.0
"fast tones, no cap",sim,2300,floor_margin_db=None,,moderate,-6.0,average,fading,,2000,185.5,86.3,156.7,0.55,0,5,4,4,5,26,2,0,0,1,0.0
"fast tones, no cap",sim,2300,floor_margin_db=None,,moderate,-6.0,average,fading,,2000,154.6,103.5,156.7,0.661,3,5,4,2,4,21,2,0,0,1,0.1
"fast tones, no cap",sim,2300,floor_margin_db=None,,moderate,-6.0,average,fading,,2000,156.5,102.2,156.7,0.652,2,5,4,2,4,21,1,0,0,1,0.1
"fast tones, no cap",sim,2300,floor_margin_db=None,,moderate,-6.0,average,fading,,2000,149.8,106.8,156.7,0.682,3,5,4,2,4,20,1,0,0,1,0.0
"fast tones, no cap",sim,2300,floor_margin_db=None,,moderate,-6.0,average,fading,,2000,180.9,88.5,156.7,0.564,0,5,4,2,5,25,2,1,0,1,0.0
"fast tones, no cap",sim,2300,floor_margin_db=None,,moderate,-4.0,average,fading,,2000,136.5,117.3,228.4,0.513,3,5,5,3,4,20,1,0,0,1,0.0
"fast tones, no cap",sim,2300,floor_margin_db=None,,moderate,-4.0,average,fading,,2000,171.0,93.6,228.4,0.41,0,5,4,3,5,23,2,0,0,1,0.0
"fast tones, no cap",sim,2300,floor_margin_db=None,,moderate,-4.0,average,fading,,2000,136.7,117.1,228.4,0.513,3,5,5,3,4,20,1,0,0,1,0.0
"fast tones, no cap",sim,2300,floor_margin_db=None,,moderate,-4.0,average,fading,,2000,160.9,99.4,228.4,0.435,0,5,5,2,4,22,1,0,0,1,0.0
"fast tones, no cap",sim,2300,floor_margin_db=None,,moderate,-4.0,average,fading,,2000,132.6,120.7,228.4,0.528,3,5,5,3,4,20,1,0,0,1,0.0
"fast tones, no cap",sim,2300,floor_margin_db=None,,moderate,-4.0,average,fading,,2000,167.3,95.6,228.4,0.419,0,5,4,2,5,25,2,0,0,1,0.0
"fast tones, no cap",sim,2300,floor_margin_db=None,,moderate,-4.0,average,fading,,2000,116.7,137.2,228.4,0.601,3,5,5,1,3,17,0,0,0,1,0.0
"fast tones, no cap",sim,2300,floor_margin_db=None,,moderate,-4.0,average,fading,,2000,112.3,142.5,228.4,0.624,3,5,5,1,3,17,0,0,0,1,0.0
"fast tones, no cap",sim,2300,floor_margin_db=None,,moderate,-4.0,average,fading,,2000,116.1,137.8,228.4,0.604,3,5,5,1,3,17,0,0,0,1,0.0
"fast tones, no cap",sim,2300,floor_margin_db=None,,moderate,-4.0,average,fading,,2000,161.9,98.8,228.4,0.433,0,5,5,2,4,22,1,0,0,1,0.0
"fast tones, no cap",sim,2300,floor_margin_db=None,,moderate,-4.0,average,fading,,2000,130.0,123.1,228.4,0.539,3,5,5,1,3,17,0,0,0,1,0.0
"fast tones, no cap",sim,2300,floor_margin_db=None,,moderate,-4.0,average,fading,,2000,179.8,89.0,228.4,0.39,0,5,4,2,5,25,2,0,0,1,0.0
"fast tones, no cap",sim,2300,floor_margin_db=None,,moderate,-4.0,average,fading,,2000,132.6,120.7,228.4,0.528,3,5,5,3,4,20,1,0,0,1,0.0
"fast tones, no cap",sim,2300,floor_margin_db=None,,moderate,-4.0,average,fading,,2000,132.6,120.7,228.4,0.528,3,5,5,3,4,20,1,0,0,1,0.0
"fast tones, no cap",sim,2300,floor_margin_db=None,,moderate,-4.0,average,fading,,2000,126.0,127.0,228.4,0.556,3,5,4,2,4,18,1,0,0,1,0.0
"fast tones, no cap",sim,2300,floor_margin_db=None,,moderate,-4.0,average,fading,,2000,220.7,72.5,228.4,0.317,0,7,3,5,9,53,18,6,3,1,0.0
"fast tones, no cap",sim,2300,floor_margin_db=None,,moderate,-4.0,average,fading,,2000,128.1,124.9,228.4,0.547,3,5,5,1,3,17,0,0,0,1,0.0
"fast tones, no cap",sim,2300,floor_margin_db=None,,moderate,-4.0,average,fading,,2000,150.0,106.7,228.4,0.467,3,5,4,2,4,20,3,1,0,1,0.0
"fast tones, no cap",sim,2300,floor_margin_db=None,,moderate,-4.0,average,fading,,2000,159.8,100.1,228.4,0.438,0,5,5,2,4,22,1,0,0,1,0.0
"fast tones, no cap",sim,2300,floor_margin_db=None,,moderate,-4.0,average,fading,,2000,154.6,103.5,228.4,0.453,3,5,4,2,4,21,2,0,0,1,0.0
"fast tones, no cap",sim,2300,floor_margin_db=None,,moderate,-4.0,average,fading,,2000,112.3,142.5,228.4,0.624,3,5,5,1,3,17,0,0,0,1,0.0
"fast tones, no cap",sim,2300,floor_margin_db=None,,moderate,-4.0,average,fading,,2000,112.3,142.5,228.4,0.624,3,5,5,1,3,17,0,0,0,1,0.0
"fast tones, no cap",sim,2300,floor_margin_db=None,,moderate,-4.0,average,fading,,2000,169.6,94.3,228.4,0.413,0,5,4,3,5,23,2,0,0,1,0.0
"fast tones, no cap",sim,2300,floor_margin_db=None,,moderate,-4.0,average,fading,,2000,112.3,142.5,228.4,0.624,3,5,5,1,3,17,0,0,0,1,0.0
"fast tones, no cap",sim,2300,floor_margin_db=None,,moderate,-4.0,average,fading,,2000,117.1,136.7,228.4,0.598,3,5,5,1,3,17,0,0,0,1,0.0
"fast tones, no cap",sim,2300,floor_margin_db=None,,moderate,-4.0,average,fading,,2000,116.9,136.9,228.4,0.599,3,5,5,1,3,17,0,0,0,1,0.0
"fast tones, no cap",sim,2300,floor_margin_db=None,,moderate,-4.0,average,fading,,2000,128.9,124.1,228.4,0.544,3,5,5,1,3,17,0,0,0,1,0.0
"fast tones, no cap",sim,2300,floor_margin_db=None,,moderate,-4.0,average,fading,,2000,130.9,122.3,228.4,0.535,3,5,5,1,3,17,0,0,0,1,0.0
"fast tones, no cap",sim,2300,floor_margin_db=None,,moderate,-4.0,average,fading,,2000,137.5,116.4,228.4,0.51,0,5,5,1,4,20,1,0,0,1,0.0
"fast tones, no cap",sim,2300,floor_margin_db=None,,moderate,-4.0,average,fading,,2000,149.9,106.8,228.4,0.468,0,5,5,1,4,20,1,0,0,1,0.0
"fast tones, no cap",sim,2300,floor_margin_db=None,,moderate,-2.0,average,fading,,2000,116.2,137.7,228.4,0.603,3,5,5,1,3,17,0,0,0,1,0.0
"fast tones, no cap",sim,2300,floor_margin_db=None,,moderate,-2.0,average,fading,,2000,161.5,99.1,228.4,0.434,0,5,5,2,4,22,1,0,0,1,0.0
"fast tones, no cap",sim,2300,floor_margin_db=None,,moderate,-2.0,average,fading,,2000,136.7,117.1,228.4,0.513,0,5,5,1,4,20,1,0,0,1,0.0
"fast tones, no cap",sim,2300,floor_margin_db=None,,moderate,-2.0,average,fading,,2000,135.9,117.7,228.4,0.515,0,5,5,1,4,20,1,0,0,1,0.0
"fast tones, no cap",sim,2300,floor_margin_db=None,,moderate,-2.0,average,fading,,2000,135.2,118.4,228.4,0.518,2,7,4,4,7,30,6,2,1,1,0.0
"fast tones, no cap",sim,2300,floor_margin_db=None,,moderate,-2.0,average,fading,,2000,136.3,117.4,228.4,0.514,0,5,5,1,4,20,1,0,0,1,0.0
"fast tones, no cap",sim,2300,floor_margin_db=None,,moderate,-2.0,average,fading,,2000,116.7,137.2,228.4,0.601,3,5,5,1,3,17,0,0,0,1,0.0
"fast tones, no cap",sim,2300,floor_margin_db=None,,moderate,-2.0,average,fading,,2000,112.3,142.5,228.4,0.624,3,5,5,1,3,17,0,0,0,1,0.0
"fast tones, no cap",sim,2300,floor_margin_db=None,,moderate,-2.0,average,fading,,2000,112.3,142.5,228.4,0.624,3,5,5,1,3,17,0,0,0,1,0.0
"fast tones, no cap",sim,2300,floor_margin_db=None,,moderate,-2.0,average,fading,,2000,161.9,98.8,228.4,0.433,0,5,5,2,4,22,1,0,0,1,0.0
"fast tones, no cap",sim,2300,floor_margin_db=None,,moderate,-2.0,average,fading,,2000,112.3,142.5,228.4,0.624,3,5,5,1,3,17,0,0,0,1,0.0
"fast tones, no cap",sim,2300,floor_margin_db=None,,moderate,-2.0,average,fading,,2000,148.8,107.5,228.4,0.471,0,5,5,1,4,20,1,0,0,1,0.0
"fast tones, no cap",sim,2300,floor_margin_db=None,,moderate,-2.0,average,fading,,2000,112.3,142.5,228.4,0.624,3,5,5,1,3,17,0,0,0,1,0.0
"fast tones, no cap",sim,2300,floor_margin_db=None,,moderate,-2.0,average,fading,,2000,132.6,120.7,228.4,0.528,3,5,5,3,4,20,1,0,0,1,0.0
"fast tones, no cap",sim,2300,floor_margin_db=None,,moderate,-2.0,average,fading,,2000,147.4,108.5,228.4,0.475,0,5,4,2,4,22,2,0,0,1,0.0
"fast tones, no cap",sim,2300,floor_margin_db=None,,moderate,-2.0,average,fading,,2000,113.4,141.1,228.4,0.618,4,7,4,3,6,27,9,2,1,1,0.0
"fast tones, no cap",sim,2300,floor_margin_db=None,,moderate,-2.0,average,fading,,2000,116.5,137.4,228.4,0.602,3,5,5,1,3,17,0,0,0,1,0.0
"fast tones, no cap",sim,2300,floor_margin_db=None,,moderate,-2.0,average,fading,,2000,112.3,142.5,228.4,0.624,3,5,5,1,3,17,0,0,0,1,0.0
"fast tones, no cap",sim,2300,floor_margin_db=None,,moderate,-2.0,average,fading,,2000,112.3,142.5,228.4,0.624,3,5,5,1,3,17,0,0,0,1,0.0
"fast tones, no cap",sim,2300,floor_margin_db=None,,moderate,-2.0,average,fading,,2000,149.2,107.2,228.4,0.469,3,5,5,3,4,20,1,0,0,1,0.0
"fast tones, no cap",sim,2300,floor_margin_db=None,,moderate,-2.0,average,fading,,2000,98.1,163.2,228.4,0.714,4,7,5,3,5,25,7,1,0,1,0.0
"fast tones, no cap",sim,2300,floor_margin_db=None,,moderate,-2.0,average,fading,,2000,94.9,168.6,228.4,0.738,4,7,5,3,5,22,4,1,0,1,0.0
"fast tones, no cap",sim,2300,floor_margin_db=None,,moderate,-2.0,average,fading,,2000,136.5,117.2,228.4,0.513,0,5,5,1,4,20,1,0,0,1,0.0
"fast tones, no cap",sim,2300,floor_margin_db=None,,moderate,-2.0,average,fading,,2000,112.3,142.5,228.4,0.624,3,5,5,1,3,17,0,0,0,1,0.0
"fast tones, no cap",sim,2300,floor_margin_db=None,,moderate,-2.0,average,fading,,2000,121.9,131.3,228.4,0.575,3,5,4,2,4,18,1,0,0,1,0.0
"fast tones, no cap",sim,2300,floor_margin_db=None,,moderate,-2.0,average,fading,,2000,116.9,136.9,228.4,0.599,3,5,5,1,3,17,0,0,0,1,0.0
"fast tones, no cap",sim,2300,floor_margin_db=None,,moderate,-2.0,average,fading,,2000,170.6,93.8,228.4,0.411,0,5,4,3,4,24,2,0,0,1,0.0
"fast tones, no cap",sim,2300,floor_margin_db=None,,moderate,-2.0,average,fading,,2000,116.8,137.0,228.4,0.6,3,5,5,1,3,17,0,0,0,1,0.0
"fast tones, no cap",sim,2300,floor_margin_db=None,,moderate,-2.0,average,fading,,2000,137.5,116.4,228.4,0.51,0,5,5,1,4,20,1,0,0,1,0.0
"fast tones, no cap",sim,2300,floor_margin_db=None,,moderate,-2.0,average,fading,,2000,112.3,142.5,228.4,0.624,3,5,5,1,3,17,0,0,0,1,0.0
"fast tones, no cap",sim,2300,floor_margin_db=None,,moderate,0.0,average,fading,,2000,112.3,142.5,228.4,0.624,3,5,5,1,3,17,0,0,0,1,0.0
"fast tones, no cap",sim,2300,floor_margin_db=None,,moderate,0.0,average,fading,,2000,137.6,116.3,228.4,0.509,0,7,5,2,6,27,4,1,0,1,0.0
"fast tones, no cap",sim,2300,floor_margin_db=None,,moderate,0.0,average,fading,,2000,112.3,142.5,228.4,0.624,3,5,5,1,3,17,0,0,0,1,0.0
"fast tones, no cap",sim,2300,floor_margin_db=None,,moderate,0.0,average,fading,,2000,116.2,137.6,228.4,0.603,3,7,5,5,6,26,5,2,0,1,0.0
"fast tones, no cap",sim,2300,floor_margin_db=None,,moderate,0.0,average,fading,,2000,91.8,174.4,228.4,0.764,5,7,5,1,4,20,2,2,0,1,0.0
"fast tones, no cap",sim,2300,floor_margin_db=None,,moderate,0.0,average,fading,,2000,112.3,142.5,228.4,0.624,3,5,5,1,3,17,0,0,0,1,0.0
"fast tones, no cap",sim,2300,floor_margin_db=None,,moderate,0.0,average,fading,,2000,112.3,142.5,228.4,0.624,3,5,5,1,3,17,0,0,0,1,0.0
"fast tones, no cap",sim,2300,floor_margin_db=None,,moderate,0.0,average,fading,,2000,112.3,142.5,228.4,0.624,3,5,5,1,3,17,0,0,0,1,0.0
"fast tones, no cap",sim,2300,floor_margin_db=None,,moderate,0.0,average,fading,,2000,112.3,142.5,228.4,0.624,3,5,5,1,3,17,0,0,0,1,0.0
"fast tones, no cap",sim,2300,floor_margin_db=None,,moderate,0.0,average,fading,,2000,156.5,102.2,228.4,0.448,0,7,5,3,7,32,7,1,1,1,0.0
"fast tones, no cap",sim,2300,floor_margin_db=None,,moderate,0.0,average,fading,,2000,112.3,142.5,228.4,0.624,3,5,5,1,3,17,0,0,0,1,0.0
"fast tones, no cap",sim,2300,floor_margin_db=None,,moderate,0.0,average,fading,,2000,148.8,107.5,228.4,0.471,0,5,5,1,4,20,1,0,0,1,0.0
"fast tones, no cap",sim,2300,floor_margin_db=None,,moderate,0.0,average,fading,,2000,94.9,168.5,228.4,0.738,5,7,5,1,4,23,5,3,0,1,0.0
"fast tones, no cap",sim,2300,floor_margin_db=None,,moderate,0.0,average,fading,,2000,92.8,172.4,228.4,0.755,5,7,5,1,4,21,3,1,0,1,0.0
"fast tones, no cap",sim,2300,floor_margin_db=None,,moderate,0.0,average,fading,,2000,121.9,131.3,228.4,0.575,3,5,4,2,4,18,1,0,0,1,0.0
"fast tones, no cap",sim,2300,floor_margin_db=None,,moderate,0.0,average,fading,,2000,136.5,117.2,228.4,0.513,0,5,5,1,4,20,1,0,0,1,0.0
"fast tones, no cap",sim,2300,floor_margin_db=None,,moderate,0.0,average,fading,,2000,136.8,117.0,228.4,0.512,0,5,5,1,4,20,1,0,0,1,0.0
"fast tones, no cap",sim,2300,floor_margin_db=None,,moderate,0.0,average,fading,,2000,112.3,142.5,228.4,0.624,3,5,5,1,3,17,0,0,0,1,0.0
"fast tones, no cap",sim,2300,floor_margin_db=None,,moderate,0.0,average,fading,,2000,112.3,142.5,228.4,0.624,3,5,5,1,3,17,0,0,0,1,0.0
"fast tones, no cap",sim,2300,floor_margin_db=None,,moderate,0.0,average,fading,,2000,112.3,142.5,228.4,0.624,3,5,5,1,3,17,0,0,0,1,0.0
"fast tones, no cap",sim,2300,floor_margin_db=None,,moderate,0.0,average,fading,,2000,90.7,176.4,228.4,0.772,5,7,5,1,4,19,1,0,0,1,0.0
"fast tones, no cap",sim,2300,floor_margin_db=None,,moderate,0.0,average,fading,,2000,91.8,174.4,228.4,0.764,5,7,5,1,4,20,2,0,0,1,0.0
"fast tones, no cap",sim,2300,floor_margin_db=None,,moderate,0.0,average,fading,,2000,110.6,144.6,228.4,0.633,3,7,5,4,6,24,4,2,1,1,0.0
"fast tones, no cap",sim,2300,floor_margin_db=None,,moderate,0.0,average,fading,,2000,93.8,170.5,228.4,0.747,4,7,5,3,5,21,3,0,0,1,0.0
"fast tones, no cap",sim,2300,floor_margin_db=None,,moderate,0.0,average,fading,,2000,112.3,142.5,228.4,0.624,3,5,5,1,3,17,0,0,0,1,0.0
"fast tones, no cap",sim,2300,floor_margin_db=None,,moderate,0.0,average,fading,,2000,116.9,136.9,228.4,0.599,3,5,5,1,3,17,0,0,0,1,0.0
"fast tones, no cap",sim,2300,floor_margin_db=None,,moderate,0.0,average,fading,,2000,112.3,142.5,228.4,0.624,3,5,5,1,3,17,0,0,0,1,0.0
"fast tones, no cap",sim,2300,floor_margin_db=None,,moderate,0.0,average,fading,,2000,116.8,137.0,228.4,0.6,3,5,5,1,3,17,0,0,0,1,0.0
"fast tones, no cap",sim,2300,floor_margin_db=None,,moderate,0.0,average,fading,,2000,137.5,116.4,228.4,0.51,0,5,5,1,4,20,1,0,0,1,0.0
"fast tones, no cap",sim,2300,floor_margin_db=None,,moderate,0.0,average,fading,,2000,112.3,142.5,228.4,0.624,3,5,5,1,3,17,0,0,0,1,0.0
"fast tones, no cap",sim,2300,floor_margin_db=None,,moderate,2.0,average,fading,,2000,112.3,142.5,228.4,0.624,3,5,5,1,3,17,0,0,0,1,0.0
"fast tones, no cap",sim,2300,floor_margin_db=None,,moderate,2.0,average,fading,,2000,92.8,172.4,228.4,0.755,5,7,5,1,4,21,3,0,0,1,0.0
"fast tones, no cap",sim,2300,floor_margin_db=None,,moderate,2.0,average,fading,,2000,114.2,140.1,228.4,0.614,3,7,5,3,5,25,4,1,0,1,0.0
"fast tones, no cap",sim,2300,floor_margin_db=None,,moderate,2.0,average,fading,,2000,91.8,174.4,228.4,0.764,5,7,5,1,4,20,2,0,0,1,0.0
"fast tones, no cap",sim,2300,floor_margin_db=None,,moderate,2.0,average,fading,,2000,93.4,171.3,228.4,0.75,4,8,5,3,5,28,8,2,1,1,0.0
"fast tones, no cap",sim,2300,floor_margin_db=None,,moderate,2.0,average,fading,,2000,90.7,176.4,228.4,0.772,5,7,5,1,4,19,1,0,0,1,0.0
"fast tones, no cap",sim,2300,floor_margin_db=None,,moderate,2.0,average,fading,,2000,111.0,144.1,228.4,0.631,3,7,5,3,5,22,1,0,0,1,0.0
"fast tones, no cap",sim,2300,floor_margin_db=None,,moderate,2.0,average,fading,,2000,91.8,174.4,228.4,0.764,5,7,5,1,4,20,2,0,0,1,0.0
"fast tones, no cap",sim,2300,floor_margin_db=None,,moderate,2.0,average,fading,,2000,94.9,168.6,228.4,0.738,4,7,5,3,5,22,4,0,0,1,0.0
"fast tones, no cap",sim,2300,floor_margin_db=None,,moderate,2.0,average,fading,,2000,93.6,171.0,228.4,0.749,3,7,5,3,5,20,2,0,1,1,0.0
"fast tones, no cap",sim,2300,floor_margin_db=None,,moderate,2.0,average,fading,,2000,112.1,142.8,228.4,0.625,3,7,5,2,5,23,2,0,0,1,0.0
"fast tones, no cap",sim,2300,floor_margin_db=None,,moderate,2.0,average,fading,,2000,147.5,108.5,228.4,0.475,0,7,5,2,6,25,2,0,0,1,0.0
"fast tones, no cap",sim,2300,floor_margin_db=None,,moderate,2.0,average,fading,,2000,91.8,174.4,228.4,0.764,5,7,5,1,4,20,2,0,0,1,0.0
"fast tones, no cap",sim,2300,floor_margin_db=None,,moderate,2.0,average,fading,,2000,92.5,173.0,228.4,0.758,5,7,5,3,7,30,3,0,0,1,0.0
"fast tones, no cap",sim,2300,floor_margin_db=None,,moderate,2.0,average,fading,,2000,112.3,142.5,228.4,0.624,3,5,5,1,3,17,0,0,0,1,0.0
"fast tones, no cap",sim,2300,floor_margin_db=None,,moderate,2.0,average,fading,,2000,112.3,142.5,228.4,0.624,3,5,5,1,3,17,0,0,0,1,0.0
"fast tones, no cap",sim,2300,floor_margin_db=None,,moderate,2.0,average,fading,,2000,126.8,126.2,228.4,0.553,0,7,5,3,5,26,3,1,0,1,0.0
"fast tones, no cap",sim,2300,floor_margin_db=None,,moderate,2.0,average,fading,,2000,90.7,176.4,228.4,0.772,5,7,5,1,4,19,1,0,0,1,0.0
"fast tones, no cap",sim,2300,floor_margin_db=None,,moderate,2.0,average,fading,,2000,91.8,174.4,228.4,0.764,5,7,5,1,4,20,2,0,0,1,0.0
"fast tones, no cap",sim,2300,floor_margin_db=None,,moderate,2.0,average,fading,,2000,112.3,142.5,228.4,0.624,3,5,5,1,3,17,0,0,0,1,0.0
"fast tones, no cap",sim,2300,floor_margin_db=None,,moderate,2.0,average,fading,,2000,85.1,188.0,228.4,0.823,5,8,5,3,6,24,3,0,0,1,0.0
"fast tones, no cap",sim,2300,floor_margin_db=None,,moderate,2.0,average,fading,,2000,87.1,183.7,228.4,0.804,5,8,5,4,7,29,6,1,0,1,0.0
"fast tones, no cap",sim,2300,floor_margin_db=None,,moderate,2.0,average,fading,,2000,88.1,181.7,228.4,0.796,5,8,5,3,7,34,6,2,0,1,0.0
"fast tones, no cap",sim,2300,floor_margin_db=None,,moderate,2.0,average,fading,,2000,93.8,170.5,228.4,0.747,4,7,5,3,5,21,3,0,0,1,0.0
"fast tones, no cap",sim,2300,floor_margin_db=None,,moderate,2.0,average,fading,,2000,115.2,138.9,228.4,0.608,3,7,5,3,5,26,5,0,0,1,0.0
"fast tones, no cap",sim,2300,floor_margin_db=None,,moderate,2.0,average,fading,,2000,112.3,142.5,228.4,0.624,3,5,5,1,3,17,0,0,0,1,0.0
"fast tones, no cap",sim,2300,floor_margin_db=None,,moderate,2.0,average,fading,,2000,92.8,172.4,228.4,0.755,4,7,5,3,5,20,2,0,0,1,0.0
"fast tones, no cap",sim,2300,floor_margin_db=None,,moderate,2.0,average,fading,,2000,111.0,144.1,228.4,0.631,3,7,5,3,5,22,1,1,0,1,0.0
"fast tones, no cap",sim,2300,floor_margin_db=None,,moderate,2.0,average,fading,,2000,111.0,144.1,228.4,0.631,3,7,5,3,5,22,1,0,0,1,0.0
"fast tones, no cap",sim,2300,floor_margin_db=None,,moderate,2.0,average,fading,,2000,111.0,144.1,228.4,0.631,3,7,5,3,5,22,1,0,0,1,0.0
"fast tones, no cap",sim,2300,floor_margin_db=None,,moderate,6.0,average,fading,,2000,56.9,280.9,531.3,0.529,5,9,5,4,7,32,2,0,0,1,0.0
"fast tones, no cap",sim,2300,floor_margin_db=None,,moderate,6.0,average,fading,,2000,37.6,425.2,531.3,0.8,8,9,8,3,6,27,4,0,0,1,0.0
"fast tones, no cap",sim,2300,floor_margin_db=None,,moderate,6.0,average,fading,,2000,41.8,382.3,531.3,0.72,7,9,8,2,6,31,1,0,0,1,0.0
"fast tones, no cap",sim,2300,floor_margin_db=None,,moderate,6.0,average,fading,,2000,25.1,638.4,531.3,1.202,8,10,10,1,3,18,0,0,0,1,0.0
"fast tones, no cap",sim,2300,floor_margin_db=None,,moderate,6.0,average,fading,,2000,31.4,510.2,531.3,0.96,8,10,8,2,4,23,3,2,0,1,0.0
"fast tones, no cap",sim,2300,floor_margin_db=None,,moderate,6.0,average,fading,,2000,46.1,347.3,531.3,0.654,7,8,8,2,6,35,1,0,0,1,0.0
"fast tones, no cap",sim,2300,floor_margin_db=None,,moderate,6.0,average,fading,,2000,45.0,355.5,531.3,0.669,7,9,7,3,6,34,3,0,0,1,0.0
"fast tones, no cap",sim,2300,floor_margin_db=None,,moderate,6.0,average,fading,,2000,25.1,638.4,531.3,1.202,8,10,10,1,3,18,0,0,0,1,0.0
"fast tones, no cap",sim,2300,floor_margin_db=None,,moderate,6.0,average,fading,,2000,39.8,402.4,531.3,0.757,8,9,8,2,5,30,2,0,0,1,0.0
"fast tones, no cap",sim,2300,floor_margin_db=None,,moderate,6.0,average,fading,,2000,25.1,638.4,531.3,1.202,9,11,10,2,3,18,3,2,0,1,0.0
"fast tones, no cap",sim,2300,floor_margin_db=None,,moderate,6.0,average,fading,,2000,33.4,478.4,531.3,0.9,7,10,9,3,5,24,1,0,0,1,0.0
"fast tones, no cap",sim,2300,floor_margin_db=None,,moderate,6.0,average,fading,,2000,53.1,301.1,531.3,0.567,5,9,9,4,7,40,7,0,1,1,0.0
"fast tones, no cap",sim,2300,floor_margin_db=None,,moderate,6.0,average,fading,,2000,39.8,402.4,531.3,0.757,8,9,8,1,5,30,3,0,0,1,0.0
"fast tones, no cap",sim,2300,floor_margin_db=None,,moderate,6.0,average,fading,,2000,38.7,413.3,531.3,0.778,8,9,8,1,5,29,1,0,0,1,0.0
"fast tones, no cap",sim,2300,floor_margin_db=None,,moderate,6.0,average,fading,,2000,46.0,347.5,531.3,0.654,5,9,5,4,7,34,3,0,0,1,0.0
"fast tones, no cap",sim,2300,floor_margin_db=None,,moderate,6.0,average,fading,,2000,89.4,178.9,531.3,0.337,5,7,5,3,6,24,2,0,0,1,0.0
"fast tones, no cap",sim,2300,floor_margin_db=None,,moderate,6.0,average,fading,,2000,62.3,256.8,531.3,0.483,5,9,5,4,7,33,3,0,0,1,0.0
"fast tones, no cap",sim,2300,floor_margin_db=None,,moderate,6.0,average,fading,,2000,30.3,527.9,531.3,0.994,8,10,9,2,4,22,1,0,0,1,0.0
"fast tones, no cap",sim,2300,floor_margin_db=None,,moderate,6.0,average,fading,,2000,34.5,463.8,531.3,0.873,8,10,8,3,5,25,3,1,0,1,0.0
"fast tones, no cap",sim,2300,floor_margin_db=None,,moderate,6.0,average,fading,,2000,41.8,382.3,531.3,0.72,7,9,8,2,6,31,1,0,0,1,0.0
"fast tones, no cap",sim,2300,floor_margin_db=None,,moderate,6.0,average,fading,,2000,32.4,493.6,531.3,0.929,8,10,8,2,4,24,2,0,0,1,0.0
"fast tones, no cap",sim,2300,floor_margin_db=None,,moderate,6.0,average,fading,,2000,32.4,493.6,531.3,0.929,8,10,8,2,4,24,2,0,0,1,0.0
"fast tones, no cap",sim,2300,floor_margin_db=None,,moderate,6.0,average,fading,,2000,30.3,527.9,531.3,0.994,9,10,9,2,4,22,3,1,0,1,0.0
"fast tones, no cap",sim,2300,floor_margin_db=None,,moderate,6.0,average,fading,,2000,78.6,203.5,531.3,0.383,5,9,5,3,6,26,4,0,0,1,0.0
"fast tones, no cap",sim,2300,floor_margin_db=None,,moderate,6.0,average,fading,,2000,40.8,392.2,531.3,0.738,7,9,7,3,6,30,2,0,0,1,0.0
"fast tones, no cap",sim,2300,floor_margin_db=None,,moderate,6.0,average,fading,,2000,45.0,355.5,531.3,0.669,7,9,7,4,6,34,3,0,0,1,0.0
"fast tones, no cap",sim,2300,floor_margin_db=None,,moderate,6.0,average,fading,,2000,36.6,437.1,531.3,0.823,8,10,8,3,5,27,4,0,0,1,0.0
"fast tones, no cap",sim,2300,floor_margin_db=None,,moderate,6.0,average,fading,,2000,65.7,243.6,531.3,0.459,5,9,5,3,6,29,2,0,0,1,0.0
"fast tones, no cap",sim,2300,floor_margin_db=None,,moderate,6.0,average,fading,,2000,67.7,236.4,531.3,0.445,5,9,5,4,7,34,3,0,0,1,0.0
"fast tones, no cap",sim,2300,floor_margin_db=None,,moderate,6.0,average,fading,,2000,41.8,382.3,531.3,0.72,7,9,8,2,6,31,1,0,0,1,0.0
"fast tones, no cap",sim,2300,floor_margin_db=None,,poor,-18.0,average,fading,,2000,79.7,0.0,0.0,,,,,0,0,0,0,0,0,0,0.0
"fast tones, no cap",sim,2300,floor_margin_db=None,,poor,-18.0,average,fading,,2000,125.6,0.0,0.0,,,,,0,0,0,0,0,0,0,0.0
"fast tones, no cap",sim,2300,floor_margin_db=None,,poor,-18.0,average,fading,,2000,108.3,0.0,0.0,,,,,0,0,0,0,0,0,0,0.0
"fast tones, no cap",sim,2300,floor_margin_db=None,,poor,-18.0,average,fading,,2000,109.6,0.0,0.0,,,,,0,0,0,0,0,0,0,0.0
"fast tones, no cap",sim,2300,floor_margin_db=None,,poor,-18.0,average,fading,,2000,183.3,0.0,0.0,,,,,0,0,0,0,0,0,0,0.0
"fast tones, no cap",sim,2300,floor_margin_db=None,,poor,-18.0,average,fading,,2000,220.6,0.0,0.0,,,,,0,0,0,0,0,0,0,0.0
"fast tones, no cap",sim,2300,floor_margin_db=None,,poor,-18.0,average,fading,,2000,79.4,0.0,0.0,,,,,0,0,0,0,0,0,0,0.0
"fast tones, no cap",sim,2300,floor_margin_db=None,,poor,-18.0,average,fading,,2000,64.4,0.0,0.0,,,,,0,0,0,0,0,0,0,0.0
"fast tones, no cap",sim,2300,floor_margin_db=None,,poor,-18.0,average,fading,,2000,190.3,0.0,0.0,,,,,0,0,0,0,0,0,0,0.0
"fast tones, no cap",sim,2300,floor_margin_db=None,,poor,-18.0,average,fading,,2000,105.2,0.0,0.0,,,,,0,0,0,0,0,0,0,0.0
"fast tones, no cap",sim,2300,floor_margin_db=None,,poor,-18.0,average,fading,,2000,91.4,0.0,0.0,,,,,0,0,0,0,0,0,0,0.0
"fast tones, no cap",sim,2300,floor_margin_db=None,,poor,-18.0,average,fading,,2000,120.7,0.0,0.0,,,,,0,0,0,0,0,0,0,0.0
"fast tones, no cap",sim,2300,floor_margin_db=None,,poor,-18.0,average,fading,,2000,134.0,0.0,0.0,,,,,0,0,0,0,0,0,0,0.0
"fast tones, no cap",sim,2300,floor_margin_db=None,,poor,-18.0,average,fading,,2000,195.4,0.0,0.0,,,,,0,0,0,0,0,0,0,0.0
"fast tones, no cap",sim,2300,floor_margin_db=None,,poor,-18.0,average,fading,,2000,100.2,0.0,0.0,,,,,0,0,0,0,0,0,0,0.0
"fast tones, no cap",sim,2300,floor_margin_db=None,,poor,-18.0,average,fading,,2000,134.9,0.0,0.0,,,,,0,0,0,0,0,0,0,0.0
"fast tones, no cap",sim,2300,floor_margin_db=None,,poor,-18.0,average,fading,,2000,210.8,0.0,0.0,,,,,0,0,0,0,0,0,0,0.0
"fast tones, no cap",sim,2300,floor_margin_db=None,,poor,-18.0,average,fading,,2000,158.4,0.0,0.0,,,,,0,0,0,0,0,0,0,0.0
"fast tones, no cap",sim,2300,floor_margin_db=None,,poor,-18.0,average,fading,,2000,122.0,0.0,0.0,,,,,0,0,0,0,0,0,0,0.0
"fast tones, no cap",sim,2300,floor_margin_db=None,,poor,-18.0,average,fading,,2000,85.7,0.0,0.0,,,,,0,0,0,0,0,0,0,0.0
"fast tones, no cap",sim,2300,floor_margin_db=None,,poor,-18.0,average,fading,,2000,238.4,0.0,0.0,,,,,0,0,0,0,0,0,0,0.0
"fast tones, no cap",sim,2300,floor_margin_db=None,,poor,-18.0,average,fading,,2000,658.0,6.9,0.0,,0,0,0,0,13,78,51,21,8,0,0.1
"fast tones, no cap",sim,2300,floor_margin_db=None,,poor,-18.0,average,fading,,2000,119.9,0.0,0.0,,,,,0,0,0,0,0,0,0,0.0
"fast tones, no cap",sim,2300,floor_margin_db=None,,poor,-18.0,average,fading,,2000,233.8,0.0,0.0,,,,,0,0,0,0,0,0,0,0.0
"fast tones, no cap",sim,2300,floor_margin_db=None,,poor,-18.0,average,fading,,2000,94.3,0.0,0.0,,,,,0,0,0,0,0,0,0,0.0
"fast tones, no cap",sim,2300,floor_margin_db=None,,poor,-18.0,average,fading,,2000,129.5,0.0,0.0,,,,,0,0,0,0,0,0,0,0.0
"fast tones, no cap",sim,2300,floor_margin_db=None,,poor,-18.0,average,fading,,2000,93.0,0.0,0.0,,,,,0,0,0,0,0,0,0,0.0
"fast tones, no cap",sim,2300,floor_margin_db=None,,poor,-18.0,average,fading,,2000,180.3,0.0,0.0,,,,,0,0,0,0,0,0,0,0.0
"fast tones, no cap",sim,2300,floor_margin_db=None,,poor,-18.0,average,fading,,2000,140.7,0.0,0.0,,,,,0,0,0,0,0,0,0,0.0
"fast tones, no cap",sim,2300,floor_margin_db=None,,poor,-18.0,average,fading,,2000,124.9,0.0,0.0,,,,,0,0,0,0,0,0,0,0.0
"fast tones, no cap",sim,2300,floor_margin_db=None,,poor,-14.0,average,fading,,2000,660.2,24.2,35.8,0.677,0,0,0,0,18,104,8,0,0,1,0.1
"fast tones, no cap",sim,2300,floor_margin_db=None,,poor,-14.0,average,fading,,2000,729.3,21.9,35.8,0.612,0,0,0,0,19,110,14,1,1,1,0.1
"fast tones, no cap",sim,2300,floor_margin_db=None,,poor,-14.0,average,fading,,2000,653.1,24.5,35.8,0.684,0,0,0,0,18,103,7,1,0,1,0.1
"fast tones, no cap",sim,2300,floor_margin_db=None,,poor,-14.0,average,fading,,2000,644.5,24.8,35.8,0.693,0,0,0,0,17,102,6,0,0,1,0.1
"fast tones, no cap",sim,2300,floor_margin_db=None,,poor,-14.0,average,fading,,2000,628.2,25.5,35.8,0.711,0,1,0,2,17,99,7,5,0,1,0.1
"fast tones, no cap",sim,2300,floor_margin_db=None,,poor,-14.0,average,fading,,2000,633.4,25.3,35.8,0.705,0,0,0,0,17,100,4,0,0,1,0.1
"fast tones, no cap",sim,2300,floor_margin_db=None,,poor,-14.0,average,fading,,2000,634.0,25.2,35.8,0.704,0,0,0,0,17,100,4,0,0,1,0.1
"fast tones, no cap",sim,2300,floor_margin_db=None,,poor,-14.0,average,fading,,2000,637.3,25.1,35.8,0.701,0,0,0,0,17,101,5,0,0,1,0.1
"fast tones, no cap",sim,2300,floor_margin_db=None,,poor,-14.0,average,fading,,2000,676.2,23.7,35.8,0.661,0,1,0,2,17,102,10,2,0,1,0.1
"fast tones, no cap",sim,2300,floor_margin_db=None,,poor,-14.0,average,fading,,2000,710.5,22.5,35.8,0.629,0,0,0,0,19,107,11,0,0,1,0.1
"fast tones, no cap",sim,2300,floor_margin_db=None,,poor,-14.0,average,fading,,2000,617.8,25.9,35.8,0.723,0,1,0,2,17,97,5,1,0,1,0.1
"fast tones, no cap",sim,2300,floor_margin_db=None,,poor,-14.0,average,fading,,2000,669.5,23.9,35.8,0.667,0,0,0,0,18,106,10,0,1,1,0.1
"fast tones, no cap",sim,2300,floor_margin_db=None,,poor,-14.0,average,fading,,2000,653.0,24.5,35.8,0.684,0,0,0,0,18,103,7,0,0,1,0.1
"fast tones, no cap",sim,2300,floor_margin_db=None,,poor,-14.0,average,fading,,2000,695.4,23.0,35.8,0.642,0,0,0,0,19,110,14,0,0,1,0.1
"fast tones, no cap",sim,2300,floor_margin_db=None,,poor,-14.0,average,fading,,2000,701.4,22.8,35.8,0.637,0,0,0,0,19,111,15,0,1,1,0.1
"fast tones, no cap",sim,2300,floor_margin_db=None,,poor,-14.0,average,fading,,2000,668.2,23.9,35.8,0.668,0,0,0,0,18,106,10,1,0,1,0.1
"fast tones, no cap",sim,2300,floor_margin_db=None,,poor,-14.0,average,fading,,2000,684.0,23.4,35.8,0.653,0,0,0,0,19,108,12,0,1,1,0.1
"fast tones, no cap",sim,2300,floor_margin_db=None,,poor,-14.0,average,fading,,2000,633.5,25.3,35.8,0.705,0,1,0,2,17,100,7,4,0,1,0.1
"fast tones, no cap",sim,2300,floor_margin_db=None,,poor,-14.0,average,fading,,2000,627.3,25.5,35.8,0.712,0,1,0,2,17,99,7,2,0,1,0.1
"fast tones, no cap",sim,2300,floor_margin_db=None,,poor,-14.0,average,fading,,2000,622.1,25.7,35.8,0.718,0,1,0,2,17,98,6,4,0,1,0.1
"fast tones, no cap",sim,2300,floor_margin_db=None,,poor,-14.0,average,fading,,2000,674.5,23.7,35.8,0.662,0,0,0,0,18,107,11,1,1,1,0.1
"fast tones, no cap",sim,2300,floor_margin_db=None,,poor,-14.0,average,fading,,2000,627.0,25.5,35.8,0.712,0,0,0,0,17,99,3,1,0,1,0.1
"fast tones, no cap",sim,2300,floor_margin_db=None,,poor,-14.0,average,fading,,2000,638.2,25.1,35.8,0.7,0,1,0,2,17,101,9,4,0,1,0.1
"fast tones, no cap",sim,2300,floor_margin_db=None,,poor,-14.0,average,fading,,2000,632.7,25.3,35.8,0.706,0,0,0,0,17,100,4,0,0,1,0.1
"fast tones, no cap",sim,2300,floor_margin_db=None,,poor,-14.0,average,fading,,2000,686.3,23.3,35.8,0.651,0,0,0,0,19,108,12,0,1,1,0.1
"fast tones, no cap",sim,2300,floor_margin_db=None,,poor,-14.0,average,fading,,2000,673.2,23.8,35.8,0.663,0,1,0,2,19,106,14,4,0,1,0.1
"fast tones, no cap",sim,2300,floor_margin_db=None,,poor,-14.0,average,fading,,2000,643.4,24.9,35.8,0.694,0,0,0,0,17,102,6,0,0,1,0.1
"fast tones, no cap",sim,2300,floor_margin_db=None,,poor,-14.0,average,fading,,2000,708.2,22.6,35.8,0.631,0,0,0,0,19,112,16,0,1,1,0.1
"fast tones, no cap",sim,2300,floor_margin_db=None,,poor,-14.0,average,fading,,2000,725.1,22.1,35.8,0.616,0,0,0,0,18,103,7,2,0,1,0.1
"fast tones, no cap",sim,2300,floor_margin_db=None,,poor,-14.0,average,fading,,2000,644.1,24.8,35.8,0.693,0,0,0,0,17,102,6,1,0,1,0.1
"fast tones, no cap",sim,2300,floor_margin_db=None,,poor,-12.0,average,fading,,2000,592.8,27.0,35.8,0.754,0,1,0,4,16,93,4,2,0,1,0.1
"fast tones, no cap",sim,2300,floor_margin_db=None,,poor,-12.0,average,fading,,2000,587.2,27.2,35.8,0.761,0,1,1,5,16,92,4,1,0,1,0.1
"fast tones, no cap",sim,2300,floor_margin_db=None,,poor,-12.0,average,fading,,2000,569.6,28.1,35.8,0.784,0,2,0,5,16,89,5,2,0,1,0.1
"fast tones, no cap",sim,2300,floor_margin_db=None,,poor,-12.0,average,fading,,2000,601.6,26.6,35.8,0.742,0,1,0,6,17,94,6,1,0,1,0.1
"fast tones, no cap",sim,2300,floor_margin_db=None,,poor,-12.0,average,fading,,2000,529.9,30.2,35.8,0.843,0,2,0,6,14,83,4,1,0,1,0.1
"fast tones, no cap",sim,2300,floor_margin_db=None,,poor,-12.0,average,fading,,2000,549.9,29.1,35.8,0.812,0,2,0,5,15,86,4,0,0,1,0.1
"fast tones, no cap",sim,2300,floor_margin_db=None,,poor,-12.0,average,fading,,2000,477.8,33.5,35.8,0.935,0,2,0,3,13,74,3,0,0,1,0.1
"fast tones, no cap",sim,2300,floor_margin_db=None,,poor,-12.0,average,fading,,2000,501.4,31.9,35.8,0.891,0,2,0,6,14,78,6,1,0,1,0.1
"fast tones, no cap",sim,2300,floor_margin_db=None,,poor,-12.0,average,fading,,2000,602.7,26.5,35.8,0.741,0,1,0,4,16,95,6,1,0,1,0.1
"fast tones, no cap",sim,2300,floor_margin_db=None,,poor,-12.0,average,fading,,2000,567.3,28.2,35.8,0.787,0,1,0,4,15,89,3,2,0,1,0.1
"fast tones, no cap",sim,2300,floor_margin_db=None,,poor,-12.0,average,fading,,2000,373.9,42.8,35.8,1.195,0,2,0,3,10,57,2,0,0,1,0.1
"fast tones, no cap",sim,2300,floor_margin_db=None,,poor,-12.0,average,fading,,2000,570.3,28.1,35.8,0.783,0,1,0,4,15,90,4,1,0,1,0.1
"fast tones, no cap",sim,2300,floor_margin_db=None,,poor,-12.0,average,fading,,2000,456.3,35.1,35.8,0.979,0,2,0,3,12,71,4,1,0,1,0.1
"fast tones, no cap",sim,2300,floor_margin_db=None,,poor,-12.0,average,fading,,2000,555.3,28.8,35.8,0.804,0,2,0,6,15,87,7,2,0,1,0.1
"fast tones, no cap",sim,2300,floor_margin_db=None,,poor,-12.0,average,fading,,2000,596.9,26.8,35.8,0.748,0,1,0,4,16,94,5,2,0,1,0.1
"fast tones, no cap",sim,2300,floor_margin_db=None,,poor,-12.0,average,fading,,2000,479.9,33.3,35.8,0.931,0,2,0,5,14,74,4,2,0,1,0.1
"fast tones, no cap",sim,2300,floor_margin_db=None,,poor,-12.0,average,fading,,2000,579.5,27.6,35.8,0.771,0,1,1,5,16,91,3,1,0,1,0.1
"fast tones, no cap",sim,2300,floor_margin_db=None,,poor,-12.0,average,fading,,2000,581.1,27.5,35.8,0.769,0,1,1,5,16,91,3,2,0,1,0.1
"fast tones, no cap",sim,2300,floor_margin_db=None,,poor,-12.0,average,fading,,2000,595.1,26.9,35.8,0.751,0,1,0,6,17,93,5,0,0,1,0.1
"fast tones, no cap",sim,2300,floor_margin_db=None,,poor,-12.0,average,fading,,2000,480.8,33.3,35.8,0.929,0,2,1,5,14,74,2,1,0,1,0.1
"fast tones, no cap",sim,2300,floor_margin_db=None,,poor,-12.0,average,fading,,2000,528.2,30.3,35.8,0.846,0,2,0,5,14,83,5,1,0,1,0.1
"fast tones, no cap",sim,2300,floor_margin_db=None,,poor,-12.0,average,fading,,2000,585.3,27.3,35.8,0.763,0,1,1,5,16,92,4,3,0,1,0.1
"fast tones, no cap",sim,2300,floor_margin_db=None,,poor,-12.0,average,fading,,2000,544.1,29.4,35.8,0.821,0,2,1,4,15,85,3,0,0,1,0.1
"fast tones, no cap",sim,2300,floor_margin_db=None,,poor,-12.0,average,fading,,2000,580.3,27.6,35.8,0.77,0,1,0,4,16,91,2,0,0,1,0.1
"fast tones, no cap",sim,2300,floor_margin_db=None,,poor,-12.0,average,fading,,2000,545.4,29.3,35.8,0.819,0,2,0,5,15,85,7,1,0,1,0.1
"fast tones, no cap",sim,2300,floor_margin_db=None,,poor,-12.0,average,fading,,2000,476.4,33.6,35.8,0.937,0,2,0,3,13,74,4,0,0,1,0.1
"fast tones, no cap",sim,2300,floor_margin_db=None,,poor,-12.0,average,fading,,2000,560.0,28.6,35.8,0.798,0,1,0,4,15,88,2,0,0,1,0.1
"fast tones, no cap",sim,2300,floor_margin_db=None,,poor,-12.0,average,fading,,2000,607.9,26.3,35.8,0.735,0,1,0,6,17,95,8,3,0,1,0.1
"fast tones, no cap",sim,2300,floor_margin_db=None,,poor,-12.0,average,fading,,2000,591.6,27.0,35.8,0.755,0,1,0,4,16,93,4,0,0,1,0.1
"fast tones, no cap",sim,2300,floor_margin_db=None,,poor,-12.0,average,fading,,2000,597.0,26.8,35.8,0.748,0,1,0,4,16,94,5,3,0,1,0.1
"fast tones, no cap",sim,2300,floor_margin_db=None,,poor,-10.0,average,fading,,2000,327.5,48.9,76.1,0.642,0,3,2,4,9,49,5,3,0,1,0.1
"fast tones, no cap",sim,2300,floor_margin_db=None,,poor,-10.0,average,fading,,2000,312.3,51.2,76.1,0.673,0,3,2,3,8,47,4,2,0,1,0.0
"fast tones, no cap",sim,2300,floor_margin_db=None,,poor,-10.0,average,fading,,2000,372.8,42.9,76.1,0.564,0,3,0,4,10,57,8,3,0,1,0.1
"fast tones, no cap",sim,2300,floor_margin_db=None,,poor,-10.0,average,fading,,2000,301.1,53.1,76.1,0.698,0,3,2,3,8,45,2,0,0,1,0.1
"fast tones, no cap",sim,2300,floor_margin_db=None,,poor,-10.0,average,fading,,2000,311.6,51.3,76.1,0.674,0,3,2,3,8,47,4,1,0,1,0.1
"fast tones, no cap",sim,2300,floor_margin_db=None,,poor,-10.0,average,fading,,2000,289.9,55.2,76.1,0.725,1,3,2,2,8,43,2,0,0,1,0.1
"fast tones, no cap",sim,2300,floor_margin_db=None,,poor,-10.0,average,fading,,2000,290.6,55.1,76.1,0.723,1,3,2,2,8,43,2,2,0,1,0.1
"fast tones, no cap",sim,2300,floor_margin_db=None,,poor,-10.0,average,fading,,2000,310.0,51.6,76.1,0.678,0,3,2,3,8,47,4,3,0,1,0.0
"fast tones, no cap",sim,2300,floor_margin_db=None,,poor,-10.0,average,fading,,2000,301.1,53.1,76.1,0.698,0,3,2,4,8,45,1,1,0,1,0.0
"fast tones, no cap",sim,2300,floor_margin_db=None,,poor,-10.0,average,fading,,2000,478.5,33.4,76.1,0.439,0,2,2,5,13,74,2,0,0,1,0.1
"fast tones, no cap",sim,2300,floor_margin_db=None,,poor,-10.0,average,fading,,2000,295.8,54.1,76.1,0.711,1,3,2,2,8,44,3,0,0,1,0.0
"fast tones, no cap",sim,2300,floor_margin_db=None,,poor,-10.0,average,fading,,2000,310.4,51.6,76.1,0.677,0,3,2,3,8,47,4,1,0,1,0.0
"fast tones, no cap",sim,2300,floor_margin_db=None,,poor,-10.0,average,fading,,2000,289.3,55.3,76.1,0.726,1,3,2,2,8,43,2,2,0,1,0.0
"fast tones, no cap",sim,2300,floor_margin_db=None,,poor,-10.0,average,fading,,2000,311.4,51.4,76.1,0.675,0,3,2,3,8,47,4,3,0,1,0.1
"fast tones, no cap",sim,2300,floor_margin_db=None,,poor,-10.0,average,fading,,2000,477.1,33.5,76.1,0.441,0,2,2,5,13,74,2,0,0,1,0.1
"fast tones, no cap",sim,2300,floor_margin_db=None,,poor,-10.0,average,fading,,2000,397.6,40.2,76.1,0.529,0,3,0,4,11,61,7,2,0,1,0.1
"fast tones, no cap",sim,2300,floor_margin_db=None,,poor,-10.0,average,fading,,2000,304.6,52.5,76.1,0.69,0,3,2,3,8,46,3,2,0,1,0.0
"fast tones, no cap",sim,2300,floor_margin_db=None,,poor,-10.0,average,fading,,2000,316.9,50.5,76.1,0.663,0,3,2,3,8,48,5,2,0,1,0.0
"fast tones, no cap",sim,2300,floor_margin_db=None,,poor,-10.0,average,fading,,2000,299.9,53.3,76.1,0.701,0,3,2,3,8,45,2,2,0,1,0.0
"fast tones, no cap",sim,2300,floor_margin_db=None,,poor,-10.0,average,fading,,2000,310.8,51.5,76.1,0.676,0,3,2,3,8,47,4,2,0,1,0.1
"fast tones, no cap",sim,2300,floor_margin_db=None,,poor,-10.0,average,fading,,2000,293.9,54.4,76.1,0.715,1,3,2,2,8,44,3,2,0,1,0.1
"fast tones, no cap",sim,2300,floor_margin_db=None,,poor,-10.0,average,fading,,2000,310.4,51.5,76.1,0.677,0,3,2,3,8,47,4,2,0,1,0.1
"fast tones, no cap",sim,2300,floor_margin_db=None,,poor,-10.0,average,fading,,2000,325.8,49.1,76.1,0.645,1,3,1,3,9,49,4,0,0,1,0.1
"fast tones, no cap",sim,2300,floor_margin_db=None,,poor,-10.0,average,fading,,2000,316.1,50.6,76.1,0.665,0,3,2,3,8,48,5,3,0,1,0.1
"fast tones, no cap",sim,2300,floor_margin_db=None,,poor,-10.0,average,fading,,2000,296.1,54.0,76.1,0.71,1,3,2,2,8,44,3,0,0,1,0.0
"fast tones, no cap",sim,2300,floor_margin_db=None,,poor,-10.0,average,fading,,2000,300.0,53.3,76.1,0.701,1,3,2,2,8,45,4,2,0,1,0.0
"fast tones, no cap",sim,2300,floor_margin_db=None,,poor,-10.0,average,fading,,2000,310.8,51.5,76.1,0.676,0,3,2,3,8,47,4,1,0,1,0.0
"fast tones, no cap",sim,2300,floor_margin_db=None,,poor,-10.0,average,fading,,2000,307.4,52.1,76.1,0.684,0,3,2,3,8,46,3,1,0,1,0.0
"fast tones, no cap",sim,2300,floor_margin_db=None,,poor,-10.0,average,fading,,2000,425.8,37.6,76.1,0.494,0,3,0,4,11,66,4,3,0,1,0.1
"fast tones, no cap",sim,2300,floor_margin_db=None,,poor,-10.0,average,fading,,2000,316.8,50.5,76.1,0.664,0,3,2,3,8,48,5,3,0,1,0.0
"fast tones, no cap",sim,2300,floor_margin_db=None,,poor,-8.0,average,fading,,2000,296.5,54.0,156.7,0.344,0,3,2,3,8,44,1,1,0,1,0.0
"fast tones, no cap",sim,2300,floor_margin_db=None,,poor,-8.0,average,fading,,2000,197.8,80.9,156.7,0.516,2,4,2,3,5,28,2,0,0,1,0.0
"fast tones, no cap",sim,2300,floor_margin_db=None,,poor,-8.0,average,fading,,2000,243.4,65.7,156.7,0.419,2,4,2,3,6,36,3,0,0,1,0.0
"fast tones, no cap",sim,2300,floor_margin_db=None,,poor,-8.0,average,fading,,2000,166.3,96.2,156.7,0.614,2,4,4,1,4,23,0,0,0,1,0.0
"fast tones, no cap",sim,2300,floor_margin_db=None,,poor,-8.0,average,fading,,2000,186.4,85.8,156.7,0.548,1,4,4,2,5,26,0,0,0,1,0.0
"fast tones, no cap",sim,2300,floor_margin_db=None,,poor,-8.0,average,fading,,2000,238.6,67.0,156.7,0.428,2,4,2,3,6,35,2,0,0,1,0.0
"fast tones, no cap",sim,2300,floor_margin_db=None,,poor,-8.0,average,fading,,2000,197.6,81.0,156.7,0.517,2,4,2,3,5,28,2,0,0,1,0.0
"fast tones, no cap",sim,2300,floor_margin_db=None,,poor,-8.0,average,fading,,2000,237.2,67.4,156.7,0.43,0,4,2,4,6,35,2,0,0,1,0.0
"fast tones, no cap",sim,2300,floor_margin_db=None,,poor,-8.0,average,fading,,2000,301.1,53.1,156.7,0.339,0,3,2,3,8,45,2,1,0,1,0.0
"fast tones, no cap",sim,2300,floor_margin_db=None,,poor,-8.0,average,fading,,2000,218.6,73.2,156.7,0.467,0,4,3,4,6,31,1,0,0,1,0.0
"fast tones, no cap",sim,2300,floor_margin_db=None,,poor,-8.0,average,fading,,2000,166.4,96.2,156.7,0.614,2,4,4,1,4,23,0,0,0,1,0.0
"fast tones, no cap",sim,2300,floor_margin_db=None,,poor,-8.0,average,fading,,2000,206.6,77.4,156.7,0.494,1,4,3,3,5,30,1,0,0,1,0.0
"fast tones, no cap",sim,2300,floor_margin_db=None,,poor,-8.0,average,fading,,2000,174.9,91.5,156.7,0.584,2,4,3,2,5,24,1,0,0,1,0.0
"fast tones, no cap",sim,2300,floor_margin_db=None,,poor,-8.0,average,fading,,2000,253.6,63.1,156.7,0.403,2,4,2,3,7,37,4,1,0,1,0.0
"fast tones, no cap",sim,2300,floor_margin_db=None,,poor,-8.0,average,fading,,2000,280.3,57.1,156.7,0.364,1,3,2,2,7,42,1,1,0,1,0.0
"fast tones, no cap",sim,2300,floor_margin_db=None,,poor,-8.0,average,fading,,2000,351.6,45.5,156.7,0.29,1,3,1,2,9,54,2,0,0,1,0.1
"fast tones, no cap",sim,2300,floor_margin_db=None,,poor,-8.0,average,fading,,2000,169.9,94.2,156.7,0.601,1,4,4,1,4,24,0,0,0,1,0.0
"fast tones, no cap",sim,2300,floor_margin_db=None,,poor,-8.0,average,fading,,2000,186.4,85.8,156.7,0.548,2,4,3,2,5,26,1,0,0,1,0.1
"fast tones, no cap",sim,2300,floor_margin_db=None,,poor,-8.0,average,fading,,2000,165.2,96.9,156.7,0.618,2,4,4,1,4,23,0,0,0,1,0.0
"fast tones, no cap",sim,2300,floor_margin_db=None,,poor,-8.0,average,fading,,2000,294.7,54.3,156.7,0.346,0,3,3,3,8,44,2,0,0,1,0.0
"fast tones, no cap",sim,2300,floor_margin_db=None,,poor,-8.0,average,fading,,2000,237.2,67.4,156.7,0.43,2,4,2,3,6,35,2,0,0,1,0.0
"fast tones, no cap",sim,2300,floor_margin_db=None,,poor,-8.0,average,fading,,2000,283.6,56.4,156.7,0.36,1,3,2,4,8,42,3,1,0,1,0.0
"fast tones, no cap",sim,2300,floor_margin_db=None,,poor,-8.0,average,fading,,2000,185.7,86.1,156.7,0.55,0,4,4,1,5,26,1,0,0,1,0.0
"fast tones, no cap",sim,2300,floor_margin_db=None,,poor,-8.0,average,fading,,2000,238.0,67.2,156.7,0.429,1,4,2,3,6,35,1,0,0,1,0.0
"fast tones, no cap",sim,2300,floor_margin_db=None,,poor,-8.0,average,fading,,2000,212.7,75.2,156.7,0.48,2,4,2,3,6,30,2,0,0,1,0.0
"fast tones, no cap",sim,2300,floor_margin_db=None,,poor,-8.0,average,fading,,2000,165.2,96.9,156.7,0.618,2,4,4,1,4,23,0,0,0,1,0.0
"fast tones, no cap",sim,2300,floor_margin_db=None,,poor,-8.0,average,fading,,2000,185.6,86.2,156.7,0.55,1,4,4,2,5,26,0,0,0,1,0.0
"fast tones, no cap",sim,2300,floor_margin_db=None,,poor,-8.0,average,fading,,2000,223.9,71.5,156.7,0.456,2,4,2,3,6,32,2,0,0,1,0.0
"fast tones, no cap",sim,2300,floor_margin_db=None,,poor,-8.0,average,fading,,2000,186.2,85.9,156.7,0.548,2,4,3,2,5,26,1,0,0,1,0.0
"fast tones, no cap",sim,2300,floor_margin_db=None,,poor,-8.0,average,fading,,2000,280.4,57.1,156.7,0.364,1,3,2,2,7,42,1,0,0,1,0.0
"fast tones, no cap",sim,2300,floor_margin_db=None,,poor,-6.0,average,fading,,2000,132.6,120.7,156.7,0.77,3,5,4,2,4,20,1,0,0,1,0.0
"fast tones, no cap",sim,2300,floor_margin_db=None,,poor,-6.0,average,fading,,2000,181.7,88.0,156.7,0.562,0,5,5,2,5,25,1,0,0,1,0.0
"fast tones, no cap",sim,2300,floor_margin_db=None,,poor,-6.0,average,fading,,2000,160.0,100.0,156.7,0.638,3,5,4,2,4,22,3,2,0,1,0.0
"fast tones, no cap",sim,2300,floor_margin_db=None,,poor,-6.0,average,fading,,2000,160.9,99.4,156.7,0.634,3,5,4,2,4,22,3,1,0,1,0.0
"fast tones, no cap",sim,2300,floor_margin_db=None,,poor,-6.0,average,fading,,2000,181.1,88.4,156.7,0.564,2,5,4,3,5,25,5,1,0,1,0.0
"fast tones, no cap",sim,2300,floor_margin_db=None,,poor,-6.0,average,fading,,2000,155.2,103.1,156.7,0.658,3,5,4,2,4,21,2,0,0,1,0.0
"fast tones, no cap",sim,2300,floor_margin_db=None,,poor,-6.0,average,fading,,2000,145.1,110.2,156.7,0.703,3,5,4,2,4,19,2,0,0,1,0.0
"fast tones, no cap",sim,2300,floor_margin_db=None,,poor,-6.0,average,fading,,2000,169.8,94.2,156.7,0.601,2,5,4,3,4,24,4,2,0,1,0.0
"fast tones, no cap",sim,2300,floor_margin_db=None,,poor,-6.0,average,fading,,2000,168.9,94.7,156.7,0.604,2,4,4,2,5,26,1,0,0,1,0.0
"fast tones, no cap",sim,2300,floor_margin_db=None,,poor,-6.0,average,fading,,2000,244.2,65.5,156.7,0.418,1,3,2,4,7,35,2,0,0,1,0.0
"fast tones, no cap",sim,2300,floor_margin_db=None,,poor,-6.0,average,fading,,2000,161.0,99.4,156.7,0.634,3,5,4,2,4,22,3,0,0,1,0.0
"fast tones, no cap",sim,2300,floor_margin_db=None,,poor,-6.0,average,fading,,2000,164.9,97.0,156.7,0.619,2,5,4,3,4,23,3,2,0,1,0.0
"fast tones, no cap",sim,2300,floor_margin_db=None,,poor,-6.0,average,fading,,2000,180.2,88.8,156.7,0.566,0,5,4,2,5,25,2,1,0,1,0.0
"fast tones, no cap",sim,2300,floor_margin_db=None,,poor,-6.0,average,fading,,2000,155.2,103.1,156.7,0.658,3,5,4,2,4,21,2,1,0,1,0.0
"fast tones, no cap",sim,2300,floor_margin_db=None,,poor,-6.0,average,fading,,2000,207.5,77.1,156.7,0.492,0,4,3,2,5,30,2,0,0,1,0.0
"fast tones, no cap",sim,2300,floor_margin_db=None,,poor,-6.0,average,fading,,2000,184.7,86.6,156.7,0.553,2,4,4,2,5,26,1,0,0,1,0.0
"fast tones, no cap",sim,2300,floor_margin_db=None,,poor,-6.0,average,fading,,2000,189.0,84.7,156.7,0.54,0,5,4,3,6,26,2,0,0,1,0.0
"fast tones, no cap",sim,2300,floor_margin_db=None,,poor,-6.0,average,fading,,2000,150.0,106.7,156.7,0.681,3,5,4,2,4,20,1,1,0,1,0.0
"fast tones, no cap",sim,2300,floor_margin_db=None,,poor,-6.0,average,fading,,2000,149.1,107.3,156.7,0.685,0,5,5,1,4,20,1,0,0,1,0.0
"fast tones, no cap",sim,2300,floor_margin_db=None,,poor,-6.0,average,fading,,2000,169.5,94.4,156.7,0.602,2,5,4,3,5,23,1,0,0,1,0.0
"fast tones, no cap",sim,2300,floor_margin_db=None,,poor,-6.0,average,fading,,2000,153.8,104.0,156.7,0.664,3,5,4,2,4,21,2,2,0,1,0.0
"fast tones, no cap",sim,2300,floor_margin_db=None,,poor,-6.0,average,fading,,2000,185.2,86.4,156.7,0.551,0,5,4,2,5,26,3,2,0,1,0.0
"fast tones, no cap",sim,2300,floor_margin_db=None,,poor,-6.0,average,fading,,2000,170.8,93.7,156.7,0.598,0,5,4,3,4,24,2,1,0,1,0.0
"fast tones, no cap",sim,2300,floor_margin_db=None,,poor,-6.0,average,fading,,2000,165.3,96.8,156.7,0.618,2,5,4,3,4,23,3,0,0,1,0.0
"fast tones, no cap",sim,2300,floor_margin_db=None,,poor,-6.0,average,fading,,2000,161.4,99.1,156.7,0.633,3,5,4,2,4,22,3,0,0,1,0.0
"fast tones, no cap",sim,2300,floor_margin_db=None,,poor,-6.0,average,fading,,2000,159.8,100.1,156.7,0.639,3,5,4,2,4,22,3,1,0,1,0.0
"fast tones, no cap",sim,2300,floor_margin_db=None,,poor,-6.0,average,fading,,2000,159.9,100.1,156.7,0.638,2,5,4,2,4,22,2,0,0,1,0.0
"fast tones, no cap",sim,2300,floor_margin_db=None,,poor,-6.0,average,fading,,2000,172.6,92.7,156.7,0.592,3,5,4,2,4,24,5,1,0,1,0.0
"fast tones, no cap",sim,2300,floor_margin_db=None,,poor,-6.0,average,fading,,2000,155.2,103.1,156.7,0.658,3,5,4,2,4,21,2,1,0,1,0.0
"fast tones, no cap",sim,2300,floor_margin_db=None,,poor,-6.0,average,fading,,2000,171.3,93.4,156.7,0.596,2,5,4,3,4,24,4,1,0,1,0.0
"fast tones, no cap",sim,2300,floor_margin_db=None,,poor,-4.0,average,fading,,2000,132.6,120.7,228.4,0.528,3,5,5,3,4,20,1,0,0,1,0.0
"fast tones, no cap",sim,2300,floor_margin_db=None,,poor,-4.0,average,fading,,2000,172.2,92.9,228.4,0.407,0,5,4,3,4,24,2,0,0,1,0.0
"fast tones, no cap",sim,2300,floor_margin_db=None,,poor,-4.0,average,fading,,2000,149.3,107.2,228.4,0.469,3,5,5,3,4,20,1,0,0,1,0.0
"fast tones, no cap",sim,2300,floor_margin_db=None,,poor,-4.0,average,fading,,2000,129.9,123.1,228.4,0.539,3,5,5,1,3,17,0,0,0,1,0.0
"fast tones, no cap",sim,2300,floor_margin_db=None,,poor,-4.0,average,fading,,2000,129.8,123.3,228.4,0.54,3,5,5,1,3,17,0,0,0,1,0.0
"fast tones, no cap",sim,2300,floor_margin_db=None,,poor,-4.0,average,fading,,2000,149.8,106.8,228.4,0.468,3,5,5,3,4,20,1,0,0,1,0.0
"fast tones, no cap",sim,2300,floor_margin_db=None,,poor,-4.0,average,fading,,2000,139.8,114.5,228.4,0.501,3,5,4,2,4,18,1,0,0,1,0.0
"fast tones, no cap",sim,2300,floor_margin_db=None,,poor,-4.0,average,fading,,2000,112.3,142.5,228.4,0.624,3,5,5,1,3,17,0,0,0,1,0.0
"fast tones, no cap",sim,2300,floor_margin_db=None,,poor,-4.0,average,fading,,2000,112.3,142.5,228.4,0.624,3,5,5,1,3,17,0,0,0,1,0.0
"fast tones, no cap",sim,2300,floor_margin_db=None,,poor,-4.0,average,fading,,2000,156.5,102.2,228.4,0.448,2,5,4,2,4,21,1,0,0,1,0.0
"fast tones, no cap",sim,2300,floor_margin_db=None,,poor,-4.0,average,fading,,2000,130.0,123.1,228.4,0.539,3,5,5,1,3,17,0,0,0,1,0.0
"fast tones, no cap",sim,2300,floor_margin_db=None,,poor,-4.0,average,fading,,2000,138.1,115.9,228.4,0.507,3,5,4,2,4,18,1,0,0,1,0.0
"fast tones, no cap",sim,2300,floor_margin_db=None,,poor,-4.0,average,fading,,2000,164.1,97.5,228.4,0.427,0,5,4,2,5,22,3,0,0,1,0.0
"fast tones, no cap",sim,2300,floor_margin_db=None,,poor,-4.0,average,fading,,2000,155.2,103.1,228.4,0.451,3,5,4,2,4,21,2,0,0,1,0.0
"fast tones, no cap",sim,2300,floor_margin_db=None,,poor,-4.0,average,fading,,2000,152.8,104.7,228.4,0.459,0,5,5,3,4,23,2,0,0,1,0.0
"fast tones, no cap",sim,2300,floor_margin_db=None,,poor,-4.0,average,fading,,2000,168.6,94.9,228.4,0.416,0,5,4,3,5,23,2,0,0,1,0.0
"fast tones, no cap",sim,2300,floor_margin_db=None,,poor,-4.0,average,fading,,2000,159.1,100.5,228.4,0.44,0,5,5,2,4,22,1,0,0,1,0.0
"fast tones, no cap",sim,2300,floor_margin_db=None,,poor,-4.0,average,fading,,2000,139.3,114.9,228.4,0.503,3,5,4,2,4,18,1,0,0,1,0.0
"fast tones, no cap",sim,2300,floor_margin_db=None,,poor,-4.0,average,fading,,2000,135.6,118.0,228.4,0.517,3,5,5,3,4,20,1,0,0,1,0.0
"fast tones, no cap",sim,2300,floor_margin_db=None,,poor,-4.0,average,fading,,2000,154.6,103.5,228.4,0.453,3,5,4,2,4,21,2,0,0,1,0.0
"fast tones, no cap",sim,2300,floor_margin_db=None,,poor,-4.0,average,fading,,2000,126.1,126.9,228.4,0.556,3,5,4,2,4,18,1,0,0,1,0.0
"fast tones, no cap",sim,2300,floor_margin_db=None,,poor,-4.0,average,fading,,2000,125.5,127.5,228.4,0.558,3,5,4,2,4,18,1,0,0,1,0.0
"fast tones, no cap",sim,2300,floor_margin_db=None,,poor,-4.0,average,fading,,2000,160.1,100.0,228.4,0.438,0,5,5,2,4,22,1,0,0,1,0.0
"fast tones, no cap",sim,2300,floor_margin_db=None,,poor,-4.0,average,fading,,2000,147.1,108.7,228.4,0.476,0,5,4,2,5,21,2,0,0,1,0.0
"fast tones, no cap",sim,2300,floor_margin_db=None,,poor,-4.0,average,fading,,2000,153.4,104.3,228.4,0.457,0,5,5,3,4,23,2,1,0,1,0.0
"fast tones, no cap",sim,2300,floor_margin_db=None,,poor,-4.0,average,fading,,2000,149.1,107.3,228.4,0.47,3,5,5,3,4,20,1,0,0,1,0.0
"fast tones, no cap",sim,2300,floor_margin_db=None,,poor,-4.0,average,fading,,2000,115.3,138.8,228.4,0.608,3,5,5,1,3,17,0,0,0,1,0.0
"fast tones, no cap",sim,2300,floor_margin_db=None,,poor,-4.0,average,fading,,2000,151.2,105.9,228.4,0.464,3,5,5,3,4,20,2,0,0,1,0.0
"fast tones, no cap",sim,2300,floor_margin_db=None,,poor,-4.0,average,fading,,2000,149.8,106.8,228.4,0.468,3,5,4,2,4,20,1,0,0,1,0.0
"fast tones, no cap",sim,2300,floor_margin_db=None,,poor,-4.0,average,fading,,2000,160.6,99.6,228.4,0.436,0,5,5,2,4,22,1,0,0,1,0.0
"fast tones, no cap",sim,2300,floor_margin_db=None,,poor,-2.0,average,fading,,2000,112.3,142.5,228.4,0.624,3,5,5,1,3,17,0,0,0,1,0.0
"fast tones, no cap",sim,2300,floor_margin_db=None,,poor,-2.0,average,fading,,2000,161.5,99.1,228.4,0.434,0,5,5,2,4,22,1,0,0,1,0.0
"fast tones, no cap",sim,2300,floor_margin_db=None,,poor,-2.0,average,fading,,2000,112.3,142.5,228.4,0.624,3,5,5,1,3,17,0,0,0,1,0.0
"fast tones, no cap",sim,2300,floor_margin_db=None,,poor,-2.0,average,fading,,2000,150.2,106.5,228.4,0.466,0,5,5,1,4,20,1,0,0,1,0.0
"fast tones, no cap",sim,2300,floor_margin_db=None,,poor,-2.0,average,fading,,2000,112.3,142.5,228.4,0.624,3,5,5,1,3,17,0,0,0,1,0.0
"fast tones, no cap",sim,2300,floor_margin_db=None,,poor,-2.0,average,fading,,2000,129.5,123.5,228.4,0.541,3,5,5,1,3,17,0,0,0,1,0.0
"fast tones, no cap",sim,2300,floor_margin_db=None,,poor,-2.0,average,fading,,2000,116.7,137.2,228.4,0.601,3,5,5,1,3,17,0,0,0,1,0.0
"fast tones, no cap",sim,2300,floor_margin_db=None,,poor,-2.0,average,fading,,2000,112.3,142.5,228.4,0.624,3,5,5,1,3,17,0,0,0,1,0.0
"fast tones, no cap",sim,2300,floor_margin_db=None,,poor,-2.0,average,fading,,2000,112.3,142.5,228.4,0.624,3,5,5,1,3,17,0,0,0,1,0.0
"fast tones, no cap",sim,2300,floor_margin_db=None,,poor,-2.0,average,fading,,2000,130.9,122.2,228.4,0.535,3,5,5,1,3,17,0,0,0,1,0.0
"fast tones, no cap",sim,2300,floor_margin_db=None,,poor,-2.0,average,fading,,2000,136.2,117.5,228.4,0.514,0,5,5,1,4,20,1,0,0,1,0.0
"fast tones, no cap",sim,2300,floor_margin_db=None,,poor,-2.0,average,fading,,2000,138.1,115.9,228.4,0.507,3,5,4,2,4,18,1,0,0,1,0.0
"fast tones, no cap",sim,2300,floor_margin_db=None,,poor,-2.0,average,fading,,2000,149.2,107.2,228.4,0.47,0,5,5,1,4,20,1,0,0,1,0.0
"fast tones, no cap",sim,2300,floor_margin_db=None,,poor,-2.0,average,fading,,2000,129.6,123.5,228.4,0.541,3,5,5,1,3,17,0,0,0,1,0.0
"fast tones, no cap",sim,2300,floor_margin_db=None,,poor,-2.0,average,fading,,2000,112.3,142.5,228.4,0.624,3,5,5,1,3,17,0,0,0,1,0.0
"fast tones, no cap",sim,2300,floor_margin_db=None,,poor,-2.0,average,fading,,2000,132.6,120.7,228.4,0.528,3,5,5,3,4,20,2,0,0,1,0.0
"fast tones, no cap",sim,2300,floor_margin_db=None,,poor,-2.0,average,fading,,2000,112.3,142.5,228.4,0.624,3,5,5,1,3,17,0,0,0,1,0.0
"fast tones, no cap",sim,2300,floor_margin_db=None,,poor,-2.0,average,fading,,2000,150.0,106.7,228.4,0.467,0,5,5,1,4,20,1,0,0,1,0.0
"fast tones, no cap",sim,2300,floor_margin_db=None,,poor,-2.0,average,fading,,2000,117.1,136.6,228.4,0.598,3,7,5,2,5,25,4,3,0,1,0.0
"fast tones, no cap",sim,2300,floor_margin_db=None,,poor,-2.0,average,fading,,2000,149.2,107.2,228.4,0.469,3,5,5,3,4,20,1,0,0,1,0.0
"fast tones, no cap",sim,2300,floor_margin_db=None,,poor,-2.0,average,fading,,2000,116.5,137.3,228.4,0.601,3,5,5,1,3,17,0,0,0,1,0.0
"fast tones, no cap",sim,2300,floor_margin_db=None,,poor,-2.0,average,fading,,2000,121.9,131.3,228.4,0.575,3,5,4,2,4,18,1,0,0,1,0.0
"fast tones, no cap",sim,2300,floor_margin_db=None,,poor,-2.0,average,fading,,2000,103.0,155.3,228.4,0.68,3,7,5,3,6,28,10,1,1,1,0.0
"fast tones, no cap",sim,2300,floor_margin_db=None,,poor,-2.0,average,fading,,2000,137.6,116.3,228.4,0.509,0,5,5,1,4,20,1,0,0,1,0.0
"fast tones, no cap",sim,2300,floor_margin_db=None,,poor,-2.0,average,fading,,2000,92.8,172.4,228.4,0.755,5,7,5,1,4,21,3,3,0,1,0.0
"fast tones, no cap",sim,2300,floor_margin_db=None,,poor,-2.0,average,fading,,2000,116.9,136.9,228.4,0.599,3,5,5,1,3,17,0,0,0,1,0.0
"fast tones, no cap",sim,2300,floor_margin_db=None,,poor,-2.0,average,fading,,2000,115.3,138.8,228.4,0.608,3,5,5,1,3,17,0,0,0,1,0.0
"fast tones, no cap",sim,2300,floor_margin_db=None,,poor,-2.0,average,fading,,2000,137.1,116.7,228.4,0.511,0,5,5,1,4,20,1,0,0,1,0.0
"fast tones, no cap",sim,2300,floor_margin_db=None,,poor,-2.0,average,fading,,2000,117.2,136.5,228.4,0.598,3,5,5,1,3,17,0,0,0,1,0.0
"fast tones, no cap",sim,2300,floor_margin_db=None,,poor,-2.0,average,fading,,2000,112.3,142.5,228.4,0.624,3,5,5,1,3,17,0,0,0,1,0.0
"fast tones, no cap",sim,2300,floor_margin_db=None,,poor,0.0,average,fading,,2000,110.6,144.6,228.4,0.633,3,7,5,4,6,24,4,2,1,1,0.0
"fast tones, no cap",sim,2300,floor_margin_db=None,,poor,0.0,average,fading,,2000,141.6,113.0,228.4,0.495,0,7,5,3,6,30,7,0,1,1,0.0
"fast tones, no cap",sim,2300,floor_margin_db=None,,poor,0.0,average,fading,,2000,112.3,142.5,228.4,0.624,3,5,5,1,3,17,0,0,0,1,0.0
"fast tones, no cap",sim,2300,floor_margin_db=None,,poor,0.0,average,fading,,2000,112.3,142.5,228.4,0.624,3,5,5,1,3,17,0,0,0,1,0.0
"fast tones, no cap",sim,2300,floor_margin_db=None,,poor,0.0,average,fading,,2000,91.8,174.4,228.4,0.764,5,7,5,1,4,20,2,0,0,1,0.0
"fast tones, no cap",sim,2300,floor_margin_db=None,,poor,0.0,average,fading,,2000,112.3,142.5,228.4,0.624,3,5,5,1,3,17,0,0,0,1,0.0
"fast tones, no cap",sim,2300,floor_margin_db=None,,poor,0.0,average,fading,,2000,112.3,142.5,228.4,0.624,3,5,5,1,3,17,0,0,0,1,0.0
"fast tones, no cap",sim,2300,floor_margin_db=None,,poor,0.0,average,fading,,2000,92.8,172.4,228.4,0.755,4,7,5,3,5,20,2,1,0,1,0.0
"fast tones, no cap",sim,2300,floor_margin_db=None,,poor,0.0,average,fading,,2000,90.5,176.8,228.4,0.774,5,7,5,1,5,26,4,1,0,1,0.0
"fast tones, no cap",sim,2300,floor_margin_db=None,,poor,0.0,average,fading,,2000,112.3,142.5,228.4,0.624,3,5,5,1,3,17,0,0,0,1,0.0
"fast tones, no cap",sim,2300,floor_margin_db=None,,poor,0.0,average,fading,,2000,136.2,117.5,228.4,0.514,0,5,5,1,4,20,1,0,0,1,0.0
"fast tones, no cap",sim,2300,floor_margin_db=None,,poor,0.0,average,fading,,2000,128.5,124.5,228.4,0.545,3,5,5,1,3,17,0,0,0,1,0.0
"fast tones, no cap",sim,2300,floor_margin_db=None,,poor,0.0,average,fading,,2000,112.3,142.5,228.4,0.624,3,5,5,1,3,17,0,0,0,1,0.0
"fast tones, no cap",sim,2300,floor_margin_db=None,,poor,0.0,average,fading,,2000,112.3,142.5,228.4,0.624,3,5,5,1,3,17,0,0,0,1,0.0
"fast tones, no cap",sim,2300,floor_margin_db=None,,poor,0.0,average,fading,,2000,112.1,142.8,228.4,0.625,3,7,5,2,5,23,2,2,0,1,0.0
"fast tones, no cap",sim,2300,floor_margin_db=None,,poor,0.0,average,fading,,2000,132.6,120.7,228.4,0.528,3,5,5,3,4,20,1,0,0,1,0.0
"fast tones, no cap",sim,2300,floor_margin_db=None,,poor,0.0,average,fading,,2000,93.8,170.5,228.4,0.747,4,7,5,3,5,21,3,0,0,1,0.0
"fast tones, no cap",sim,2300,floor_margin_db=None,,poor,0.0,average,fading,,2000,112.3,142.5,228.4,0.624,3,5,5,1,3,17,0,0,0,1,0.0
"fast tones, no cap",sim,2300,floor_margin_db=None,,poor,0.0,average,fading,,2000,112.3,142.5,228.4,0.624,3,5,5,1,3,17,0,0,0,1,0.0
"fast tones, no cap",sim,2300,floor_margin_db=None,,poor,0.0,average,fading,,2000,112.3,142.5,228.4,0.624,3,5,5,1,3,17,0,0,0,1,0.0
"fast tones, no cap",sim,2300,floor_margin_db=None,,poor,0.0,average,fading,,2000,112.3,142.5,228.4,0.624,3,5,5,1,3,17,0,0,0,1,0.0
"fast tones, no cap",sim,2300,floor_margin_db=None,,poor,0.0,average,fading,,2000,112.3,142.5,228.4,0.624,3,5,5,1,3,17,0,0,0,1,0.0
"fast tones, no cap",sim,2300,floor_margin_db=None,,poor,0.0,average,fading,,2000,91.8,174.4,228.4,0.764,5,7,5,1,4,20,2,0,0,1,0.0
"fast tones, no cap",sim,2300,floor_margin_db=None,,poor,0.0,average,fading,,2000,96.8,165.4,228.4,0.724,4,7,5,2,4,24,6,0,1,1,0.0
"fast tones, no cap",sim,2300,floor_margin_db=None,,poor,0.0,average,fading,,2000,89.3,179.1,228.4,0.784,5,8,5,3,6,28,5,3,0,1,0.0
"fast tones, no cap",sim,2300,floor_margin_db=None,,poor,0.0,average,fading,,2000,112.3,142.5,228.4,0.624,3,5,5,1,3,17,0,0,0,1,0.0
"fast tones, no cap",sim,2300,floor_margin_db=None,,poor,0.0,average,fading,,2000,112.3,142.5,228.4,0.624,3,5,5,1,3,17,0,0,0,1,0.0
"fast tones, no cap",sim,2300,floor_margin_db=None,,poor,0.0,average,fading,,2000,121.9,131.3,228.4,0.575,3,5,4,2,4,18,1,0,0,1,0.0
"fast tones, no cap",sim,2300,floor_margin_db=None,,poor,0.0,average,fading,,2000,112.3,142.5,228.4,0.624,3,5,5,1,3,17,0,0,0,1,0.0
"fast tones, no cap",sim,2300,floor_margin_db=None,,poor,0.0,average,fading,,2000,112.3,142.5,228.4,0.624,3,5,5,1,3,17,0,0,0,1,0.0
"fast tones, no cap",sim,2300,floor_margin_db=None,,poor,2.0,average,fading,,2000,90.7,176.4,349.1,0.505,5,7,5,1,4,19,1,0,0,1,0.0
"fast tones, no cap",sim,2300,floor_margin_db=None,,poor,2.0,average,fading,,2000,91.8,174.4,349.1,0.499,5,7,5,1,4,20,2,0,0,1,0.0
"fast tones, no cap",sim,2300,floor_margin_db=None,,poor,2.0,average,fading,,2000,90.7,176.4,349.1,0.505,5,7,5,1,4,19,1,0,0,1,0.0
"fast tones, no cap",sim,2300,floor_margin_db=None,,poor,2.0,average,fading,,2000,112.3,142.5,349.1,0.408,3,5,5,1,3,17,0,0,0,1,0.0
"fast tones, no cap",sim,2300,floor_margin_db=None,,poor,2.0,average,fading,,2000,90.7,176.4,349.1,0.505,5,7,5,1,4,19,1,0,0,1,0.0
"fast tones, no cap",sim,2300,floor_margin_db=None,,poor,2.0,average,fading,,2000,113.0,141.6,349.1,0.406,3,7,5,3,6,27,1,0,0,1,0.0
"fast tones, no cap",sim,2300,floor_margin_db=None,,poor,2.0,average,fading,,2000,112.3,142.5,349.1,0.408,3,5,5,1,3,17,0,0,0,1,0.0
"fast tones, no cap",sim,2300,floor_margin_db=None,,poor,2.0,average,fading,,2000,100.7,158.8,349.1,0.455,4,8,5,4,6,34,7,0,1,1,0.0
"fast tones, no cap",sim,2300,floor_margin_db=None,,poor,2.0,average,fading,,2000,73.1,218.7,349.1,0.627,5,9,5,3,6,32,7,3,0,1,0.0
"fast tones, no cap",sim,2300,floor_margin_db=None,,poor,2.0,average,fading,,2000,90.7,176.4,349.1,0.505,5,7,5,1,4,19,1,0,0,1,0.0
"fast tones, no cap",sim,2300,floor_margin_db=None,,poor,2.0,average,fading,,2000,133.6,119.8,349.1,0.343,0,7,5,5,6,26,3,0,1,1,0.0
"fast tones, no cap",sim,2300,floor_margin_db=None,,poor,2.0,average,fading,,2000,112.3,142.5,349.1,0.408,3,5,5,1,3,17,0,0,0,1,0.0
"fast tones, no cap",sim,2300,floor_margin_db=None,,poor,2.0,average,fading,,2000,96.7,165.4,349.1,0.474,3,8,7,4,6,28,1,0,0,1,0.0
"fast tones, no cap",sim,2300,floor_margin_db=None,,poor,2.0,average,fading,,2000,112.3,142.5,349.1,0.408,3,5,5,1,3,17,0,0,0,1,0.0
"fast tones, no cap",sim,2300,floor_margin_db=None,,poor,2.0,average,fading,,2000,84.0,190.5,349.1,0.546,5,8,5,3,6,27,2,1,0,1,0.0
"fast tones, no cap",sim,2300,floor_margin_db=None,,poor,2.0,average,fading,,2000,90.7,176.4,349.1,0.505,5,7,5,1,4,19,1,0,0,1,0.0
"fast tones, no cap",sim,2300,floor_margin_db=None,,poor,2.0,average,fading,,2000,82.4,194.1,349.1,0.556,4,8,5,4,6,36,7,0,1,1,0.0
"fast tones, no cap",sim,2300,floor_margin_db=None,,poor,2.0,average,fading,,2000,112.1,142.8,349.1,0.409,3,7,5,2,5,23,2,0,0,1,0.0
"fast tones, no cap",sim,2300,floor_margin_db=None,,poor,2.0,average,fading,,2000,112.3,142.5,349.1,0.408,3,5,5,1,3,17,0,0,0,1,0.0
"fast tones, no cap",sim,2300,floor_margin_db=None,,poor,2.0,average,fading,,2000,112.3,142.5,349.1,0.408,3,5,5,1,3,17,0,0,0,1,0.0
"fast tones, no cap",sim,2300,floor_margin_db=None,,poor,2.0,average,fading,,2000,112.3,142.5,349.1,0.408,3,5,5,1,3,17,0,0,0,1,0.1
"fast tones, no cap",sim,2300,floor_margin_db=None,,poor,2.0,average,fading,,2000,97.8,163.6,349.1,0.469,3,8,7,4,6,29,2,0,0,1,0.1
"fast tones, no cap",sim,2300,floor_margin_db=None,,poor,2.0,average,fading,,2000,62.3,256.8,349.1,0.735,5,9,5,4,7,33,6,1,0,1,0.1
"fast tones, no cap",sim,2300,floor_margin_db=None,,poor,2.0,average,fading,,2000,74.1,216.0,349.1,0.619,5,8,5,3,7,36,4,0,0,1,0.1
"fast tones, no cap",sim,2300,floor_margin_db=None,,poor,2.0,average,fading,,2000,58.0,275.8,349.1,0.79,5,9,5,3,7,33,6,4,0,1,0.1
"fast tones, no cap",sim,2300,floor_margin_db=None,,poor,2.0,average,fading,,2000,89.3,179.1,349.1,0.513,5,7,5,1,6,28,1,0,0,1,0.0
"fast tones, no cap",sim,2300,floor_margin_db=None,,poor,2.0,average,fading,,2000,78.6,203.5,349.1,0.583,5,8,5,2,6,26,1,0,0,1,0.0
"fast tones, no cap",sim,2300,floor_margin_db=None,,poor,2.0,average,fading,,2000,112.1,142.8,349.1,0.409,3,7,5,3,5,23,2,0,0,1,0.0
"fast tones, no cap",sim,2300,floor_margin_db=None,,poor,2.0,average,fading,,2000,112.3,142.5,349.1,0.408,3,5,5,1,3,17,0,0,0,1,0.0
"fast tones, no cap",sim,2300,floor_margin_db=None,,poor,2.0,average,fading,,2000,90.7,176.4,349.1,0.505,5,7,5,1,4,19,1,0,0,1,0.0
"fast tones, no cap",sim,2300,floor_margin_db=None,,poor,6.0,average,fading,,2000,30.3,527.9,1093.0,0.483,8,10,8,3,4,22,2,0,0,1,0.0
"fast tones, no cap",sim,2300,floor_margin_db=None,,poor,6.0,average,fading,,2000,38.7,413.3,1093.0,0.378,8,9,8,1,5,29,1,0,0,1,0.0
"fast tones, no cap",sim,2300,floor_margin_db=None,,poor,6.0,average,fading,,2000,28.2,567.4,1093.0,0.519,8,10,10,2,4,20,0,0,0,1,0.0
"fast tones, no cap",sim,2300,floor_margin_db=None,,poor,6.0,average,fading,,2000,35.5,450.1,1093.0,0.412,7,10,10,3,5,26,0,0,0,1,0.0
"fast tones, no cap",sim,2300,floor_margin_db=None,,poor,6.0,average,fading,,2000,38.7,413.3,1093.0,0.378,8,9,8,1,5,29,1,0,0,1,0.0
"fast tones, no cap",sim,2300,floor_margin_db=None,,poor,6.0,average,fading,,2000,33.4,478.4,1093.0,0.438,7,10,9,3,5,24,1,0,0,1,0.1
"fast tones, no cap",sim,2300,floor_margin_db=None,,poor,6.0,average,fading,,2000,34.5,463.8,1093.0,0.424,7,10,10,2,5,25,0,0,0,1,0.0
"fast tones, no cap",sim,2300,floor_margin_db=None,,poor,6.0,average,fading,,2000,24.0,666.4,1093.0,0.61,9,11,10,2,3,17,2,0,0,1,0.0
"fast tones, no cap",sim,2300,floor_margin_db=None,,poor,6.0,average,fading,,2000,27.1,589.4,1093.0,0.539,9,11,10,2,4,19,4,1,0,1,0.0
"fast tones, no cap",sim,2300,floor_margin_db=None,,poor,6.0,average,fading,,2000,48.1,332.3,1093.0,0.304,5,9,9,4,7,36,1,0,0,1,0.0
"fast tones, no cap",sim,2300,floor_margin_db=None,,poor,6.0,average,fading,,2000,34.5,463.8,1093.0,0.424,7,10,10,2,5,25,0,0,0,1,0.0
"fast tones, no cap",sim,2300,floor_margin_db=None,,poor,6.0,average,fading,,2000,36.6,437.1,1093.0,0.4,7,9,9,2,5,27,0,0,0,1,0.0
"fast tones, no cap",sim,2300,floor_margin_db=None,,poor,6.0,average,fading,,2000,34.5,463.8,1093.0,0.424,7,10,10,2,5,25,0,0,0,1,0.0
"fast tones, no cap",sim,2300,floor_margin_db=None,,poor,6.0,average,fading,,2000,38.7,413.3,1093.0,0.378,7,9,8,3,5,29,1,0,0,1,0.0
"fast tones, no cap",sim,2300,floor_margin_db=None,,poor,6.0,average,fading,,2000,32.4,493.6,1093.0,0.452,8,10,8,3,4,24,2,1,0,1,0.0
"fast tones, no cap",sim,2300,floor_margin_db=None,,poor,6.0,average,fading,,2000,28.2,567.4,1093.0,0.519,8,10,10,2,4,20,0,0,0,1,0.0
"fast tones, no cap",sim,2300,floor_margin_db=None,,poor,6.0,average,fading,,2000,24.0,666.4,1093.0,0.61,9,11,10,2,3,17,2,0,0,1,0.0
"fast tones, no cap",sim,2300,floor_margin_db=None,,poor,6.0,average,fading,,2000,31.3,510.6,1093.0,0.467,7,10,9,3,5,22,1,0,0,1,0.0
"fast tones, no cap",sim,2300,floor_margin_db=None,,poor,6.0,average,fading,,2000,40.8,392.2,1093.0,0.359,7,9,8,3,6,30,1,0,0,1,0.0
"fast tones, no cap",sim,2300,floor_margin_db=None,,poor,6.0,average,fading,,2000,34.5,463.8,1093.0,0.424,7,9,9,1,5,25,0,0,0,1,0.0
"fast tones, no cap",sim,2300,floor_margin_db=None,,poor,6.0,average,fading,,2000,33.4,478.4,1093.0,0.438,7,10,9,3,5,24,1,0,0,1,0.0
"fast tones, no cap",sim,2300,floor_margin_db=None,,poor,6.0,average,fading,,2000,34.1,469.5,1093.0,0.43,7,10,9,3,4,24,2,1,0,1,0.1
"fast tones, no cap",sim,2300,floor_margin_db=None,,poor,6.0,average,fading,,2000,25.1,638.4,1093.0,0.584,9,11,9,2,3,18,4,0,0,1,0.0
"fast tones, no cap",sim,2300,floor_margin_db=None,,poor,6.0,average,fading,,2000,25.0,639.1,1093.0,0.585,9,11,9,3,4,17,2,0,0,1,0.0
"fast tones, no cap",sim,2300,floor_margin_db=None,,poor,6.0,average,fading,,2000,23.0,697.0,1093.0,0.638,10,11,10,2,3,16,3,1,0,1,0.0
"fast tones, no cap",sim,2300,floor_margin_db=None,,poor,6.0,average,fading,,2000,27.1,589.4,1093.0,0.539,8,10,9,2,4,19,1,0,0,1,0.0
"fast tones, no cap",sim,2300,floor_margin_db=None,,poor,6.0,average,fading,,2000,25.1,638.4,1093.0,0.584,8,10,10,1,3,18,0,0,0,1,0.0
"fast tones, no cap",sim,2300,floor_margin_db=None,,poor,6.0,average,fading,,2000,33.4,478.4,1093.0,0.438,7,10,9,3,5,24,1,1,0,1,0.0
"fast tones, no cap",sim,2300,floor_margin_db=None,,poor,6.0,average,fading,,2000,38.7,413.3,1093.0,0.378,7,9,8,2,5,29,1,0,0,1,0.0
"fast tones, no cap",sim,2300,floor_margin_db=None,,poor,6.0,average,fading,,2000,28.2,567.4,1093.0,0.519,8,10,9,2,4,20,2,0,0,1,0.0
