variant,backend,bandwidth_hz,rate,link,channel,snr_db,snr_reference,pipe,ramp,bytes,seconds,goodput_bps,ideal_bps,efficiency,mode_min,mode_max,mode_final,mode_changes,bursts,frames_sent,frames_resent,harq_rescues,ack_timeouts,ok,wall_s
beta.53,sim,500,,,awgn,-18.0,average,fading,,1000,317.9,25.2,35.8,0.703,0,0,0,0,8,48,0,0,0,1,0.0
beta.53,sim,500,,,awgn,-18.0,average,fading,,1000,327.2,24.4,35.8,0.683,0,0,0,0,9,49,1,0,0,1,0.0
beta.53,sim,500,,,awgn,-18.0,average,fading,,1000,316.2,25.3,35.8,0.706,0,0,0,0,8,48,0,0,0,1,0.0
beta.53,sim,500,,,awgn,-18.0,average,fading,,1000,317.1,25.2,35.8,0.704,0,0,0,0,8,48,0,0,0,1,0.0
beta.53,sim,500,,,awgn,-18.0,average,fading,,1000,317.0,25.2,35.8,0.705,0,0,0,0,8,48,0,0,0,1,0.0
beta.53,sim,500,,,awgn,-18.0,average,fading,,1000,316.7,25.3,35.8,0.705,0,0,0,0,8,48,0,0,0,1,0.0
beta.53,sim,500,,,awgn,-18.0,average,fading,,1000,317.4,25.2,35.8,0.704,0,0,0,0,8,48,0,0,0,1,0.0
beta.53,sim,500,,,awgn,-18.0,average,fading,,1000,315.3,25.4,35.8,0.708,0,0,0,0,8,48,0,0,0,1,0.0
beta.53,sim,500,,,awgn,-18.0,average,fading,,1000,317.1,25.2,35.8,0.704,0,0,0,0,8,48,0,0,0,1,0.0
beta.53,sim,500,,,awgn,-18.0,average,fading,,1000,318.1,25.1,35.8,0.702,0,0,0,0,8,48,0,0,0,1,0.0
beta.53,sim,500,,,awgn,-18.0,average,fading,,1000,317.2,25.2,35.8,0.704,0,0,0,0,8,48,0,0,0,1,0.0
beta.53,sim,500,,,awgn,-18.0,average,fading,,1000,315.7,25.3,35.8,0.707,0,0,0,0,8,48,0,0,0,1,0.0
beta.53,sim,500,,,awgn,-18.0,average,fading,,1000,316.1,25.3,35.8,0.706,0,0,0,0,8,48,0,0,0,1,0.0
beta.53,sim,500,,,awgn,-18.0,average,fading,,1000,316.8,25.3,35.8,0.705,0,0,0,0,8,48,0,0,0,1,0.0
beta.53,sim,500,,,awgn,-18.0,average,fading,,1000,316.7,25.3,35.8,0.705,0,0,0,0,8,48,0,0,0,1,0.0
beta.53,sim,500,,,awgn,-18.0,average,fading,,1000,324.8,24.6,35.8,0.688,0,0,0,0,9,49,1,0,0,1,0.0
beta.53,sim,500,,,awgn,-18.0,average,fading,,1000,352.5,22.7,35.8,0.634,0,0,0,0,9,54,6,0,1,1,0.0
beta.53,sim,500,,,awgn,-18.0,average,fading,,1000,316.9,25.2,35.8,0.705,0,0,0,0,8,48,0,0,0,1,0.0
beta.53,sim,500,,,awgn,-18.0,average,fading,,1000,316.0,25.3,35.8,0.707,0,0,0,0,8,48,0,0,0,1,0.0
beta.53,sim,500,,,awgn,-18.0,average,fading,,1000,316.2,25.3,35.8,0.706,0,0,0,0,8,48,0,0,0,1,0.0
beta.53,sim,500,,,awgn,-18.0,average,fading,,1000,315.3,25.4,35.8,0.708,0,0,0,0,8,48,0,0,0,1,0.0
beta.53,sim,500,,,awgn,-18.0,average,fading,,1000,325.3,24.6,35.8,0.687,0,0,0,0,9,49,1,0,0,1,0.0
beta.53,sim,500,,,awgn,-18.0,average,fading,,1000,316.3,25.3,35.8,0.706,0,0,0,0,8,48,0,0,0,1,0.0
beta.53,sim,500,,,awgn,-18.0,average,fading,,1000,325.7,24.6,35.8,0.686,0,0,0,0,9,49,1,0,0,1,0.0
beta.53,sim,500,,,awgn,-18.0,average,fading,,1000,317.6,25.2,35.8,0.703,0,0,0,0,8,48,0,0,0,1,0.0
beta.53,sim,500,,,awgn,-18.0,average,fading,,1000,316.0,25.3,35.8,0.707,0,0,0,0,8,48,0,0,0,1,0.0
beta.53,sim,500,,,awgn,-18.0,average,fading,,1000,316.1,25.3,35.8,0.706,0,0,0,0,8,48,0,0,0,1,0.0
beta.53,sim,500,,,awgn,-18.0,average,fading,,1000,318.1,25.2,35.8,0.702,0,0,0,0,8,48,0,0,0,1,0.0
beta.53,sim,500,,,awgn,-18.0,average,fading,,1000,316.7,25.3,35.8,0.705,0,0,0,0,8,48,0,0,0,1,0.0
beta.53,sim,500,,,awgn,-18.0,average,fading,,1000,326.3,24.5,35.8,0.684,0,0,0,0,9,49,1,0,0,1,0.0
beta.53,sim,500,,,awgn,-14.0,average,fading,,1000,281.5,28.4,53.7,0.529,0,1,1,1,7,42,0,0,0,1,0.0
beta.53,sim,500,,,awgn,-14.0,average,fading,,1000,270.6,29.6,53.7,0.55,0,1,1,1,7,40,0,0,0,1,0.0
beta.53,sim,500,,,awgn,-14.0,average,fading,,1000,279.8,28.6,53.7,0.532,0,1,1,1,7,42,0,0,0,1,0.0
beta.53,sim,500,,,awgn,-14.0,average,fading,,1000,280.8,28.5,53.7,0.53,0,1,1,1,7,42,0,0,0,1,0.0
beta.53,sim,500,,,awgn,-14.0,average,fading,,1000,280.6,28.5,53.7,0.531,0,1,1,1,7,42,0,0,0,1,0.0
beta.53,sim,500,,,awgn,-14.0,average,fading,,1000,280.4,28.5,53.7,0.531,0,1,1,1,7,42,0,0,0,1,0.0
beta.53,sim,500,,,awgn,-14.0,average,fading,,1000,270.3,29.6,53.7,0.551,0,1,1,1,7,40,0,0,0,1,0.0
beta.53,sim,500,,,awgn,-14.0,average,fading,,1000,279.0,28.7,53.7,0.534,0,1,1,1,7,42,0,0,0,1,0.0
beta.53,sim,500,,,awgn,-14.0,average,fading,,1000,295.7,27.1,53.7,0.504,0,1,1,1,8,44,0,0,0,1,0.0
beta.53,sim,500,,,awgn,-14.0,average,fading,,1000,281.7,28.4,53.7,0.528,0,1,1,1,7,42,0,0,0,1,0.0
beta.53,sim,500,,,awgn,-14.0,average,fading,,1000,270.1,29.6,53.7,0.551,0,1,1,1,7,40,0,0,0,1,0.0
beta.53,sim,500,,,awgn,-14.0,average,fading,,1000,294.3,27.2,53.7,0.506,0,1,1,1,8,44,0,0,0,1,0.0
beta.53,sim,500,,,awgn,-14.0,average,fading,,1000,279.8,28.6,53.7,0.532,0,1,1,1,7,42,0,0,0,1,0.0
beta.53,sim,500,,,awgn,-14.0,average,fading,,1000,280.4,28.5,53.7,0.531,0,1,1,1,7,42,0,0,0,1,0.0
beta.53,sim,500,,,awgn,-14.0,average,fading,,1000,295.2,27.1,53.7,0.504,0,1,1,1,8,44,0,0,0,1,0.0
beta.53,sim,500,,,awgn,-14.0,average,fading,,1000,293.8,27.2,53.7,0.507,0,1,1,1,8,44,0,0,0,1,0.0
beta.53,sim,500,,,awgn,-14.0,average,fading,,1000,279.0,28.7,53.7,0.534,0,1,1,1,7,42,0,0,0,1,0.0
beta.53,sim,500,,,awgn,-14.0,average,fading,,1000,295.5,27.1,53.7,0.504,0,1,1,1,8,44,0,0,0,1,0.0
beta.53,sim,500,,,awgn,-14.0,average,fading,,1000,279.7,28.6,53.7,0.532,0,1,1,1,7,42,0,0,0,1,0.0
beta.53,sim,500,,,awgn,-14.0,average,fading,,1000,294.7,27.1,53.7,0.505,0,1,1,1,8,44,0,0,0,1,0.0
beta.53,sim,500,,,awgn,-14.0,average,fading,,1000,293.9,27.2,53.7,0.507,0,1,1,1,8,44,0,0,0,1,0.0
beta.53,sim,500,,,awgn,-14.0,average,fading,,1000,294.3,27.2,53.7,0.506,0,1,1,1,8,44,0,0,0,1,0.0
beta.53,sim,500,,,awgn,-14.0,average,fading,,1000,279.9,28.6,53.7,0.532,0,1,1,1,7,42,0,0,0,1,0.0
beta.53,sim,500,,,awgn,-14.0,average,fading,,1000,294.7,27.1,53.7,0.505,0,1,1,1,8,44,0,0,0,1,0.0
beta.53,sim,500,,,awgn,-14.0,average,fading,,1000,254.4,31.4,53.7,0.585,0,1,1,1,7,37,0,0,0,1,0.0
beta.53,sim,500,,,awgn,-14.0,average,fading,,1000,294.6,27.2,53.7,0.505,0,1,1,1,8,44,0,0,0,1,0.0
beta.53,sim,500,,,awgn,-14.0,average,fading,,1000,294.7,27.1,53.7,0.505,0,1,1,1,8,44,0,0,0,1,0.0
beta.53,sim,500,,,awgn,-14.0,average,fading,,1000,281.7,28.4,53.7,0.529,0,1,1,1,7,42,0,0,0,1,0.0
beta.53,sim,500,,,awgn,-14.0,average,fading,,1000,280.3,28.5,53.7,0.531,0,1,1,1,7,42,0,0,0,1,0.0
beta.53,sim,500,,,awgn,-14.0,average,fading,,1000,295.3,27.1,53.7,0.504,0,1,1,1,8,44,0,0,0,1,0.0
beta.53,sim,500,,,awgn,-12.0,average,fading,,1000,229.1,34.9,53.7,0.65,0,1,1,1,6,33,0,0,0,1,0.0
beta.53,sim,500,,,awgn,-12.0,average,fading,,1000,228.8,35.0,53.7,0.651,0,1,1,1,6,33,0,0,0,1,0.0
beta.53,sim,500,,,awgn,-12.0,average,fading,,1000,227.4,35.2,53.7,0.655,0,1,1,1,6,33,0,0,0,1,0.0
beta.53,sim,500,,,awgn,-12.0,average,fading,,1000,228.3,35.0,53.7,0.652,0,1,1,1,6,33,0,0,0,1,0.0
beta.53,sim,500,,,awgn,-12.0,average,fading,,1000,228.2,35.1,53.7,0.653,0,1,1,1,6,33,0,0,0,1,0.0
beta.53,sim,500,,,awgn,-12.0,average,fading,,1000,227.9,35.1,53.7,0.653,0,1,1,1,6,33,0,0,0,1,0.0
beta.53,sim,500,,,awgn,-12.0,average,fading,,1000,228.6,35.0,53.7,0.651,0,1,1,1,6,33,0,0,0,1,0.0
beta.53,sim,500,,,awgn,-12.0,average,fading,,1000,226.5,35.3,53.7,0.657,0,1,1,1,6,33,0,0,0,1,0.0
beta.53,sim,500,,,awgn,-12.0,average,fading,,1000,228.3,35.0,53.7,0.652,0,1,1,1,6,33,0,0,0,1,0.0
beta.53,sim,500,,,awgn,-12.0,average,fading,,1000,229.3,34.9,53.7,0.649,0,1,1,1,6,33,0,0,0,1,0.0
beta.53,sim,500,,,awgn,-12.0,average,fading,,1000,228.4,35.0,53.7,0.652,0,1,1,1,6,33,0,0,0,1,0.0
beta.53,sim,500,,,awgn,-12.0,average,fading,,1000,226.9,35.3,53.7,0.656,0,1,1,1,6,33,0,0,0,1,0.0
beta.53,sim,500,,,awgn,-12.0,average,fading,,1000,227.3,35.2,53.7,0.655,0,1,1,1,6,33,0,0,0,1,0.0
beta.53,sim,500,,,awgn,-12.0,average,fading,,1000,228.0,35.1,53.7,0.653,0,1,1,1,6,33,0,0,0,1,0.0
beta.53,sim,500,,,awgn,-12.0,average,fading,,1000,227.8,35.1,53.7,0.654,0,1,1,1,6,33,0,0,0,1,0.0
beta.53,sim,500,,,awgn,-12.0,average,fading,,1000,226.4,35.3,53.7,0.658,0,1,1,1,6,33,0,0,0,1,0.0
beta.53,sim,500,,,awgn,-12.0,average,fading,,1000,226.5,35.3,53.7,0.657,0,1,1,1,6,33,0,0,0,1,0.0
beta.53,sim,500,,,awgn,-12.0,average,fading,,1000,228.1,35.1,53.7,0.653,0,1,1,1,6,33,0,0,0,1,0.0
beta.53,sim,500,,,awgn,-12.0,average,fading,,1000,227.2,35.2,53.7,0.655,0,1,1,1,6,33,0,0,0,1,0.1
beta.53,sim,500,,,awgn,-12.0,average,fading,,1000,227.3,35.2,53.7,0.655,0,1,1,1,6,33,0,0,0,1,0.0
beta.53,sim,500,,,awgn,-12.0,average,fading,,1000,226.5,35.3,53.7,0.657,0,1,1,1,6,33,0,0,0,1,0.0
beta.53,sim,500,,,awgn,-12.0,average,fading,,1000,226.9,35.3,53.7,0.656,0,1,1,1,6,33,0,0,0,1,0.0
beta.53,sim,500,,,awgn,-12.0,average,fading,,1000,227.5,35.2,53.7,0.655,0,1,1,1,6,33,0,0,0,1,0.0
beta.53,sim,500,,,awgn,-12.0,average,fading,,1000,227.3,35.2,53.7,0.655,0,1,1,1,6,33,0,0,0,1,0.0
beta.53,sim,500,,,awgn,-12.0,average,fading,,1000,228.8,35.0,53.7,0.651,0,1,1,1,6,33,0,0,0,1,0.0
beta.53,sim,500,,,awgn,-12.0,average,fading,,1000,227.2,35.2,53.7,0.655,0,1,1,1,6,33,0,0,0,1,0.0
beta.53,sim,500,,,awgn,-12.0,average,fading,,1000,227.3,35.2,53.7,0.655,0,1,1,1,6,33,0,0,0,1,0.0
beta.53,sim,500,,,awgn,-12.0,average,fading,,1000,229.3,34.9,53.7,0.649,0,1,1,1,6,33,0,0,0,1,0.0
beta.53,sim,500,,,awgn,-12.0,average,fading,,1000,227.9,35.1,53.7,0.653,0,1,1,1,6,33,0,0,0,1,0.0
beta.53,sim,500,,,awgn,-12.0,average,fading,,1000,228.0,35.1,53.7,0.653,0,1,1,1,6,33,0,0,0,1,0.0
beta.53,sim,500,,,awgn,-10.0,average,fading,,1000,229.1,34.9,53.7,0.65,0,1,1,1,6,33,0,0,0,1,0.0
beta.53,sim,500,,,awgn,-10.0,average,fading,,1000,228.8,35.0,53.7,0.651,0,1,1,1,6,33,0,0,0,1,0.0
beta.53,sim,500,,,awgn,-10.0,average,fading,,1000,227.4,35.2,53.7,0.655,0,1,1,1,6,33,0,0,0,1,0.0
beta.53,sim,500,,,awgn,-10.0,average,fading,,1000,228.3,35.0,53.7,0.652,0,1,1,1,6,33,0,0,0,1,0.0
beta.53,sim,500,,,awgn,-10.0,average,fading,,1000,228.2,35.1,53.7,0.653,0,1,1,1,6,33,0,0,0,1,0.0
beta.53,sim,500,,,awgn,-10.0,average,fading,,1000,227.9,35.1,53.7,0.653,0,1,1,1,6,33,0,0,0,1,0.0
beta.53,sim,500,,,awgn,-10.0,average,fading,,1000,228.6,35.0,53.7,0.651,0,1,1,1,6,33,0,0,0,1,0.0
beta.53,sim,500,,,awgn,-10.0,average,fading,,1000,226.5,35.3,53.7,0.657,0,1,1,1,6,33,0,0,0,1,0.0
beta.53,sim,500,,,awgn,-10.0,average,fading,,1000,228.3,35.0,53.7,0.652,0,1,1,1,6,33,0,0,0,1,0.0
beta.53,sim,500,,,awgn,-10.0,average,fading,,1000,229.3,34.9,53.7,0.649,0,1,1,1,6,33,0,0,0,1,0.0
beta.53,sim,500,,,awgn,-10.0,average,fading,,1000,228.4,35.0,53.7,0.652,0,1,1,1,6,33,0,0,0,1,0.0
beta.53,sim,500,,,awgn,-10.0,average,fading,,1000,226.9,35.3,53.7,0.656,0,1,1,1,6,33,0,0,0,1,0.0
beta.53,sim,500,,,awgn,-10.0,average,fading,,1000,227.3,35.2,53.7,0.655,0,1,1,1,6,33,0,0,0,1,0.0
beta.53,sim,500,,,awgn,-10.0,average,fading,,1000,228.0,35.1,53.7,0.653,0,1,1,1,6,33,0,0,0,1,0.0
beta.53,sim,500,,,awgn,-10.0,average,fading,,1000,227.8,35.1,53.7,0.654,0,1,1,1,6,33,0,0,0,1,0.0
beta.53,sim,500,,,awgn,-10.0,average,fading,,1000,226.4,35.3,53.7,0.658,0,1,1,1,6,33,0,0,0,1,0.0
beta.53,sim,500,,,awgn,-10.0,average,fading,,1000,226.5,35.3,53.7,0.657,0,1,1,1,6,33,0,0,0,1,0.0
beta.53,sim,500,,,awgn,-10.0,average,fading,,1000,228.1,35.1,53.7,0.653,0,1,1,1,6,33,0,0,0,1,0.0
beta.53,sim,500,,,awgn,-10.0,average,fading,,1000,227.2,35.2,53.7,0.655,0,1,1,1,6,33,0,0,0,1,0.0
beta.53,sim,500,,,awgn,-10.0,average,fading,,1000,227.3,35.2,53.7,0.655,0,1,1,1,6,33,0,0,0,1,0.0
beta.53,sim,500,,,awgn,-10.0,average,fading,,1000,226.5,35.3,53.7,0.657,0,1,1,1,6,33,0,0,0,1,0.0
beta.53,sim,500,,,awgn,-10.0,average,fading,,1000,226.9,35.3,53.7,0.656,0,1,1,1,6,33,0,0,0,1,0.0
beta.53,sim,500,,,awgn,-10.0,average,fading,,1000,227.5,35.2,53.7,0.655,0,1,1,1,6,33,0,0,0,1,0.0
beta.53,sim,500,,,awgn,-10.0,average,fading,,1000,227.3,35.2,53.7,0.655,0,1,1,1,6,33,0,0,0,1,0.0
beta.53,sim,500,,,awgn,-10.0,average,fading,,1000,228.8,35.0,53.7,0.651,0,1,1,1,6,33,0,0,0,1,0.0
beta.53,sim,500,,,awgn,-10.0,average,fading,,1000,227.2,35.2,53.7,0.655,0,1,1,1,6,33,0,0,0,1,0.0
beta.53,sim,500,,,awgn,-10.0,average,fading,,1000,227.3,35.2,53.7,0.655,0,1,1,1,6,33,0,0,0,1,0.0
beta.53,sim,500,,,awgn,-10.0,average,fading,,1000,229.3,34.9,53.7,0.649,0,1,1,1,6,33,0,0,0,1,0.0
beta.53,sim,500,,,awgn,-10.0,average,fading,,1000,227.9,35.1,53.7,0.653,0,1,1,1,6,33,0,0,0,1,0.0
beta.53,sim,500,,,awgn,-10.0,average,fading,,1000,228.0,35.1,53.7,0.653,0,1,1,1,6,33,0,0,0,1,0.0
beta.53,sim,500,,,awgn,-8.0,average,fading,,1000,229.1,34.9,53.7,0.65,0,1,1,1,6,33,0,0,0,1,0.0
beta.53,sim,500,,,awgn,-8.0,average,fading,,1000,228.8,35.0,53.7,0.651,0,1,1,1,6,33,0,0,0,1,0.0
beta.53,sim,500,,,awgn,-8.0,average,fading,,1000,227.4,35.2,53.7,0.655,0,1,1,1,6,33,0,0,0,1,0.0
beta.53,sim,500,,,awgn,-8.0,average,fading,,1000,228.3,35.0,53.7,0.652,0,1,1,1,6,33,0,0,0,1,0.0
beta.53,sim,500,,,awgn,-8.0,average,fading,,1000,228.2,35.1,53.7,0.653,0,1,1,1,6,33,0,0,0,1,0.0
beta.53,sim,500,,,awgn,-8.0,average,fading,,1000,227.9,35.1,53.7,0.653,0,1,1,1,6,33,0,0,0,1,0.0
beta.53,sim,500,,,awgn,-8.0,average,fading,,1000,228.6,35.0,53.7,0.651,0,1,1,1,6,33,0,0,0,1,0.0
beta.53,sim,500,,,awgn,-8.0,average,fading,,1000,226.5,35.3,53.7,0.657,0,1,1,1,6,33,0,0,0,1,0.0
beta.53,sim,500,,,awgn,-8.0,average,fading,,1000,228.3,35.0,53.7,0.652,0,1,1,1,6,33,0,0,0,1,0.0
beta.53,sim,500,,,awgn,-8.0,average,fading,,1000,229.3,34.9,53.7,0.649,0,1,1,1,6,33,0,0,0,1,0.0
beta.53,sim,500,,,awgn,-8.0,average,fading,,1000,228.4,35.0,53.7,0.652,0,1,1,1,6,33,0,0,0,1,0.0
beta.53,sim,500,,,awgn,-8.0,average,fading,,1000,226.9,35.3,53.7,0.656,0,1,1,1,6,33,0,0,0,1,0.0
beta.53,sim,500,,,awgn,-8.0,average,fading,,1000,227.3,35.2,53.7,0.655,0,1,1,1,6,33,0,0,0,1,0.0
beta.53,sim,500,,,awgn,-8.0,average,fading,,1000,228.0,35.1,53.7,0.653,0,1,1,1,6,33,0,0,0,1,0.0
beta.53,sim,500,,,awgn,-8.0,average,fading,,1000,227.8,35.1,53.7,0.654,0,1,1,1,6,33,0,0,0,1,0.0
beta.53,sim,500,,,awgn,-8.0,average,fading,,1000,226.4,35.3,53.7,0.658,0,1,1,1,6,33,0,0,0,1,0.0
beta.53,sim,500,,,awgn,-8.0,average,fading,,1000,226.5,35.3,53.7,0.657,0,1,1,1,6,33,0,0,0,1,0.0
beta.53,sim,500,,,awgn,-8.0,average,fading,,1000,228.1,35.1,53.7,0.653,0,1,1,1,6,33,0,0,0,1,0.0
beta.53,sim,500,,,awgn,-8.0,average,fading,,1000,227.2,35.2,53.7,0.655,0,1,1,1,6,33,0,0,0,1,0.0
beta.53,sim,500,,,awgn,-8.0,average,fading,,1000,227.3,35.2,53.7,0.655,0,1,1,1,6,33,0,0,0,1,0.0
beta.53,sim,500,,,awgn,-8.0,average,fading,,1000,226.5,35.3,53.7,0.657,0,1,1,1,6,33,0,0,0,1,0.0
beta.53,sim,500,,,awgn,-8.0,average,fading,,1000,226.9,35.3,53.7,0.656,0,1,1,1,6,33,0,0,0,1,0.0
beta.53,sim,500,,,awgn,-8.0,average,fading,,1000,227.5,35.2,53.7,0.655,0,1,1,1,6,33,0,0,0,1,0.0
beta.53,sim,500,,,awgn,-8.0,average,fading,,1000,227.3,35.2,53.7,0.655,0,1,1,1,6,33,0,0,0,1,0.0
beta.53,sim,500,,,awgn,-8.0,average,fading,,1000,228.8,35.0,53.7,0.651,0,1,1,1,6,33,0,0,0,1,0.0
beta.53,sim,500,,,awgn,-8.0,average,fading,,1000,227.2,35.2,53.7,0.655,0,1,1,1,6,33,0,0,0,1,0.0
beta.53,sim,500,,,awgn,-8.0,average,fading,,1000,227.3,35.2,53.7,0.655,0,1,1,1,6,33,0,0,0,1,0.0
beta.53,sim,500,,,awgn,-8.0,average,fading,,1000,229.3,34.9,53.7,0.649,0,1,1,1,6,33,0,0,0,1,0.0
beta.53,sim,500,,,awgn,-8.0,average,fading,,1000,227.9,35.1,53.7,0.653,0,1,1,1,6,33,0,0,0,1,0.0
beta.53,sim,500,,,awgn,-8.0,average,fading,,1000,228.0,35.1,53.7,0.653,0,1,1,1,6,33,0,0,0,1,0.0
beta.53,sim,500,,,awgn,-6.0,average,fading,,1000,234.4,34.1,113.9,0.3,0,1,1,1,6,34,1,0,0,1,0.0
beta.53,sim,500,,,awgn,-6.0,average,fading,,1000,234.2,34.2,113.9,0.3,0,1,1,1,6,34,1,0,0,1,0.0
beta.53,sim,500,,,awgn,-6.0,average,fading,,1000,210.7,38.0,113.9,0.334,0,1,1,1,6,33,0,0,0,1,0.0
beta.53,sim,500,,,awgn,-6.0,average,fading,,1000,233.7,34.2,113.9,0.301,0,1,1,1,6,34,1,0,0,1,0.0
beta.53,sim,500,,,awgn,-6.0,average,fading,,1000,233.5,34.3,113.9,0.301,0,1,1,1,6,34,1,0,0,1,0.0
beta.53,sim,500,,,awgn,-6.0,average,fading,,1000,227.9,35.1,113.9,0.308,0,1,1,1,6,33,0,0,0,1,0.0
beta.53,sim,500,,,awgn,-6.0,average,fading,,1000,228.6,35.0,113.9,0.307,0,1,1,1,6,33,0,0,0,1,0.0
beta.53,sim,500,,,awgn,-6.0,average,fading,,1000,210.7,38.0,113.9,0.334,0,1,1,1,6,33,0,0,0,1,0.0
beta.53,sim,500,,,awgn,-6.0,average,fading,,1000,228.3,35.0,113.9,0.308,0,1,1,1,6,33,0,0,0,1,0.0
beta.53,sim,500,,,awgn,-6.0,average,fading,,1000,229.3,34.9,113.9,0.306,0,1,1,1,6,33,0,0,0,1,0.0
beta.53,sim,500,,,awgn,-6.0,average,fading,,1000,228.4,35.0,113.9,0.308,0,1,1,1,6,33,0,0,0,1,0.0
beta.53,sim,500,,,awgn,-6.0,average,fading,,1000,226.9,35.3,113.9,0.31,0,1,1,1,6,33,0,0,0,1,0.0
beta.53,sim,500,,,awgn,-6.0,average,fading,,1000,210.7,38.0,113.9,0.334,0,1,1,1,6,33,0,0,0,1,0.0
beta.53,sim,500,,,awgn,-6.0,average,fading,,1000,228.0,35.1,113.9,0.308,0,1,1,1,6,33,0,0,0,1,0.0
beta.53,sim,500,,,awgn,-6.0,average,fading,,1000,233.2,34.3,113.9,0.301,0,1,1,1,6,34,1,0,0,1,0.0
beta.53,sim,500,,,awgn,-6.0,average,fading,,1000,226.4,35.3,113.9,0.31,0,1,1,1,6,33,0,0,0,1,0.0
beta.53,sim,500,,,awgn,-6.0,average,fading,,1000,226.5,35.3,113.9,0.31,0,1,1,1,6,33,0,0,0,1,0.0
beta.53,sim,500,,,awgn,-6.0,average,fading,,1000,214.9,37.2,113.9,0.327,0,1,1,1,6,33,0,0,0,1,0.0
beta.53,sim,500,,,awgn,-6.0,average,fading,,1000,227.2,35.2,113.9,0.309,0,1,1,1,6,33,0,0,0,1,0.0
beta.53,sim,500,,,awgn,-6.0,average,fading,,1000,227.3,35.2,113.9,0.309,0,1,1,1,6,33,0,0,0,1,0.0
beta.53,sim,500,,,awgn,-6.0,average,fading,,1000,231.9,34.5,113.9,0.303,0,1,1,1,6,34,1,0,0,1,0.0
beta.53,sim,500,,,awgn,-6.0,average,fading,,1000,232.3,34.4,113.9,0.303,0,1,1,1,6,34,1,0,0,1,0.0
beta.53,sim,500,,,awgn,-6.0,average,fading,,1000,232.8,34.4,113.9,0.302,0,1,1,1,6,34,1,0,0,1,0.0
beta.53,sim,500,,,awgn,-6.0,average,fading,,1000,227.3,35.2,113.9,0.309,0,1,1,1,6,33,0,0,0,1,0.0
beta.53,sim,500,,,awgn,-6.0,average,fading,,1000,228.8,35.0,113.9,0.307,0,1,1,1,6,33,0,0,0,1,0.0
beta.53,sim,500,,,awgn,-6.0,average,fading,,1000,227.2,35.2,113.9,0.309,0,1,1,1,6,33,0,0,0,1,0.0
beta.53,sim,500,,,awgn,-6.0,average,fading,,1000,227.3,35.2,113.9,0.309,0,1,1,1,6,33,0,0,0,1,0.0
beta.53,sim,500,,,awgn,-6.0,average,fading,,1000,234.6,34.1,113.9,0.3,0,1,1,1,6,34,1,0,0,1,0.0
beta.53,sim,500,,,awgn,-6.0,average,fading,,1000,233.3,34.3,113.9,0.301,0,1,1,1,6,34,1,0,0,1,0.0
beta.53,sim,500,,,awgn,-6.0,average,fading,,1000,233.3,34.3,113.9,0.301,0,1,1,1,6,34,1,0,0,1,0.0
beta.53,sim,500,,,awgn,-4.0,average,fading,,1000,210.7,38.0,189.8,0.2,0,1,1,1,6,33,0,0,0,1,0.0
beta.53,sim,500,,,awgn,-4.0,average,fading,,1000,210.7,38.0,189.8,0.2,0,1,1,1,6,33,0,0,0,1,0.0
beta.53,sim,500,,,awgn,-4.0,average,fading,,1000,210.7,38.0,189.8,0.2,0,1,1,1,6,33,0,0,0,1,0.0
beta.53,sim,500,,,awgn,-4.0,average,fading,,1000,210.7,38.0,189.8,0.2,0,1,1,1,6,33,0,0,0,1,0.0
beta.53,sim,500,,,awgn,-4.0,average,fading,,1000,210.7,38.0,189.8,0.2,0,1,1,1,6,33,0,0,0,1,0.0
beta.53,sim,500,,,awgn,-4.0,average,fading,,1000,210.7,38.0,189.8,0.2,0,1,1,1,6,33,0,0,0,1,0.0
beta.53,sim,500,,,awgn,-4.0,average,fading,,1000,210.7,38.0,189.8,0.2,0,1,1,1,6,33,0,0,0,1,0.0
beta.53,sim,500,,,awgn,-4.0,average,fading,,1000,210.7,38.0,189.8,0.2,0,1,1,1,6,33,0,0,0,1,0.0
beta.53,sim,500,,,awgn,-4.0,average,fading,,1000,210.7,38.0,189.8,0.2,0,1,1,1,6,33,0,0,0,1,0.0
beta.53,sim,500,,,awgn,-4.0,average,fading,,1000,210.7,38.0,189.8,0.2,0,1,1,1,6,33,0,0,0,1,0.0
beta.53,sim,500,,,awgn,-4.0,average,fading,,1000,210.7,38.0,189.8,0.2,0,1,1,1,6,33,0,0,0,1,0.0
beta.53,sim,500,,,awgn,-4.0,average,fading,,1000,210.7,38.0,189.8,0.2,0,1,1,1,6,33,0,0,0,1,0.0
beta.53,sim,500,,,awgn,-4.0,average,fading,,1000,210.7,38.0,189.8,0.2,0,1,1,1,6,33,0,0,0,1,0.0
beta.53,sim,500,,,awgn,-4.0,average,fading,,1000,210.7,38.0,189.8,0.2,0,1,1,1,6,33,0,0,0,1,0.0
beta.53,sim,500,,,awgn,-4.0,average,fading,,1000,210.7,38.0,189.8,0.2,0,1,1,1,6,33,0,0,0,1,0.0
beta.53,sim,500,,,awgn,-4.0,average,fading,,1000,210.7,38.0,189.8,0.2,0,1,1,1,6,33,0,0,0,1,0.0
beta.53,sim,500,,,awgn,-4.0,average,fading,,1000,210.7,38.0,189.8,0.2,0,1,1,1,6,33,0,0,0,1,0.0
beta.53,sim,500,,,awgn,-4.0,average,fading,,1000,210.7,38.0,189.8,0.2,0,1,1,1,6,33,0,0,0,1,0.0
beta.53,sim,500,,,awgn,-4.0,average,fading,,1000,210.7,38.0,189.8,0.2,0,1,1,1,6,33,0,0,0,1,0.0
beta.53,sim,500,,,awgn,-4.0,average,fading,,1000,210.7,38.0,189.8,0.2,0,1,1,1,6,33,0,0,0,1,0.0
beta.53,sim,500,,,awgn,-4.0,average,fading,,1000,210.7,38.0,189.8,0.2,0,1,1,1,6,33,0,0,0,1,0.0
beta.53,sim,500,,,awgn,-4.0,average,fading,,1000,210.7,38.0,189.8,0.2,0,1,1,1,6,33,0,0,0,1,0.0
beta.53,sim,500,,,awgn,-4.0,average,fading,,1000,210.7,38.0,189.8,0.2,0,1,1,1,6,33,0,0,0,1,0.0
beta.53,sim,500,,,awgn,-4.0,average,fading,,1000,210.7,38.0,189.8,0.2,0,1,1,1,6,33,0,0,0,1,0.0
beta.53,sim,500,,,awgn,-4.0,average,fading,,1000,210.7,38.0,189.8,0.2,0,1,1,1,6,33,0,0,0,1,0.0
beta.53,sim,500,,,awgn,-4.0,average,fading,,1000,210.7,38.0,189.8,0.2,0,1,1,1,6,33,0,0,0,1,0.0
beta.53,sim,500,,,awgn,-4.0,average,fading,,1000,210.7,38.0,189.8,0.2,0,1,1,1,6,33,0,0,0,1,0.0
beta.53,sim,500,,,awgn,-4.0,average,fading,,1000,210.7,38.0,189.8,0.2,0,1,1,1,6,33,0,0,0,1,0.0
beta.53,sim,500,,,awgn,-4.0,average,fading,,1000,210.7,38.0,189.8,0.2,0,1,1,1,6,33,0,0,0,1,0.0
beta.53,sim,500,,,awgn,-4.0,average,fading,,1000,210.7,38.0,189.8,0.2,0,1,1,1,6,33,0,0,0,1,0.0
beta.53,sim,500,,,awgn,-2.0,average,fading,,1000,124.0,64.5,296.0,0.218,0,3,3,3,9,51,0,0,0,1,0.0
beta.53,sim,500,,,awgn,-2.0,average,fading,,1000,124.0,64.5,296.0,0.218,0,3,3,3,9,51,0,0,0,1,0.0
beta.53,sim,500,,,awgn,-2.0,average,fading,,1000,127.2,62.9,296.0,0.212,0,3,3,3,9,54,0,0,0,1,0.0
beta.53,sim,500,,,awgn,-2.0,average,fading,,1000,124.0,64.5,296.0,0.218,0,3,3,3,9,51,0,0,0,1,0.0
beta.53,sim,500,,,awgn,-2.0,average,fading,,1000,73.4,109.0,296.0,0.368,2,3,3,1,10,57,0,0,0,1,0.0
beta.53,sim,500,,,awgn,-2.0,average,fading,,1000,127.2,62.9,296.0,0.212,0,3,3,3,9,54,0,0,0,1,0.0
beta.53,sim,500,,,awgn,-2.0,average,fading,,1000,146.8,54.5,296.0,0.184,0,3,3,3,8,46,0,0,0,1,0.0
beta.53,sim,500,,,awgn,-2.0,average,fading,,1000,124.0,64.5,296.0,0.218,0,3,3,3,9,51,0,0,0,1,0.0
beta.53,sim,500,,,awgn,-2.0,average,fading,,1000,127.2,62.9,296.0,0.212,0,3,3,3,9,54,0,0,0,1,0.0
beta.53,sim,500,,,awgn,-2.0,average,fading,,1000,102.4,78.1,296.0,0.264,0,3,3,2,10,57,0,0,0,1,0.0
beta.53,sim,500,,,awgn,-2.0,average,fading,,1000,102.4,78.1,296.0,0.264,0,3,3,2,10,57,0,0,0,1,0.0
beta.53,sim,500,,,awgn,-2.0,average,fading,,1000,148.9,53.7,296.0,0.182,0,3,3,3,8,48,0,0,0,1,0.0
beta.53,sim,500,,,awgn,-2.0,average,fading,,1000,105.5,75.8,296.0,0.256,0,3,3,2,10,60,0,0,0,1,0.0
beta.53,sim,500,,,awgn,-2.0,average,fading,,1000,124.0,64.5,296.0,0.218,0,3,3,3,9,51,0,0,0,1,0.0
beta.53,sim,500,,,awgn,-2.0,average,fading,,1000,79.7,100.4,296.0,0.339,2,3,3,1,11,62,0,0,0,1,0.0
beta.53,sim,500,,,awgn,-2.0,average,fading,,1000,148.9,53.7,296.0,0.182,0,3,3,3,8,48,0,0,0,1,0.0
beta.53,sim,500,,,awgn,-2.0,average,fading,,1000,124.0,64.5,296.0,0.218,0,3,3,3,9,51,0,0,0,1,0.0
beta.53,sim,500,,,awgn,-2.0,average,fading,,1000,124.0,64.5,296.0,0.218,0,3,3,3,9,51,0,0,0,1,0.0
beta.53,sim,500,,,awgn,-2.0,average,fading,,1000,148.9,53.7,296.0,0.182,0,3,3,3,8,48,0,0,0,1,0.0
beta.53,sim,500,,,awgn,-2.0,average,fading,,1000,127.2,62.9,296.0,0.212,0,3,3,3,9,54,0,0,0,1,0.0
beta.53,sim,500,,,awgn,-2.0,average,fading,,1000,148.9,53.7,296.0,0.182,0,3,3,3,8,48,0,0,0,1,0.0
beta.53,sim,500,,,awgn,-2.0,average,fading,,1000,79.7,100.4,296.0,0.339,2,3,3,1,11,62,0,0,0,1,0.0
beta.53,sim,500,,,awgn,-2.0,average,fading,,1000,124.0,64.5,296.0,0.218,0,3,3,3,9,51,0,0,0,1,0.0
beta.53,sim,500,,,awgn,-2.0,average,fading,,1000,105.5,75.8,296.0,0.256,0,3,3,2,10,60,0,0,0,1,0.0
beta.53,sim,500,,,awgn,-2.0,average,fading,,1000,127.2,62.9,296.0,0.212,0,3,3,3,9,54,0,0,0,1,0.0
beta.53,sim,500,,,awgn,-2.0,average,fading,,1000,76.5,104.5,296.0,0.353,2,3,3,1,10,60,0,0,0,1,0.0
beta.53,sim,500,,,awgn,-2.0,average,fading,,1000,105.5,75.8,296.0,0.256,0,3,3,2,10,60,0,0,0,1,0.0
beta.53,sim,500,,,awgn,-2.0,average,fading,,1000,76.5,104.5,296.0,0.353,2,3,3,1,10,60,0,0,0,1,0.0
beta.53,sim,500,,,awgn,-2.0,average,fading,,1000,148.9,53.7,296.0,0.182,0,3,3,3,8,48,0,0,0,1,0.0
beta.53,sim,500,,,awgn,-2.0,average,fading,,1000,148.9,53.7,296.0,0.182,0,3,3,3,8,48,0,0,0,1,0.0
beta.53,sim,500,,,awgn,0.0,average,fading,,1000,54.5,146.9,402.3,0.365,2,4,4,2,7,42,0,0,0,1,0.0
beta.53,sim,500,,,awgn,0.0,average,fading,,1000,54.5,146.9,402.3,0.365,2,4,4,2,7,42,0,0,0,1,0.0
beta.53,sim,500,,,awgn,0.0,average,fading,,1000,54.5,146.9,402.3,0.365,2,4,4,2,7,42,0,0,0,1,0.0
beta.53,sim,500,,,awgn,0.0,average,fading,,1000,54.5,146.9,402.3,0.365,2,4,4,2,7,42,0,0,0,1,0.0
beta.53,sim,500,,,awgn,0.0,average,fading,,1000,47.1,169.8,402.3,0.422,2,4,4,1,6,36,0,0,0,1,0.0
beta.53,sim,500,,,awgn,0.0,average,fading,,1000,54.5,146.9,402.3,0.365,2,4,4,2,7,42,0,0,0,1,0.0
beta.53,sim,500,,,awgn,0.0,average,fading,,1000,54.5,146.9,402.3,0.365,2,4,4,2,7,42,0,0,0,1,0.0
beta.53,sim,500,,,awgn,0.0,average,fading,,1000,52.4,152.8,402.3,0.38,2,4,4,2,7,40,0,0,0,1,0.0
beta.53,sim,500,,,awgn,0.0,average,fading,,1000,54.5,146.9,402.3,0.365,2,4,4,2,7,42,0,0,0,1,0.0
beta.53,sim,500,,,awgn,0.0,average,fading,,1000,54.5,146.9,402.3,0.365,2,4,4,2,7,42,0,0,0,1,0.0
beta.53,sim,500,,,awgn,0.0,average,fading,,1000,52.4,152.8,402.3,0.38,2,4,4,2,7,40,0,0,0,1,0.0
beta.53,sim,500,,,awgn,0.0,average,fading,,1000,54.5,146.9,402.3,0.365,2,4,4,2,7,42,0,0,0,1,0.0
beta.53,sim,500,,,awgn,0.0,average,fading,,1000,54.5,146.9,402.3,0.365,2,4,4,2,7,42,0,0,0,1,0.0
beta.53,sim,500,,,awgn,0.0,average,fading,,1000,54.5,146.9,402.3,0.365,2,4,4,2,7,42,0,0,0,1,0.0
beta.53,sim,500,,,awgn,0.0,average,fading,,1000,54.5,146.9,402.3,0.365,2,4,4,2,7,42,0,0,0,1,0.0
beta.53,sim,500,,,awgn,0.0,average,fading,,1000,56.6,141.5,402.3,0.352,2,4,4,2,8,43,0,0,0,1,0.0
beta.53,sim,500,,,awgn,0.0,average,fading,,1000,54.5,146.9,402.3,0.365,2,4,4,2,7,42,0,0,0,1,0.0
beta.53,sim,500,,,awgn,0.0,average,fading,,1000,54.5,146.9,402.3,0.365,2,4,4,2,7,42,0,0,0,1,0.0
beta.53,sim,500,,,awgn,0.0,average,fading,,1000,56.6,141.5,402.3,0.352,2,4,4,2,8,43,0,0,0,1,0.0
beta.53,sim,500,,,awgn,0.0,average,fading,,1000,54.5,146.9,402.3,0.365,2,4,4,2,7,42,0,0,0,1,0.0
beta.53,sim,500,,,awgn,0.0,average,fading,,1000,54.5,146.9,402.3,0.365,2,4,4,2,7,42,0,0,0,1,0.0
beta.53,sim,500,,,awgn,0.0,average,fading,,1000,52.4,152.8,402.3,0.38,2,4,4,2,7,40,0,0,0,1,0.0
beta.53,sim,500,,,awgn,0.0,average,fading,,1000,54.5,146.9,402.3,0.365,2,4,4,2,7,42,0,0,0,1,0.0
beta.53,sim,500,,,awgn,0.0,average,fading,,1000,56.6,141.5,402.3,0.352,2,4,4,2,8,43,0,0,0,1,0.0
beta.53,sim,500,,,awgn,0.0,average,fading,,1000,52.4,152.8,402.3,0.38,2,4,4,2,7,40,0,0,0,1,0.0
beta.53,sim,500,,,awgn,0.0,average,fading,,1000,47.1,169.8,402.3,0.422,2,4,4,1,6,36,0,0,0,1,0.0
beta.53,sim,500,,,awgn,0.0,average,fading,,1000,54.5,146.9,402.3,0.365,2,4,4,2,7,42,0,0,0,1,0.0
beta.53,sim,500,,,awgn,0.0,average,fading,,1000,52.4,152.8,402.3,0.38,2,4,4,2,7,40,0,0,0,1,0.0
beta.53,sim,500,,,awgn,0.0,average,fading,,1000,54.5,146.9,402.3,0.365,2,4,4,2,7,42,0,0,0,1,0.0
beta.53,sim,500,,,awgn,0.0,average,fading,,1000,54.5,146.9,402.3,0.365,2,4,4,2,7,42,0,0,0,1,0.0
beta.53,sim,500,,,awgn,2.0,average,fading,,1000,44.0,182.0,538.9,0.338,2,5,5,2,6,33,0,0,0,1,0.0
beta.53,sim,500,,,awgn,2.0,average,fading,,1000,44.0,182.0,538.9,0.338,2,5,5,2,6,33,0,0,0,1,0.0
beta.53,sim,500,,,awgn,2.0,average,fading,,1000,44.0,182.0,538.9,0.338,2,5,5,2,6,33,0,0,0,1,0.0
beta.53,sim,500,,,awgn,2.0,average,fading,,1000,44.0,182.0,538.9,0.338,2,5,5,2,6,33,0,0,0,1,0.0
beta.53,sim,500,,,awgn,2.0,average,fading,,1000,41.8,191.2,538.9,0.355,3,5,5,1,6,31,0,0,0,1,0.0
beta.53,sim,500,,,awgn,2.0,average,fading,,1000,44.0,182.0,538.9,0.338,2,5,5,2,6,33,0,0,0,1,0.0
beta.53,sim,500,,,awgn,2.0,average,fading,,1000,45.0,177.7,538.9,0.33,2,5,5,2,6,34,0,0,0,1,0.0
beta.53,sim,500,,,awgn,2.0,average,fading,,1000,44.0,182.0,538.9,0.338,2,5,5,2,6,33,0,0,0,1,0.0
beta.53,sim,500,,,awgn,2.0,average,fading,,1000,44.0,182.0,538.9,0.338,2,5,5,2,6,33,0,0,0,1,0.0
beta.53,sim,500,,,awgn,2.0,average,fading,,1000,42.9,186.5,538.9,0.346,2,5,5,1,6,32,0,0,0,1,0.0
beta.53,sim,500,,,awgn,2.0,average,fading,,1000,42.9,186.5,538.9,0.346,2,5,5,1,6,32,0,0,0,1,0.0
beta.53,sim,500,,,awgn,2.0,average,fading,,1000,45.0,177.7,538.9,0.33,2,5,5,2,6,34,0,0,0,1,0.0
beta.53,sim,500,,,awgn,2.0,average,fading,,1000,42.9,186.5,538.9,0.346,2,5,5,1,6,32,0,0,0,1,0.0
beta.53,sim,500,,,awgn,2.0,average,fading,,1000,44.0,182.0,538.9,0.338,2,5,5,2,6,33,0,0,0,1,0.0
beta.53,sim,500,,,awgn,2.0,average,fading,,1000,41.8,191.2,538.9,0.355,3,5,5,1,6,31,0,0,0,1,0.0
beta.53,sim,500,,,awgn,2.0,average,fading,,1000,45.0,177.7,538.9,0.33,2,5,5,2,6,34,0,0,0,1,0.0
beta.53,sim,500,,,awgn,2.0,average,fading,,1000,44.0,182.0,538.9,0.338,2,5,5,2,6,33,0,0,0,1,0.0
beta.53,sim,500,,,awgn,2.0,average,fading,,1000,44.0,182.0,538.9,0.338,2,5,5,2,6,33,0,0,0,1,0.0
beta.53,sim,500,,,awgn,2.0,average,fading,,1000,45.0,177.7,538.9,0.33,2,5,5,2,6,34,0,0,0,1,0.0
beta.53,sim,500,,,awgn,2.0,average,fading,,1000,44.0,182.0,538.9,0.338,2,5,5,2,6,33,0,0,0,1,0.0
beta.53,sim,500,,,awgn,2.0,average,fading,,1000,45.0,177.7,538.9,0.33,2,5,5,2,6,34,0,0,0,1,0.0
beta.53,sim,500,,,awgn,2.0,average,fading,,1000,41.8,191.2,538.9,0.355,3,5,5,1,6,31,0,0,0,1,0.0
beta.53,sim,500,,,awgn,2.0,average,fading,,1000,44.0,182.0,538.9,0.338,2,5,5,2,6,33,0,0,0,1,0.0
beta.53,sim,500,,,awgn,2.0,average,fading,,1000,42.9,186.5,538.9,0.346,2,5,5,1,6,32,0,0,0,1,0.0
beta.53,sim,500,,,awgn,2.0,average,fading,,1000,44.0,182.0,538.9,0.338,2,5,5,2,6,33,0,0,0,1,0.0
beta.53,sim,500,,,awgn,2.0,average,fading,,1000,41.8,191.2,538.9,0.355,3,5,5,1,6,31,0,0,0,1,0.0
beta.53,sim,500,,,awgn,2.0,average,fading,,1000,42.9,186.5,538.9,0.346,2,5,5,1,6,32,0,0,0,1,0.0
beta.53,sim,500,,,awgn,2.0,average,fading,,1000,41.8,191.2,538.9,0.355,3,5,5,1,6,31,0,0,0,1,0.0
beta.53,sim,500,,,awgn,2.0,average,fading,,1000,45.0,177.7,538.9,0.33,2,5,5,2,6,34,0,0,0,1,0.0
beta.53,sim,500,,,awgn,2.0,average,fading,,1000,44.0,182.0,538.9,0.338,2,5,5,2,6,33,0,0,0,1,0.0
beta.53,sim,500,,,awgn,6.0,average,fading,,1000,28.2,283.7,614.8,0.461,4,8,8,2,4,20,0,0,0,1,0.0
beta.53,sim,500,,,awgn,6.0,average,fading,,1000,28.2,283.7,614.8,0.461,4,8,8,2,4,20,0,0,0,1,0.0
beta.53,sim,500,,,awgn,6.0,average,fading,,1000,28.2,283.7,614.8,0.461,4,8,8,2,4,20,0,0,0,1,0.0
beta.53,sim,500,,,awgn,6.0,average,fading,,1000,28.2,283.7,614.8,0.461,4,8,8,2,4,20,0,0,0,1,0.0
beta.53,sim,500,,,awgn,6.0,average,fading,,1000,25.1,319.2,614.8,0.519,5,8,8,1,3,18,0,0,0,1,0.0
beta.53,sim,500,,,awgn,6.0,average,fading,,1000,28.2,283.7,614.8,0.461,4,8,8,2,4,20,0,0,0,1,0.0
beta.53,sim,500,,,awgn,6.0,average,fading,,1000,30.3,264.0,614.8,0.429,4,8,8,2,4,22,0,0,0,1,0.0
beta.53,sim,500,,,awgn,6.0,average,fading,,1000,28.2,283.7,614.8,0.461,4,8,8,2,4,20,0,0,0,1,0.0
beta.53,sim,500,,,awgn,6.0,average,fading,,1000,28.2,283.7,614.8,0.461,4,8,8,2,4,20,0,0,0,1,0.0
beta.53,sim,500,,,awgn,6.0,average,fading,,1000,28.2,283.7,614.8,0.461,4,8,8,2,4,20,0,0,0,1,0.0
beta.53,sim,500,,,awgn,6.0,average,fading,,1000,28.2,283.7,614.8,0.461,4,8,8,2,4,20,0,0,0,1,0.0
beta.53,sim,500,,,awgn,6.0,average,fading,,1000,30.3,264.0,614.8,0.429,4,8,8,2,4,22,0,0,0,1,0.0
beta.53,sim,500,,,awgn,6.0,average,fading,,1000,28.2,283.7,614.8,0.461,4,8,8,2,4,20,0,0,0,1,0.0
beta.53,sim,500,,,awgn,6.0,average,fading,,1000,28.2,283.7,614.8,0.461,4,8,8,2,4,20,0,0,0,1,0.0
beta.53,sim,500,,,awgn,6.0,average,fading,,1000,25.1,319.2,614.8,0.519,5,8,8,1,3,18,0,0,0,1,0.0
beta.53,sim,500,,,awgn,6.0,average,fading,,1000,30.3,264.0,614.8,0.429,4,8,8,2,4,22,0,0,0,1,0.0
beta.53,sim,500,,,awgn,6.0,average,fading,,1000,28.2,283.7,614.8,0.461,4,8,8,2,4,20,0,0,0,1,0.0
beta.53,sim,500,,,awgn,6.0,average,fading,,1000,28.2,283.7,614.8,0.461,4,8,8,2,4,20,0,0,0,1,0.0
beta.53,sim,500,,,awgn,6.0,average,fading,,1000,30.3,264.0,614.8,0.429,4,8,8,2,4,22,0,0,0,1,0.0
beta.53,sim,500,,,awgn,6.0,average,fading,,1000,28.2,283.7,614.8,0.461,4,8,8,2,4,20,0,0,0,1,0.0
beta.53,sim,500,,,awgn,6.0,average,fading,,1000,30.3,264.0,614.8,0.429,4,8,8,2,4,22,0,0,0,1,0.0
beta.53,sim,500,,,awgn,6.0,average,fading,,1000,25.1,319.2,614.8,0.519,5,8,8,1,3,18,0,0,0,1,0.0
beta.53,sim,500,,,awgn,6.0,average,fading,,1000,28.2,283.7,614.8,0.461,4,8,8,2,4,20,0,0,0,1,0.0
beta.53,sim,500,,,awgn,6.0,average,fading,,1000,28.2,283.7,614.8,0.461,4,8,8,2,4,20,0,0,0,1,0.0
beta.53,sim,500,,,awgn,6.0,average,fading,,1000,28.2,283.7,614.8,0.461,4,8,8,2,4,20,0,0,0,1,0.0
beta.53,sim,500,,,awgn,6.0,average,fading,,1000,25.1,319.2,614.8,0.519,5,8,8,1,3,18,0,0,0,1,0.0
beta.53,sim,500,,,awgn,6.0,average,fading,,1000,28.2,283.7,614.8,0.461,4,8,8,2,4,20,0,0,0,1,0.0
beta.53,sim,500,,,awgn,6.0,average,fading,,1000,25.1,319.2,614.8,0.519,5,8,8,1,3,18,0,0,0,1,0.0
beta.53,sim,500,,,awgn,6.0,average,fading,,1000,30.3,264.0,614.8,0.429,4,8,8,2,4,22,0,0,0,1,0.0
beta.53,sim,500,,,awgn,6.0,average,fading,,1000,30.3,264.0,614.8,0.429,4,8,8,2,4,22,0,0,0,1,0.0
beta.53,sim,500,,,good,-18.0,average,fading,,1000,159.4,0.0,0.0,,,,,0,0,0,0,0,0,0,0.0
beta.53,sim,500,,,good,-18.0,average,fading,,1000,237.4,0.0,0.0,,,,,0,0,0,0,0,0,0,0.1
beta.53,sim,500,,,good,-18.0,average,fading,,1000,301.3,3.3,0.0,,0,0,0,0,4,24,18,2,3,0,0.0
beta.53,sim,500,,,good,-18.0,average,fading,,1000,158.6,0.0,0.0,,,,,0,0,0,0,0,0,0,0.0
beta.53,sim,500,,,good,-18.0,average,fading,,1000,183.3,0.0,0.0,,,,,0,0,0,0,0,0,0,0.0
beta.53,sim,500,,,good,-18.0,average,fading,,1000,764.1,9.5,0.0,,0,0,0,0,16,96,53,11,8,0,0.2
beta.53,sim,500,,,good,-18.0,average,fading,,1000,79.4,0.0,0.0,,,,,0,0,0,0,0,0,0,0.0
beta.53,sim,500,,,good,-18.0,average,fading,,1000,640.3,12.5,0.0,,0,0,0,0,19,96,48,14,8,1,0.2
beta.53,sim,500,,,good,-18.0,average,fading,,1000,543.1,7.4,0.0,,0,0,0,0,11,66,42,8,6,0,0.2
beta.53,sim,500,,,good,-18.0,average,fading,,1000,565.5,7.1,0.0,,0,0,0,0,11,66,42,4,6,0,0.2
beta.53,sim,500,,,good,-18.0,average,fading,,1000,444.0,6.8,0.0,,0,0,0,0,8,48,30,1,5,0,0.1
beta.53,sim,500,,,good,-18.0,average,fading,,1000,157.2,0.0,0.0,,,,,0,0,0,0,0,0,0,0.0
beta.53,sim,500,,,good,-18.0,average,fading,,1000,193.7,0.0,0.0,,,,,0,0,0,0,0,0,0,0.0
beta.53,sim,500,,,good,-18.0,average,fading,,1000,135.6,0.0,0.0,,,,,0,0,0,0,0,0,0,0.0
beta.53,sim,500,,,good,-18.0,average,fading,,1000,192.2,0.0,0.0,,,,,0,0,0,0,0,0,0,0.0
beta.53,sim,500,,,good,-18.0,average,fading,,1000,236.0,0.0,0.0,,,,,0,0,0,0,0,0,0,0.0
beta.53,sim,500,,,good,-18.0,average,fading,,1000,156.8,0.0,0.0,,,,,0,0,0,0,0,0,0,0.0
beta.53,sim,500,,,good,-18.0,average,fading,,1000,348.7,2.9,0.0,,0,0,0,0,4,24,18,3,3,0,0.1
beta.53,sim,500,,,good,-18.0,average,fading,,1000,795.3,10.1,0.0,,0,0,0,0,20,117,69,18,6,1,0.3
beta.53,sim,500,,,good,-18.0,average,fading,,1000,181.5,0.0,0.0,,,,,0,0,0,0,0,0,0,0.0
beta.53,sim,500,,,good,-18.0,average,fading,,1000,781.0,8.6,0.0,,0,0,0,0,16,96,56,14,7,0,0.2
beta.53,sim,500,,,good,-18.0,average,fading,,1000,204.6,0.0,0.0,,,,,0,0,0,0,0,0,0,0.0
beta.53,sim,500,,,good,-18.0,average,fading,,1000,360.9,2.8,0.0,,0,0,0,0,4,24,18,1,3,0,0.1
beta.53,sim,500,,,good,-18.0,average,fading,,1000,639.7,6.0,0.0,,0,0,0,0,11,66,43,7,6,0,0.1
beta.53,sim,500,,,good,-18.0,average,fading,,1000,94.3,0.0,0.0,,,,,0,0,0,0,0,0,0,0.0
beta.53,sim,500,,,good,-18.0,average,fading,,1000,190.5,0.0,0.0,,,,,0,0,0,0,0,0,0,0.0
beta.53,sim,500,,,good,-18.0,average,fading,,1000,795.6,10.1,0.0,,0,0,0,0,21,114,66,14,10,1,0.2
beta.53,sim,500,,,good,-18.0,average,fading,,1000,686.5,11.7,0.0,,0,0,0,0,18,104,56,10,7,1,0.3
beta.53,sim,500,,,good,-18.0,average,fading,,1000,183.6,0.0,0.0,,,,,0,0,0,0,0,0,0,0.0
beta.53,sim,500,,,good,-18.0,average,fading,,1000,216.3,0.0,0.0,,,,,0,0,0,0,0,0,0,0.1
beta.53,sim,500,,,good,-14.0,average,fading,,1000,465.6,17.2,0.0,,0,0,0,0,13,70,22,3,2,1,0.2
beta.53,sim,500,,,good,-14.0,average,fading,,1000,560.5,14.3,0.0,,0,0,0,0,13,73,25,2,3,1,0.2
beta.53,sim,500,,,good,-14.0,average,fading,,1000,341.8,23.4,0.0,,0,1,0,2,9,52,7,1,0,1,0.2
beta.53,sim,500,,,good,-14.0,average,fading,,1000,158.6,0.0,0.0,,,,,0,0,0,0,0,0,0,0.0
beta.53,sim,500,,,good,-14.0,average,fading,,1000,443.4,18.0,0.0,,0,0,0,0,12,68,20,1,3,1,0.2
beta.53,sim,500,,,good,-14.0,average,fading,,1000,454.5,17.6,0.0,,0,0,0,0,13,68,20,1,3,1,0.2
beta.53,sim,500,,,good,-14.0,average,fading,,1000,585.4,13.7,0.0,,0,0,0,0,14,83,35,4,5,1,0.2
beta.53,sim,500,,,good,-14.0,average,fading,,1000,499.5,16.0,0.0,,0,0,0,0,13,78,30,7,3,1,0.2
beta.53,sim,500,,,good,-14.0,average,fading,,1000,432.3,18.5,0.0,,0,1,0,2,11,64,19,7,2,1,0.1
beta.53,sim,500,,,good,-14.0,average,fading,,1000,439.1,18.2,0.0,,0,1,0,2,12,67,22,3,3,1,0.1
beta.53,sim,500,,,good,-14.0,average,fading,,1000,453.2,10.0,0.0,,0,0,0,0,8,48,21,0,3,0,0.1
beta.53,sim,500,,,good,-14.0,average,fading,,1000,451.1,17.7,0.0,,0,0,0,0,11,65,17,2,1,1,0.2
beta.53,sim,500,,,good,-14.0,average,fading,,1000,225.8,0.0,0.0,,,,,0,0,0,0,0,0,0,0.0
beta.53,sim,500,,,good,-14.0,average,fading,,1000,533.5,15.0,0.0,,0,0,0,0,12,67,19,1,1,1,0.2
beta.53,sim,500,,,good,-14.0,average,fading,,1000,192.2,0.0,0.0,,,,,0,0,0,0,0,0,0,0.0
beta.53,sim,500,,,good,-14.0,average,fading,,1000,568.8,14.1,0.0,,0,0,0,0,16,88,40,2,7,1,0.2
beta.53,sim,500,,,good,-14.0,average,fading,,1000,210.8,0.0,0.0,,,,,0,0,0,0,0,0,0,0.0
beta.53,sim,500,,,good,-14.0,average,fading,,1000,529.5,15.1,0.0,,0,0,0,0,17,72,24,0,7,1,0.2
beta.53,sim,500,,,good,-14.0,average,fading,,1000,466.1,17.2,0.0,,0,0,0,0,14,71,23,7,2,1,0.2
beta.53,sim,500,,,good,-14.0,average,fading,,1000,524.9,10.6,0.0,,0,0,0,0,10,60,27,4,3,0,0.1
beta.53,sim,500,,,good,-14.0,average,fading,,1000,439.4,18.2,0.0,,0,0,0,0,11,62,14,0,1,1,0.2
beta.53,sim,500,,,good,-14.0,average,fading,,1000,500.7,16.0,0.0,,0,0,0,0,13,78,30,2,4,1,0.1
beta.53,sim,500,,,good,-14.0,average,fading,,1000,496.6,16.1,0.0,,0,0,0,0,14,75,27,4,4,1,0.2
beta.53,sim,500,,,good,-14.0,average,fading,,1000,638.9,12.5,0.0,,0,0,0,0,16,87,39,4,5,1,0.2
beta.53,sim,500,,,good,-14.0,average,fading,,1000,471.4,17.0,0.0,,0,0,0,0,12,70,22,1,2,1,0.2
beta.53,sim,500,,,good,-14.0,average,fading,,1000,190.5,0.0,0.0,,,,,0,0,0,0,0,0,0,0.0
beta.53,sim,500,,,good,-14.0,average,fading,,1000,562.0,10.8,0.0,,0,0,0,0,11,66,30,0,4,0,0.1
beta.53,sim,500,,,good,-14.0,average,fading,,1000,416.6,19.2,0.0,,0,0,0,0,11,60,12,0,1,1,0.1
beta.53,sim,500,,,good,-14.0,average,fading,,1000,158.2,0.0,0.0,,,,,0,0,0,0,0,0,0,0.0
beta.53,sim,500,,,good,-14.0,average,fading,,1000,543.9,14.7,0.0,,0,0,0,0,15,84,36,1,6,1,0.2
beta.53,sim,500,,,good,-12.0,average,fading,,1000,417.9,19.1,0.0,,0,0,0,0,11,64,16,2,2,1,0.1
beta.53,sim,500,,,good,-12.0,average,fading,,1000,468.3,17.1,0.0,,0,0,0,0,11,59,11,0,1,1,0.1
beta.53,sim,500,,,good,-12.0,average,fading,,1000,331.4,24.1,0.0,,0,1,0,2,8,48,3,0,0,1,0.1
beta.53,sim,500,,,good,-12.0,average,fading,,1000,390.7,20.5,0.0,,0,1,0,2,10,60,15,1,1,1,0.1
beta.53,sim,500,,,good,-12.0,average,fading,,1000,354.1,22.6,0.0,,0,1,0,2,9,54,9,0,1,1,0.1
beta.53,sim,500,,,good,-12.0,average,fading,,1000,327.1,24.5,0.0,,0,1,0,2,9,49,8,0,1,1,0.1
beta.53,sim,500,,,good,-12.0,average,fading,,1000,480.9,16.6,0.0,,0,0,0,0,13,74,26,1,4,1,0.1
beta.53,sim,500,,,good,-12.0,average,fading,,1000,416.3,19.2,0.0,,0,0,0,0,11,63,15,2,1,1,0.1
beta.53,sim,500,,,good,-12.0,average,fading,,1000,384.4,20.8,0.0,,0,1,0,2,10,56,11,2,1,1,0.1
beta.53,sim,500,,,good,-12.0,average,fading,,1000,370.4,21.6,0.0,,0,1,0,2,9,54,9,0,1,1,0.1
beta.53,sim,500,,,good,-12.0,average,fading,,1000,364.7,21.9,0.0,,0,1,0,2,10,55,14,0,2,1,0.1
beta.53,sim,500,,,good,-12.0,average,fading,,1000,391.0,20.5,0.0,,0,1,0,2,9,54,9,2,0,1,0.1
beta.53,sim,500,,,good,-12.0,average,fading,,1000,362.1,22.1,0.0,,0,0,0,0,10,55,7,1,0,1,0.1
beta.53,sim,500,,,good,-12.0,average,fading,,1000,468.8,17.1,0.0,,0,0,0,0,13,72,24,1,3,1,0.1
beta.53,sim,500,,,good,-12.0,average,fading,,1000,192.2,0.0,0.0,,,,,0,0,0,0,0,0,0,0.0
beta.53,sim,500,,,good,-12.0,average,fading,,1000,472.6,16.9,0.0,,0,0,0,0,13,73,25,0,3,1,0.1
beta.53,sim,500,,,good,-12.0,average,fading,,1000,380.0,21.1,0.0,,0,0,0,0,10,57,9,0,1,1,0.1
beta.53,sim,500,,,good,-12.0,average,fading,,1000,368.7,21.7,0.0,,0,1,0,2,9,52,11,2,1,1,0.1
beta.53,sim,500,,,good,-12.0,average,fading,,1000,412.5,19.4,0.0,,0,0,0,0,11,62,14,1,2,1,0.1
beta.53,sim,500,,,good,-12.0,average,fading,,1000,431.0,18.6,0.0,,0,0,0,0,12,66,18,1,2,1,0.1
beta.53,sim,500,,,good,-12.0,average,fading,,1000,352.4,22.7,0.0,,0,0,0,0,10,52,4,0,0,1,0.1
beta.53,sim,500,,,good,-12.0,average,fading,,1000,405.8,19.7,0.0,,0,1,0,2,11,62,17,0,3,1,0.1
beta.53,sim,500,,,good,-12.0,average,fading,,1000,368.6,21.7,0.0,,0,1,0,2,9,54,9,0,1,1,0.1
beta.53,sim,500,,,good,-12.0,average,fading,,1000,399.2,20.0,0.0,,0,0,0,0,11,61,13,2,1,1,0.1
beta.53,sim,500,,,good,-12.0,average,fading,,1000,360.8,22.2,0.0,,0,0,0,0,9,52,4,0,0,1,0.1
beta.53,sim,500,,,good,-12.0,average,fading,,1000,362.0,22.1,0.0,,0,0,0,0,10,55,7,0,0,1,0.1
beta.53,sim,500,,,good,-12.0,average,fading,,1000,562.0,11.7,0.0,,0,0,0,0,11,66,27,0,4,0,0.1
beta.53,sim,500,,,good,-12.0,average,fading,,1000,333.5,24.0,0.0,,0,1,1,1,8,47,1,0,0,1,0.1
beta.53,sim,500,,,good,-12.0,average,fading,,1000,158.2,0.0,0.0,,,,,0,0,0,0,0,0,0,0.0
beta.53,sim,500,,,good,-12.0,average,fading,,1000,474.9,16.8,0.0,,0,0,0,0,13,73,25,0,4,1,0.1
beta.53,sim,500,,,good,-10.0,average,fading,,1000,381.5,21.0,35.8,0.585,0,1,0,2,10,58,13,0,2,1,0.1
beta.53,sim,500,,,good,-10.0,average,fading,,1000,453.4,17.6,35.8,0.493,0,0,0,0,10,57,9,0,1,1,0.1
beta.53,sim,500,,,good,-10.0,average,fading,,1000,243.4,32.9,35.8,0.917,0,1,1,3,6,36,2,0,0,1,0.1
beta.53,sim,500,,,good,-10.0,average,fading,,1000,305.3,26.2,35.8,0.732,0,1,0,2,9,45,4,1,0,1,0.1
beta.53,sim,500,,,good,-10.0,average,fading,,1000,348.8,22.9,35.8,0.64,0,1,0,2,9,53,8,0,1,1,0.1
beta.53,sim,500,,,good,-10.0,average,fading,,1000,322.0,24.8,35.8,0.694,0,1,0,4,8,46,8,0,1,1,0.1
beta.53,sim,500,,,good,-10.0,average,fading,,1000,321.9,24.9,35.8,0.694,0,1,0,2,8,46,1,0,0,1,0.1
beta.53,sim,500,,,good,-10.0,average,fading,,1000,350.5,22.8,35.8,0.637,0,0,0,0,10,53,5,1,0,1,0.1
beta.53,sim,500,,,good,-10.0,average,fading,,1000,295.7,27.1,35.8,0.755,0,1,0,4,8,44,3,1,0,1,0.1
beta.53,sim,500,,,good,-10.0,average,fading,,1000,328.5,24.4,35.8,0.68,0,1,0,4,9,49,8,0,1,1,0.1
beta.53,sim,500,,,good,-10.0,average,fading,,1000,301.9,26.5,35.8,0.74,0,1,0,2,8,45,7,0,1,1,0.1
beta.53,sim,500,,,good,-10.0,average,fading,,1000,359.7,22.2,35.8,0.621,0,1,0,2,9,51,6,2,0,1,0.1
beta.53,sim,500,,,good,-10.0,average,fading,,1000,321.1,24.9,35.8,0.695,0,1,0,4,9,48,4,1,1,1,0.1
beta.53,sim,500,,,good,-10.0,average,fading,,1000,380.4,21.0,35.8,0.587,0,1,0,2,10,58,13,0,2,1,0.1
beta.53,sim,500,,,good,-10.0,average,fading,,1000,192.2,0.0,35.8,0.0,,,,0,0,0,0,0,0,0,0.0
beta.53,sim,500,,,good,-10.0,average,fading,,1000,362.8,22.1,35.8,0.616,0,1,0,4,10,55,16,1,2,1,0.1
beta.53,sim,500,,,good,-10.0,average,fading,,1000,267.3,29.9,35.8,0.835,0,1,0,4,8,42,4,0,0,1,0.1
beta.53,sim,500,,,good,-10.0,average,fading,,1000,326.5,24.5,35.8,0.684,0,0,0,0,9,49,1,0,0,1,0.1
beta.53,sim,500,,,good,-10.0,average,fading,,1000,325.6,24.6,35.8,0.686,0,1,0,2,9,49,4,0,0,1,0.1
beta.53,sim,500,,,good,-10.0,average,fading,,1000,336.5,23.8,35.8,0.664,0,1,0,2,9,51,6,2,0,1,0.1
beta.53,sim,500,,,good,-10.0,average,fading,,1000,315.3,25.4,35.8,0.708,0,1,0,2,8,48,3,0,0,1,0.1
beta.53,sim,500,,,good,-10.0,average,fading,,1000,331.5,24.1,35.8,0.674,0,1,0,2,9,50,9,1,1,1,0.1
beta.53,sim,500,,,good,-10.0,average,fading,,1000,257.8,31.0,35.8,0.866,0,1,0,4,7,41,3,1,0,1,0.1
beta.53,sim,500,,,good,-10.0,average,fading,,1000,389.6,20.5,35.8,0.573,0,0,0,0,10,60,12,0,1,1,0.1
beta.53,sim,500,,,good,-10.0,average,fading,,1000,286.2,28.0,35.8,0.78,0,1,0,2,8,42,7,0,1,1,0.1
beta.53,sim,500,,,good,-10.0,average,fading,,1000,289.2,27.7,35.8,0.772,0,1,0,4,8,43,5,0,0,1,0.1
beta.53,sim,500,,,good,-10.0,average,fading,,1000,353.3,22.6,35.8,0.632,0,1,0,2,9,54,9,0,1,1,0.1
beta.53,sim,500,,,good,-10.0,average,fading,,1000,291.7,27.4,35.8,0.766,0,1,1,1,7,40,1,0,0,1,0.1
beta.53,sim,500,,,good,-10.0,average,fading,,1000,361.4,22.1,35.8,0.618,0,1,0,2,9,53,8,1,0,1,0.1
beta.53,sim,500,,,good,-10.0,average,fading,,1000,437.8,18.3,35.8,0.51,0,0,0,0,12,67,19,0,3,1,0.1
beta.53,sim,500,,,good,-8.0,average,fading,,1000,308.0,26.0,53.7,0.483,0,1,0,4,8,46,8,0,1,1,0.1
beta.53,sim,500,,,good,-8.0,average,fading,,1000,240.5,33.3,53.7,0.619,0,1,0,4,7,37,2,0,0,1,0.1
beta.53,sim,500,,,good,-8.0,average,fading,,1000,243.4,32.9,53.7,0.612,0,1,1,3,6,36,1,0,0,1,0.1
beta.53,sim,500,,,good,-8.0,average,fading,,1000,248.6,32.2,53.7,0.599,0,1,0,2,7,36,2,0,0,1,0.1
beta.53,sim,500,,,good,-8.0,average,fading,,1000,241.0,33.2,53.7,0.618,0,1,1,3,7,37,3,0,0,1,0.1
beta.53,sim,500,,,good,-8.0,average,fading,,1000,227.9,35.1,53.7,0.653,0,1,1,1,6,33,0,0,0,1,0.1
beta.53,sim,500,,,good,-8.0,average,fading,,1000,244.7,32.7,53.7,0.609,0,1,1,3,6,36,1,0,0,1,0.1
beta.53,sim,500,,,good,-8.0,average,fading,,1000,294.1,27.2,53.7,0.506,0,1,0,4,7,42,4,1,0,1,0.1
beta.53,sim,500,,,good,-8.0,average,fading,,1000,290.3,27.6,53.7,0.513,0,1,1,5,8,43,2,1,0,1,0.1
beta.53,sim,500,,,good,-8.0,average,fading,,1000,240.0,33.3,53.7,0.62,0,1,0,2,6,35,1,0,0,1,0.1
beta.53,sim,500,,,good,-8.0,average,fading,,1000,254.1,31.5,53.7,0.586,0,1,0,4,7,37,2,0,0,1,0.1
beta.53,sim,500,,,good,-8.0,average,fading,,1000,310.0,25.8,53.7,0.48,0,1,0,4,9,46,8,0,1,1,0.1
beta.53,sim,500,,,good,-8.0,average,fading,,1000,253.0,31.6,53.7,0.589,0,1,0,4,7,37,2,0,0,1,0.1
beta.53,sim,500,,,good,-8.0,average,fading,,1000,327.1,24.5,53.7,0.455,0,1,1,3,9,49,8,1,1,1,0.1
beta.53,sim,500,,,good,-8.0,average,fading,,1000,192.2,0.0,53.7,0.0,,,,0,0,0,0,0,0,0,0.0
beta.53,sim,500,,,good,-8.0,average,fading,,1000,242.5,33.0,53.7,0.614,0,1,1,3,6,36,1,0,0,1,0.1
beta.53,sim,500,,,good,-8.0,average,fading,,1000,226.8,35.3,53.7,0.657,0,1,1,3,6,36,1,0,0,1,0.1
beta.53,sim,500,,,good,-8.0,average,fading,,1000,311.6,25.7,53.7,0.478,0,1,0,2,8,47,2,0,0,1,0.1
beta.53,sim,500,,,good,-8.0,average,fading,,1000,239.3,33.4,53.7,0.622,0,1,1,3,7,37,2,0,0,1,0.1
beta.53,sim,500,,,good,-8.0,average,fading,,1000,272.7,29.3,53.7,0.546,0,1,0,4,8,43,2,0,0,1,0.1
beta.53,sim,500,,,good,-8.0,average,fading,,1000,226.8,35.3,53.7,0.657,0,1,1,3,6,36,1,0,0,1,0.1
beta.53,sim,500,,,good,-8.0,average,fading,,1000,236.3,33.9,53.7,0.63,0,1,0,4,7,37,2,0,0,1,0.1
beta.53,sim,500,,,good,-8.0,average,fading,,1000,252.4,31.7,53.7,0.59,0,1,0,4,7,40,2,0,0,1,0.1
beta.53,sim,500,,,good,-8.0,average,fading,,1000,300.0,26.7,53.7,0.496,0,1,0,2,8,45,4,0,0,1,0.1
beta.53,sim,500,,,good,-8.0,average,fading,,1000,259.8,30.8,53.7,0.573,0,1,1,3,7,38,1,0,0,1,0.1
beta.53,sim,500,,,good,-8.0,average,fading,,1000,262.4,30.5,53.7,0.567,0,1,0,4,7,41,3,0,0,1,0.1
beta.53,sim,500,,,good,-8.0,average,fading,,1000,289.3,27.7,53.7,0.515,0,1,0,4,8,43,2,0,0,1,0.1
beta.53,sim,500,,,good,-8.0,average,fading,,1000,254.9,31.4,53.7,0.584,0,1,1,3,7,37,2,0,0,1,0.1
beta.53,sim,500,,,good,-8.0,average,fading,,1000,316.7,25.3,53.7,0.47,0,1,0,2,8,48,3,0,0,1,0.1
beta.53,sim,500,,,good,-8.0,average,fading,,1000,364.3,22.0,53.7,0.409,0,1,0,4,10,55,14,0,2,1,0.1
beta.53,sim,500,,,good,-6.0,average,fading,,1000,291.9,27.4,53.7,0.51,0,1,1,3,8,43,8,0,1,1,0.1
beta.53,sim,500,,,good,-6.0,average,fading,,1000,226.8,35.3,53.7,0.657,0,1,1,3,6,36,1,0,0,1,0.1
beta.53,sim,500,,,good,-6.0,average,fading,,1000,227.4,35.2,53.7,0.655,0,1,1,1,6,33,0,0,0,1,0.1
beta.53,sim,500,,,good,-6.0,average,fading,,1000,228.3,35.0,53.7,0.652,0,1,1,1,6,33,0,0,0,1,0.1
beta.53,sim,500,,,good,-6.0,average,fading,,1000,226.1,35.4,53.7,0.659,0,1,0,2,6,35,1,0,0,1,0.1
beta.53,sim,500,,,good,-6.0,average,fading,,1000,227.9,35.1,53.7,0.653,0,1,1,1,6,33,0,0,0,1,0.1
beta.53,sim,500,,,good,-6.0,average,fading,,1000,228.6,35.0,53.7,0.651,0,1,1,1,6,33,0,0,0,1,0.1
beta.53,sim,500,,,good,-6.0,average,fading,,1000,226.5,35.3,53.7,0.657,0,1,1,1,6,33,0,0,0,1,0.1
beta.53,sim,500,,,good,-6.0,average,fading,,1000,254.0,31.5,53.7,0.586,0,1,1,3,7,37,2,0,0,1,0.1
beta.53,sim,500,,,good,-6.0,average,fading,,1000,229.3,34.9,53.7,0.649,0,1,1,1,6,33,0,0,0,1,0.1
beta.53,sim,500,,,good,-6.0,average,fading,,1000,269.9,29.6,53.7,0.552,0,2,1,6,10,54,16,0,3,1,0.1
beta.53,sim,500,,,good,-6.0,average,fading,,1000,230.1,34.8,53.7,0.647,0,1,1,3,6,36,2,0,0,1,0.1
beta.53,sim,500,,,good,-6.0,average,fading,,1000,227.3,35.2,53.7,0.655,0,1,1,1,6,33,0,0,0,1,0.1
beta.53,sim,500,,,good,-6.0,average,fading,,1000,210.7,38.0,53.7,0.707,0,1,1,1,6,33,0,0,0,1,0.1
beta.53,sim,500,,,good,-6.0,average,fading,,1000,242.8,33.0,53.7,0.613,0,1,0,2,7,35,2,0,0,1,0.1
beta.53,sim,500,,,good,-6.0,average,fading,,1000,226.4,35.3,53.7,0.658,0,1,1,1,6,33,0,0,0,1,0.1
beta.53,sim,500,,,good,-6.0,average,fading,,1000,218.4,5.3,53.7,0.098,0,2,0,1,6,36,24,4,4,0,0.1
beta.53,sim,500,,,good,-6.0,average,fading,,1000,214.9,37.2,53.7,0.693,0,1,1,1,6,33,0,0,0,1,0.1
beta.53,sim,500,,,good,-6.0,average,fading,,1000,210.7,38.0,53.7,0.707,0,1,1,1,6,33,0,0,0,1,0.1
beta.53,sim,500,,,good,-6.0,average,fading,,1000,252.4,31.7,53.7,0.59,0,1,0,4,7,40,2,0,0,1,0.1
beta.53,sim,500,,,good,-6.0,average,fading,,1000,210.7,38.0,53.7,0.707,0,1,1,1,6,33,0,0,0,1,0.1
beta.53,sim,500,,,good,-6.0,average,fading,,1000,210.7,38.0,53.7,0.707,0,1,1,1,6,33,0,0,0,1,0.1
beta.53,sim,500,,,good,-6.0,average,fading,,1000,228.2,35.1,53.7,0.652,0,2,0,5,9,46,9,0,1,1,0.1
beta.53,sim,500,,,good,-6.0,average,fading,,1000,274.0,29.2,53.7,0.543,0,1,0,4,8,40,5,0,1,1,0.1
beta.53,sim,500,,,good,-6.0,average,fading,,1000,228.8,35.0,53.7,0.651,0,1,1,1,6,33,0,0,0,1,0.1
beta.53,sim,500,,,good,-6.0,average,fading,,1000,241.0,33.2,53.7,0.618,0,1,0,4,7,37,2,0,0,1,0.1
beta.53,sim,500,,,good,-6.0,average,fading,,1000,238.0,33.6,53.7,0.626,0,1,0,2,6,35,1,0,0,1,0.1
beta.53,sim,500,,,good,-6.0,average,fading,,1000,215.2,37.2,53.7,0.692,0,1,1,1,6,33,0,0,0,1,0.1
beta.53,sim,500,,,good,-6.0,average,fading,,1000,278.4,28.7,53.7,0.535,0,1,1,5,8,43,8,0,1,1,0.1
beta.53,sim,500,,,good,-6.0,average,fading,,1000,269.7,29.7,53.7,0.552,0,1,0,4,7,40,2,0,0,1,0.1
beta.53,sim,500,,,good,-4.0,average,fading,,1000,220.2,36.3,53.7,0.676,0,1,0,2,7,34,1,0,0,1,0.1
beta.53,sim,500,,,good,-4.0,average,fading,,1000,210.7,38.0,53.7,0.707,0,1,1,1,6,33,0,0,0,1,0.1
beta.53,sim,500,,,good,-4.0,average,fading,,1000,232.7,34.4,53.7,0.64,0,1,1,1,6,34,1,0,0,1,0.1
beta.53,sim,500,,,good,-4.0,average,fading,,1000,210.7,38.0,53.7,0.707,0,1,1,1,6,33,0,0,0,1,0.1
beta.53,sim,500,,,good,-4.0,average,fading,,1000,210.7,38.0,53.7,0.707,0,1,1,1,6,33,0,0,0,1,0.1
beta.53,sim,500,,,good,-4.0,average,fading,,1000,214.4,37.3,53.7,0.695,0,1,1,1,6,33,0,0,0,1,0.1
beta.53,sim,500,,,good,-4.0,average,fading,,1000,228.6,35.0,53.7,0.651,0,1,1,1,6,33,0,0,0,1,0.1
beta.53,sim,500,,,good,-4.0,average,fading,,1000,226.5,35.3,53.7,0.657,0,1,1,1,6,33,0,0,0,1,0.1
beta.53,sim,500,,,good,-4.0,average,fading,,1000,210.7,38.0,53.7,0.707,0,1,1,1,6,33,0,0,0,1,0.1
beta.53,sim,500,,,good,-4.0,average,fading,,1000,234.1,34.2,53.7,0.636,0,2,1,2,8,43,6,0,1,1,0.1
beta.53,sim,500,,,good,-4.0,average,fading,,1000,210.7,38.0,53.7,0.707,0,1,1,1,6,33,0,0,0,1,0.1
beta.53,sim,500,,,good,-4.0,average,fading,,1000,230.1,34.8,53.7,0.647,0,1,1,3,6,36,1,0,0,1,0.1
beta.53,sim,500,,,good,-4.0,average,fading,,1000,232.7,34.4,53.7,0.64,0,1,1,1,6,34,1,0,0,1,0.1
beta.53,sim,500,,,good,-4.0,average,fading,,1000,208.6,38.3,53.7,0.714,0,2,1,2,8,47,12,4,2,1,0.1
beta.53,sim,500,,,good,-4.0,average,fading,,1000,259.6,30.8,53.7,0.573,0,2,1,4,11,53,13,3,3,1,0.1
beta.53,sim,500,,,good,-4.0,average,fading,,1000,226.4,35.3,53.7,0.658,0,1,1,1,6,33,0,0,0,1,0.1
beta.53,sim,500,,,good,-4.0,average,fading,,1000,229.5,34.9,53.7,0.649,0,3,1,6,10,60,19,1,3,1,0.1
beta.53,sim,500,,,good,-4.0,average,fading,,1000,214.9,37.2,53.7,0.693,0,1,1,1,6,33,0,0,0,1,0.1
beta.53,sim,500,,,good,-4.0,average,fading,,1000,210.7,38.0,53.7,0.707,0,1,1,1,6,33,0,0,0,1,0.1
beta.53,sim,500,,,good,-4.0,average,fading,,1000,216.5,37.0,53.7,0.688,0,2,1,5,9,43,7,0,1,1,0.1
beta.53,sim,500,,,good,-4.0,average,fading,,1000,204.7,39.1,53.7,0.727,0,2,1,2,8,44,9,0,1,1,0.1
beta.53,sim,500,,,good,-4.0,average,fading,,1000,194.5,41.1,53.7,0.766,1,2,1,1,7,36,1,0,0,1,0.1
beta.53,sim,500,,,good,-4.0,average,fading,,1000,200.5,39.9,53.7,0.743,0,2,1,2,7,41,6,0,1,1,0.1
beta.53,sim,500,,,good,-4.0,average,fading,,1000,226.8,35.3,53.7,0.657,0,1,1,3,6,36,1,0,0,1,0.1
beta.53,sim,500,,,good,-4.0,average,fading,,1000,228.8,35.0,53.7,0.651,0,1,1,1,6,33,0,0,0,1,0.1
beta.53,sim,500,,,good,-4.0,average,fading,,1000,220.7,36.3,53.7,0.675,0,1,1,1,6,34,1,0,0,1,0.1
beta.53,sim,500,,,good,-4.0,average,fading,,1000,210.7,38.0,53.7,0.707,0,1,1,1,6,33,0,0,0,1,0.1
beta.53,sim,500,,,good,-4.0,average,fading,,1000,215.2,37.2,53.7,0.692,0,1,1,1,6,33,0,0,0,1,0.1
beta.53,sim,500,,,good,-4.0,average,fading,,1000,210.7,38.0,53.7,0.707,0,1,1,1,6,33,0,0,0,1,0.1
beta.53,sim,500,,,good,-4.0,average,fading,,1000,238.7,33.5,53.7,0.624,0,1,0,2,6,35,1,0,0,1,0.1
beta.53,sim,500,,,good,-2.0,average,fading,,1000,196.6,40.7,53.7,0.757,1,2,1,1,7,38,3,0,0,1,0.1
beta.53,sim,500,,,good,-2.0,average,fading,,1000,186.4,42.9,53.7,0.799,1,3,1,2,8,43,6,0,1,1,0.1
beta.53,sim,500,,,good,-2.0,average,fading,,1000,210.7,38.0,53.7,0.707,0,1,1,1,6,33,0,0,0,1,0.1
beta.53,sim,500,,,good,-2.0,average,fading,,1000,210.7,38.0,53.7,0.707,0,1,1,1,6,33,0,0,0,1,0.1
beta.53,sim,500,,,good,-2.0,average,fading,,1000,87.5,91.4,53.7,1.702,0,4,1,6,11,53,7,0,0,1,0.1
beta.53,sim,500,,,good,-2.0,average,fading,,1000,229.9,34.8,53.7,0.648,0,2,1,4,8,45,6,0,1,1,0.1
beta.53,sim,500,,,good,-2.0,average,fading,,1000,215.0,37.2,53.7,0.692,0,1,1,1,6,33,0,0,0,1,0.1
beta.53,sim,500,,,good,-2.0,average,fading,,1000,226.5,35.3,53.7,0.657,0,1,1,1,6,33,0,0,0,1,0.1
beta.53,sim,500,,,good,-2.0,average,fading,,1000,200.5,39.9,53.7,0.743,0,2,1,2,7,41,6,0,1,1,0.1
beta.53,sim,500,,,good,-2.0,average,fading,,1000,219.1,36.5,53.7,0.679,0,2,1,2,7,41,6,0,1,1,0.1
beta.53,sim,500,,,good,-2.0,average,fading,,1000,239.7,33.4,53.7,0.621,0,2,1,5,9,52,13,0,2,1,0.1
beta.53,sim,500,,,good,-2.0,average,fading,,1000,212.8,37.6,53.7,0.7,0,3,1,4,10,54,15,1,2,1,0.1
beta.53,sim,500,,,good,-2.0,average,fading,,1000,210.7,38.0,53.7,0.707,0,1,1,1,6,33,0,0,0,1,0.1
beta.53,sim,500,,,good,-2.0,average,fading,,1000,213.9,37.4,53.7,0.696,0,2,1,2,9,51,16,2,2,1,0.1
beta.53,sim,500,,,good,-2.0,average,fading,,1000,221.2,36.2,53.7,0.673,0,2,1,2,10,45,9,1,3,1,0.1
beta.53,sim,500,,,good,-2.0,average,fading,,1000,231.8,34.5,53.7,0.642,0,1,1,1,6,34,1,0,0,1,0.1
beta.53,sim,500,,,good,-2.0,average,fading,,1000,155.4,51.5,53.7,0.958,1,5,1,3,7,38,6,4,1,1,0.1
beta.53,sim,500,,,good,-2.0,average,fading,,1000,210.7,38.0,53.7,0.707,0,1,1,1,6,33,0,0,0,1,0.1
beta.53,sim,500,,,good,-2.0,average,fading,,1000,192.1,41.6,53.7,0.775,0,2,1,4,11,60,14,2,2,1,0.1
beta.53,sim,500,,,good,-2.0,average,fading,,1000,199.4,40.1,53.7,0.747,0,2,1,3,8,39,4,0,1,1,0.1
beta.53,sim,500,,,good,-2.0,average,fading,,1000,202.6,39.5,53.7,0.735,0,2,1,2,8,42,7,0,1,1,0.1
beta.53,sim,500,,,good,-2.0,average,fading,,1000,189.0,42.3,53.7,0.788,0,3,1,5,10,58,12,1,2,1,0.1
beta.53,sim,500,,,good,-2.0,average,fading,,1000,192.1,41.6,53.7,0.775,0,3,1,5,11,60,14,0,2,1,0.1
beta.53,sim,500,,,good,-2.0,average,fading,,1000,221.2,36.2,53.7,0.673,0,2,1,2,10,45,9,0,3,1,0.1
beta.53,sim,500,,,good,-2.0,average,fading,,1000,228.8,35.0,53.7,0.651,0,1,1,1,6,33,0,0,0,1,0.1
beta.53,sim,500,,,good,-2.0,average,fading,,1000,225.2,35.5,53.7,0.661,0,3,1,5,10,50,9,0,1,1,0.1
beta.53,sim,500,,,good,-2.0,average,fading,,1000,190.7,41.9,53.7,0.781,0,2,1,3,9,42,4,0,1,1,0.1
beta.53,sim,500,,,good,-2.0,average,fading,,1000,231.4,34.6,53.7,0.643,0,2,0,4,11,64,24,0,4,1,0.1
beta.53,sim,500,,,good,-2.0,average,fading,,1000,210.7,38.0,53.7,0.707,0,1,1,1,6,33,0,0,0,1,0.1
beta.53,sim,500,,,good,-2.0,average,fading,,1000,228.0,35.1,53.7,0.653,0,1,1,1,6,33,0,0,0,1,0.1
beta.53,sim,500,,,good,0.0,average,fading,,1000,182.9,43.7,53.7,0.814,0,2,1,4,10,53,7,1,1,1,0.1
beta.53,sim,500,,,good,0.0,average,fading,,1000,131.0,61.1,53.7,1.136,0,4,1,6,10,54,13,1,2,1,0.1
beta.53,sim,500,,,good,0.0,average,fading,,1000,198.0,40.4,53.7,0.752,0,3,3,3,8,38,1,0,0,1,0.1
beta.53,sim,500,,,good,0.0,average,fading,,1000,255.0,15.8,53.7,0.294,0,3,0,4,8,42,16,0,3,0,0.1
beta.53,sim,500,,,good,0.0,average,fading,,1000,48.1,166.2,53.7,3.092,2,5,3,3,7,36,2,0,0,1,0.1
beta.53,sim,500,,,good,0.0,average,fading,,1000,124.8,64.1,53.7,1.193,0,5,5,5,8,46,1,0,0,1,0.1
beta.53,sim,500,,,good,0.0,average,fading,,1000,196.7,40.7,53.7,0.757,0,2,1,2,9,54,12,0,2,1,0.1
beta.53,sim,500,,,good,0.0,average,fading,,1000,242.8,33.0,53.7,0.613,0,2,1,4,9,52,13,0,2,1,0.1
beta.53,sim,500,,,good,0.0,average,fading,,1000,95.9,83.4,53.7,1.553,0,5,1,7,10,53,10,2,1,1,0.1
beta.53,sim,500,,,good,0.0,average,fading,,1000,221.7,36.1,53.7,0.671,0,2,1,4,9,44,7,0,1,1,0.1
beta.53,sim,500,,,good,0.0,average,fading,,1000,191.1,41.9,53.7,0.779,0,2,1,6,11,59,13,0,2,1,0.1
beta.53,sim,500,,,good,0.0,average,fading,,1000,205.3,39.0,53.7,0.725,0,4,1,4,10,55,17,1,2,1,0.1
beta.53,sim,500,,,good,0.0,average,fading,,1000,194.5,41.1,53.7,0.766,1,2,1,1,7,36,1,0,0,1,0.1
beta.53,sim,500,,,good,0.0,average,fading,,1000,191.8,41.7,53.7,0.776,0,3,1,3,8,44,11,2,1,1,0.1
beta.53,sim,500,,,good,0.0,average,fading,,1000,191.9,41.7,53.7,0.776,1,3,1,1,8,40,7,1,1,1,0.1
beta.53,sim,500,,,good,0.0,average,fading,,1000,230.1,34.8,53.7,0.647,0,2,1,4,8,45,6,1,1,1,0.1
beta.53,sim,500,,,good,0.0,average,fading,,1000,87.2,91.7,53.7,1.707,1,7,1,4,8,46,12,4,2,1,0.1
beta.53,sim,500,,,good,0.0,average,fading,,1000,193.2,41.4,53.7,0.771,0,3,1,4,8,42,3,2,0,1,0.1
beta.53,sim,500,,,good,0.0,average,fading,,1000,142.1,56.3,53.7,1.048,0,4,1,5,10,50,7,1,1,1,0.1
beta.53,sim,500,,,good,0.0,average,fading,,1000,180.4,44.4,53.7,0.825,1,3,1,2,8,38,3,0,0,1,0.1
beta.53,sim,500,,,good,0.0,average,fading,,1000,181.6,44.0,53.7,0.82,0,3,1,4,9,52,12,0,2,1,0.1
beta.53,sim,500,,,good,0.0,average,fading,,1000,121.6,65.8,53.7,1.225,0,5,1,6,8,47,12,1,2,1,0.1
beta.53,sim,500,,,good,0.0,average,fading,,1000,132.6,60.3,53.7,1.123,1,4,1,3,9,46,9,0,1,1,0.1
beta.53,sim,500,,,good,0.0,average,fading,,1000,215.4,37.1,53.7,0.691,0,2,1,2,8,43,6,0,1,1,0.1
beta.53,sim,500,,,good,0.0,average,fading,,1000,233.5,34.3,53.7,0.638,0,2,1,4,8,43,6,0,1,1,0.1
beta.53,sim,500,,,good,0.0,average,fading,,1000,193.0,41.4,53.7,0.771,0,4,1,5,9,48,11,0,1,1,0.1
beta.53,sim,500,,,good,0.0,average,fading,,1000,114.2,70.1,53.7,1.304,0,4,1,5,10,51,9,2,1,1,0.1
beta.53,sim,500,,,good,0.0,average,fading,,1000,204.4,39.1,53.7,0.728,0,2,1,5,9,50,12,0,2,1,0.1
beta.53,sim,500,,,good,0.0,average,fading,,1000,186.4,42.9,53.7,0.799,1,3,1,2,8,43,6,1,1,1,0.1
beta.53,sim,500,,,good,0.0,average,fading,,1000,224.2,35.7,53.7,0.664,0,2,1,4,8,44,7,1,1,1,0.1
beta.53,sim,500,,,good,2.0,average,fading,,1000,98.7,81.1,113.9,0.712,1,5,1,5,8,39,3,0,0,1,0.1
beta.53,sim,500,,,good,2.0,average,fading,,1000,83.9,95.3,113.9,0.837,0,5,1,6,9,46,13,0,2,1,0.0
beta.53,sim,500,,,good,2.0,average,fading,,1000,50.3,159.2,113.9,1.398,2,5,4,3,7,38,1,0,0,1,0.1
beta.53,sim,500,,,good,2.0,average,fading,,1000,49.2,162.6,113.9,1.428,2,5,4,4,7,37,1,1,0,1,0.0
beta.53,sim,500,,,good,2.0,average,fading,,1000,36.6,218.6,113.9,1.92,3,7,7,2,5,27,0,0,0,1,0.0
beta.53,sim,500,,,good,2.0,average,fading,,1000,102.4,78.1,113.9,0.686,0,4,4,5,10,57,1,0,0,1,0.1
beta.53,sim,500,,,good,2.0,average,fading,,1000,205.2,39.0,113.9,0.342,0,3,1,3,7,38,3,0,0,1,0.1
beta.53,sim,500,,,good,2.0,average,fading,,1000,206.7,38.7,113.9,0.34,0,3,0,5,9,49,9,1,1,1,0.1
beta.53,sim,500,,,good,2.0,average,fading,,1000,61.3,130.6,113.9,1.147,1,5,2,5,8,46,12,0,2,1,0.1
beta.53,sim,500,,,good,2.0,average,fading,,1000,197.0,40.6,113.9,0.357,0,3,1,10,12,63,18,0,3,1,0.1
beta.53,sim,500,,,good,2.0,average,fading,,1000,117.4,68.1,113.9,0.598,0,5,1,6,9,51,10,0,1,1,0.1
beta.53,sim,500,,,good,2.0,average,fading,,1000,164.9,48.5,113.9,0.426,0,5,1,6,10,45,13,0,1,1,0.1
beta.53,sim,500,,,good,2.0,average,fading,,1000,205.3,39.0,113.9,0.342,0,3,1,4,9,51,12,0,2,1,0.1
beta.53,sim,500,,,good,2.0,average,fading,,1000,174.0,46.0,113.9,0.404,1,4,1,2,7,40,8,1,0,1,0.1
beta.53,sim,500,,,good,2.0,average,fading,,1000,176.3,45.4,113.9,0.399,0,4,1,6,13,65,19,2,4,1,0.1
beta.53,sim,500,,,good,2.0,average,fading,,1000,159.2,50.3,113.9,0.442,1,3,1,3,10,55,7,2,0,1,0.1
beta.53,sim,500,,,good,2.0,average,fading,,1000,37.7,212.4,113.9,1.866,4,8,4,3,5,28,6,4,0,1,0.0
beta.53,sim,500,,,good,2.0,average,fading,,1000,178.8,44.7,113.9,0.393,0,3,1,4,8,47,8,0,1,1,0.1
beta.53,sim,500,,,good,2.0,average,fading,,1000,71.8,111.5,113.9,0.979,1,5,1,4,8,41,7,1,0,1,0.0
beta.53,sim,500,,,good,2.0,average,fading,,1000,122.8,65.1,113.9,0.572,1,4,1,4,11,59,6,0,0,1,0.1
beta.53,sim,500,,,good,2.0,average,fading,,1000,68.6,116.6,113.9,1.024,1,4,1,5,9,52,13,1,2,1,0.0
beta.53,sim,500,,,good,2.0,average,fading,,1000,35.5,225.0,113.9,1.977,4,7,5,2,5,26,2,0,0,1,0.0
beta.53,sim,500,,,good,2.0,average,fading,,1000,70.4,113.7,113.9,0.999,1,7,1,5,8,43,12,0,1,1,0.0
beta.53,sim,500,,,good,2.0,average,fading,,1000,189.8,42.2,113.9,0.37,1,3,1,1,7,39,6,0,1,1,0.1
beta.53,sim,500,,,good,2.0,average,fading,,1000,234.3,34.1,113.9,0.3,0,2,1,4,9,51,12,1,2,1,0.1
beta.53,sim,500,,,good,2.0,average,fading,,1000,186.4,42.9,113.9,0.377,0,3,1,3,8,43,7,0,1,1,0.1
beta.53,sim,500,,,good,2.0,average,fading,,1000,57.3,139.5,113.9,1.226,1,5,1,4,8,43,9,2,1,1,0.0
beta.53,sim,500,,,good,2.0,average,fading,,1000,156.1,51.3,113.9,0.45,1,3,1,4,11,58,9,0,1,1,0.1
beta.53,sim,500,,,good,2.0,average,fading,,1000,86.5,92.5,113.9,0.813,0,4,0,7,12,66,17,3,2,1,0.1
beta.53,sim,500,,,good,2.0,average,fading,,1000,199.4,40.1,113.9,0.352,0,3,1,3,9,47,10,0,1,1,0.1
beta.53,sim,500,,,good,6.0,average,fading,,1000,38.3,208.6,258.1,0.808,4,8,4,4,5,24,4,0,1,1,0.0
beta.53,sim,500,,,good,6.0,average,fading,,1000,36.3,220.2,258.1,0.853,5,8,7,3,5,26,6,0,1,1,0.0
beta.53,sim,500,,,good,6.0,average,fading,,1000,32.4,246.8,258.1,0.956,3,8,7,3,4,24,1,0,0,1,0.0
beta.53,sim,500,,,good,6.0,average,fading,,1000,34.5,231.9,258.1,0.899,3,8,8,3,5,25,0,0,0,1,0.0
beta.53,sim,500,,,good,6.0,average,fading,,1000,25.1,319.2,258.1,1.237,5,8,8,1,3,18,0,0,0,1,0.0
beta.53,sim,500,,,good,6.0,average,fading,,1000,46.0,173.8,258.1,0.673,2,7,5,5,7,34,5,0,0,1,0.0
beta.53,sim,500,,,good,6.0,average,fading,,1000,50.3,159.2,258.1,0.617,2,5,4,4,7,38,2,0,0,1,0.0
beta.53,sim,500,,,good,6.0,average,fading,,1000,38.7,206.7,258.1,0.801,2,7,7,3,5,29,0,0,0,1,0.0
beta.53,sim,500,,,good,6.0,average,fading,,1000,36.6,218.7,258.1,0.848,4,8,7,4,6,26,3,0,0,1,0.0
beta.53,sim,500,,,good,6.0,average,fading,,1000,152.3,52.5,258.1,0.204,0,4,1,5,8,46,5,0,0,1,0.1
beta.53,sim,500,,,good,6.0,average,fading,,1000,34.5,231.9,258.1,0.899,4,8,5,4,5,25,4,0,0,1,0.0
beta.53,sim,500,,,good,6.0,average,fading,,1000,74.0,108.1,258.1,0.419,0,7,7,4,6,34,0,0,0,1,0.0
beta.53,sim,500,,,good,6.0,average,fading,,1000,49.2,162.6,258.1,0.63,3,7,4,4,7,37,4,2,0,1,0.0
beta.53,sim,500,,,good,6.0,average,fading,,1000,58.4,137.0,258.1,0.531,1,7,1,4,8,44,13,0,1,1,0.0
beta.53,sim,500,,,good,6.0,average,fading,,1000,77.8,102.8,258.1,0.398,1,7,1,3,9,45,9,0,1,1,0.1
beta.53,sim,500,,,good,6.0,average,fading,,1000,48.5,165.0,258.1,0.639,3,7,5,3,6,32,4,2,0,1,0.0
beta.53,sim,500,,,good,6.0,average,fading,,1000,24.0,333.2,258.1,1.291,8,9,8,2,3,17,3,2,0,1,0.0
beta.53,sim,500,,,good,6.0,average,fading,,1000,83.3,96.0,258.1,0.372,0,5,0,6,11,64,14,0,2,1,0.1
beta.53,sim,500,,,good,6.0,average,fading,,1000,25.1,319.2,258.1,1.237,7,9,8,2,3,18,2,0,0,1,0.0
beta.53,sim,500,,,good,6.0,average,fading,,1000,36.6,218.6,258.1,0.847,5,7,5,3,5,27,3,0,0,1,0.0
beta.53,sim,500,,,good,6.0,average,fading,,1000,32.4,246.8,258.1,0.956,5,7,7,2,4,24,3,0,0,1,0.0
beta.53,sim,500,,,good,6.0,average,fading,,1000,25.0,319.5,258.1,1.238,7,9,8,2,4,17,2,0,0,1,0.0
beta.53,sim,500,,,good,6.0,average,fading,,1000,31.4,255.1,258.1,0.989,5,8,5,2,4,23,2,0,0,1,0.0
beta.53,sim,500,,,good,6.0,average,fading,,1000,72.8,109.9,258.1,0.426,1,7,2,5,10,55,14,1,2,1,0.1
beta.53,sim,500,,,good,6.0,average,fading,,1000,54.4,146.9,258.1,0.569,2,4,3,4,8,41,3,0,0,1,0.0
beta.53,sim,500,,,good,6.0,average,fading,,1000,46.1,173.7,258.1,0.673,4,5,4,3,6,35,4,0,0,1,0.0
beta.53,sim,500,,,good,6.0,average,fading,,1000,30.3,264.0,258.1,1.023,5,8,7,2,4,22,2,0,0,1,0.0
beta.53,sim,500,,,good,6.0,average,fading,,1000,51.3,155.8,258.1,0.604,4,7,4,3,6,35,7,0,1,1,0.0
beta.53,sim,500,,,good,6.0,average,fading,,1000,39.8,201.2,258.1,0.78,4,7,5,2,5,30,3,1,0,1,0.0
beta.53,sim,500,,,good,6.0,average,fading,,1000,88.1,90.8,258.1,0.352,0,5,4,3,7,36,2,0,0,1,0.0
beta.53,sim,500,,,moderate,-18.0,average,fading,,1000,79.7,0.0,0.0,,,,,0,0,0,0,0,0,0,0.0
beta.53,sim,500,,,moderate,-18.0,average,fading,,1000,125.6,0.0,0.0,,,,,0,0,0,0,0,0,0,0.0
beta.53,sim,500,,,moderate,-18.0,average,fading,,1000,108.3,0.0,0.0,,,,,0,0,0,0,0,0,0,0.0
beta.53,sim,500,,,moderate,-18.0,average,fading,,1000,158.6,0.0,0.0,,,,,0,0,0,0,0,0,0,0.0
beta.53,sim,500,,,moderate,-18.0,average,fading,,1000,231.7,0.0,0.0,,,,,0,0,0,0,0,0,0,0.0
beta.53,sim,500,,,moderate,-18.0,average,fading,,1000,93.8,0.0,0.0,,,,,0,0,0,0,0,0,0,0.0
beta.53,sim,500,,,moderate,-18.0,average,fading,,1000,79.4,0.0,0.0,,,,,0,0,0,0,0,0,0,0.0
beta.53,sim,500,,,moderate,-18.0,average,fading,,1000,64.4,0.0,0.0,,,,,0,0,0,0,0,0,0,0.0
beta.53,sim,500,,,moderate,-18.0,average,fading,,1000,495.9,5.4,0.0,,0,0,0,0,9,54,38,9,5,0,0.1
beta.53,sim,500,,,moderate,-18.0,average,fading,,1000,182.3,0.0,0.0,,,,,0,0,0,0,0,0,0,0.0
beta.53,sim,500,,,moderate,-18.0,average,fading,,1000,180.5,0.0,0.0,,,,,0,0,0,0,0,0,0,0.0
beta.53,sim,500,,,moderate,-18.0,average,fading,,1000,120.7,0.0,0.0,,,,,0,0,0,0,0,0,0,0.0
beta.53,sim,500,,,moderate,-18.0,average,fading,,1000,134.0,0.0,0.0,,,,,0,0,0,0,0,0,0,0.0
beta.53,sim,500,,,moderate,-18.0,average,fading,,1000,195.4,0.0,0.0,,,,,0,0,0,0,0,0,0,0.0
beta.53,sim,500,,,moderate,-18.0,average,fading,,1000,100.2,0.0,0.0,,,,,0,0,0,0,0,0,0,0.0
beta.53,sim,500,,,moderate,-18.0,average,fading,,1000,134.9,0.0,0.0,,,,,0,0,0,0,0,0,0,0.0
beta.53,sim,500,,,moderate,-18.0,average,fading,,1000,210.8,0.0,0.0,,,,,0,0,0,0,0,0,0,0.0
beta.53,sim,500,,,moderate,-18.0,average,fading,,1000,226.6,0.0,0.0,,,,,0,0,0,0,0,0,0,0.0
beta.53,sim,500,,,moderate,-18.0,average,fading,,1000,189.3,0.0,0.0,,,,,0,0,0,0,0,0,0,0.0
beta.53,sim,500,,,moderate,-18.0,average,fading,,1000,85.7,0.0,0.0,,,,,0,0,0,0,0,0,0,0.0
beta.53,sim,500,,,moderate,-18.0,average,fading,,1000,238.4,0.0,0.0,,,,,0,0,0,0,0,0,0,0.0
beta.53,sim,500,,,moderate,-18.0,average,fading,,1000,89.2,0.0,0.0,,,,,0,0,0,0,0,0,0,0.0
beta.53,sim,500,,,moderate,-18.0,average,fading,,1000,119.9,0.0,0.0,,,,,0,0,0,0,0,0,0,0.0
beta.53,sim,500,,,moderate,-18.0,average,fading,,1000,112.9,0.0,0.0,,,,,0,0,0,0,0,0,0,0.0
beta.53,sim,500,,,moderate,-18.0,average,fading,,1000,196.2,0.0,0.0,,,,,0,0,0,0,0,0,0,0.0
beta.53,sim,500,,,moderate,-18.0,average,fading,,1000,129.5,0.0,0.0,,,,,0,0,0,0,0,0,0,0.0
beta.53,sim,500,,,moderate,-18.0,average,fading,,1000,93.0,0.0,0.0,,,,,0,0,0,0,0,0,0,0.0
beta.53,sim,500,,,moderate,-18.0,average,fading,,1000,180.3,0.0,0.0,,,,,0,0,0,0,0,0,0,0.0
beta.53,sim,500,,,moderate,-18.0,average,fading,,1000,140.7,0.0,0.0,,,,,0,0,0,0,0,0,0,0.0
beta.53,sim,500,,,moderate,-18.0,average,fading,,1000,124.9,0.0,0.0,,,,,0,0,0,0,0,0,0,0.0
beta.53,sim,500,,,moderate,-14.0,average,fading,,1000,461.4,17.3,0.0,,0,0,0,0,11,63,15,3,1,1,0.1
beta.53,sim,500,,,moderate,-14.0,average,fading,,1000,374.3,21.4,0.0,,0,0,0,0,10,57,9,3,0,1,0.1
beta.53,sim,500,,,moderate,-14.0,average,fading,,1000,404.6,19.8,0.0,,0,0,0,0,11,62,14,1,1,1,0.1
beta.53,sim,500,,,moderate,-14.0,average,fading,,1000,390.7,20.5,0.0,,0,1,0,2,10,60,15,6,1,1,0.1
beta.53,sim,500,,,moderate,-14.0,average,fading,,1000,409.9,19.5,0.0,,0,0,0,0,10,59,11,0,1,1,0.1
beta.53,sim,500,,,moderate,-14.0,average,fading,,1000,393.7,20.3,0.0,,0,0,0,0,11,60,12,1,0,1,0.1
beta.53,sim,500,,,moderate,-14.0,average,fading,,1000,425.0,18.8,0.0,,0,0,0,0,11,56,8,1,1,1,0.1
beta.53,sim,500,,,moderate,-14.0,average,fading,,1000,435.6,18.4,0.0,,0,0,0,0,12,67,19,3,2,1,0.1
beta.53,sim,500,,,moderate,-14.0,average,fading,,1000,369.2,21.7,0.0,,0,0,0,0,10,56,8,1,1,1,0.1
beta.53,sim,500,,,moderate,-14.0,average,fading,,1000,406.7,19.7,0.0,,0,0,0,0,12,57,9,1,1,1,0.1
beta.53,sim,500,,,moderate,-14.0,average,fading,,1000,410.2,19.5,0.0,,0,0,0,0,11,60,12,1,1,1,0.1
beta.53,sim,500,,,moderate,-14.0,average,fading,,1000,413.7,19.3,0.0,,0,0,0,0,12,63,15,1,1,1,0.1
beta.53,sim,500,,,moderate,-14.0,average,fading,,1000,431.0,18.6,0.0,,0,0,0,0,12,66,18,1,2,1,0.1
beta.53,sim,500,,,moderate,-14.0,average,fading,,1000,394.5,20.3,0.0,,0,0,0,0,11,60,12,0,1,1,0.1
beta.53,sim,500,,,moderate,-14.0,average,fading,,1000,411.5,19.4,0.0,,0,0,0,0,11,57,9,2,0,1,0.1
beta.53,sim,500,,,moderate,-14.0,average,fading,,1000,414.4,19.3,0.0,,0,0,0,0,11,64,16,0,1,1,0.1
beta.53,sim,500,,,moderate,-14.0,average,fading,,1000,463.2,17.3,0.0,,0,0,0,0,12,72,24,0,3,1,0.1
beta.53,sim,500,,,moderate,-14.0,average,fading,,1000,390.5,20.5,0.0,,0,0,0,0,10,60,12,4,1,1,0.1
beta.53,sim,500,,,moderate,-14.0,average,fading,,1000,443.8,18.0,0.0,,0,0,0,0,10,60,12,0,1,1,0.1
beta.53,sim,500,,,moderate,-14.0,average,fading,,1000,418.0,19.1,0.0,,0,0,0,0,11,63,15,1,2,1,0.1
beta.53,sim,500,,,moderate,-14.0,average,fading,,1000,470.9,17.0,0.0,,0,0,0,0,13,66,18,1,3,1,0.1
beta.53,sim,500,,,moderate,-14.0,average,fading,,1000,404.2,19.8,0.0,,0,0,0,0,11,62,14,1,1,1,0.1
beta.53,sim,500,,,moderate,-14.0,average,fading,,1000,468.6,17.1,0.0,,0,0,0,0,13,68,20,0,3,1,0.1
beta.53,sim,500,,,moderate,-14.0,average,fading,,1000,362.0,22.1,0.0,,0,0,0,0,10,55,7,1,0,1,0.1
beta.53,sim,500,,,moderate,-14.0,average,fading,,1000,358.2,22.3,0.0,,0,0,0,0,10,54,6,1,0,1,0.1
beta.53,sim,500,,,moderate,-14.0,average,fading,,1000,405.7,19.7,0.0,,0,0,0,0,10,57,9,1,0,1,0.1
beta.53,sim,500,,,moderate,-14.0,average,fading,,1000,352.5,22.7,0.0,,0,0,0,0,9,54,6,2,0,1,0.1
beta.53,sim,500,,,moderate,-14.0,average,fading,,1000,353.3,22.6,0.0,,0,0,0,0,10,53,5,1,0,1,0.1
beta.53,sim,500,,,moderate,-14.0,average,fading,,1000,378.7,21.1,0.0,,0,0,0,0,10,58,10,1,0,1,0.1
beta.53,sim,500,,,moderate,-14.0,average,fading,,1000,435.3,18.4,0.0,,0,0,0,0,11,64,16,5,1,1,0.1
beta.53,sim,500,,,moderate,-12.0,average,fading,,1000,370.0,21.6,35.8,0.604,0,0,0,0,10,56,8,0,1,1,0.1
beta.53,sim,500,,,moderate,-12.0,average,fading,,1000,317.7,25.2,35.8,0.703,0,1,0,2,8,48,3,1,0,1,0.1
beta.53,sim,500,,,moderate,-12.0,average,fading,,1000,325.7,24.6,35.8,0.686,0,1,0,2,9,49,4,1,0,1,0.1
beta.53,sim,500,,,moderate,-12.0,average,fading,,1000,326.3,24.5,35.8,0.684,0,1,0,2,10,48,3,1,1,1,0.1
beta.53,sim,500,,,moderate,-12.0,average,fading,,1000,317.0,25.2,35.8,0.705,0,1,0,2,8,48,3,1,0,1,0.1
beta.53,sim,500,,,moderate,-12.0,average,fading,,1000,316.7,25.3,35.8,0.705,0,1,0,2,8,48,3,1,0,1,0.1
beta.53,sim,500,,,moderate,-12.0,average,fading,,1000,306.7,26.1,35.8,0.728,0,1,0,2,8,46,1,0,0,1,0.1
beta.53,sim,500,,,moderate,-12.0,average,fading,,1000,341.8,23.4,35.8,0.653,0,1,0,2,9,52,7,1,1,1,0.1
beta.53,sim,500,,,moderate,-12.0,average,fading,,1000,317.1,25.2,35.8,0.704,0,1,0,2,8,48,3,1,0,1,0.1
beta.53,sim,500,,,moderate,-12.0,average,fading,,1000,327.7,24.4,35.8,0.682,0,1,0,2,9,49,4,2,0,1,0.1
beta.53,sim,500,,,moderate,-12.0,average,fading,,1000,369.3,21.7,35.8,0.605,0,0,0,0,10,56,8,0,1,1,0.1
beta.53,sim,500,,,moderate,-12.0,average,fading,,1000,330.6,24.2,35.8,0.675,0,0,0,0,9,50,2,0,0,1,0.1
beta.53,sim,500,,,moderate,-12.0,average,fading,,1000,279.8,28.6,35.8,0.798,0,1,0,2,7,42,1,1,0,1,0.1
beta.53,sim,500,,,moderate,-12.0,average,fading,,1000,337.1,23.7,35.8,0.663,0,0,0,0,9,51,3,0,0,1,0.1
beta.53,sim,500,,,moderate,-12.0,average,fading,,1000,336.9,23.7,35.8,0.663,0,0,0,0,9,51,3,0,0,1,0.1
beta.53,sim,500,,,moderate,-12.0,average,fading,,1000,330.2,24.2,35.8,0.676,0,0,0,0,9,50,2,0,0,1,0.1
beta.53,sim,500,,,moderate,-12.0,average,fading,,1000,346.0,23.1,35.8,0.646,0,0,0,0,10,52,4,0,1,1,0.1
beta.53,sim,500,,,moderate,-12.0,average,fading,,1000,337.2,23.7,35.8,0.662,0,0,0,0,9,51,3,0,0,1,0.1
beta.53,sim,500,,,moderate,-12.0,average,fading,,1000,316.0,25.3,35.8,0.707,0,1,0,2,8,48,3,0,0,1,0.1
beta.53,sim,500,,,moderate,-12.0,average,fading,,1000,320.4,25.0,35.8,0.697,0,1,0,2,9,48,3,0,0,1,0.1
beta.53,sim,500,,,moderate,-12.0,average,fading,,1000,388.1,20.6,35.8,0.575,0,1,0,2,9,54,9,1,1,1,0.1
beta.53,sim,500,,,moderate,-12.0,average,fading,,1000,325.3,24.6,35.8,0.687,0,1,0,2,9,49,4,0,0,1,0.1
beta.53,sim,500,,,moderate,-12.0,average,fading,,1000,368.4,21.7,35.8,0.606,0,1,0,2,10,56,11,1,1,1,0.1
beta.53,sim,500,,,moderate,-12.0,average,fading,,1000,300.0,26.7,35.8,0.744,0,1,0,2,8,45,4,0,0,1,0.1
beta.53,sim,500,,,moderate,-12.0,average,fading,,1000,306.9,26.1,35.8,0.728,0,1,0,2,8,46,1,1,0,1,0.1
beta.53,sim,500,,,moderate,-12.0,average,fading,,1000,349.0,22.9,35.8,0.64,0,1,0,2,8,48,3,0,0,1,0.1
beta.53,sim,500,,,moderate,-12.0,average,fading,,1000,325.7,24.6,35.8,0.686,0,1,1,1,9,49,1,0,0,1,0.1
beta.53,sim,500,,,moderate,-12.0,average,fading,,1000,333.0,24.0,35.8,0.671,0,0,0,0,9,50,2,0,0,1,0.1
beta.53,sim,500,,,moderate,-12.0,average,fading,,1000,337.0,23.7,35.8,0.663,0,0,0,0,9,51,3,0,0,1,0.1
beta.53,sim,500,,,moderate,-12.0,average,fading,,1000,347.8,23.0,35.8,0.642,0,1,0,2,9,53,8,1,0,1,0.1
beta.53,sim,500,,,moderate,-10.0,average,fading,,1000,317.9,25.2,53.7,0.468,0,1,0,2,8,48,3,0,0,1,0.1
beta.53,sim,500,,,moderate,-10.0,average,fading,,1000,254.5,31.4,53.7,0.585,0,1,0,4,7,37,2,0,0,1,0.1
beta.53,sim,500,,,moderate,-10.0,average,fading,,1000,305.5,26.2,53.7,0.487,0,1,0,4,8,46,4,1,0,1,0.1
beta.53,sim,500,,,moderate,-10.0,average,fading,,1000,270.1,29.6,53.7,0.551,0,1,0,4,7,40,2,1,0,1,0.1
beta.53,sim,500,,,moderate,-10.0,average,fading,,1000,253.8,31.5,53.7,0.587,0,1,0,2,7,37,3,0,0,1,0.1
beta.53,sim,500,,,moderate,-10.0,average,fading,,1000,289.9,27.6,53.7,0.514,0,1,0,4,8,43,2,0,0,1,0.1
beta.53,sim,500,,,moderate,-10.0,average,fading,,1000,228.6,35.0,53.7,0.651,0,1,1,1,6,33,0,0,0,1,0.1
beta.53,sim,500,,,moderate,-10.0,average,fading,,1000,272.4,29.4,53.7,0.546,0,1,0,2,8,40,2,0,0,1,0.1
beta.53,sim,500,,,moderate,-10.0,average,fading,,1000,237.9,33.6,53.7,0.626,0,1,0,2,7,34,1,0,0,1,0.1
beta.53,sim,500,,,moderate,-10.0,average,fading,,1000,271.0,29.5,53.7,0.549,0,1,1,3,7,40,1,1,0,1,0.1
beta.53,sim,500,,,moderate,-10.0,average,fading,,1000,239.1,33.5,53.7,0.623,0,1,0,2,6,35,1,0,0,1,0.1
beta.53,sim,500,,,moderate,-10.0,average,fading,,1000,309.2,25.9,53.7,0.482,0,1,0,2,9,46,2,0,0,1,0.1
beta.53,sim,500,,,moderate,-10.0,average,fading,,1000,243.4,32.9,53.7,0.612,0,1,1,3,6,36,1,1,0,1,0.1
beta.53,sim,500,,,moderate,-10.0,average,fading,,1000,290.0,27.6,53.7,0.513,0,1,0,4,8,43,2,0,0,1,0.1
beta.53,sim,500,,,moderate,-10.0,average,fading,,1000,280.3,28.5,53.7,0.531,0,1,0,2,7,42,1,0,0,1,0.1
beta.53,sim,500,,,moderate,-10.0,average,fading,,1000,293.8,27.2,53.7,0.507,0,1,1,3,8,44,3,0,0,1,0.1
beta.53,sim,500,,,moderate,-10.0,average,fading,,1000,279.0,28.7,53.7,0.534,0,1,1,3,7,42,1,0,0,1,0.1
beta.53,sim,500,,,moderate,-10.0,average,fading,,1000,284.8,28.1,53.7,0.523,0,1,0,4,8,42,3,1,0,1,0.1
beta.53,sim,500,,,moderate,-10.0,average,fading,,1000,237.9,33.6,53.7,0.626,0,1,0,2,6,35,1,0,0,1,0.1
beta.53,sim,500,,,moderate,-10.0,average,fading,,1000,298.9,26.8,53.7,0.498,0,1,0,4,9,44,3,0,0,1,0.1
beta.53,sim,500,,,moderate,-10.0,average,fading,,1000,242.6,33.0,53.7,0.614,0,1,1,3,6,36,1,0,0,1,0.1
beta.53,sim,500,,,moderate,-10.0,average,fading,,1000,243.0,32.9,53.7,0.613,0,1,1,3,6,36,2,0,0,1,0.1
beta.53,sim,500,,,moderate,-10.0,average,fading,,1000,315.9,25.3,53.7,0.471,0,1,0,4,9,47,8,0,1,1,0.1
beta.53,sim,500,,,moderate,-10.0,average,fading,,1000,243.4,32.9,53.7,0.612,0,1,0,2,6,36,2,0,0,1,0.1
beta.53,sim,500,,,moderate,-10.0,average,fading,,1000,281.2,28.4,53.7,0.529,0,1,1,3,7,42,1,0,0,1,0.1
beta.53,sim,500,,,moderate,-10.0,average,fading,,1000,236.8,33.8,53.7,0.629,0,1,0,2,7,34,1,0,0,1,0.1
beta.53,sim,500,,,moderate,-10.0,average,fading,,1000,278.6,28.7,53.7,0.534,0,1,0,4,8,41,2,0,0,1,0.1
beta.53,sim,500,,,moderate,-10.0,average,fading,,1000,245.3,32.6,53.7,0.607,0,1,1,3,6,36,2,0,0,1,0.1
beta.53,sim,500,,,moderate,-10.0,average,fading,,1000,269.6,29.7,53.7,0.552,0,1,1,3,7,40,1,0,0,1,0.1
beta.53,sim,500,,,moderate,-10.0,average,fading,,1000,300.7,26.6,53.7,0.495,0,1,0,2,8,45,4,0,0,1,0.1
beta.53,sim,500,,,moderate,-8.0,average,fading,,1000,291.1,27.5,53.7,0.511,0,1,0,4,8,43,2,0,0,1,0.1
beta.53,sim,500,,,moderate,-8.0,average,fading,,1000,228.8,35.0,53.7,0.651,0,1,1,1,6,33,0,0,0,1,0.1
beta.53,sim,500,,,moderate,-8.0,average,fading,,1000,214.8,37.2,53.7,0.693,0,1,1,1,6,33,0,0,0,1,0.1
beta.53,sim,500,,,moderate,-8.0,average,fading,,1000,228.3,35.0,53.7,0.652,0,1,1,1,6,33,0,0,0,1,0.1
beta.53,sim,500,,,moderate,-8.0,average,fading,,1000,238.9,33.5,53.7,0.623,0,1,0,2,6,35,1,0,0,1,0.1
beta.53,sim,500,,,moderate,-8.0,average,fading,,1000,227.9,35.1,53.7,0.653,0,1,1,1,6,33,0,0,0,1,0.1
beta.53,sim,500,,,moderate,-8.0,average,fading,,1000,228.6,35.0,53.7,0.651,0,1,1,1,6,33,0,0,0,1,0.1
beta.53,sim,500,,,moderate,-8.0,average,fading,,1000,226.5,35.3,53.7,0.657,0,1,1,1,6,33,0,0,0,1,0.1
beta.53,sim,500,,,moderate,-8.0,average,fading,,1000,228.3,35.0,53.7,0.652,0,1,1,1,6,33,0,0,0,1,0.1
beta.53,sim,500,,,moderate,-8.0,average,fading,,1000,229.3,34.9,53.7,0.649,0,1,1,1,6,33,0,0,0,1,0.1
beta.53,sim,500,,,moderate,-8.0,average,fading,,1000,228.4,35.0,53.7,0.652,0,1,1,1,6,33,0,0,0,1,0.1
beta.53,sim,500,,,moderate,-8.0,average,fading,,1000,226.9,35.3,53.7,0.656,0,1,1,1,6,33,0,0,0,1,0.1
beta.53,sim,500,,,moderate,-8.0,average,fading,,1000,232.7,34.4,53.7,0.64,0,1,1,1,6,34,1,0,0,1,0.1
beta.53,sim,500,,,moderate,-8.0,average,fading,,1000,238.7,33.5,53.7,0.624,0,1,0,2,6,35,1,0,0,1,0.1
beta.53,sim,500,,,moderate,-8.0,average,fading,,1000,253.5,31.6,53.7,0.587,0,1,0,4,7,37,2,0,0,1,0.1
beta.53,sim,500,,,moderate,-8.0,average,fading,,1000,237.2,33.7,53.7,0.628,0,1,0,2,6,35,1,0,0,1,0.1
beta.53,sim,500,,,moderate,-8.0,average,fading,,1000,242.6,33.0,53.7,0.614,0,1,1,3,6,36,1,0,0,1,0.1
beta.53,sim,500,,,moderate,-8.0,average,fading,,1000,244.2,32.8,53.7,0.61,0,1,1,3,6,36,1,0,0,1,0.1
beta.53,sim,500,,,moderate,-8.0,average,fading,,1000,227.2,35.2,53.7,0.655,0,1,1,1,6,33,0,0,0,1,0.1
beta.53,sim,500,,,moderate,-8.0,average,fading,,1000,227.3,35.2,53.7,0.655,0,1,1,1,6,33,0,0,0,1,0.1
beta.53,sim,500,,,moderate,-8.0,average,fading,,1000,226.5,35.3,53.7,0.657,0,1,1,1,6,33,0,0,0,1,0.1
beta.53,sim,500,,,moderate,-8.0,average,fading,,1000,252.6,31.7,53.7,0.589,0,1,1,3,7,37,2,0,0,1,0.0
beta.53,sim,500,,,moderate,-8.0,average,fading,,1000,264.6,30.2,53.7,0.563,0,1,1,3,7,39,6,0,1,1,0.1
beta.53,sim,500,,,moderate,-8.0,average,fading,,1000,227.3,35.2,53.7,0.655,0,1,1,1,6,33,0,0,0,1,0.1
beta.53,sim,500,,,moderate,-8.0,average,fading,,1000,228.8,35.0,53.7,0.651,0,1,1,1,6,33,0,0,0,1,0.1
beta.53,sim,500,,,moderate,-8.0,average,fading,,1000,227.2,35.2,53.7,0.655,0,1,1,1,6,33,0,0,0,1,0.1
beta.53,sim,500,,,moderate,-8.0,average,fading,,1000,227.3,35.2,53.7,0.655,0,1,1,1,6,33,0,0,0,1,0.1
beta.53,sim,500,,,moderate,-8.0,average,fading,,1000,245.3,32.6,53.7,0.607,0,1,1,3,6,36,1,0,0,1,0.1
beta.53,sim,500,,,moderate,-8.0,average,fading,,1000,227.9,35.1,53.7,0.653,0,1,1,1,6,33,0,0,0,1,0.1
beta.53,sim,500,,,moderate,-8.0,average,fading,,1000,275.0,29.1,53.7,0.541,0,1,0,4,7,41,3,0,0,1,0.1
beta.53,sim,500,,,moderate,-6.0,average,fading,,1000,229.1,34.9,53.7,0.65,0,1,1,1,6,33,0,0,0,1,0.1
beta.53,sim,500,,,moderate,-6.0,average,fading,,1000,228.8,35.0,53.7,0.651,0,1,1,1,6,33,0,0,0,1,0.1
beta.53,sim,500,,,moderate,-6.0,average,fading,,1000,214.8,37.2,53.7,0.693,0,1,1,1,6,33,0,0,0,1,0.1
beta.53,sim,500,,,moderate,-6.0,average,fading,,1000,233.7,34.2,53.7,0.637,0,1,1,1,6,34,1,0,0,1,0.0
beta.53,sim,500,,,moderate,-6.0,average,fading,,1000,295.9,27.0,53.7,0.503,0,2,1,3,12,62,25,2,4,1,0.1
beta.53,sim,500,,,moderate,-6.0,average,fading,,1000,233.3,34.3,53.7,0.638,0,1,1,1,6,34,1,0,0,1,0.0
beta.53,sim,500,,,moderate,-6.0,average,fading,,1000,228.6,35.0,53.7,0.651,0,1,1,1,6,33,0,0,0,1,0.1
beta.53,sim,500,,,moderate,-6.0,average,fading,,1000,231.9,34.5,53.7,0.642,0,1,1,1,6,34,1,0,0,1,0.1
beta.53,sim,500,,,moderate,-6.0,average,fading,,1000,214.5,37.3,53.7,0.694,0,1,1,1,6,33,0,0,0,1,0.1
beta.53,sim,500,,,moderate,-6.0,average,fading,,1000,229.3,34.9,53.7,0.649,0,1,1,1,6,33,0,0,0,1,0.1
beta.53,sim,500,,,moderate,-6.0,average,fading,,1000,228.4,35.0,53.7,0.652,0,1,1,1,6,33,0,0,0,1,0.1
beta.53,sim,500,,,moderate,-6.0,average,fading,,1000,226.9,35.3,53.7,0.656,0,1,1,1,6,33,0,0,0,1,0.1
beta.53,sim,500,,,moderate,-6.0,average,fading,,1000,226.4,35.3,53.7,0.658,0,2,1,2,10,50,14,1,3,1,0.1
beta.53,sim,500,,,moderate,-6.0,average,fading,,1000,233.3,34.3,53.7,0.638,0,1,1,1,6,34,1,0,0,1,0.1
beta.53,sim,500,,,moderate,-6.0,average,fading,,1000,227.8,35.1,53.7,0.654,0,1,1,1,6,33,0,0,0,1,0.1
beta.53,sim,500,,,moderate,-6.0,average,fading,,1000,214.6,37.3,53.7,0.694,0,1,1,1,6,33,0,0,0,1,0.0
beta.53,sim,500,,,moderate,-6.0,average,fading,,1000,226.5,35.3,53.7,0.657,0,1,1,1,6,33,0,0,0,1,0.1
beta.53,sim,500,,,moderate,-6.0,average,fading,,1000,228.1,35.1,53.7,0.653,0,1,1,1,6,33,0,0,0,1,0.1
beta.53,sim,500,,,moderate,-6.0,average,fading,,1000,227.2,35.2,53.7,0.655,0,1,1,1,6,33,0,0,0,1,0.1
beta.53,sim,500,,,moderate,-6.0,average,fading,,1000,227.3,35.2,53.7,0.655,0,1,1,1,6,33,0,0,0,1,0.1
beta.53,sim,500,,,moderate,-6.0,average,fading,,1000,231.9,34.5,53.7,0.642,0,1,1,1,6,34,1,0,0,1,0.1
beta.53,sim,500,,,moderate,-6.0,average,fading,,1000,228.6,35.0,53.7,0.651,0,2,1,2,10,48,12,3,3,1,0.0
beta.53,sim,500,,,moderate,-6.0,average,fading,,1000,232.8,34.4,53.7,0.64,0,1,1,1,6,34,1,0,0,1,0.1
beta.53,sim,500,,,moderate,-6.0,average,fading,,1000,227.3,35.2,53.7,0.655,0,1,1,1,6,33,0,0,0,1,0.1
beta.53,sim,500,,,moderate,-6.0,average,fading,,1000,228.8,35.0,53.7,0.651,0,1,1,1,6,33,0,0,0,1,0.1
beta.53,sim,500,,,moderate,-6.0,average,fading,,1000,227.2,35.2,53.7,0.655,0,1,1,1,6,33,0,0,0,1,0.1
beta.53,sim,500,,,moderate,-6.0,average,fading,,1000,227.3,35.2,53.7,0.655,0,1,1,1,6,33,0,0,0,1,0.1
beta.53,sim,500,,,moderate,-6.0,average,fading,,1000,229.3,34.9,53.7,0.649,0,1,1,1,6,33,0,0,0,1,0.1
beta.53,sim,500,,,moderate,-6.0,average,fading,,1000,233.3,34.3,53.7,0.638,0,1,1,1,6,34,1,0,0,1,0.1
beta.53,sim,500,,,moderate,-6.0,average,fading,,1000,244.0,32.8,53.7,0.61,0,1,1,3,6,36,1,0,0,1,0.1
beta.53,sim,500,,,moderate,-4.0,average,fading,,1000,214.6,37.3,53.7,0.694,0,1,1,1,6,33,0,0,0,1,0.0
beta.53,sim,500,,,moderate,-4.0,average,fading,,1000,228.8,35.0,53.7,0.651,0,1,1,1,6,33,0,0,0,1,0.1
beta.53,sim,500,,,moderate,-4.0,average,fading,,1000,220.1,36.3,53.7,0.676,0,1,1,1,6,34,1,0,0,1,0.1
beta.53,sim,500,,,moderate,-4.0,average,fading,,1000,233.7,34.2,53.7,0.637,0,1,1,1,6,34,1,0,0,1,0.1
beta.53,sim,500,,,moderate,-4.0,average,fading,,1000,258.8,30.9,53.7,0.575,0,3,1,4,11,56,19,2,3,1,0.1
beta.53,sim,500,,,moderate,-4.0,average,fading,,1000,219.7,36.4,53.7,0.678,0,1,1,1,6,34,1,0,0,1,0.1
beta.53,sim,500,,,moderate,-4.0,average,fading,,1000,228.6,35.0,53.7,0.651,0,1,1,1,6,33,0,0,0,1,0.1
beta.53,sim,500,,,moderate,-4.0,average,fading,,1000,231.9,34.5,53.7,0.642,0,1,1,1,6,34,1,0,0,1,0.1
beta.53,sim,500,,,moderate,-4.0,average,fading,,1000,214.5,37.3,53.7,0.694,0,1,1,1,6,33,0,0,0,1,0.1
beta.53,sim,500,,,moderate,-4.0,average,fading,,1000,229.3,34.9,53.7,0.649,0,1,1,1,6,33,0,0,0,1,0.1
beta.53,sim,500,,,moderate,-4.0,average,fading,,1000,210.7,38.0,53.7,0.707,0,1,1,1,6,33,0,0,0,1,0.0
beta.53,sim,500,,,moderate,-4.0,average,fading,,1000,232.3,34.4,53.7,0.641,0,1,1,1,6,34,1,0,0,1,0.1
beta.53,sim,500,,,moderate,-4.0,average,fading,,1000,216.5,37.0,53.7,0.688,0,2,1,3,9,43,6,1,1,1,0.1
beta.53,sim,500,,,moderate,-4.0,average,fading,,1000,196.6,40.7,53.7,0.757,1,2,1,1,7,38,3,1,0,1,0.1
beta.53,sim,500,,,moderate,-4.0,average,fading,,1000,227.8,35.1,53.7,0.654,0,1,1,1,6,33,0,0,0,1,0.1
beta.53,sim,500,,,moderate,-4.0,average,fading,,1000,235.6,34.0,53.7,0.632,0,2,1,2,10,55,19,0,3,1,0.1
beta.53,sim,500,,,moderate,-4.0,average,fading,,1000,226.5,35.3,53.7,0.657,0,1,1,1,6,33,0,0,0,1,0.1
beta.53,sim,500,,,moderate,-4.0,average,fading,,1000,233.5,34.3,53.7,0.638,0,1,1,1,6,34,1,0,0,1,0.1
beta.53,sim,500,,,moderate,-4.0,average,fading,,1000,232.6,34.4,53.7,0.64,0,1,1,1,6,34,1,0,0,1,0.1
beta.53,sim,500,,,moderate,-4.0,average,fading,,1000,227.3,35.2,53.7,0.655,0,1,1,1,6,33,0,0,0,1,0.1
beta.53,sim,500,,,moderate,-4.0,average,fading,,1000,210.7,38.0,53.7,0.707,0,1,1,1,6,33,0,0,0,1,0.0
beta.53,sim,500,,,moderate,-4.0,average,fading,,1000,205.5,38.9,53.7,0.725,0,2,1,2,9,43,8,0,2,1,0.1
beta.53,sim,500,,,moderate,-4.0,average,fading,,1000,232.8,34.4,53.7,0.64,0,1,1,1,6,34,1,0,0,1,0.1
beta.53,sim,500,,,moderate,-4.0,average,fading,,1000,210.7,38.0,53.7,0.707,0,1,1,1,6,33,0,0,0,1,0.1
beta.53,sim,500,,,moderate,-4.0,average,fading,,1000,215.5,37.1,53.7,0.691,0,1,1,1,6,33,0,0,0,1,0.0
beta.53,sim,500,,,moderate,-4.0,average,fading,,1000,227.2,35.2,53.7,0.655,0,1,1,1,6,33,0,0,0,1,0.1
beta.53,sim,500,,,moderate,-4.0,average,fading,,1000,232.7,34.4,53.7,0.64,0,1,1,1,6,34,1,0,0,1,0.1
beta.53,sim,500,,,moderate,-4.0,average,fading,,1000,229.3,34.9,53.7,0.649,0,1,1,1,6,33,0,0,0,1,0.0
beta.53,sim,500,,,moderate,-4.0,average,fading,,1000,233.3,34.3,53.7,0.638,0,1,1,1,6,34,1,0,0,1,0.1
beta.53,sim,500,,,moderate,-4.0,average,fading,,1000,210.7,38.0,53.7,0.707,0,1,1,1,6,33,0,0,0,1,0.0
beta.53,sim,500,,,moderate,-2.0,average,fading,,1000,207.5,38.6,53.7,0.718,0,2,1,3,9,42,7,1,1,1,0.1
beta.53,sim,500,,,moderate,-2.0,average,fading,,1000,232.5,34.4,53.7,0.64,0,2,1,3,9,41,4,1,1,1,0.1
beta.53,sim,500,,,moderate,-2.0,average,fading,,1000,215.4,37.1,53.7,0.691,0,2,1,4,8,43,6,2,1,1,0.1
beta.53,sim,500,,,moderate,-2.0,average,fading,,1000,209.5,38.2,53.7,0.711,0,3,1,3,8,39,4,3,0,1,0.1
beta.53,sim,500,,,moderate,-2.0,average,fading,,1000,216.8,36.9,53.7,0.687,0,3,1,3,9,53,18,4,3,1,0.1
beta.53,sim,500,,,moderate,-2.0,average,fading,,1000,224.8,35.6,53.7,0.662,0,2,1,2,9,41,4,0,0,1,0.1
beta.53,sim,500,,,moderate,-2.0,average,fading,,1000,227.3,35.2,53.7,0.655,0,2,1,3,8,38,1,0,0,1,0.1
beta.53,sim,500,,,moderate,-2.0,average,fading,,1000,219.6,36.4,53.7,0.678,0,2,1,3,9,43,6,0,1,1,0.1
beta.53,sim,500,,,moderate,-2.0,average,fading,,1000,204.3,39.2,53.7,0.729,0,2,1,2,7,41,6,1,1,1,0.0
beta.53,sim,500,,,moderate,-2.0,average,fading,,1000,230.9,34.7,53.7,0.645,0,2,1,5,9,39,2,0,1,1,0.1
beta.53,sim,500,,,moderate,-2.0,average,fading,,1000,224.4,35.6,53.7,0.663,0,2,1,3,10,44,8,0,3,1,0.1
beta.53,sim,500,,,moderate,-2.0,average,fading,,1000,250.5,31.9,53.7,0.594,0,2,0,3,9,51,13,3,2,1,0.1
beta.53,sim,500,,,moderate,-2.0,average,fading,,1000,184.2,43.4,53.7,0.808,0,3,1,3,8,48,9,1,1,1,0.1
beta.53,sim,500,,,moderate,-2.0,average,fading,,1000,196.6,40.7,53.7,0.757,1,2,1,1,7,38,3,0,0,1,0.0
beta.53,sim,500,,,moderate,-2.0,average,fading,,1000,219.6,36.4,53.7,0.678,0,2,1,4,8,43,6,0,1,1,0.1
beta.53,sim,500,,,moderate,-2.0,average,fading,,1000,220.0,36.4,53.7,0.677,0,1,1,1,6,34,1,0,0,1,0.0
beta.53,sim,500,,,moderate,-2.0,average,fading,,1000,252.0,31.7,53.7,0.591,0,2,1,4,10,58,19,3,3,1,0.1
beta.53,sim,500,,,moderate,-2.0,average,fading,,1000,194.5,41.1,53.7,0.766,1,2,1,1,7,36,1,0,0,1,0.0
beta.53,sim,500,,,moderate,-2.0,average,fading,,1000,220.6,36.3,53.7,0.675,0,2,1,5,9,40,3,1,1,1,0.1
beta.53,sim,500,,,moderate,-2.0,average,fading,,1000,217.2,36.8,53.7,0.686,0,2,1,2,7,41,6,1,1,1,0.1
beta.53,sim,500,,,moderate,-2.0,average,fading,,1000,200.8,39.8,53.7,0.742,0,2,1,3,8,41,6,3,0,1,0.0
beta.53,sim,500,,,moderate,-2.0,average,fading,,1000,194.7,41.1,53.7,0.765,0,3,1,3,9,41,8,0,2,1,0.0
beta.53,sim,500,,,moderate,-2.0,average,fading,,1000,260.6,30.7,53.7,0.571,0,2,1,3,10,52,13,1,2,1,0.0
beta.53,sim,500,,,moderate,-2.0,average,fading,,1000,200.5,39.9,53.7,0.743,0,2,1,2,7,41,6,0,1,1,0.0
beta.53,sim,500,,,moderate,-2.0,average,fading,,1000,239.1,33.5,53.7,0.623,0,2,1,4,9,51,12,1,2,1,0.0
beta.53,sim,500,,,moderate,-2.0,average,fading,,1000,215.1,37.2,53.7,0.692,0,2,1,3,8,39,2,1,0,1,0.0
beta.53,sim,500,,,moderate,-2.0,average,fading,,1000,232.7,34.4,53.7,0.64,0,1,1,1,6,34,1,0,0,1,0.0
beta.53,sim,500,,,moderate,-2.0,average,fading,,1000,287.4,27.8,53.7,0.518,0,2,1,4,11,61,24,0,4,1,0.1
beta.53,sim,500,,,moderate,-2.0,average,fading,,1000,256.9,31.1,53.7,0.58,0,2,1,4,9,52,13,0,2,1,0.1
beta.53,sim,500,,,moderate,-2.0,average,fading,,1000,223.6,35.8,53.7,0.666,0,2,0,3,9,49,12,1,2,1,0.1
beta.53,sim,500,,,moderate,0.0,average,fading,,1000,215.4,37.1,53.7,0.691,0,2,1,4,8,43,6,0,1,1,0.0
beta.53,sim,500,,,moderate,0.0,average,fading,,1000,191.0,41.9,53.7,0.78,1,3,1,3,8,42,3,0,0,1,0.0
beta.53,sim,500,,,moderate,0.0,average,fading,,1000,194.5,41.1,53.7,0.766,1,2,1,1,7,36,1,0,0,1,0.1
beta.53,sim,500,,,moderate,0.0,average,fading,,1000,193.3,41.4,53.7,0.77,0,4,1,3,9,39,5,3,0,1,0.1
beta.53,sim,500,,,moderate,0.0,average,fading,,1000,206.1,38.8,53.7,0.723,0,4,1,3,9,51,18,4,3,1,0.0
beta.53,sim,500,,,moderate,0.0,average,fading,,1000,180.1,44.4,53.7,0.827,0,4,1,5,11,51,11,0,1,1,0.0
beta.53,sim,500,,,moderate,0.0,average,fading,,1000,233.8,34.2,53.7,0.637,0,2,1,3,10,40,4,0,3,1,0.0
beta.53,sim,500,,,moderate,0.0,average,fading,,1000,205.6,38.9,53.7,0.724,0,2,1,2,8,46,9,0,1,1,0.0
beta.53,sim,500,,,moderate,0.0,average,fading,,1000,198.7,40.3,53.7,0.749,0,2,1,4,9,46,8,0,1,1,0.1
beta.53,sim,500,,,moderate,0.0,average,fading,,1000,210.4,38.0,53.7,0.707,0,2,1,3,8,39,2,1,0,1,0.1
beta.53,sim,500,,,moderate,0.0,average,fading,,1000,197.6,40.5,53.7,0.753,0,2,1,3,8,38,3,1,0,1,0.1
beta.53,sim,500,,,moderate,0.0,average,fading,,1000,219.6,36.4,53.7,0.678,0,3,1,5,10,50,8,0,1,1,0.1
beta.53,sim,500,,,moderate,0.0,average,fading,,1000,172.9,46.3,53.7,0.861,0,4,1,5,10,55,15,0,2,1,0.0
beta.53,sim,500,,,moderate,0.0,average,fading,,1000,158.6,50.4,53.7,0.939,1,3,1,4,9,51,7,0,0,1,0.0
beta.53,sim,500,,,moderate,0.0,average,fading,,1000,178.8,44.7,53.7,0.832,0,3,1,4,8,47,6,1,1,1,0.0
beta.53,sim,500,,,moderate,0.0,average,fading,,1000,205.0,39.0,53.7,0.726,0,2,0,7,11,41,4,1,3,1,0.1
beta.53,sim,500,,,moderate,0.0,average,fading,,1000,218.7,36.6,53.7,0.681,0,2,1,4,10,45,4,0,0,1,0.1
beta.53,sim,500,,,moderate,0.0,average,fading,,1000,194.5,41.1,53.7,0.766,1,2,1,1,7,36,1,0,0,1,0.0
beta.53,sim,500,,,moderate,0.0,average,fading,,1000,226.2,35.4,53.7,0.658,0,2,1,3,8,45,6,1,1,1,0.0
beta.53,sim,500,,,moderate,0.0,average,fading,,1000,212.2,37.7,53.7,0.702,1,2,1,1,7,37,2,1,0,1,0.0
beta.53,sim,500,,,moderate,0.0,average,fading,,1000,197.3,40.6,53.7,0.755,0,2,1,5,10,48,10,0,0,1,0.0
beta.53,sim,500,,,moderate,0.0,average,fading,,1000,183.8,43.5,53.7,0.81,0,4,1,4,9,47,10,0,2,1,0.0
beta.53,sim,500,,,moderate,0.0,average,fading,,1000,180.4,44.3,53.7,0.825,0,3,1,7,11,46,9,1,2,1,0.1
beta.53,sim,500,,,moderate,0.0,average,fading,,1000,209.5,38.2,53.7,0.711,0,2,0,5,11,49,9,2,2,1,0.1
beta.53,sim,500,,,moderate,0.0,average,fading,,1000,199.1,40.2,53.7,0.748,0,2,1,6,11,48,4,1,1,1,0.1
beta.53,sim,500,,,moderate,0.0,average,fading,,1000,219.4,36.5,53.7,0.679,0,2,1,3,8,39,2,0,0,1,0.1
beta.53,sim,500,,,moderate,0.0,average,fading,,1000,232.4,34.4,53.7,0.641,0,2,1,3,8,40,3,0,0,1,0.0
beta.53,sim,500,,,moderate,0.0,average,fading,,1000,213.9,37.4,53.7,0.696,0,2,1,3,8,38,1,0,0,1,0.1
beta.53,sim,500,,,moderate,0.0,average,fading,,1000,177.6,45.0,53.7,0.838,0,4,1,4,9,42,6,3,0,1,0.0
beta.53,sim,500,,,moderate,0.0,average,fading,,1000,215.4,37.1,53.7,0.691,0,2,1,2,8,43,6,0,1,1,0.0
beta.53,sim,500,,,moderate,2.0,average,fading,,1000,194.0,41.2,113.9,0.362,0,3,1,6,9,41,3,0,1,1,0.0
beta.53,sim,500,,,moderate,2.0,average,fading,,1000,200.3,39.9,113.9,0.351,0,3,1,6,10,42,3,0,1,1,0.1
beta.53,sim,500,,,moderate,2.0,average,fading,,1000,120.1,66.6,113.9,0.585,1,4,1,3,8,43,2,0,0,1,0.0
beta.53,sim,500,,,moderate,2.0,average,fading,,1000,70.7,113.1,113.9,0.993,0,5,2,5,9,54,14,1,2,1,0.0
beta.53,sim,500,,,moderate,2.0,average,fading,,1000,162.3,49.3,113.9,0.433,0,5,1,5,10,45,11,1,2,1,0.1
beta.53,sim,500,,,moderate,2.0,average,fading,,1000,149.1,53.7,113.9,0.471,0,5,1,5,10,46,11,0,1,1,0.1
beta.53,sim,500,,,moderate,2.0,average,fading,,1000,198.2,40.4,113.9,0.354,0,2,1,4,9,45,7,0,1,1,0.0
beta.53,sim,500,,,moderate,2.0,average,fading,,1000,187.3,42.7,113.9,0.375,0,2,1,4,9,50,8,0,1,1,0.1
beta.53,sim,500,,,moderate,2.0,average,fading,,1000,192.0,41.7,113.9,0.366,0,2,1,5,10,43,5,0,0,1,0.0
beta.53,sim,500,,,moderate,2.0,average,fading,,1000,176.6,45.3,113.9,0.398,1,3,1,4,9,48,8,1,1,1,0.0
beta.53,sim,500,,,moderate,2.0,average,fading,,1000,160.0,50.0,113.9,0.439,0,3,1,4,10,54,14,0,2,1,0.1
beta.53,sim,500,,,moderate,2.0,average,fading,,1000,148.7,53.8,113.9,0.473,0,5,1,6,10,49,12,1,1,1,0.1
beta.53,sim,500,,,moderate,2.0,average,fading,,1000,141.9,56.4,113.9,0.495,0,5,1,6,9,50,15,0,2,1,0.0
beta.53,sim,500,,,moderate,2.0,average,fading,,1000,111.5,71.7,113.9,0.63,1,4,1,4,8,43,6,0,0,1,0.1
beta.53,sim,500,,,moderate,2.0,average,fading,,1000,158.8,50.4,113.9,0.442,0,4,3,6,10,54,13,1,2,1,0.0
beta.53,sim,500,,,moderate,2.0,average,fading,,1000,188.9,42.4,113.9,0.372,1,2,1,3,9,41,3,1,0,1,0.0
beta.53,sim,500,,,moderate,2.0,average,fading,,1000,170.6,46.9,113.9,0.412,0,4,0,6,12,49,9,0,2,1,0.1
beta.53,sim,500,,,moderate,2.0,average,fading,,1000,159.3,50.2,113.9,0.441,0,3,1,6,10,54,9,0,1,1,0.1
beta.53,sim,500,,,moderate,2.0,average,fading,,1000,188.9,42.4,113.9,0.372,1,2,1,3,9,41,3,0,0,1,0.1
beta.53,sim,500,,,moderate,2.0,average,fading,,1000,160.4,49.9,113.9,0.438,1,3,1,3,8,42,3,1,0,1,0.0
beta.53,sim,500,,,moderate,2.0,average,fading,,1000,175.9,45.5,113.9,0.399,1,3,1,4,9,44,5,0,0,1,0.1
beta.53,sim,500,,,moderate,2.0,average,fading,,1000,113.9,70.2,113.9,0.617,1,5,1,5,11,61,10,0,1,1,0.0
beta.53,sim,500,,,moderate,2.0,average,fading,,1000,169.5,47.2,113.9,0.415,1,3,2,3,8,40,3,0,0,1,0.0
beta.53,sim,500,,,moderate,2.0,average,fading,,1000,173.4,46.1,113.9,0.405,0,3,0,5,10,41,4,0,1,1,0.1
beta.53,sim,500,,,moderate,2.0,average,fading,,1000,196.4,40.7,113.9,0.358,0,2,1,7,12,43,5,0,3,1,0.1
beta.53,sim,500,,,moderate,2.0,average,fading,,1000,194.6,41.1,113.9,0.361,0,4,1,4,9,39,4,1,0,1,0.1
beta.53,sim,500,,,moderate,2.0,average,fading,,1000,123.0,65.1,113.9,0.571,0,5,1,6,9,44,6,1,1,1,0.0
beta.53,sim,500,,,moderate,2.0,average,fading,,1000,207.2,38.6,113.9,0.339,0,3,1,4,10,55,18,0,3,1,0.1
beta.53,sim,500,,,moderate,2.0,average,fading,,1000,163.3,49.0,113.9,0.43,0,4,1,5,9,54,14,0,2,1,0.1
beta.53,sim,500,,,moderate,2.0,average,fading,,1000,187.8,42.6,113.9,0.374,1,2,1,3,9,40,2,0,0,1,0.1
beta.53,sim,500,,,moderate,6.0,average,fading,,1000,56.6,141.5,258.1,0.548,2,5,3,4,8,43,5,0,0,1,0.0
beta.53,sim,500,,,moderate,6.0,average,fading,,1000,39.7,201.3,258.1,0.78,3,7,5,3,6,29,2,0,0,1,0.0
beta.53,sim,500,,,moderate,6.0,average,fading,,1000,44.6,179.5,258.1,0.696,3,7,3,4,6,32,4,0,0,1,0.0
beta.53,sim,500,,,moderate,6.0,average,fading,,1000,29.3,273.5,258.1,1.06,5,8,7,2,4,21,1,1,0,1,0.0
beta.53,sim,500,,,moderate,6.0,average,fading,,1000,77.3,103.5,258.1,0.401,2,7,3,4,10,60,10,1,1,1,0.0
beta.53,sim,500,,,moderate,6.0,average,fading,,1000,47.1,169.8,258.1,0.658,3,7,3,4,6,36,4,0,0,1,0.0
beta.53,sim,500,,,moderate,6.0,average,fading,,1000,61.8,129.4,258.1,0.501,2,4,3,4,8,48,4,0,0,1,0.0
beta.53,sim,500,,,moderate,6.0,average,fading,,1000,37.7,212.4,258.1,0.823,3,7,5,3,5,28,2,1,0,1,0.0
beta.53,sim,500,,,moderate,6.0,average,fading,,1000,45.0,177.7,258.1,0.689,3,7,4,3,6,34,4,1,0,1,0.0
beta.53,sim,500,,,moderate,6.0,average,fading,,1000,57.2,139.8,258.1,0.542,3,5,4,5,8,39,7,0,1,1,0.0
beta.53,sim,500,,,moderate,6.0,average,fading,,1000,31.4,255.1,258.1,0.989,5,8,7,2,4,23,3,2,0,1,0.0
beta.53,sim,500,,,moderate,6.0,average,fading,,1000,85.9,93.1,258.1,0.361,0,7,4,4,7,34,4,1,0,1,0.0
beta.53,sim,500,,,moderate,6.0,average,fading,,1000,34.5,231.9,258.1,0.899,5,7,5,3,5,25,3,0,0,1,0.0
beta.53,sim,500,,,moderate,6.0,average,fading,,1000,38.7,206.8,258.1,0.801,3,7,3,4,6,28,4,0,0,1,0.0
beta.53,sim,500,,,moderate,6.0,average,fading,,1000,52.4,152.8,258.1,0.592,3,5,3,3,7,40,4,2,0,1,0.0
beta.53,sim,500,,,moderate,6.0,average,fading,,1000,50.3,159.2,258.1,0.617,3,5,3,3,7,38,4,0,0,1,0.0
beta.53,sim,500,,,moderate,6.0,average,fading,,1000,47.0,170.1,258.1,0.659,3,7,3,4,6,32,4,0,0,1,0.0
beta.53,sim,500,,,moderate,6.0,average,fading,,1000,45.8,174.7,258.1,0.677,3,7,5,4,6,34,7,0,1,1,0.0
beta.53,sim,500,,,moderate,6.0,average,fading,,1000,47.1,169.8,258.1,0.658,3,7,4,4,6,36,7,1,0,1,0.1
beta.53,sim,500,,,moderate,6.0,average,fading,,1000,50.3,159.2,258.1,0.617,2,5,4,3,7,38,1,0,0,1,0.0
beta.53,sim,500,,,moderate,6.0,average,fading,,1000,55.2,144.9,258.1,0.561,2,7,2,6,8,41,13,3,1,1,0.0
beta.53,sim,500,,,moderate,6.0,average,fading,,1000,32.4,247.0,258.1,0.957,7,9,7,3,5,23,7,4,0,1,0.0
beta.53,sim,500,,,moderate,6.0,average,fading,,1000,76.2,105.0,258.1,0.407,1,5,1,5,11,58,5,0,1,1,0.1
beta.53,sim,500,,,moderate,6.0,average,fading,,1000,80.4,99.5,258.1,0.386,1,5,1,3,8,41,3,0,0,1,0.0
beta.53,sim,500,,,moderate,6.0,average,fading,,1000,50.3,159.2,258.1,0.617,3,5,3,3,7,38,3,0,0,1,0.0
beta.53,sim,500,,,moderate,6.0,average,fading,,1000,53.4,149.8,258.1,0.58,3,5,3,5,7,41,6,0,0,1,0.1
beta.53,sim,500,,,moderate,6.0,average,fading,,1000,39.8,201.2,258.1,0.78,4,7,4,3,5,30,2,0,0,1,0.0
beta.53,sim,500,,,moderate,6.0,average,fading,,1000,60.8,131.6,258.1,0.51,3,5,3,6,8,42,9,0,1,1,0.0
beta.53,sim,500,,,moderate,6.0,average,fading,,1000,70.4,113.6,258.1,0.44,1,7,1,6,8,39,9,0,1,1,0.1
beta.53,sim,500,,,moderate,6.0,average,fading,,1000,42.9,186.5,258.1,0.723,4,7,4,3,6,32,4,0,0,1,0.1
beta.53,sim,500,,,poor,-18.0,average,fading,,1000,79.7,0.0,0.0,,,,,0,0,0,0,0,0,0,0.0
beta.53,sim,500,,,poor,-18.0,average,fading,,1000,125.6,0.0,0.0,,,,,0,0,0,0,0,0,0,0.0
beta.53,sim,500,,,poor,-18.0,average,fading,,1000,108.3,0.0,0.0,,,,,0,0,0,0,0,0,0,0.0
beta.53,sim,500,,,poor,-18.0,average,fading,,1000,109.6,0.0,0.0,,,,,0,0,0,0,0,0,0,0.0
beta.53,sim,500,,,poor,-18.0,average,fading,,1000,183.3,0.0,0.0,,,,,0,0,0,0,0,0,0,0.0
beta.53,sim,500,,,poor,-18.0,average,fading,,1000,220.6,0.0,0.0,,,,,0,0,0,0,0,0,0,0.0
beta.53,sim,500,,,poor,-18.0,average,fading,,1000,79.4,0.0,0.0,,,,,0,0,0,0,0,0,0,0.0
beta.53,sim,500,,,poor,-18.0,average,fading,,1000,64.4,0.0,0.0,,,,,0,0,0,0,0,0,0,0.0
beta.53,sim,500,,,poor,-18.0,average,fading,,1000,190.3,0.0,0.0,,,,,0,0,0,0,0,0,0,0.0
beta.53,sim,500,,,poor,-18.0,average,fading,,1000,105.2,0.0,0.0,,,,,0,0,0,0,0,0,0,0.0
beta.53,sim,500,,,poor,-18.0,average,fading,,1000,91.4,0.0,0.0,,,,,0,0,0,0,0,0,0,0.0
beta.53,sim,500,,,poor,-18.0,average,fading,,1000,120.7,0.0,0.0,,,,,0,0,0,0,0,0,0,0.0
beta.53,sim,500,,,poor,-18.0,average,fading,,1000,134.0,0.0,0.0,,,,,0,0,0,0,0,0,0,0.0
beta.53,sim,500,,,poor,-18.0,average,fading,,1000,195.4,0.0,0.0,,,,,0,0,0,0,0,0,0,0.0
beta.53,sim,500,,,poor,-18.0,average,fading,,1000,100.2,0.0,0.0,,,,,0,0,0,0,0,0,0,0.0
beta.53,sim,500,,,poor,-18.0,average,fading,,1000,134.9,0.0,0.0,,,,,0,0,0,0,0,0,0,0.0
beta.53,sim,500,,,poor,-18.0,average,fading,,1000,210.8,0.0,0.0,,,,,0,0,0,0,0,0,0,0.0
beta.53,sim,500,,,poor,-18.0,average,fading,,1000,158.4,0.0,0.0,,,,,0,0,0,0,0,0,0,0.0
beta.53,sim,500,,,poor,-18.0,average,fading,,1000,122.0,0.0,0.0,,,,,0,0,0,0,0,0,0,0.0
beta.53,sim,500,,,poor,-18.0,average,fading,,1000,85.7,0.0,0.0,,,,,0,0,0,0,0,0,0,0.0
beta.53,sim,500,,,poor,-18.0,average,fading,,1000,238.4,0.0,0.0,,,,,0,0,0,0,0,0,0,0.0
beta.53,sim,500,,,poor,-18.0,average,fading,,1000,658.0,6.9,0.0,,0,0,0,0,13,78,51,21,8,0,0.2
beta.53,sim,500,,,poor,-18.0,average,fading,,1000,119.9,0.0,0.0,,,,,0,0,0,0,0,0,0,0.0
beta.53,sim,500,,,poor,-18.0,average,fading,,1000,233.8,0.0,0.0,,,,,0,0,0,0,0,0,0,0.1
beta.53,sim,500,,,poor,-18.0,average,fading,,1000,94.3,0.0,0.0,,,,,0,0,0,0,0,0,0,0.0
beta.53,sim,500,,,poor,-18.0,average,fading,,1000,129.5,0.0,0.0,,,,,0,0,0,0,0,0,0,0.0
beta.53,sim,500,,,poor,-18.0,average,fading,,1000,93.0,0.0,0.0,,,,,0,0,0,0,0,0,0,0.0
beta.53,sim,500,,,poor,-18.0,average,fading,,1000,180.3,0.0,0.0,,,,,0,0,0,0,0,0,0,0.0
beta.53,sim,500,,,poor,-18.0,average,fading,,1000,140.7,0.0,0.0,,,,,0,0,0,0,0,0,0,0.0
beta.53,sim,500,,,poor,-18.0,average,fading,,1000,124.9,0.0,0.0,,,,,0,0,0,0,0,0,0,0.0
beta.53,sim,500,,,poor,-14.0,average,fading,,1000,353.1,22.7,35.8,0.632,0,0,0,0,10,53,5,0,0,1,0.1
beta.53,sim,500,,,poor,-14.0,average,fading,,1000,375.6,21.3,35.8,0.595,0,0,0,0,9,52,4,0,0,1,0.1
beta.53,sim,500,,,poor,-14.0,average,fading,,1000,357.5,22.4,35.8,0.625,0,0,0,0,10,54,6,1,1,1,0.1
beta.53,sim,500,,,poor,-14.0,average,fading,,1000,332.1,24.1,35.8,0.673,0,0,0,0,9,50,2,0,0,1,0.1
beta.53,sim,500,,,poor,-14.0,average,fading,,1000,326.6,24.5,35.8,0.684,0,0,0,0,9,49,1,0,0,1,0.1
beta.53,sim,500,,,poor,-14.0,average,fading,,1000,342.4,23.4,35.8,0.652,0,0,0,0,9,52,4,0,0,1,0.1
beta.53,sim,500,,,poor,-14.0,average,fading,,1000,327.0,24.5,35.8,0.683,0,0,0,0,9,49,1,0,0,1,0.1
beta.53,sim,500,,,poor,-14.0,average,fading,,1000,335.6,23.8,35.8,0.665,0,0,0,0,9,51,3,0,0,1,0.1
beta.53,sim,500,,,poor,-14.0,average,fading,,1000,348.8,22.9,35.8,0.64,0,1,0,2,8,48,3,2,0,1,0.1
beta.53,sim,500,,,poor,-14.0,average,fading,,1000,371.8,21.5,35.8,0.601,0,0,0,0,9,53,5,0,0,1,0.1
beta.53,sim,500,,,poor,-14.0,average,fading,,1000,321.4,24.9,35.8,0.695,0,1,0,2,9,48,3,1,0,1,0.1
beta.53,sim,500,,,poor,-14.0,average,fading,,1000,336.0,23.8,35.8,0.665,0,0,0,0,9,51,3,0,0,1,0.1
beta.53,sim,500,,,poor,-14.0,average,fading,,1000,331.1,24.2,35.8,0.675,0,0,0,0,9,50,2,0,0,1,0.1
beta.53,sim,500,,,poor,-14.0,average,fading,,1000,347.8,23.0,35.8,0.642,0,0,0,0,9,53,5,0,0,1,0.1
beta.53,sim,500,,,poor,-14.0,average,fading,,1000,347.7,23.0,35.8,0.642,0,0,0,0,9,53,5,0,0,1,0.1
beta.53,sim,500,,,poor,-14.0,average,fading,,1000,378.1,21.2,35.8,0.591,0,0,0,0,10,58,10,1,1,1,0.1
beta.53,sim,500,,,poor,-14.0,average,fading,,1000,372.8,21.5,35.8,0.599,0,0,0,0,10,57,9,0,1,1,0.1
beta.53,sim,500,,,poor,-14.0,average,fading,,1000,331.9,24.1,35.8,0.673,0,0,0,0,9,50,2,0,0,1,0.1
beta.53,sim,500,,,poor,-14.0,average,fading,,1000,325.6,24.6,35.8,0.686,0,1,0,2,9,49,4,2,0,1,0.1
beta.53,sim,500,,,poor,-14.0,average,fading,,1000,325.7,24.6,35.8,0.686,0,0,0,0,9,49,1,1,0,1,0.1
beta.53,sim,500,,,poor,-14.0,average,fading,,1000,335.6,23.8,35.8,0.665,0,0,0,0,9,51,3,0,0,1,0.1
beta.53,sim,500,,,poor,-14.0,average,fading,,1000,336.0,23.8,35.8,0.665,0,0,0,0,9,51,3,1,0,1,0.1
beta.53,sim,500,,,poor,-14.0,average,fading,,1000,346.9,23.1,35.8,0.644,0,1,0,2,10,52,7,4,1,1,0.1
beta.53,sim,500,,,poor,-14.0,average,fading,,1000,336.4,23.8,35.8,0.664,0,0,0,0,9,51,3,0,0,1,0.1
beta.53,sim,500,,,poor,-14.0,average,fading,,1000,327.2,24.5,35.8,0.683,0,0,0,0,9,49,1,0,0,1,0.1
beta.53,sim,500,,,poor,-14.0,average,fading,,1000,352.4,22.7,35.8,0.634,0,1,0,2,9,54,9,4,0,1,0.1
beta.53,sim,500,,,poor,-14.0,average,fading,,1000,336.4,23.8,35.8,0.664,0,0,0,0,9,51,3,0,0,1,0.1
beta.53,sim,500,,,poor,-14.0,average,fading,,1000,343.7,23.3,35.8,0.65,0,0,0,0,9,52,4,0,0,1,0.1
beta.53,sim,500,,,poor,-14.0,average,fading,,1000,418.1,19.1,35.8,0.534,0,0,0,0,10,52,4,1,0,1,0.1
beta.53,sim,500,,,poor,-14.0,average,fading,,1000,347.8,23.0,35.8,0.642,0,0,0,0,9,53,5,1,0,1,0.1
beta.53,sim,500,,,poor,-12.0,average,fading,,1000,317.9,25.2,35.8,0.703,0,1,0,2,8,48,3,2,0,1,0.1
beta.53,sim,500,,,poor,-12.0,average,fading,,1000,306.9,26.1,35.8,0.728,0,1,0,2,8,46,1,1,0,1,0.1
beta.53,sim,500,,,poor,-12.0,average,fading,,1000,316.2,25.3,35.8,0.706,0,1,0,2,8,48,3,1,0,1,0.1
beta.53,sim,500,,,poor,-12.0,average,fading,,1000,317.1,25.2,35.8,0.704,0,1,0,2,8,48,3,1,0,1,0.1
beta.53,sim,500,,,poor,-12.0,average,fading,,1000,306.3,26.1,35.8,0.729,0,1,0,2,8,46,1,0,0,1,0.1
beta.53,sim,500,,,poor,-12.0,average,fading,,1000,311.4,25.7,35.8,0.717,0,1,0,2,8,47,2,0,0,1,0.1
beta.53,sim,500,,,poor,-12.0,average,fading,,1000,290.6,27.5,35.8,0.768,0,1,0,2,8,43,2,1,0,1,0.1
beta.53,sim,500,,,poor,-12.0,average,fading,,1000,315.3,25.4,35.8,0.708,0,1,0,2,8,48,3,0,0,1,0.1
beta.53,sim,500,,,poor,-12.0,average,fading,,1000,317.1,25.2,35.8,0.704,0,1,0,2,8,48,3,1,0,1,0.1
beta.53,sim,500,,,poor,-12.0,average,fading,,1000,281.7,28.4,35.8,0.793,0,1,0,2,7,42,1,0,0,1,0.1
beta.53,sim,500,,,poor,-12.0,average,fading,,1000,306.5,26.1,35.8,0.729,0,1,0,2,8,46,1,0,0,1,0.1
beta.53,sim,500,,,poor,-12.0,average,fading,,1000,294.3,27.2,35.8,0.759,0,1,0,2,8,44,3,1,0,1,0.1
beta.53,sim,500,,,poor,-12.0,average,fading,,1000,289.3,27.6,35.8,0.772,0,1,0,2,8,43,2,2,0,1,0.1
beta.53,sim,500,,,poor,-12.0,average,fading,,1000,311.4,25.7,35.8,0.717,0,1,0,2,8,47,2,0,0,1,0.1
beta.53,sim,500,,,poor,-12.0,average,fading,,1000,316.7,25.3,35.8,0.705,0,1,0,2,8,48,3,1,0,1,0.1
beta.53,sim,500,,,poor,-12.0,average,fading,,1000,315.3,25.4,35.8,0.708,0,1,0,2,8,48,3,0,0,1,0.1
beta.53,sim,500,,,poor,-12.0,average,fading,,1000,304.6,26.3,35.8,0.733,0,1,0,2,8,46,1,0,0,1,0.1
beta.53,sim,500,,,poor,-12.0,average,fading,,1000,306.2,26.1,35.8,0.729,0,1,0,2,8,46,1,1,0,1,0.1
beta.53,sim,500,,,poor,-12.0,average,fading,,1000,305.3,26.2,35.8,0.732,0,1,0,2,8,46,1,0,0,1,0.1
beta.53,sim,500,,,poor,-12.0,average,fading,,1000,305.4,26.2,35.8,0.731,0,1,0,2,8,46,1,1,0,1,0.1
beta.53,sim,500,,,poor,-12.0,average,fading,,1000,314.2,25.5,35.8,0.711,0,1,0,4,9,47,4,0,0,1,0.1
beta.53,sim,500,,,poor,-12.0,average,fading,,1000,310.4,25.8,35.8,0.72,0,1,0,2,8,47,2,2,0,1,0.1
beta.53,sim,500,,,poor,-12.0,average,fading,,1000,316.3,25.3,35.8,0.706,0,1,0,2,8,48,3,0,0,1,0.1
beta.53,sim,500,,,poor,-12.0,average,fading,,1000,305.4,26.2,35.8,0.731,0,1,0,2,8,46,1,0,0,1,0.1
beta.53,sim,500,,,poor,-12.0,average,fading,,1000,301.5,26.5,35.8,0.741,0,1,1,3,8,45,2,0,0,1,0.1
beta.53,sim,500,,,poor,-12.0,average,fading,,1000,305.3,26.2,35.8,0.731,0,1,0,2,8,46,1,0,0,1,0.1
beta.53,sim,500,,,poor,-12.0,average,fading,,1000,279.7,28.6,35.8,0.798,0,1,0,2,7,42,1,0,0,1,0.1
beta.53,sim,500,,,poor,-12.0,average,fading,,1000,318.1,25.2,35.8,0.702,0,1,0,2,8,48,3,1,0,1,0.1
beta.53,sim,500,,,poor,-12.0,average,fading,,1000,316.7,25.3,35.8,0.705,0,1,0,2,8,48,3,0,0,1,0.1
beta.53,sim,500,,,poor,-12.0,average,fading,,1000,316.8,25.3,35.8,0.705,0,1,0,2,8,48,3,1,0,1,0.1
beta.53,sim,500,,,poor,-10.0,average,fading,,1000,229.1,34.9,53.7,0.65,0,1,1,1,6,33,0,0,0,1,0.1
beta.53,sim,500,,,poor,-10.0,average,fading,,1000,244.9,32.7,53.7,0.608,0,1,1,3,6,36,1,0,0,1,0.1
beta.53,sim,500,,,poor,-10.0,average,fading,,1000,289.4,27.6,53.7,0.515,0,1,0,4,8,43,2,1,0,1,0.1
beta.53,sim,500,,,poor,-10.0,average,fading,,1000,228.3,35.0,53.7,0.652,0,1,1,1,6,33,0,0,0,1,0.1
beta.53,sim,500,,,poor,-10.0,average,fading,,1000,244.3,32.8,53.7,0.61,0,1,1,3,6,36,1,0,0,1,0.1
beta.53,sim,500,,,poor,-10.0,average,fading,,1000,253.6,31.5,53.7,0.587,0,1,0,4,7,37,2,0,0,1,0.1
beta.53,sim,500,,,poor,-10.0,average,fading,,1000,228.6,35.0,53.7,0.651,0,1,1,1,6,33,0,0,0,1,0.1
beta.53,sim,500,,,poor,-10.0,average,fading,,1000,268.2,29.8,53.7,0.555,0,1,1,3,7,40,1,0,0,1,0.1
beta.53,sim,500,,,poor,-10.0,average,fading,,1000,270.1,29.6,53.7,0.551,0,1,1,3,7,40,1,0,0,1,0.1
beta.53,sim,500,,,poor,-10.0,average,fading,,1000,291.3,27.5,53.7,0.511,0,1,0,4,8,43,2,0,0,1,0.1
beta.53,sim,500,,,poor,-10.0,average,fading,,1000,228.4,35.0,53.7,0.652,0,1,1,1,6,33,0,0,0,1,0.1
beta.53,sim,500,,,poor,-10.0,average,fading,,1000,268.6,29.8,53.7,0.554,0,1,1,3,7,40,1,0,0,1,0.1
beta.53,sim,500,,,poor,-10.0,average,fading,,1000,243.4,32.9,53.7,0.612,0,1,1,3,6,36,1,0,0,1,0.1
beta.53,sim,500,,,poor,-10.0,average,fading,,1000,275.1,29.1,53.7,0.541,0,1,1,3,7,41,2,0,0,1,0.1
beta.53,sim,500,,,poor,-10.0,average,fading,,1000,280.3,28.5,53.7,0.531,0,1,0,2,7,42,1,0,0,1,0.1
beta.53,sim,500,,,poor,-10.0,average,fading,,1000,288.5,27.7,53.7,0.516,0,1,0,4,8,43,2,0,0,1,0.1
beta.53,sim,500,,,poor,-10.0,average,fading,,1000,237.2,33.7,53.7,0.628,0,1,0,2,6,35,1,0,0,1,0.1
beta.53,sim,500,,,poor,-10.0,average,fading,,1000,259.1,30.9,53.7,0.575,0,1,1,3,7,38,1,0,0,1,0.1
beta.53,sim,500,,,poor,-10.0,average,fading,,1000,227.2,35.2,53.7,0.655,0,1,1,1,6,33,0,0,0,1,0.1
beta.53,sim,500,,,poor,-10.0,average,fading,,1000,279.8,28.6,53.7,0.532,0,1,1,3,7,42,1,0,0,1,0.1
beta.53,sim,500,,,poor,-10.0,average,fading,,1000,236.1,33.9,53.7,0.631,0,1,0,2,7,34,1,1,0,1,0.1
beta.53,sim,500,,,poor,-10.0,average,fading,,1000,243.0,32.9,53.7,0.613,0,1,1,3,6,36,1,0,0,1,0.1
beta.53,sim,500,,,poor,-10.0,average,fading,,1000,242.4,33.0,53.7,0.614,0,1,0,2,7,35,2,0,0,1,0.1
beta.53,sim,500,,,poor,-10.0,average,fading,,1000,243.4,32.9,53.7,0.612,0,1,0,2,6,36,2,0,0,1,0.1
beta.53,sim,500,,,poor,-10.0,average,fading,,1000,244.8,32.7,53.7,0.608,0,1,1,3,6,36,1,0,0,1,0.1
beta.53,sim,500,,,poor,-10.0,average,fading,,1000,236.8,33.8,53.7,0.629,0,1,0,2,7,34,1,0,0,1,0.1
beta.53,sim,500,,,poor,-10.0,average,fading,,1000,227.3,35.2,53.7,0.655,0,1,1,1,6,33,0,0,0,1,0.1
beta.53,sim,500,,,poor,-10.0,average,fading,,1000,245.3,32.6,53.7,0.607,0,1,1,3,6,36,1,0,0,1,0.1
beta.53,sim,500,,,poor,-10.0,average,fading,,1000,269.6,29.7,53.7,0.552,0,1,0,4,7,40,2,0,0,1,0.1
beta.53,sim,500,,,poor,-10.0,average,fading,,1000,275.0,29.1,53.7,0.541,0,1,0,4,7,41,3,1,0,1,0.1
beta.53,sim,500,,,poor,-8.0,average,fading,,1000,229.1,34.9,53.7,0.65,0,1,1,1,6,33,0,0,0,1,0.1
beta.53,sim,500,,,poor,-8.0,average,fading,,1000,228.8,35.0,53.7,0.651,0,1,1,1,6,33,0,0,0,1,0.0
beta.53,sim,500,,,poor,-8.0,average,fading,,1000,238.1,33.6,53.7,0.625,0,1,0,2,6,35,1,0,0,1,0.1
beta.53,sim,500,,,poor,-8.0,average,fading,,1000,228.3,35.0,53.7,0.652,0,1,1,1,6,33,0,0,0,1,0.1
beta.53,sim,500,,,poor,-8.0,average,fading,,1000,228.2,35.1,53.7,0.653,0,1,1,1,6,33,0,0,0,1,0.1
beta.53,sim,500,,,poor,-8.0,average,fading,,1000,227.9,35.1,53.7,0.653,0,1,1,1,6,33,0,0,0,1,0.1
beta.53,sim,500,,,poor,-8.0,average,fading,,1000,228.6,35.0,53.7,0.651,0,1,1,1,6,33,0,0,0,1,0.1
beta.53,sim,500,,,poor,-8.0,average,fading,,1000,226.5,35.3,53.7,0.657,0,1,1,1,6,33,0,0,0,1,0.1
beta.53,sim,500,,,poor,-8.0,average,fading,,1000,244.4,32.7,53.7,0.609,0,1,1,3,6,36,1,0,0,1,0.1
beta.53,sim,500,,,poor,-8.0,average,fading,,1000,229.3,34.9,53.7,0.649,0,1,1,1,6,33,0,0,0,1,0.1
beta.53,sim,500,,,poor,-8.0,average,fading,,1000,228.4,35.0,53.7,0.652,0,1,1,1,6,33,0,0,0,1,0.0
beta.53,sim,500,,,poor,-8.0,average,fading,,1000,226.9,35.3,53.7,0.656,0,1,1,1,6,33,0,0,0,1,0.1
beta.53,sim,500,,,poor,-8.0,average,fading,,1000,232.7,34.4,53.7,0.64,0,1,1,1,6,34,1,0,0,1,0.1
beta.53,sim,500,,,poor,-8.0,average,fading,,1000,228.0,35.1,53.7,0.653,0,1,1,1,6,33,0,0,0,1,0.1
beta.53,sim,500,,,poor,-8.0,average,fading,,1000,227.8,35.1,53.7,0.654,0,1,1,1,6,33,0,0,0,1,0.1
beta.53,sim,500,,,poor,-8.0,average,fading,,1000,226.4,35.3,53.7,0.658,0,1,1,1,6,33,0,0,0,1,0.1
beta.53,sim,500,,,poor,-8.0,average,fading,,1000,226.5,35.3,53.7,0.657,0,1,1,1,6,33,0,0,0,1,0.1
beta.53,sim,500,,,poor,-8.0,average,fading,,1000,228.1,35.1,53.7,0.653,0,1,1,1,6,33,0,0,0,1,0.1
beta.53,sim,500,,,poor,-8.0,average,fading,,1000,227.2,35.2,53.7,0.655,0,1,1,1,6,33,0,0,0,1,0.1
beta.53,sim,500,,,poor,-8.0,average,fading,,1000,243.4,32.9,53.7,0.612,0,1,1,3,6,36,1,0,0,1,0.1
beta.53,sim,500,,,poor,-8.0,average,fading,,1000,226.5,35.3,53.7,0.657,0,1,1,1,6,33,0,0,0,1,0.1
beta.53,sim,500,,,poor,-8.0,average,fading,,1000,226.9,35.3,53.7,0.656,0,1,1,1,6,33,0,0,0,1,0.1
beta.53,sim,500,,,poor,-8.0,average,fading,,1000,232.8,34.4,53.7,0.64,0,1,1,1,6,34,1,0,0,1,0.1
beta.53,sim,500,,,poor,-8.0,average,fading,,1000,227.3,35.2,53.7,0.655,0,1,1,1,6,33,0,0,0,1,0.1
beta.53,sim,500,,,poor,-8.0,average,fading,,1000,228.8,35.0,53.7,0.651,0,1,1,1,6,33,0,0,0,1,0.1
beta.53,sim,500,,,poor,-8.0,average,fading,,1000,227.2,35.2,53.7,0.655,0,1,1,1,6,33,0,0,0,1,0.1
beta.53,sim,500,,,poor,-8.0,average,fading,,1000,227.3,35.2,53.7,0.655,0,1,1,1,6,33,0,0,0,1,0.1
beta.53,sim,500,,,poor,-8.0,average,fading,,1000,229.3,34.9,53.7,0.649,0,1,1,1,6,33,0,0,0,1,0.1
beta.53,sim,500,,,poor,-8.0,average,fading,,1000,238.6,33.5,53.7,0.624,0,1,0,2,6,35,1,0,0,1,0.1
beta.53,sim,500,,,poor,-8.0,average,fading,,1000,269.7,29.7,53.7,0.552,0,1,0,4,7,40,2,0,0,1,0.1
beta.53,sim,500,,,poor,-6.0,average,fading,,1000,234.4,34.1,53.7,0.635,0,1,1,1,6,34,1,0,0,1,0.1
beta.53,sim,500,,,poor,-6.0,average,fading,,1000,234.2,34.2,53.7,0.636,0,1,1,1,6,34,1,0,0,1,0.1
beta.53,sim,500,,,poor,-6.0,average,fading,,1000,227.4,35.2,53.7,0.655,0,1,1,1,6,33,0,0,0,1,0.1
beta.53,sim,500,,,poor,-6.0,average,fading,,1000,228.3,35.0,53.7,0.652,0,1,1,1,6,33,0,0,0,1,0.1
beta.53,sim,500,,,poor,-6.0,average,fading,,1000,228.2,35.1,53.7,0.653,0,1,1,1,6,33,0,0,0,1,0.1
beta.53,sim,500,,,poor,-6.0,average,fading,,1000,227.9,35.1,53.7,0.653,0,1,1,1,6,33,0,0,0,1,0.1
beta.53,sim,500,,,poor,-6.0,average,fading,,1000,228.6,35.0,53.7,0.651,0,1,1,1,6,33,0,0,0,1,0.1
beta.53,sim,500,,,poor,-6.0,average,fading,,1000,226.5,35.3,53.7,0.657,0,1,1,1,6,33,0,0,0,1,0.0
beta.53,sim,500,,,poor,-6.0,average,fading,,1000,210.7,38.0,53.7,0.707,0,1,1,1,6,33,0,0,0,1,0.0
beta.53,sim,500,,,poor,-6.0,average,fading,,1000,229.3,34.9,53.7,0.649,0,1,1,1,6,33,0,0,0,1,0.1
beta.53,sim,500,,,poor,-6.0,average,fading,,1000,228.4,35.0,53.7,0.652,0,1,1,1,6,33,0,0,0,1,0.1
beta.53,sim,500,,,poor,-6.0,average,fading,,1000,226.9,35.3,53.7,0.656,0,1,1,1,6,33,0,0,0,1,0.1
beta.53,sim,500,,,poor,-6.0,average,fading,,1000,232.7,34.4,53.7,0.64,0,1,1,1,6,34,1,0,0,1,0.1
beta.53,sim,500,,,poor,-6.0,average,fading,,1000,228.0,35.1,53.7,0.653,0,1,1,1,6,33,0,0,0,1,0.1
beta.53,sim,500,,,poor,-6.0,average,fading,,1000,227.8,35.1,53.7,0.654,0,1,1,1,6,33,0,0,0,1,0.1
beta.53,sim,500,,,poor,-6.0,average,fading,,1000,226.4,35.3,53.7,0.658,0,1,1,1,6,33,0,0,0,1,0.1
beta.53,sim,500,,,poor,-6.0,average,fading,,1000,226.5,35.3,53.7,0.657,0,1,1,1,6,33,0,0,0,1,0.1
beta.53,sim,500,,,poor,-6.0,average,fading,,1000,228.1,35.1,53.7,0.653,0,1,1,1,6,33,0,0,0,1,0.1
beta.53,sim,500,,,poor,-6.0,average,fading,,1000,213.7,37.4,53.7,0.697,0,1,1,1,6,33,0,0,0,1,0.1
beta.53,sim,500,,,poor,-6.0,average,fading,,1000,227.3,35.2,53.7,0.655,0,1,1,1,6,33,0,0,0,1,0.1
beta.53,sim,500,,,poor,-6.0,average,fading,,1000,226.5,35.3,53.7,0.657,0,1,1,1,6,33,0,0,0,1,0.1
beta.53,sim,500,,,poor,-6.0,average,fading,,1000,232.3,34.4,53.7,0.641,0,1,1,1,6,34,1,0,0,1,0.1
beta.53,sim,500,,,poor,-6.0,average,fading,,1000,232.8,34.4,53.7,0.64,0,1,1,1,6,34,1,0,0,1,0.1
beta.53,sim,500,,,poor,-6.0,average,fading,,1000,227.3,35.2,53.7,0.655,0,1,1,1,6,33,0,0,0,1,0.1
beta.53,sim,500,,,poor,-6.0,average,fading,,1000,228.8,35.0,53.7,0.651,0,1,1,1,6,33,0,0,0,1,0.1
beta.53,sim,500,,,poor,-6.0,average,fading,,1000,227.2,35.2,53.7,0.655,0,1,1,1,6,33,0,0,0,1,0.1
beta.53,sim,500,,,poor,-6.0,average,fading,,1000,227.3,35.2,53.7,0.655,0,1,1,1,6,33,0,0,0,1,0.1
beta.53,sim,500,,,poor,-6.0,average,fading,,1000,229.3,34.9,53.7,0.649,0,1,1,1,6,33,0,0,0,1,0.1
beta.53,sim,500,,,poor,-6.0,average,fading,,1000,227.9,35.1,53.7,0.653,0,1,1,1,6,33,0,0,0,1,0.1
beta.53,sim,500,,,poor,-6.0,average,fading,,1000,233.3,34.3,53.7,0.638,0,1,1,1,6,34,1,0,0,1,0.1
beta.53,sim,500,,,poor,-4.0,average,fading,,1000,234.4,34.1,53.7,0.635,0,1,1,1,6,34,1,0,0,1,0.1
beta.53,sim,500,,,poor,-4.0,average,fading,,1000,234.2,34.2,53.7,0.636,0,1,1,1,6,34,1,0,0,1,0.1
beta.53,sim,500,,,poor,-4.0,average,fading,,1000,210.7,38.0,53.7,0.707,0,1,1,1,6,33,0,0,0,1,0.1
beta.53,sim,500,,,poor,-4.0,average,fading,,1000,233.7,34.2,53.7,0.637,0,1,1,1,6,34,1,0,0,1,0.1
beta.53,sim,500,,,poor,-4.0,average,fading,,1000,228.2,35.1,53.7,0.653,0,1,1,1,6,33,0,0,0,1,0.1
beta.53,sim,500,,,poor,-4.0,average,fading,,1000,227.9,35.1,53.7,0.653,0,1,1,1,6,33,0,0,0,1,0.1
beta.53,sim,500,,,poor,-4.0,average,fading,,1000,228.6,35.0,53.7,0.651,0,1,1,1,6,33,0,0,0,1,0.1
beta.53,sim,500,,,poor,-4.0,average,fading,,1000,226.5,35.3,53.7,0.657,0,1,1,1,6,33,0,0,0,1,0.1
beta.53,sim,500,,,poor,-4.0,average,fading,,1000,210.7,38.0,53.7,0.707,0,1,1,1,6,33,0,0,0,1,0.0
beta.53,sim,500,,,poor,-4.0,average,fading,,1000,229.3,34.9,53.7,0.649,0,1,1,1,6,33,0,0,0,1,0.1
beta.53,sim,500,,,poor,-4.0,average,fading,,1000,228.4,35.0,53.7,0.652,0,1,1,1,6,33,0,0,0,1,0.1
beta.53,sim,500,,,poor,-4.0,average,fading,,1000,226.9,35.3,53.7,0.656,0,1,1,1,6,33,0,0,0,1,0.1
beta.53,sim,500,,,poor,-4.0,average,fading,,1000,232.7,34.4,53.7,0.64,0,1,1,1,6,34,1,0,0,1,0.1
beta.53,sim,500,,,poor,-4.0,average,fading,,1000,228.0,35.1,53.7,0.653,0,1,1,1,6,33,0,0,0,1,0.1
beta.53,sim,500,,,poor,-4.0,average,fading,,1000,220.2,36.3,53.7,0.676,0,1,1,1,6,34,1,0,0,1,0.1
beta.53,sim,500,,,poor,-4.0,average,fading,,1000,231.8,34.5,53.7,0.642,0,1,1,1,6,34,1,0,0,1,0.1
beta.53,sim,500,,,poor,-4.0,average,fading,,1000,231.9,34.5,53.7,0.642,0,1,1,1,6,34,1,0,0,1,0.1
beta.53,sim,500,,,poor,-4.0,average,fading,,1000,233.5,34.3,53.7,0.638,0,1,1,1,6,34,1,0,0,1,0.1
beta.53,sim,500,,,poor,-4.0,average,fading,,1000,213.7,37.4,53.7,0.697,0,2,1,2,9,48,13,2,2,1,0.1
beta.53,sim,500,,,poor,-4.0,average,fading,,1000,227.3,35.2,53.7,0.655,0,1,1,1,6,33,0,0,0,1,0.1
beta.53,sim,500,,,poor,-4.0,average,fading,,1000,214.9,37.2,53.7,0.693,0,1,1,1,6,33,0,0,0,1,0.1
beta.53,sim,500,,,poor,-4.0,average,fading,,1000,214.3,37.3,53.7,0.695,0,1,1,1,6,33,0,0,0,1,0.1
beta.53,sim,500,,,poor,-4.0,average,fading,,1000,253.9,31.5,53.7,0.586,0,2,1,2,10,59,24,0,4,1,0.1
beta.53,sim,500,,,poor,-4.0,average,fading,,1000,232.6,34.4,53.7,0.64,0,1,1,1,6,34,1,0,0,1,0.1
beta.53,sim,500,,,poor,-4.0,average,fading,,1000,215.5,37.1,53.7,0.691,0,1,1,1,6,33,0,0,0,1,0.1
beta.53,sim,500,,,poor,-4.0,average,fading,,1000,227.2,35.2,53.7,0.655,0,1,1,1,6,33,0,0,0,1,0.1
beta.53,sim,500,,,poor,-4.0,average,fading,,1000,227.3,35.2,53.7,0.655,0,1,1,1,6,33,0,0,0,1,0.1
beta.53,sim,500,,,poor,-4.0,average,fading,,1000,229.3,34.9,53.7,0.649,0,1,1,1,6,33,0,0,0,1,0.1
beta.53,sim,500,,,poor,-4.0,average,fading,,1000,227.9,35.1,53.7,0.653,0,1,1,1,6,33,0,0,0,1,0.1
beta.53,sim,500,,,poor,-4.0,average,fading,,1000,233.3,34.3,53.7,0.638,0,1,1,1,6,34,1,0,0,1,0.1
beta.53,sim,500,,,poor,-2.0,average,fading,,1000,224.4,35.7,53.7,0.664,0,3,1,7,13,63,24,5,5,1,0.1
beta.53,sim,500,,,poor,-2.0,average,fading,,1000,234.2,34.2,53.7,0.636,0,1,1,1,6,34,1,0,0,1,0.1
beta.53,sim,500,,,poor,-2.0,average,fading,,1000,234.3,34.1,53.7,0.635,0,2,1,4,9,51,12,1,2,1,0.1
beta.53,sim,500,,,poor,-2.0,average,fading,,1000,238.5,33.5,53.7,0.624,0,2,1,4,8,44,7,0,1,1,0.1
beta.53,sim,500,,,poor,-2.0,average,fading,,1000,205.5,38.9,53.7,0.725,0,2,1,2,9,43,8,0,2,1,0.1
beta.53,sim,500,,,poor,-2.0,average,fading,,1000,233.3,34.3,53.7,0.638,0,1,1,1,6,34,1,0,0,1,0.1
beta.53,sim,500,,,poor,-2.0,average,fading,,1000,209.4,38.2,53.7,0.711,0,2,1,3,8,38,1,0,0,1,0.1
beta.53,sim,500,,,poor,-2.0,average,fading,,1000,223.6,35.8,53.7,0.666,0,2,1,2,9,49,12,0,2,1,0.1
beta.53,sim,500,,,poor,-2.0,average,fading,,1000,193.9,41.3,53.7,0.768,0,2,1,3,9,45,7,2,1,1,0.1
beta.53,sim,500,,,poor,-2.0,average,fading,,1000,234.3,34.1,53.7,0.635,0,2,1,4,9,51,12,1,2,1,0.1
beta.53,sim,500,,,poor,-2.0,average,fading,,1000,241.0,33.2,53.7,0.618,0,2,1,5,10,44,5,0,3,1,0.1
beta.53,sim,500,,,poor,-2.0,average,fading,,1000,210.5,38.0,53.7,0.707,0,3,3,3,7,37,0,0,0,1,0.1
beta.53,sim,500,,,poor,-2.0,average,fading,,1000,222.7,35.9,53.7,0.669,0,3,1,3,9,42,4,0,0,1,0.1
beta.53,sim,500,,,poor,-2.0,average,fading,,1000,226.7,35.3,53.7,0.657,0,2,1,3,8,38,1,0,0,1,0.0
beta.53,sim,500,,,poor,-2.0,average,fading,,1000,185.7,43.1,53.7,0.802,1,2,1,1,8,39,1,1,0,1,0.1
beta.53,sim,500,,,poor,-2.0,average,fading,,1000,215.4,37.1,53.7,0.691,0,2,1,4,8,43,6,0,1,1,0.1
beta.53,sim,500,,,poor,-2.0,average,fading,,1000,177.1,45.2,53.7,0.841,0,3,1,7,12,57,11,1,2,1,0.1
beta.53,sim,500,,,poor,-2.0,average,fading,,1000,232.2,34.5,53.7,0.641,0,2,1,3,8,39,2,0,0,1,0.1
beta.53,sim,500,,,poor,-2.0,average,fading,,1000,226.7,35.3,53.7,0.657,0,2,0,5,12,60,20,0,4,1,0.1
beta.53,sim,500,,,poor,-2.0,average,fading,,1000,219.5,36.4,53.7,0.678,0,3,0,5,10,40,3,0,3,1,0.1
beta.53,sim,500,,,poor,-2.0,average,fading,,1000,225.6,35.5,53.7,0.66,0,2,1,5,10,46,9,2,2,1,0.1
beta.53,sim,500,,,poor,-2.0,average,fading,,1000,210.4,38.0,53.7,0.707,0,2,1,3,8,39,2,1,0,1,0.1
beta.53,sim,500,,,poor,-2.0,average,fading,,1000,189.8,42.2,53.7,0.784,1,3,1,1,7,39,6,0,1,1,0.1
beta.53,sim,500,,,poor,-2.0,average,fading,,1000,248.9,32.1,53.7,0.598,0,2,1,3,10,52,13,0,2,1,0.1
beta.53,sim,500,,,poor,-2.0,average,fading,,1000,213.5,37.5,53.7,0.697,0,2,1,3,11,52,9,0,3,1,0.1
beta.53,sim,500,,,poor,-2.0,average,fading,,1000,216.9,36.9,53.7,0.686,0,2,1,5,9,39,2,0,1,1,0.1
beta.53,sim,500,,,poor,-2.0,average,fading,,1000,245.4,32.6,53.7,0.607,0,2,1,4,10,57,18,1,3,1,0.1
beta.53,sim,500,,,poor,-2.0,average,fading,,1000,219.9,36.4,53.7,0.677,0,2,1,4,8,43,6,1,1,1,0.1
beta.53,sim,500,,,poor,-2.0,average,fading,,1000,226.6,35.3,53.7,0.657,0,2,1,3,8,38,1,0,0,1,0.1
beta.53,sim,500,,,poor,-2.0,average,fading,,1000,228.4,35.0,53.7,0.652,0,2,1,3,9,44,7,0,1,1,0.1
beta.53,sim,500,,,poor,0.0,average,fading,,1000,233.9,11.3,189.8,0.059,0,4,0,3,8,48,30,0,5,0,0.0
beta.53,sim,500,,,poor,0.0,average,fading,,1000,237.1,33.7,189.8,0.178,0,2,1,2,9,39,2,0,0,1,0.1
beta.53,sim,500,,,poor,0.0,average,fading,,1000,111.4,71.8,189.8,0.378,1,4,1,4,9,46,4,1,0,1,0.0
beta.53,sim,500,,,poor,0.0,average,fading,,1000,153.2,52.2,189.8,0.275,0,3,1,7,13,74,10,0,1,1,0.1
beta.53,sim,500,,,poor,0.0,average,fading,,1000,184.9,43.3,189.8,0.228,0,2,0,3,9,49,7,0,1,1,0.1
beta.53,sim,500,,,poor,0.0,average,fading,,1000,169.0,47.3,189.8,0.249,1,3,2,3,8,38,1,0,0,1,0.1
beta.53,sim,500,,,poor,0.0,average,fading,,1000,138.8,57.6,189.8,0.304,0,4,3,8,11,60,15,2,2,1,0.1
beta.53,sim,500,,,poor,0.0,average,fading,,1000,178.8,44.7,189.8,0.236,0,4,1,5,8,47,9,1,1,1,0.1
beta.53,sim,500,,,poor,0.0,average,fading,,1000,188.5,42.4,189.8,0.224,0,3,1,3,9,44,7,1,1,1,0.1
beta.53,sim,500,,,poor,0.0,average,fading,,1000,171.5,46.6,189.8,0.246,1,3,2,4,9,41,2,0,0,1,0.1
beta.53,sim,500,,,poor,0.0,average,fading,,1000,138.1,57.9,189.8,0.305,0,3,2,7,14,75,16,0,2,1,0.1
beta.53,sim,500,,,poor,0.0,average,fading,,1000,216.7,36.9,189.8,0.195,0,2,1,2,7,41,6,0,1,1,0.1
beta.53,sim,500,,,poor,0.0,average,fading,,1000,176.5,45.3,189.8,0.239,0,3,2,7,10,44,4,0,1,1,0.1
beta.53,sim,500,,,poor,0.0,average,fading,,1000,232.0,34.5,189.8,0.182,0,2,1,3,8,39,2,0,0,1,0.1
beta.53,sim,500,,,poor,0.0,average,fading,,1000,180.5,44.3,189.8,0.234,0,4,1,7,11,49,8,1,2,1,0.1
beta.53,sim,500,,,poor,0.0,average,fading,,1000,167.5,47.8,189.8,0.252,0,3,1,6,13,73,25,0,4,1,0.1
beta.53,sim,500,,,poor,0.0,average,fading,,1000,133.3,60.0,189.8,0.316,1,4,1,6,11,60,13,3,1,1,0.1
beta.53,sim,500,,,poor,0.0,average,fading,,1000,151.1,52.9,189.8,0.279,1,3,1,3,9,48,2,0,0,1,0.1
beta.53,sim,500,,,poor,0.0,average,fading,,1000,149.2,53.6,189.8,0.283,0,4,2,5,8,46,5,1,1,1,0.1
beta.53,sim,500,,,poor,0.0,average,fading,,1000,215.4,37.1,189.8,0.196,0,2,1,4,8,43,6,0,1,1,0.1
beta.53,sim,500,,,poor,0.0,average,fading,,1000,201.5,39.7,189.8,0.209,0,2,1,3,8,37,2,0,1,1,0.1
beta.53,sim,500,,,poor,0.0,average,fading,,1000,158.7,50.4,189.8,0.266,1,3,1,3,9,44,3,2,0,1,0.1
beta.53,sim,500,,,poor,0.0,average,fading,,1000,164.8,48.6,189.8,0.256,0,4,1,4,9,49,10,1,1,1,0.1
beta.53,sim,500,,,poor,0.0,average,fading,,1000,166.6,48.0,189.8,0.253,0,4,0,10,14,56,16,3,4,1,0.1
beta.53,sim,500,,,poor,0.0,average,fading,,1000,156.7,51.0,189.8,0.269,1,3,1,1,8,39,2,0,0,1,0.1
beta.53,sim,500,,,poor,0.0,average,fading,,1000,153.1,52.2,189.8,0.275,1,3,1,3,10,53,2,1,0,1,0.1
beta.53,sim,500,,,poor,0.0,average,fading,,1000,183.7,43.5,189.8,0.23,0,3,1,5,10,53,13,0,2,1,0.1
beta.53,sim,500,,,poor,0.0,average,fading,,1000,135.8,58.9,189.8,0.31,0,3,1,6,12,64,19,0,3,1,0.1
beta.53,sim,500,,,poor,0.0,average,fading,,1000,192.5,41.6,189.8,0.219,0,3,0,9,13,54,9,0,4,1,0.1
beta.53,sim,500,,,poor,0.0,average,fading,,1000,169.3,47.2,189.8,0.249,0,3,1,5,13,73,13,1,2,1,0.1
beta.53,sim,500,,,poor,2.0,average,fading,,1000,114.9,69.6,189.8,0.367,1,5,1,5,10,51,13,0,2,1,0.1
beta.53,sim,500,,,poor,2.0,average,fading,,1000,62.8,127.3,189.8,0.671,3,4,3,3,9,48,6,4,0,1,0.0
beta.53,sim,500,,,poor,2.0,average,fading,,1000,75.5,106.0,189.8,0.559,2,5,2,4,10,59,3,0,0,1,0.1
beta.53,sim,500,,,poor,2.0,average,fading,,1000,149.1,53.6,189.8,0.283,0,4,1,4,8,43,2,1,0,1,0.0
beta.53,sim,500,,,poor,2.0,average,fading,,1000,79.4,100.8,189.8,0.531,0,4,3,6,11,61,10,2,1,1,0.0
beta.53,sim,500,,,poor,2.0,average,fading,,1000,67.8,117.9,189.8,0.621,1,4,4,5,9,52,7,1,1,1,0.0
beta.53,sim,500,,,poor,2.0,average,fading,,1000,136.9,58.4,189.8,0.308,0,4,1,8,13,73,16,1,2,1,0.1
beta.53,sim,500,,,poor,2.0,average,fading,,1000,137.1,58.3,189.8,0.307,1,5,1,4,7,40,8,1,1,1,0.0
beta.53,sim,500,,,poor,2.0,average,fading,,1000,159.5,50.2,189.8,0.264,1,4,1,4,9,44,8,1,1,1,0.1
beta.53,sim,500,,,poor,2.0,average,fading,,1000,70.0,114.4,189.8,0.603,1,4,3,6,9,54,10,1,1,1,0.0
beta.53,sim,500,,,poor,2.0,average,fading,,1000,110.0,72.7,189.8,0.383,0,4,3,6,11,52,9,0,1,1,0.1
beta.53,sim,500,,,poor,2.0,average,fading,,1000,187.8,42.6,189.8,0.224,0,5,5,5,10,54,14,0,2,1,0.1
beta.53,sim,500,,,poor,2.0,average,fading,,1000,152.6,52.4,189.8,0.276,0,3,1,7,12,58,9,0,1,1,0.1
beta.53,sim,500,,,poor,2.0,average,fading,,1000,118.2,67.7,189.8,0.357,0,4,1,5,10,51,9,1,1,1,0.1
beta.53,sim,500,,,poor,2.0,average,fading,,1000,122.3,65.4,189.8,0.345,1,5,1,4,8,38,4,1,0,1,0.1
beta.53,sim,500,,,poor,2.0,average,fading,,1000,97.7,81.9,189.8,0.431,0,4,1,10,14,74,16,0,3,1,0.0
beta.53,sim,500,,,poor,2.0,average,fading,,1000,64.7,123.7,189.8,0.652,1,5,1,5,9,49,10,0,1,1,0.0
beta.53,sim,500,,,poor,2.0,average,fading,,1000,57.6,138.9,189.8,0.732,2,5,3,4,8,44,5,1,0,1,0.0
beta.53,sim,500,,,poor,2.0,average,fading,,1000,130.2,61.4,189.8,0.324,0,4,1,6,10,54,10,1,1,1,0.1
beta.53,sim,500,,,poor,2.0,average,fading,,1000,106.0,75.4,189.8,0.398,1,4,1,4,9,45,3,0,0,1,0.0
beta.53,sim,500,,,poor,2.0,average,fading,,1000,78.1,102.5,189.8,0.54,0,4,0,5,10,60,14,1,2,1,0.1
beta.53,sim,500,,,poor,2.0,average,fading,,1000,124.1,64.5,189.8,0.34,1,4,1,4,10,53,3,2,0,1,0.1
beta.53,sim,500,,,poor,2.0,average,fading,,1000,133.7,59.8,189.8,0.315,1,5,1,3,8,44,10,0,1,1,0.0
beta.53,sim,500,,,poor,2.0,average,fading,,1000,135.8,58.9,189.8,0.31,1,5,1,5,9,45,11,1,1,1,0.1
beta.53,sim,500,,,poor,2.0,average,fading,,1000,85.3,93.8,189.8,0.494,0,4,2,4,11,65,9,0,1,1,0.0
beta.53,sim,500,,,poor,2.0,average,fading,,1000,64.9,123.3,189.8,0.65,2,4,3,2,8,47,1,1,0,1,0.0
beta.53,sim,500,,,poor,2.0,average,fading,,1000,60.8,131.6,189.8,0.694,2,4,3,2,8,47,1,1,0,1,0.1
beta.53,sim,500,,,poor,2.0,average,fading,,1000,87.7,91.2,189.8,0.481,1,4,1,3,9,47,3,1,0,1,0.0
beta.53,sim,500,,,poor,2.0,average,fading,,1000,80.1,99.8,189.8,0.526,1,5,2,8,12,60,8,0,2,1,0.0
beta.53,sim,500,,,poor,2.0,average,fading,,1000,139.2,57.5,189.8,0.303,1,5,1,4,8,41,8,1,1,1,0.1
beta.53,sim,500,,,poor,6.0,average,fading,,1000,38.7,206.7,296.0,0.698,4,7,4,2,5,29,2,1,0,1,0.0
beta.53,sim,500,,,poor,6.0,average,fading,,1000,41.8,191.2,296.0,0.646,5,7,5,1,6,31,5,3,0,1,0.0
beta.53,sim,500,,,poor,6.0,average,fading,,1000,31.4,255.1,296.0,0.862,4,8,7,3,4,23,2,0,0,1,0.0
beta.53,sim,500,,,poor,6.0,average,fading,,1000,53.1,150.5,296.0,0.509,0,7,4,4,7,40,9,0,1,1,0.0
beta.53,sim,500,,,poor,6.0,average,fading,,1000,52.1,153.6,296.0,0.519,3,5,3,5,7,39,8,0,1,1,0.0
beta.53,sim,500,,,poor,6.0,average,fading,,1000,53.4,149.8,296.0,0.506,2,7,2,4,7,41,3,1,0,1,0.1
beta.53,sim,500,,,poor,6.0,average,fading,,1000,42.9,186.5,296.0,0.63,2,7,5,3,6,32,2,1,0,1,0.0
beta.53,sim,500,,,poor,6.0,average,fading,,1000,30.3,264.0,296.0,0.892,5,8,5,3,4,22,3,1,0,1,0.0
beta.53,sim,500,,,poor,6.0,average,fading,,1000,49.2,162.6,296.0,0.549,3,7,3,3,7,37,4,0,0,1,0.0
beta.53,sim,500,,,poor,6.0,average,fading,,1000,45.0,177.7,296.0,0.6,3,5,5,3,6,34,1,0,0,1,0.0
beta.53,sim,500,,,poor,6.0,average,fading,,1000,50.2,159.4,296.0,0.538,3,5,4,4,6,35,2,0,0,1,0.0
beta.53,sim,500,,,poor,6.0,average,fading,,1000,38.7,206.7,296.0,0.698,2,7,7,3,5,29,0,0,0,1,0.0
beta.53,sim,500,,,poor,6.0,average,fading,,1000,39.8,201.2,296.0,0.68,3,7,5,3,5,30,2,1,0,1,0.0
beta.53,sim,500,,,poor,6.0,average,fading,,1000,53.4,149.8,296.0,0.506,3,5,3,3,7,41,3,0,0,1,0.0
beta.53,sim,500,,,poor,6.0,average,fading,,1000,34.5,231.9,296.0,0.783,4,8,4,4,5,25,4,1,0,1,0.0
beta.53,sim,500,,,poor,6.0,average,fading,,1000,38.7,206.7,296.0,0.698,4,7,5,2,5,29,2,0,0,1,0.0
beta.53,sim,500,,,poor,6.0,average,fading,,1000,31.4,255.1,296.0,0.862,5,8,7,2,4,23,3,0,0,1,0.0
beta.53,sim,500,,,poor,6.0,average,fading,,1000,38.7,206.8,296.0,0.699,4,7,4,3,6,28,4,1,0,1,0.0
beta.53,sim,500,,,poor,6.0,average,fading,,1000,47.1,169.8,296.0,0.574,2,5,5,4,6,36,1,0,0,1,0.0
beta.53,sim,500,,,poor,6.0,average,fading,,1000,38.7,206.7,296.0,0.698,3,7,5,3,5,29,1,1,0,1,0.0
beta.53,sim,500,,,poor,6.0,average,fading,,1000,44.0,182.0,296.0,0.615,3,5,5,3,6,33,1,0,0,1,0.0
beta.53,sim,500,,,poor,6.0,average,fading,,1000,45.0,177.7,296.0,0.6,3,7,3,4,6,34,3,2,0,1,0.0
beta.53,sim,500,,,poor,6.0,average,fading,,1000,30.3,264.2,296.0,0.893,7,9,7,3,5,21,5,1,0,1,0.0
beta.53,sim,500,,,poor,6.0,average,fading,,1000,50.3,159.2,296.0,0.538,3,7,3,2,7,38,2,1,0,1,0.0
beta.53,sim,500,,,poor,6.0,average,fading,,1000,40.8,196.1,296.0,0.662,4,7,4,4,6,30,6,0,0,1,0.0
beta.53,sim,500,,,poor,6.0,average,fading,,1000,37.7,212.4,296.0,0.718,4,7,5,2,5,28,1,1,0,1,0.0
beta.53,sim,500,,,poor,6.0,average,fading,,1000,37.7,212.4,296.0,0.718,4,7,5,2,5,28,1,1,0,1,0.0
beta.53,sim,500,,,poor,6.0,average,fading,,1000,38.7,206.7,296.0,0.698,4,7,5,2,5,29,2,0,0,1,0.0
beta.53,sim,500,,,poor,6.0,average,fading,,1000,59.4,134.6,296.0,0.455,2,7,2,4,8,45,7,1,1,1,0.0
beta.53,sim,500,,,poor,6.0,average,fading,,1000,34.5,231.9,296.0,0.783,5,8,5,3,5,25,4,1,0,1,0.0
narrow middle,sim,500,,,awgn,-18.0,average,fading,,1000,317.9,25.2,35.8,0.703,0,0,0,0,8,48,0,0,0,1,0.0
narrow middle,sim,500,,,awgn,-18.0,average,fading,,1000,327.2,24.4,35.8,0.683,0,0,0,0,9,49,1,0,0,1,0.0
narrow middle,sim,500,,,awgn,-18.0,average,fading,,1000,316.2,25.3,35.8,0.706,0,0,0,0,8,48,0,0,0,1,0.0
narrow middle,sim,500,,,awgn,-18.0,average,fading,,1000,317.1,25.2,35.8,0.704,0,0,0,0,8,48,0,0,0,1,0.0
narrow middle,sim,500,,,awgn,-18.0,average,fading,,1000,317.0,25.2,35.8,0.705,0,0,0,0,8,48,0,0,0,1,0.0
narrow middle,sim,500,,,awgn,-18.0,average,fading,,1000,316.7,25.3,35.8,0.705,0,0,0,0,8,48,0,0,0,1,0.0
narrow middle,sim,500,,,awgn,-18.0,average,fading,,1000,317.4,25.2,35.8,0.704,0,0,0,0,8,48,0,0,0,1,0.0
narrow middle,sim,500,,,awgn,-18.0,average,fading,,1000,315.3,25.4,35.8,0.708,0,0,0,0,8,48,0,0,0,1,0.0
narrow middle,sim,500,,,awgn,-18.0,average,fading,,1000,317.1,25.2,35.8,0.704,0,0,0,0,8,48,0,0,0,1,0.0
narrow middle,sim,500,,,awgn,-18.0,average,fading,,1000,318.1,25.1,35.8,0.702,0,0,0,0,8,48,0,0,0,1,0.0
narrow middle,sim,500,,,awgn,-18.0,average,fading,,1000,317.2,25.2,35.8,0.704,0,0,0,0,8,48,0,0,0,1,0.0
narrow middle,sim,500,,,awgn,-18.0,average,fading,,1000,315.7,25.3,35.8,0.707,0,0,0,0,8,48,0,0,0,1,0.0
narrow middle,sim,500,,,awgn,-18.0,average,fading,,1000,316.1,25.3,35.8,0.706,0,0,0,0,8,48,0,0,0,1,0.0
narrow middle,sim,500,,,awgn,-18.0,average,fading,,1000,316.8,25.3,35.8,0.705,0,0,0,0,8,48,0,0,0,1,0.0
narrow middle,sim,500,,,awgn,-18.0,average,fading,,1000,316.7,25.3,35.8,0.705,0,0,0,0,8,48,0,0,0,1,0.0
narrow middle,sim,500,,,awgn,-18.0,average,fading,,1000,324.8,24.6,35.8,0.688,0,0,0,0,9,49,1,0,0,1,0.0
narrow middle,sim,500,,,awgn,-18.0,average,fading,,1000,352.5,22.7,35.8,0.634,0,0,0,0,9,54,6,0,1,1,0.0
narrow middle,sim,500,,,awgn,-18.0,average,fading,,1000,316.9,25.2,35.8,0.705,0,0,0,0,8,48,0,0,0,1,0.0
narrow middle,sim,500,,,awgn,-18.0,average,fading,,1000,316.0,25.3,35.8,0.707,0,0,0,0,8,48,0,0,0,1,0.0
narrow middle,sim,500,,,awgn,-18.0,average,fading,,1000,316.2,25.3,35.8,0.706,0,0,0,0,8,48,0,0,0,1,0.0
narrow middle,sim,500,,,awgn,-18.0,average,fading,,1000,315.3,25.4,35.8,0.708,0,0,0,0,8,48,0,0,0,1,0.0
narrow middle,sim,500,,,awgn,-18.0,average,fading,,1000,325.3,24.6,35.8,0.687,0,0,0,0,9,49,1,0,0,1,0.0
narrow middle,sim,500,,,awgn,-18.0,average,fading,,1000,316.3,25.3,35.8,0.706,0,0,0,0,8,48,0,0,0,1,0.0
narrow middle,sim,500,,,awgn,-18.0,average,fading,,1000,325.7,24.6,35.8,0.686,0,0,0,0,9,49,1,0,0,1,0.0
narrow middle,sim,500,,,awgn,-18.0,average,fading,,1000,317.6,25.2,35.8,0.703,0,0,0,0,8,48,0,0,0,1,0.0
narrow middle,sim,500,,,awgn,-18.0,average,fading,,1000,316.0,25.3,35.8,0.707,0,0,0,0,8,48,0,0,0,1,0.0
narrow middle,sim,500,,,awgn,-18.0,average,fading,,1000,316.1,25.3,35.8,0.706,0,0,0,0,8,48,0,0,0,1,0.0
narrow middle,sim,500,,,awgn,-18.0,average,fading,,1000,318.1,25.2,35.8,0.702,0,0,0,0,8,48,0,0,0,1,0.0
narrow middle,sim,500,,,awgn,-18.0,average,fading,,1000,316.7,25.3,35.8,0.705,0,0,0,0,8,48,0,0,0,1,0.0
narrow middle,sim,500,,,awgn,-18.0,average,fading,,1000,326.3,24.5,35.8,0.684,0,0,0,0,9,49,1,0,0,1,0.0
narrow middle,sim,500,,,awgn,-14.0,average,fading,,1000,281.5,28.4,76.1,0.373,0,1,1,1,7,42,0,0,0,1,0.0
narrow middle,sim,500,,,awgn,-14.0,average,fading,,1000,270.6,29.6,76.1,0.388,0,1,1,1,7,40,0,0,0,1,0.0
narrow middle,sim,500,,,awgn,-14.0,average,fading,,1000,279.8,28.6,76.1,0.376,0,1,1,1,7,42,0,0,0,1,0.0
narrow middle,sim,500,,,awgn,-14.0,average,fading,,1000,280.8,28.5,76.1,0.374,0,1,1,1,7,42,0,0,0,1,0.0
narrow middle,sim,500,,,awgn,-14.0,average,fading,,1000,280.6,28.5,76.1,0.375,0,1,1,1,7,42,0,0,0,1,0.0
narrow middle,sim,500,,,awgn,-14.0,average,fading,,1000,280.4,28.5,76.1,0.375,0,1,1,1,7,42,0,0,0,1,0.0
narrow middle,sim,500,,,awgn,-14.0,average,fading,,1000,270.3,29.6,76.1,0.389,0,1,1,1,7,40,0,0,0,1,0.0
narrow middle,sim,500,,,awgn,-14.0,average,fading,,1000,279.0,28.7,76.1,0.377,0,1,1,1,7,42,0,0,0,1,0.0
narrow middle,sim,500,,,awgn,-14.0,average,fading,,1000,295.7,27.1,76.1,0.355,0,1,1,1,8,44,0,0,0,1,0.0
narrow middle,sim,500,,,awgn,-14.0,average,fading,,1000,281.7,28.4,76.1,0.373,0,1,1,1,7,42,0,0,0,1,0.0
narrow middle,sim,500,,,awgn,-14.0,average,fading,,1000,270.1,29.6,76.1,0.389,0,1,1,1,7,40,0,0,0,1,0.0
narrow middle,sim,500,,,awgn,-14.0,average,fading,,1000,294.3,27.2,76.1,0.357,0,1,1,1,8,44,0,0,0,1,0.0
narrow middle,sim,500,,,awgn,-14.0,average,fading,,1000,279.8,28.6,76.1,0.376,0,1,1,1,7,42,0,0,0,1,0.0
narrow middle,sim,500,,,awgn,-14.0,average,fading,,1000,280.4,28.5,76.1,0.375,0,1,1,1,7,42,0,0,0,1,0.0
narrow middle,sim,500,,,awgn,-14.0,average,fading,,1000,295.2,27.1,76.1,0.356,0,1,1,1,8,44,0,0,0,1,0.0
narrow middle,sim,500,,,awgn,-14.0,average,fading,,1000,293.8,27.2,76.1,0.358,0,1,1,1,8,44,0,0,0,1,0.0
narrow middle,sim,500,,,awgn,-14.0,average,fading,,1000,279.0,28.7,76.1,0.377,0,1,1,1,7,42,0,0,0,1,0.0
narrow middle,sim,500,,,awgn,-14.0,average,fading,,1000,295.5,27.1,76.1,0.356,0,1,1,1,8,44,0,0,0,1,0.1
narrow middle,sim,500,,,awgn,-14.0,average,fading,,1000,279.7,28.6,76.1,0.376,0,1,1,1,7,42,0,0,0,1,0.0
narrow middle,sim,500,,,awgn,-14.0,average,fading,,1000,294.7,27.1,76.1,0.357,0,1,1,1,8,44,0,0,0,1,0.0
narrow middle,sim,500,,,awgn,-14.0,average,fading,,1000,293.9,27.2,76.1,0.358,0,1,1,1,8,44,0,0,0,1,0.0
narrow middle,sim,500,,,awgn,-14.0,average,fading,,1000,294.3,27.2,76.1,0.357,0,1,1,1,8,44,0,0,0,1,0.0
narrow middle,sim,500,,,awgn,-14.0,average,fading,,1000,279.9,28.6,76.1,0.375,0,1,1,1,7,42,0,0,0,1,0.0
narrow middle,sim,500,,,awgn,-14.0,average,fading,,1000,294.7,27.1,76.1,0.357,0,1,1,1,8,44,0,0,0,1,0.0
narrow middle,sim,500,,,awgn,-14.0,average,fading,,1000,254.4,31.4,76.1,0.413,0,1,1,1,7,37,0,0,0,1,0.0
narrow middle,sim,500,,,awgn,-14.0,average,fading,,1000,294.6,27.2,76.1,0.357,0,1,1,1,8,44,0,0,0,1,0.0
narrow middle,sim,500,,,awgn,-14.0,average,fading,,1000,294.7,27.1,76.1,0.357,0,1,1,1,8,44,0,0,0,1,0.0
narrow middle,sim,500,,,awgn,-14.0,average,fading,,1000,281.7,28.4,76.1,0.373,0,1,1,1,7,42,0,0,0,1,0.0
narrow middle,sim,500,,,awgn,-14.0,average,fading,,1000,280.3,28.5,76.1,0.375,0,1,1,1,7,42,0,0,0,1,0.0
narrow middle,sim,500,,,awgn,-14.0,average,fading,,1000,295.3,27.1,76.1,0.356,0,1,1,1,8,44,0,0,0,1,0.0
narrow middle,sim,500,,,awgn,-12.0,average,fading,,1000,229.1,34.9,111.9,0.312,0,1,1,1,6,33,0,0,0,1,0.0
narrow middle,sim,500,,,awgn,-12.0,average,fading,,1000,228.8,35.0,111.9,0.312,0,1,1,1,6,33,0,0,0,1,0.0
narrow middle,sim,500,,,awgn,-12.0,average,fading,,1000,227.4,35.2,111.9,0.314,0,1,1,1,6,33,0,0,0,1,0.0
narrow middle,sim,500,,,awgn,-12.0,average,fading,,1000,228.3,35.0,111.9,0.313,0,1,1,1,6,33,0,0,0,1,0.0
narrow middle,sim,500,,,awgn,-12.0,average,fading,,1000,228.2,35.1,111.9,0.313,0,1,1,1,6,33,0,0,0,1,0.0
narrow middle,sim,500,,,awgn,-12.0,average,fading,,1000,227.9,35.1,111.9,0.314,0,1,1,1,6,33,0,0,0,1,0.0
narrow middle,sim,500,,,awgn,-12.0,average,fading,,1000,228.6,35.0,111.9,0.313,0,1,1,1,6,33,0,0,0,1,0.0
narrow middle,sim,500,,,awgn,-12.0,average,fading,,1000,226.5,35.3,111.9,0.316,0,1,1,1,6,33,0,0,0,1,0.0
narrow middle,sim,500,,,awgn,-12.0,average,fading,,1000,228.3,35.0,111.9,0.313,0,1,1,1,6,33,0,0,0,1,0.0
narrow middle,sim,500,,,awgn,-12.0,average,fading,,1000,229.3,34.9,111.9,0.312,0,1,1,1,6,33,0,0,0,1,0.0
narrow middle,sim,500,,,awgn,-12.0,average,fading,,1000,228.4,35.0,111.9,0.313,0,1,1,1,6,33,0,0,0,1,0.0
narrow middle,sim,500,,,awgn,-12.0,average,fading,,1000,226.9,35.3,111.9,0.315,0,1,1,1,6,33,0,0,0,1,0.0
narrow middle,sim,500,,,awgn,-12.0,average,fading,,1000,227.3,35.2,111.9,0.314,0,1,1,1,6,33,0,0,0,1,0.1
narrow middle,sim,500,,,awgn,-12.0,average,fading,,1000,228.0,35.1,111.9,0.313,0,1,1,1,6,33,0,0,0,1,0.0
narrow middle,sim,500,,,awgn,-12.0,average,fading,,1000,227.8,35.1,111.9,0.314,0,1,1,1,6,33,0,0,0,1,0.0
narrow middle,sim,500,,,awgn,-12.0,average,fading,,1000,226.4,35.3,111.9,0.316,0,1,1,1,6,33,0,0,0,1,0.0
narrow middle,sim,500,,,awgn,-12.0,average,fading,,1000,226.5,35.3,111.9,0.315,0,1,1,1,6,33,0,0,0,1,0.0
narrow middle,sim,500,,,awgn,-12.0,average,fading,,1000,228.1,35.1,111.9,0.313,0,1,1,1,6,33,0,0,0,1,0.0
narrow middle,sim,500,,,awgn,-12.0,average,fading,,1000,227.2,35.2,111.9,0.315,0,1,1,1,6,33,0,0,0,1,0.0
narrow middle,sim,500,,,awgn,-12.0,average,fading,,1000,227.3,35.2,111.9,0.314,0,1,1,1,6,33,0,0,0,1,0.0
narrow middle,sim,500,,,awgn,-12.0,average,fading,,1000,226.5,35.3,111.9,0.315,0,1,1,1,6,33,0,0,0,1,0.0
narrow middle,sim,500,,,awgn,-12.0,average,fading,,1000,226.9,35.3,111.9,0.315,0,1,1,1,6,33,0,0,0,1,0.0
narrow middle,sim,500,,,awgn,-12.0,average,fading,,1000,227.5,35.2,111.9,0.314,0,1,1,1,6,33,0,0,0,1,0.1
narrow middle,sim,500,,,awgn,-12.0,average,fading,,1000,227.3,35.2,111.9,0.314,0,1,1,1,6,33,0,0,0,1,0.0
narrow middle,sim,500,,,awgn,-12.0,average,fading,,1000,228.8,35.0,111.9,0.312,0,1,1,1,6,33,0,0,0,1,0.0
narrow middle,sim,500,,,awgn,-12.0,average,fading,,1000,227.2,35.2,111.9,0.315,0,1,1,1,6,33,0,0,0,1,0.1
narrow middle,sim,500,,,awgn,-12.0,average,fading,,1000,227.3,35.2,111.9,0.314,0,1,1,1,6,33,0,0,0,1,0.0
narrow middle,sim,500,,,awgn,-12.0,average,fading,,1000,229.3,34.9,111.9,0.312,0,1,1,1,6,33,0,0,0,1,0.0
narrow middle,sim,500,,,awgn,-12.0,average,fading,,1000,227.9,35.1,111.9,0.314,0,1,1,1,6,33,0,0,0,1,0.0
narrow middle,sim,500,,,awgn,-12.0,average,fading,,1000,228.0,35.1,111.9,0.314,0,1,1,1,6,33,0,0,0,1,0.0
narrow middle,sim,500,,,awgn,-10.0,average,fading,,1000,192.7,41.5,111.9,0.371,0,2,2,2,5,27,0,0,0,1,0.0
narrow middle,sim,500,,,awgn,-10.0,average,fading,,1000,181.7,44.0,111.9,0.393,0,2,2,1,5,25,0,0,0,1,0.0
narrow middle,sim,500,,,awgn,-10.0,average,fading,,1000,191.0,41.9,111.9,0.374,0,2,2,2,5,27,0,0,0,1,0.0
narrow middle,sim,500,,,awgn,-10.0,average,fading,,1000,181.2,44.1,111.9,0.394,0,2,2,1,5,25,0,0,0,1,0.0
narrow middle,sim,500,,,awgn,-10.0,average,fading,,1000,191.8,41.7,111.9,0.373,0,2,2,2,5,27,0,0,0,1,0.0
narrow middle,sim,500,,,awgn,-10.0,average,fading,,1000,180.8,44.2,111.9,0.395,0,2,2,1,5,25,0,0,0,1,0.0
narrow middle,sim,500,,,awgn,-10.0,average,fading,,1000,181.5,44.1,111.9,0.394,0,2,2,1,5,25,0,0,0,1,0.0
narrow middle,sim,500,,,awgn,-10.0,average,fading,,1000,190.1,42.1,111.9,0.376,0,2,2,2,5,27,0,0,0,1,0.0
narrow middle,sim,500,,,awgn,-10.0,average,fading,,1000,181.2,44.1,111.9,0.394,0,2,2,1,5,25,0,0,0,1,0.0
narrow middle,sim,500,,,awgn,-10.0,average,fading,,1000,182.2,43.9,111.9,0.392,0,2,2,1,5,25,0,0,0,1,0.0
narrow middle,sim,500,,,awgn,-10.0,average,fading,,1000,181.3,44.1,111.9,0.394,0,2,2,1,5,25,0,0,0,1,0.0
narrow middle,sim,500,,,awgn,-10.0,average,fading,,1000,190.5,42.0,111.9,0.375,0,2,2,2,5,27,0,0,0,1,0.0
narrow middle,sim,500,,,awgn,-10.0,average,fading,,1000,180.2,44.4,111.9,0.397,0,2,2,1,5,25,0,0,0,1,0.0
narrow middle,sim,500,,,awgn,-10.0,average,fading,,1000,180.9,44.2,111.9,0.395,0,2,2,1,5,25,0,0,0,1,0.0
narrow middle,sim,500,,,awgn,-10.0,average,fading,,1000,191.5,41.8,111.9,0.373,0,2,2,2,5,27,0,0,0,1,0.0
narrow middle,sim,500,,,awgn,-10.0,average,fading,,1000,179.3,44.6,111.9,0.398,0,2,2,1,5,25,0,0,0,1,0.0
narrow middle,sim,500,,,awgn,-10.0,average,fading,,1000,179.4,44.6,111.9,0.398,0,2,2,1,5,25,0,0,0,1,0.0
narrow middle,sim,500,,,awgn,-10.0,average,fading,,1000,191.7,41.7,111.9,0.373,0,2,2,2,5,27,0,0,0,1,0.0
narrow middle,sim,500,,,awgn,-10.0,average,fading,,1000,180.1,44.4,111.9,0.397,0,2,2,1,5,25,0,0,0,1,0.0
narrow middle,sim,500,,,awgn,-10.0,average,fading,,1000,191.0,41.9,111.9,0.374,0,2,2,2,5,27,0,0,0,1,0.0
narrow middle,sim,500,,,awgn,-10.0,average,fading,,1000,179.4,44.6,111.9,0.398,0,2,2,1,5,25,0,0,0,1,0.0
narrow middle,sim,500,,,awgn,-10.0,average,fading,,1000,190.6,42.0,111.9,0.375,0,2,2,2,5,27,0,0,0,1,0.0
narrow middle,sim,500,,,awgn,-10.0,average,fading,,1000,180.4,44.4,111.9,0.396,0,2,2,1,5,25,0,0,0,1,0.0
narrow middle,sim,500,,,awgn,-10.0,average,fading,,1000,190.9,41.9,111.9,0.374,0,2,2,2,5,27,0,0,0,1,0.0
narrow middle,sim,500,,,awgn,-10.0,average,fading,,1000,181.7,44.0,111.9,0.393,0,2,2,1,5,25,0,0,0,1,0.0
narrow middle,sim,500,,,awgn,-10.0,average,fading,,1000,190.8,41.9,111.9,0.374,0,2,2,2,5,27,0,0,0,1,0.0
narrow middle,sim,500,,,awgn,-10.0,average,fading,,1000,180.2,44.4,111.9,0.397,0,2,2,1,5,25,0,0,0,1,0.0
narrow middle,sim,500,,,awgn,-10.0,average,fading,,1000,182.2,43.9,111.9,0.392,0,2,2,1,5,25,0,0,0,1,0.0
narrow middle,sim,500,,,awgn,-10.0,average,fading,,1000,180.8,44.2,111.9,0.395,0,2,2,1,5,25,0,0,0,1,0.0
narrow middle,sim,500,,,awgn,-10.0,average,fading,,1000,196.9,40.6,111.9,0.363,0,2,2,2,5,28,0,0,0,1,0.0
narrow middle,sim,500,,,awgn,-8.0,average,fading,,1000,156.3,51.2,111.9,0.457,0,3,3,2,4,21,0,0,0,1,0.0
narrow middle,sim,500,,,awgn,-8.0,average,fading,,1000,135.8,58.9,111.9,0.526,1,3,3,1,3,18,0,0,0,1,0.0
narrow middle,sim,500,,,awgn,-8.0,average,fading,,1000,134.3,59.6,111.9,0.532,1,3,3,1,3,18,0,0,0,1,0.0
narrow middle,sim,500,,,awgn,-8.0,average,fading,,1000,135.3,59.1,111.9,0.528,1,3,3,1,3,18,0,0,0,1,0.0
narrow middle,sim,500,,,awgn,-8.0,average,fading,,1000,135.1,59.2,111.9,0.529,1,3,3,1,3,18,0,0,0,1,0.0
narrow middle,sim,500,,,awgn,-8.0,average,fading,,1000,134.9,59.3,111.9,0.53,1,3,3,1,3,18,0,0,0,1,0.0
narrow middle,sim,500,,,awgn,-8.0,average,fading,,1000,135.6,59.0,111.9,0.527,1,3,3,1,3,18,0,0,0,1,0.0
narrow middle,sim,500,,,awgn,-8.0,average,fading,,1000,133.5,59.9,111.9,0.535,1,3,3,1,3,18,0,0,0,1,0.0
narrow middle,sim,500,,,awgn,-8.0,average,fading,,1000,135.3,59.1,111.9,0.528,1,3,3,1,3,18,0,0,0,1,0.0
narrow middle,sim,500,,,awgn,-8.0,average,fading,,1000,136.3,58.7,111.9,0.525,1,3,3,1,3,18,0,0,0,1,0.0
narrow middle,sim,500,,,awgn,-8.0,average,fading,,1000,135.4,59.1,111.9,0.528,1,3,3,1,3,18,0,0,0,1,0.0
narrow middle,sim,500,,,awgn,-8.0,average,fading,,1000,133.9,59.8,111.9,0.534,1,3,3,1,3,18,0,0,0,1,0.0
narrow middle,sim,500,,,awgn,-8.0,average,fading,,1000,134.3,59.6,111.9,0.532,1,3,3,1,3,18,0,0,0,1,0.0
narrow middle,sim,500,,,awgn,-8.0,average,fading,,1000,134.9,59.3,111.9,0.53,1,3,3,1,3,18,0,0,0,1,0.0
narrow middle,sim,500,,,awgn,-8.0,average,fading,,1000,134.8,59.3,111.9,0.53,1,3,3,1,3,18,0,0,0,1,0.0
narrow middle,sim,500,,,awgn,-8.0,average,fading,,1000,133.4,60.0,111.9,0.536,1,3,3,1,3,18,0,0,0,1,0.0
narrow middle,sim,500,,,awgn,-8.0,average,fading,,1000,133.5,59.9,111.9,0.535,1,3,3,1,3,18,0,0,0,1,0.0
narrow middle,sim,500,,,awgn,-8.0,average,fading,,1000,155.4,51.5,111.9,0.46,0,3,3,2,4,21,0,0,0,1,0.0
narrow middle,sim,500,,,awgn,-8.0,average,fading,,1000,134.2,59.6,111.9,0.533,1,3,3,1,3,18,0,0,0,1,0.0
narrow middle,sim,500,,,awgn,-8.0,average,fading,,1000,134.3,59.6,111.9,0.532,1,3,3,1,3,18,0,0,0,1,0.0
narrow middle,sim,500,,,awgn,-8.0,average,fading,,1000,133.5,59.9,111.9,0.535,1,3,3,1,3,18,0,0,0,1,0.0
narrow middle,sim,500,,,awgn,-8.0,average,fading,,1000,154.2,51.9,111.9,0.464,0,3,3,2,4,21,0,0,0,1,0.0
narrow middle,sim,500,,,awgn,-8.0,average,fading,,1000,134.4,59.5,111.9,0.532,1,3,3,1,3,18,0,0,0,1,0.0
narrow middle,sim,500,,,awgn,-8.0,average,fading,,1000,134.3,59.6,111.9,0.532,1,3,3,1,3,18,0,0,0,1,0.0
narrow middle,sim,500,,,awgn,-8.0,average,fading,,1000,135.7,58.9,111.9,0.527,1,3,3,1,3,18,0,0,0,1,0.0
narrow middle,sim,500,,,awgn,-8.0,average,fading,,1000,134.2,59.6,111.9,0.533,1,3,3,1,3,18,0,0,0,1,0.0
narrow middle,sim,500,,,awgn,-8.0,average,fading,,1000,134.3,59.6,111.9,0.532,1,3,3,1,3,18,0,0,0,1,0.0
narrow middle,sim,500,,,awgn,-8.0,average,fading,,1000,136.2,58.7,111.9,0.525,1,3,3,1,3,18,0,0,0,1,0.0
narrow middle,sim,500,,,awgn,-8.0,average,fading,,1000,134.9,59.3,111.9,0.53,1,3,3,1,3,18,0,0,0,1,0.0
narrow middle,sim,500,,,awgn,-8.0,average,fading,,1000,155.2,51.5,111.9,0.46,0,3,3,2,4,21,0,0,0,1,0.0
narrow middle,sim,500,,,awgn,-6.0,average,fading,,1000,156.3,51.2,113.9,0.449,0,3,3,2,4,21,1,0,0,1,0.0
narrow middle,sim,500,,,awgn,-6.0,average,fading,,1000,156.1,51.3,113.9,0.45,0,3,3,2,4,21,1,0,0,1,0.0
narrow middle,sim,500,,,awgn,-6.0,average,fading,,1000,117.6,68.0,113.9,0.597,1,3,3,1,3,18,0,0,0,1,0.0
narrow middle,sim,500,,,awgn,-6.0,average,fading,,1000,155.6,51.4,113.9,0.452,0,3,3,2,4,21,1,0,0,1,0.0
narrow middle,sim,500,,,awgn,-6.0,average,fading,,1000,150.1,53.3,113.9,0.468,0,3,3,1,4,20,1,0,0,1,0.0
narrow middle,sim,500,,,awgn,-6.0,average,fading,,1000,134.9,59.3,113.9,0.521,1,3,3,1,3,18,0,0,0,1,0.0
narrow middle,sim,500,,,awgn,-6.0,average,fading,,1000,135.6,59.0,113.9,0.518,1,3,3,1,3,18,0,0,0,1,0.0
narrow middle,sim,500,,,awgn,-6.0,average,fading,,1000,117.6,68.0,113.9,0.597,1,3,3,1,3,18,0,0,0,1,0.0
narrow middle,sim,500,,,awgn,-6.0,average,fading,,1000,135.3,59.1,113.9,0.519,1,3,3,1,3,18,0,0,0,1,0.0
narrow middle,sim,500,,,awgn,-6.0,average,fading,,1000,136.3,58.7,113.9,0.516,1,3,3,1,3,18,0,0,0,1,0.0
narrow middle,sim,500,,,awgn,-6.0,average,fading,,1000,135.4,59.1,113.9,0.519,1,3,3,1,3,18,0,0,0,1,0.0
narrow middle,sim,500,,,awgn,-6.0,average,fading,,1000,133.9,59.8,113.9,0.525,1,3,3,1,3,18,0,0,0,1,0.0
narrow middle,sim,500,,,awgn,-6.0,average,fading,,1000,117.6,68.0,113.9,0.597,1,3,3,1,3,18,0,0,0,1,0.0
narrow middle,sim,500,,,awgn,-6.0,average,fading,,1000,134.9,59.3,113.9,0.521,1,3,3,1,3,18,0,0,0,1,0.0
narrow middle,sim,500,,,awgn,-6.0,average,fading,,1000,149.7,53.4,113.9,0.469,0,3,3,1,4,20,1,0,0,1,0.0
narrow middle,sim,500,,,awgn,-6.0,average,fading,,1000,133.4,60.0,113.9,0.527,1,3,3,1,3,18,0,0,0,1,0.0
narrow middle,sim,500,,,awgn,-6.0,average,fading,,1000,133.5,59.9,113.9,0.526,1,3,3,1,3,18,0,0,0,1,0.0
narrow middle,sim,500,,,awgn,-6.0,average,fading,,1000,121.9,65.6,113.9,0.576,1,3,3,1,3,18,0,0,0,1,0.0
narrow middle,sim,500,,,awgn,-6.0,average,fading,,1000,134.2,59.6,113.9,0.524,1,3,3,1,3,18,0,0,0,1,0.0
narrow middle,sim,500,,,awgn,-6.0,average,fading,,1000,134.3,59.6,113.9,0.523,1,3,3,1,3,18,0,0,0,1,0.0
narrow middle,sim,500,,,awgn,-6.0,average,fading,,1000,148.4,53.9,113.9,0.473,0,3,3,1,4,20,1,0,0,1,0.0
narrow middle,sim,500,,,awgn,-6.0,average,fading,,1000,148.8,53.8,113.9,0.472,0,3,3,1,4,20,1,0,0,1,0.0
narrow middle,sim,500,,,awgn,-6.0,average,fading,,1000,149.4,53.6,113.9,0.47,0,3,3,1,4,20,1,0,0,1,0.0
narrow middle,sim,500,,,awgn,-6.0,average,fading,,1000,134.3,59.6,113.9,0.523,1,3,3,1,3,18,0,0,0,1,0.0
narrow middle,sim,500,,,awgn,-6.0,average,fading,,1000,135.7,58.9,113.9,0.518,1,3,3,1,3,18,0,0,0,1,0.0
narrow middle,sim,500,,,awgn,-6.0,average,fading,,1000,134.2,59.6,113.9,0.524,1,3,3,1,3,18,0,0,0,1,0.0
narrow middle,sim,500,,,awgn,-6.0,average,fading,,1000,134.3,59.6,113.9,0.523,1,3,3,1,3,18,0,0,0,1,0.0
narrow middle,sim,500,,,awgn,-6.0,average,fading,,1000,151.2,52.9,113.9,0.465,0,3,3,1,4,20,1,0,0,1,0.0
narrow middle,sim,500,,,awgn,-6.0,average,fading,,1000,155.2,51.6,113.9,0.453,0,3,3,2,4,21,1,0,0,1,0.0
narrow middle,sim,500,,,awgn,-6.0,average,fading,,1000,149.9,53.4,113.9,0.469,0,3,3,1,4,20,1,0,0,1,0.0
narrow middle,sim,500,,,awgn,-4.0,average,fading,,1000,117.6,68.0,189.8,0.358,1,3,3,1,3,18,0,0,0,1,0.0
narrow middle,sim,500,,,awgn,-4.0,average,fading,,1000,117.6,68.0,189.8,0.358,1,3,3,1,3,18,0,0,0,1,0.0
narrow middle,sim,500,,,awgn,-4.0,average,fading,,1000,117.6,68.0,189.8,0.358,1,3,3,1,3,18,0,0,0,1,0.0
narrow middle,sim,500,,,awgn,-4.0,average,fading,,1000,117.6,68.0,189.8,0.358,1,3,3,1,3,18,0,0,0,1,0.0
narrow middle,sim,500,,,awgn,-4.0,average,fading,,1000,117.6,68.0,189.8,0.358,1,3,3,1,3,18,0,0,0,1,0.0
narrow middle,sim,500,,,awgn,-4.0,average,fading,,1000,117.6,68.0,189.8,0.358,1,3,3,1,3,18,0,0,0,1,0.0
narrow middle,sim,500,,,awgn,-4.0,average,fading,,1000,117.6,68.0,189.8,0.358,1,3,3,1,3,18,0,0,0,1,0.0
narrow middle,sim,500,,,awgn,-4.0,average,fading,,1000,117.6,68.0,189.8,0.358,1,3,3,1,3,18,0,0,0,1,0.0
narrow middle,sim,500,,,awgn,-4.0,average,fading,,1000,117.6,68.0,189.8,0.358,1,3,3,1,3,18,0,0,0,1,0.0
narrow middle,sim,500,,,awgn,-4.0,average,fading,,1000,117.6,68.0,189.8,0.358,1,3,3,1,3,18,0,0,0,1,0.0
narrow middle,sim,500,,,awgn,-4.0,average,fading,,1000,117.6,68.0,189.8,0.358,1,3,3,1,3,18,0,0,0,1,0.0
narrow middle,sim,500,,,awgn,-4.0,average,fading,,1000,117.6,68.0,189.8,0.358,1,3,3,1,3,18,0,0,0,1,0.0
narrow middle,sim,500,,,awgn,-4.0,average,fading,,1000,117.6,68.0,189.8,0.358,1,3,3,1,3,18,0,0,0,1,0.0
narrow middle,sim,500,,,awgn,-4.0,average,fading,,1000,117.6,68.0,189.8,0.358,1,3,3,1,3,18,0,0,0,1,0.0
narrow middle,sim,500,,,awgn,-4.0,average,fading,,1000,117.6,68.0,189.8,0.358,1,3,3,1,3,18,0,0,0,1,0.0
narrow middle,sim,500,,,awgn,-4.0,average,fading,,1000,117.6,68.0,189.8,0.358,1,3,3,1,3,18,0,0,0,1,0.0
narrow middle,sim,500,,,awgn,-4.0,average,fading,,1000,117.6,68.0,189.8,0.358,1,3,3,1,3,18,0,0,0,1,0.0
narrow middle,sim,500,,,awgn,-4.0,average,fading,,1000,117.6,68.0,189.8,0.358,1,3,3,1,3,18,0,0,0,1,0.0
narrow middle,sim,500,,,awgn,-4.0,average,fading,,1000,117.6,68.0,189.8,0.358,1,3,3,1,3,18,0,0,0,1,0.0
narrow middle,sim,500,,,awgn,-4.0,average,fading,,1000,117.6,68.0,189.8,0.358,1,3,3,1,3,18,0,0,0,1,0.0
narrow middle,sim,500,,,awgn,-4.0,average,fading,,1000,117.6,68.0,189.8,0.358,1,3,3,1,3,18,0,0,0,1,0.0
narrow middle,sim,500,,,awgn,-4.0,average,fading,,1000,117.6,68.0,189.8,0.358,1,3,3,1,3,18,0,0,0,1,0.0
narrow middle,sim,500,,,awgn,-4.0,average,fading,,1000,117.6,68.0,189.8,0.358,1,3,3,1,3,18,0,0,0,1,0.0
narrow middle,sim,500,,,awgn,-4.0,average,fading,,1000,117.6,68.0,189.8,0.358,1,3,3,1,3,18,0,0,0,1,0.0
narrow middle,sim,500,,,awgn,-4.0,average,fading,,1000,117.6,68.0,189.8,0.358,1,3,3,1,3,18,0,0,0,1,0.0
narrow middle,sim,500,,,awgn,-4.0,average,fading,,1000,117.6,68.0,189.8,0.358,1,3,3,1,3,18,0,0,0,1,0.0
narrow middle,sim,500,,,awgn,-4.0,average,fading,,1000,117.6,68.0,189.8,0.358,1,3,3,1,3,18,0,0,0,1,0.0
narrow middle,sim,500,,,awgn,-4.0,average,fading,,1000,117.6,68.0,189.8,0.358,1,3,3,1,3,18,0,0,0,1,0.0
narrow middle,sim,500,,,awgn,-4.0,average,fading,,1000,117.6,68.0,189.8,0.358,1,3,3,1,3,18,0,0,0,1,0.0
narrow middle,sim,500,,,awgn,-4.0,average,fading,,1000,117.6,68.0,189.8,0.358,1,3,3,1,3,18,0,0,0,1,0.0
narrow middle,sim,500,,,awgn,-2.0,average,fading,,1000,107.2,74.6,296.0,0.252,1,5,5,3,7,37,0,0,0,1,0.0
narrow middle,sim,500,,,awgn,-2.0,average,fading,,1000,107.2,74.6,296.0,0.252,1,5,5,3,7,37,0,0,0,1,0.0
narrow middle,sim,500,,,awgn,-2.0,average,fading,,1000,110.4,72.5,296.0,0.245,1,5,5,3,7,40,0,0,0,1,0.0
narrow middle,sim,500,,,awgn,-2.0,average,fading,,1000,107.2,74.6,296.0,0.252,1,5,5,3,7,37,0,0,0,1,0.0
narrow middle,sim,500,,,awgn,-2.0,average,fading,,1000,73.4,109.0,296.0,0.368,4,5,5,1,10,57,0,0,0,1,0.1
narrow middle,sim,500,,,awgn,-2.0,average,fading,,1000,110.4,72.5,296.0,0.245,1,5,5,3,7,40,0,0,0,1,0.0
narrow middle,sim,500,,,awgn,-2.0,average,fading,,1000,117.6,68.0,296.0,0.23,1,3,3,1,3,18,0,0,0,1,0.0
narrow middle,sim,500,,,awgn,-2.0,average,fading,,1000,107.2,74.6,296.0,0.252,1,5,5,3,7,37,0,0,0,1,0.0
narrow middle,sim,500,,,awgn,-2.0,average,fading,,1000,110.4,72.5,296.0,0.245,1,5,5,3,7,40,0,0,0,1,0.0
narrow middle,sim,500,,,awgn,-2.0,average,fading,,1000,107.2,74.6,296.0,0.252,1,5,5,3,7,37,0,0,0,1,0.0
narrow middle,sim,500,,,awgn,-2.0,average,fading,,1000,107.2,74.6,296.0,0.252,1,5,5,3,7,37,0,0,0,1,0.0
narrow middle,sim,500,,,awgn,-2.0,average,fading,,1000,117.6,68.0,296.0,0.23,1,3,3,1,3,18,0,0,0,1,0.0
narrow middle,sim,500,,,awgn,-2.0,average,fading,,1000,110.4,72.5,296.0,0.245,1,5,5,3,7,40,0,0,0,1,0.0
narrow middle,sim,500,,,awgn,-2.0,average,fading,,1000,107.2,74.6,296.0,0.252,1,5,5,3,7,37,0,0,0,1,0.0
narrow middle,sim,500,,,awgn,-2.0,average,fading,,1000,79.7,100.4,296.0,0.339,4,5,5,1,11,62,0,0,0,1,0.0
narrow middle,sim,500,,,awgn,-2.0,average,fading,,1000,117.6,68.0,296.0,0.23,1,3,3,1,3,18,0,0,0,1,0.0
narrow middle,sim,500,,,awgn,-2.0,average,fading,,1000,107.2,74.6,296.0,0.252,1,5,5,3,7,37,0,0,0,1,0.0
narrow middle,sim,500,,,awgn,-2.0,average,fading,,1000,107.2,74.6,296.0,0.252,1,5,5,3,7,37,0,0,0,1,0.0
narrow middle,sim,500,,,awgn,-2.0,average,fading,,1000,117.6,68.0,296.0,0.23,1,3,3,1,3,18,0,0,0,1,0.0
narrow middle,sim,500,,,awgn,-2.0,average,fading,,1000,110.4,72.5,296.0,0.245,1,5,5,3,7,40,0,0,0,1,0.0
narrow middle,sim,500,,,awgn,-2.0,average,fading,,1000,117.6,68.0,296.0,0.23,1,3,3,1,3,18,0,0,0,1,0.0
narrow middle,sim,500,,,awgn,-2.0,average,fading,,1000,79.7,100.4,296.0,0.339,4,5,5,1,11,62,0,0,0,1,0.0
narrow middle,sim,500,,,awgn,-2.0,average,fading,,1000,107.2,74.6,296.0,0.252,1,5,5,3,7,37,0,0,0,1,0.0
narrow middle,sim,500,,,awgn,-2.0,average,fading,,1000,110.4,72.5,296.0,0.245,1,5,5,3,7,40,0,0,0,1,0.0
narrow middle,sim,500,,,awgn,-2.0,average,fading,,1000,110.4,72.5,296.0,0.245,1,5,5,3,7,40,0,0,0,1,0.0
narrow middle,sim,500,,,awgn,-2.0,average,fading,,1000,76.5,104.5,296.0,0.353,4,5,5,1,10,60,0,0,0,1,0.0
narrow middle,sim,500,,,awgn,-2.0,average,fading,,1000,110.4,72.5,296.0,0.245,1,5,5,3,7,40,0,0,0,1,0.0
narrow middle,sim,500,,,awgn,-2.0,average,fading,,1000,76.5,104.5,296.0,0.353,4,5,5,1,10,60,0,0,0,1,0.0
narrow middle,sim,500,,,awgn,-2.0,average,fading,,1000,117.6,68.0,296.0,0.23,1,3,3,1,3,18,0,0,0,1,0.0
narrow middle,sim,500,,,awgn,-2.0,average,fading,,1000,117.6,68.0,296.0,0.23,1,3,3,1,3,18,0,0,0,1,0.0
narrow middle,sim,500,,,awgn,0.0,average,fading,,1000,54.5,146.9,402.3,0.365,4,6,6,2,7,42,0,0,0,1,0.0
narrow middle,sim,500,,,awgn,0.0,average,fading,,1000,54.5,146.9,402.3,0.365,4,6,6,2,7,42,0,0,0,1,0.0
narrow middle,sim,500,,,awgn,0.0,average,fading,,1000,54.5,146.9,402.3,0.365,4,6,6,2,7,42,0,0,0,1,0.0
narrow middle,sim,500,,,awgn,0.0,average,fading,,1000,54.5,146.9,402.3,0.365,4,6,6,2,7,42,0,0,0,1,0.0
narrow middle,sim,500,,,awgn,0.0,average,fading,,1000,47.1,169.8,402.3,0.422,4,6,6,1,6,36,0,0,0,1,0.0
narrow middle,sim,500,,,awgn,0.0,average,fading,,1000,54.5,146.9,402.3,0.365,4,6,6,2,7,42,0,0,0,1,0.0
narrow middle,sim,500,,,awgn,0.0,average,fading,,1000,54.5,146.9,402.3,0.365,4,6,6,2,7,42,0,0,0,1,0.0
narrow middle,sim,500,,,awgn,0.0,average,fading,,1000,52.4,152.8,402.3,0.38,4,6,6,2,7,40,0,0,0,1,0.0
narrow middle,sim,500,,,awgn,0.0,average,fading,,1000,54.5,146.9,402.3,0.365,4,6,6,2,7,42,0,0,0,1,0.0
narrow middle,sim,500,,,awgn,0.0,average,fading,,1000,54.5,146.9,402.3,0.365,4,6,6,2,7,42,0,0,0,1,0.0
narrow middle,sim,500,,,awgn,0.0,average,fading,,1000,52.4,152.8,402.3,0.38,4,6,6,2,7,40,0,0,0,1,0.0
narrow middle,sim,500,,,awgn,0.0,average,fading,,1000,54.5,146.9,402.3,0.365,4,6,6,2,7,42,0,0,0,1,0.0
narrow middle,sim,500,,,awgn,0.0,average,fading,,1000,54.5,146.9,402.3,0.365,4,6,6,2,7,42,0,0,0,1,0.0
narrow middle,sim,500,,,awgn,0.0,average,fading,,1000,54.5,146.9,402.3,0.365,4,6,6,2,7,42,0,0,0,1,0.0
narrow middle,sim,500,,,awgn,0.0,average,fading,,1000,54.5,146.9,402.3,0.365,4,6,6,2,7,42,0,0,0,1,0.0
narrow middle,sim,500,,,awgn,0.0,average,fading,,1000,56.6,141.5,402.3,0.352,4,6,6,2,8,43,0,0,0,1,0.0
narrow middle,sim,500,,,awgn,0.0,average,fading,,1000,54.5,146.9,402.3,0.365,4,6,6,2,7,42,0,0,0,1,0.0
narrow middle,sim,500,,,awgn,0.0,average,fading,,1000,54.5,146.9,402.3,0.365,4,6,6,2,7,42,0,0,0,1,0.0
narrow middle,sim,500,,,awgn,0.0,average,fading,,1000,56.6,141.5,402.3,0.352,4,6,6,2,8,43,0,0,0,1,0.0
narrow middle,sim,500,,,awgn,0.0,average,fading,,1000,54.5,146.9,402.3,0.365,4,6,6,2,7,42,0,0,0,1,0.0
narrow middle,sim,500,,,awgn,0.0,average,fading,,1000,54.5,146.9,402.3,0.365,4,6,6,2,7,42,0,0,0,1,0.0
narrow middle,sim,500,,,awgn,0.0,average,fading,,1000,52.4,152.8,402.3,0.38,4,6,6,2,7,40,0,0,0,1,0.0
narrow middle,sim,500,,,awgn,0.0,average,fading,,1000,54.5,146.9,402.3,0.365,4,6,6,2,7,42,0,0,0,1,0.0
narrow middle,sim,500,,,awgn,0.0,average,fading,,1000,56.6,141.5,402.3,0.352,4,6,6,2,8,43,0,0,0,1,0.0
narrow middle,sim,500,,,awgn,0.0,average,fading,,1000,52.4,152.8,402.3,0.38,4,6,6,2,7,40,0,0,0,1,0.0
narrow middle,sim,500,,,awgn,0.0,average,fading,,1000,47.1,169.8,402.3,0.422,4,6,6,1,6,36,0,0,0,1,0.0
narrow middle,sim,500,,,awgn,0.0,average,fading,,1000,54.5,146.9,402.3,0.365,4,6,6,2,7,42,0,0,0,1,0.0
narrow middle,sim,500,,,awgn,0.0,average,fading,,1000,52.4,152.8,402.3,0.38,4,6,6,2,7,40,0,0,0,1,0.0
narrow middle,sim,500,,,awgn,0.0,average,fading,,1000,54.5,146.9,402.3,0.365,4,6,6,2,7,42,0,0,0,1,0.0
narrow middle,sim,500,,,awgn,0.0,average,fading,,1000,54.5,146.9,402.3,0.365,4,6,6,2,7,42,0,0,0,1,0.0
narrow middle,sim,500,,,awgn,2.0,average,fading,,1000,44.0,182.0,538.9,0.338,4,7,7,2,6,33,0,0,0,1,0.0
narrow middle,sim,500,,,awgn,2.0,average,fading,,1000,44.0,182.0,538.9,0.338,4,7,7,2,6,33,0,0,0,1,0.0
narrow middle,sim,500,,,awgn,2.0,average,fading,,1000,44.0,182.0,538.9,0.338,4,7,7,2,6,33,0,0,0,1,0.0
narrow middle,sim,500,,,awgn,2.0,average,fading,,1000,44.0,182.0,538.9,0.338,4,7,7,2,6,33,0,0,0,1,0.0
narrow middle,sim,500,,,awgn,2.0,average,fading,,1000,41.8,191.2,538.9,0.355,5,7,7,1,6,31,0,0,0,1,0.0
narrow middle,sim,500,,,awgn,2.0,average,fading,,1000,44.0,182.0,538.9,0.338,4,7,7,2,6,33,0,0,0,1,0.0
narrow middle,sim,500,,,awgn,2.0,average,fading,,1000,45.0,177.7,538.9,0.33,4,7,7,2,6,34,0,0,0,1,0.0
narrow middle,sim,500,,,awgn,2.0,average,fading,,1000,44.0,182.0,538.9,0.338,4,7,7,2,6,33,0,0,0,1,0.0
narrow middle,sim,500,,,awgn,2.0,average,fading,,1000,44.0,182.0,538.9,0.338,4,7,7,2,6,33,0,0,0,1,0.0
narrow middle,sim,500,,,awgn,2.0,average,fading,,1000,42.9,186.5,538.9,0.346,4,7,7,1,6,32,0,0,0,1,0.0
narrow middle,sim,500,,,awgn,2.0,average,fading,,1000,42.9,186.5,538.9,0.346,4,7,7,1,6,32,0,0,0,1,0.0
narrow middle,sim,500,,,awgn,2.0,average,fading,,1000,45.0,177.7,538.9,0.33,4,7,7,2,6,34,0,0,0,1,0.0
narrow middle,sim,500,,,awgn,2.0,average,fading,,1000,42.9,186.5,538.9,0.346,4,7,7,1,6,32,0,0,0,1,0.0
narrow middle,sim,500,,,awgn,2.0,average,fading,,1000,44.0,182.0,538.9,0.338,4,7,7,2,6,33,0,0,0,1,0.0
narrow middle,sim,500,,,awgn,2.0,average,fading,,1000,41.8,191.2,538.9,0.355,5,7,7,1,6,31,0,0,0,1,0.0
narrow middle,sim,500,,,awgn,2.0,average,fading,,1000,45.0,177.7,538.9,0.33,4,7,7,2,6,34,0,0,0,1,0.0
narrow middle,sim,500,,,awgn,2.0,average,fading,,1000,44.0,182.0,538.9,0.338,4,7,7,2,6,33,0,0,0,1,0.0
narrow middle,sim,500,,,awgn,2.0,average,fading,,1000,44.0,182.0,538.9,0.338,4,7,7,2,6,33,0,0,0,1,0.0
narrow middle,sim,500,,,awgn,2.0,average,fading,,1000,45.0,177.7,538.9,0.33,4,7,7,2,6,34,0,0,0,1,0.0
narrow middle,sim,500,,,awgn,2.0,average,fading,,1000,44.0,182.0,538.9,0.338,4,7,7,2,6,33,0,0,0,1,0.0
narrow middle,sim,500,,,awgn,2.0,average,fading,,1000,45.0,177.7,538.9,0.33,4,7,7,2,6,34,0,0,0,1,0.0
narrow middle,sim,500,,,awgn,2.0,average,fading,,1000,41.8,191.2,538.9,0.355,5,7,7,1,6,31,0,0,0,1,0.0
narrow middle,sim,500,,,awgn,2.0,average,fading,,1000,44.0,182.0,538.9,0.338,4,7,7,2,6,33,0,0,0,1,0.0
narrow middle,sim,500,,,awgn,2.0,average,fading,,1000,42.9,186.5,538.9,0.346,4,7,7,1,6,32,0,0,0,1,0.0
narrow middle,sim,500,,,awgn,2.0,average,fading,,1000,44.0,182.0,538.9,0.338,4,7,7,2,6,33,0,0,0,1,0.0
narrow middle,sim,500,,,awgn,2.0,average,fading,,1000,41.8,191.2,538.9,0.355,5,7,7,1,6,31,0,0,0,1,0.0
narrow middle,sim,500,,,awgn,2.0,average,fading,,1000,42.9,186.5,538.9,0.346,4,7,7,1,6,32,0,0,0,1,0.0
narrow middle,sim,500,,,awgn,2.0,average,fading,,1000,41.8,191.2,538.9,0.355,5,7,7,1,6,31,0,0,0,1,0.0
narrow middle,sim,500,,,awgn,2.0,average,fading,,1000,45.0,177.7,538.9,0.33,4,7,7,2,6,34,0,0,0,1,0.0
narrow middle,sim,500,,,awgn,2.0,average,fading,,1000,44.0,182.0,538.9,0.338,4,7,7,2,6,33,0,0,0,1,0.0
narrow middle,sim,500,,,awgn,6.0,average,fading,,1000,28.2,283.7,614.8,0.461,6,10,10,2,4,20,0,0,0,1,0.0
narrow middle,sim,500,,,awgn,6.0,average,fading,,1000,28.2,283.7,614.8,0.461,6,10,10,2,4,20,0,0,0,1,0.0
narrow middle,sim,500,,,awgn,6.0,average,fading,,1000,28.2,283.7,614.8,0.461,6,10,10,2,4,20,0,0,0,1,0.0
narrow middle,sim,500,,,awgn,6.0,average,fading,,1000,28.2,283.7,614.8,0.461,6,10,10,2,4,20,0,0,0,1,0.0
narrow middle,sim,500,,,awgn,6.0,average,fading,,1000,25.1,319.2,614.8,0.519,7,10,10,1,3,18,0,0,0,1,0.0
narrow middle,sim,500,,,awgn,6.0,average,fading,,1000,28.2,283.7,614.8,0.461,6,10,10,2,4,20,0,0,0,1,0.0
narrow middle,sim,500,,,awgn,6.0,average,fading,,1000,30.3,264.0,614.8,0.429,6,10,10,2,4,22,0,0,0,1,0.0
narrow middle,sim,500,,,awgn,6.0,average,fading,,1000,28.2,283.7,614.8,0.461,6,10,10,2,4,20,0,0,0,1,0.0
narrow middle,sim,500,,,awgn,6.0,average,fading,,1000,28.2,283.7,614.8,0.461,6,10,10,2,4,20,0,0,0,1,0.0
narrow middle,sim,500,,,awgn,6.0,average,fading,,1000,28.2,283.7,614.8,0.461,6,10,10,2,4,20,0,0,0,1,0.0
narrow middle,sim,500,,,awgn,6.0,average,fading,,1000,28.2,283.7,614.8,0.461,6,10,10,2,4,20,0,0,0,1,0.0
narrow middle,sim,500,,,awgn,6.0,average,fading,,1000,30.3,264.0,614.8,0.429,6,10,10,2,4,22,0,0,0,1,0.0
narrow middle,sim,500,,,awgn,6.0,average,fading,,1000,28.2,283.7,614.8,0.461,6,10,10,2,4,20,0,0,0,1,0.0
narrow middle,sim,500,,,awgn,6.0,average,fading,,1000,28.2,283.7,614.8,0.461,6,10,10,2,4,20,0,0,0,1,0.0
narrow middle,sim,500,,,awgn,6.0,average,fading,,1000,25.1,319.2,614.8,0.519,7,10,10,1,3,18,0,0,0,1,0.0
narrow middle,sim,500,,,awgn,6.0,average,fading,,1000,30.3,264.0,614.8,0.429,6,10,10,2,4,22,0,0,0,1,0.0
narrow middle,sim,500,,,awgn,6.0,average,fading,,1000,28.2,283.7,614.8,0.461,6,10,10,2,4,20,0,0,0,1,0.0
narrow middle,sim,500,,,awgn,6.0,average,fading,,1000,28.2,283.7,614.8,0.461,6,10,10,2,4,20,0,0,0,1,0.0
narrow middle,sim,500,,,awgn,6.0,average,fading,,1000,30.3,264.0,614.8,0.429,6,10,10,2,4,22,0,0,0,1,0.0
narrow middle,sim,500,,,awgn,6.0,average,fading,,1000,28.2,283.7,614.8,0.461,6,10,10,2,4,20,0,0,0,1,0.0
narrow middle,sim,500,,,awgn,6.0,average,fading,,1000,30.3,264.0,614.8,0.429,6,10,10,2,4,22,0,0,0,1,0.0
narrow middle,sim,500,,,awgn,6.0,average,fading,,1000,25.1,319.2,614.8,0.519,7,10,10,1,3,18,0,0,0,1,0.0
narrow middle,sim,500,,,awgn,6.0,average,fading,,1000,28.2,283.7,614.8,0.461,6,10,10,2,4,20,0,0,0,1,0.0
narrow middle,sim,500,,,awgn,6.0,average,fading,,1000,28.2,283.7,614.8,0.461,6,10,10,2,4,20,0,0,0,1,0.0
narrow middle,sim,500,,,awgn,6.0,average,fading,,1000,28.2,283.7,614.8,0.461,6,10,10,2,4,20,0,0,0,1,0.0
narrow middle,sim,500,,,awgn,6.0,average,fading,,1000,25.1,319.2,614.8,0.519,7,10,10,1,3,18,0,0,0,1,0.0
narrow middle,sim,500,,,awgn,6.0,average,fading,,1000,28.2,283.7,614.8,0.461,6,10,10,2,4,20,0,0,0,1,0.0
narrow middle,sim,500,,,awgn,6.0,average,fading,,1000,25.1,319.2,614.8,0.519,7,10,10,1,3,18,0,0,0,1,0.0
narrow middle,sim,500,,,awgn,6.0,average,fading,,1000,30.3,264.0,614.8,0.429,6,10,10,2,4,22,0,0,0,1,0.0
narrow middle,sim,500,,,awgn,6.0,average,fading,,1000,30.3,264.0,614.8,0.429,6,10,10,2,4,22,0,0,0,1,0.0
narrow middle,sim,500,,,good,-18.0,average,fading,,1000,159.4,0.0,0.0,,,,,0,0,0,0,0,0,0,0.0
narrow middle,sim,500,,,good,-18.0,average,fading,,1000,237.4,0.0,0.0,,,,,0,0,0,0,0,0,0,0.0
narrow middle,sim,500,,,good,-18.0,average,fading,,1000,301.3,3.3,0.0,,0,0,0,0,4,24,18,2,3,0,0.1
narrow middle,sim,500,,,good,-18.0,average,fading,,1000,158.6,0.0,0.0,,,,,0,0,0,0,0,0,0,0.0
narrow middle,sim,500,,,good,-18.0,average,fading,,1000,183.3,0.0,0.0,,,,,0,0,0,0,0,0,0,0.0
narrow middle,sim,500,,,good,-18.0,average,fading,,1000,764.1,9.5,0.0,,0,0,0,0,16,96,53,11,8,0,0.2
narrow middle,sim,500,,,good,-18.0,average,fading,,1000,79.4,0.0,0.0,,,,,0,0,0,0,0,0,0,0.0
narrow middle,sim,500,,,good,-18.0,average,fading,,1000,640.3,12.5,0.0,,0,0,0,0,19,96,48,14,8,1,0.2
narrow middle,sim,500,,,good,-18.0,average,fading,,1000,543.1,7.4,0.0,,0,0,0,0,11,66,42,8,6,0,0.1
narrow middle,sim,500,,,good,-18.0,average,fading,,1000,565.5,7.1,0.0,,0,0,0,0,11,66,42,4,6,0,0.2
narrow middle,sim,500,,,good,-18.0,average,fading,,1000,444.0,6.8,0.0,,0,0,0,0,8,48,30,1,5,0,0.1
narrow middle,sim,500,,,good,-18.0,average,fading,,1000,157.2,0.0,0.0,,,,,0,0,0,0,0,0,0,0.0
narrow middle,sim,500,,,good,-18.0,average,fading,,1000,193.7,0.0,0.0,,,,,0,0,0,0,0,0,0,0.0
narrow middle,sim,500,,,good,-18.0,average,fading,,1000,135.6,0.0,0.0,,,,,0,0,0,0,0,0,0,0.0
narrow middle,sim,500,,,good,-18.0,average,fading,,1000,192.2,0.0,0.0,,,,,0,0,0,0,0,0,0,0.0
narrow middle,sim,500,,,good,-18.0,average,fading,,1000,236.0,0.0,0.0,,,,,0,0,0,0,0,0,0,0.0
narrow middle,sim,500,,,good,-18.0,average,fading,,1000,156.8,0.0,0.0,,,,,0,0,0,0,0,0,0,0.0
narrow middle,sim,500,,,good,-18.0,average,fading,,1000,348.7,2.9,0.0,,0,0,0,0,4,24,18,3,3,0,0.1
narrow middle,sim,500,,,good,-18.0,average,fading,,1000,795.3,10.1,0.0,,0,0,0,0,20,117,69,18,6,1,0.3
narrow middle,sim,500,,,good,-18.0,average,fading,,1000,181.5,0.0,0.0,,,,,0,0,0,0,0,0,0,0.0
narrow middle,sim,500,,,good,-18.0,average,fading,,1000,781.0,8.6,0.0,,0,0,0,0,16,96,56,14,7,0,0.2
narrow middle,sim,500,,,good,-18.0,average,fading,,1000,204.6,0.0,0.0,,,,,0,0,0,0,0,0,0,0.0
narrow middle,sim,500,,,good,-18.0,average,fading,,1000,360.9,2.8,0.0,,0,0,0,0,4,24,18,1,3,0,0.1
narrow middle,sim,500,,,good,-18.0,average,fading,,1000,639.7,6.0,0.0,,0,0,0,0,11,66,43,7,6,0,0.1
narrow middle,sim,500,,,good,-18.0,average,fading,,1000,94.3,0.0,0.0,,,,,0,0,0,0,0,0,0,0.0
narrow middle,sim,500,,,good,-18.0,average,fading,,1000,190.5,0.0,0.0,,,,,0,0,0,0,0,0,0,0.0
narrow middle,sim,500,,,good,-18.0,average,fading,,1000,795.6,10.1,0.0,,0,0,0,0,21,114,66,14,10,1,0.3
narrow middle,sim,500,,,good,-18.0,average,fading,,1000,686.5,11.7,0.0,,0,0,0,0,18,104,56,10,7,1,0.2
narrow middle,sim,500,,,good,-18.0,average,fading,,1000,183.6,0.0,0.0,,,,,0,0,0,0,0,0,0,0.0
narrow middle,sim,500,,,good,-18.0,average,fading,,1000,216.3,0.0,0.0,,,,,0,0,0,0,0,0,0,0.0
narrow middle,sim,500,,,good,-14.0,average,fading,,1000,465.6,17.2,0.0,,0,0,0,0,13,70,22,3,2,1,0.1
narrow middle,sim,500,,,good,-14.0,average,fading,,1000,560.5,14.3,0.0,,0,0,0,0,13,73,25,2,3,1,0.2
narrow middle,sim,500,,,good,-14.0,average,fading,,1000,341.8,23.4,0.0,,0,1,0,2,9,52,7,1,0,1,0.1
narrow middle,sim,500,,,good,-14.0,average,fading,,1000,158.6,0.0,0.0,,,,,0,0,0,0,0,0,0,0.0
narrow middle,sim,500,,,good,-14.0,average,fading,,1000,443.4,18.0,0.0,,0,0,0,0,12,68,20,1,3,1,0.2
narrow middle,sim,500,,,good,-14.0,average,fading,,1000,454.5,17.6,0.0,,0,0,0,0,13,68,20,1,3,1,0.2
narrow middle,sim,500,,,good,-14.0,average,fading,,1000,585.4,13.7,0.0,,0,0,0,0,14,83,35,4,5,1,0.2
narrow middle,sim,500,,,good,-14.0,average,fading,,1000,499.5,16.0,0.0,,0,0,0,0,13,78,30,7,3,1,0.2
narrow middle,sim,500,,,good,-14.0,average,fading,,1000,432.3,18.5,0.0,,0,1,0,2,11,64,19,7,2,1,0.1
narrow middle,sim,500,,,good,-14.0,average,fading,,1000,439.1,18.2,0.0,,0,1,0,2,12,67,22,3,3,1,0.2
narrow middle,sim,500,,,good,-14.0,average,fading,,1000,453.2,10.0,0.0,,0,0,0,0,8,48,21,0,3,0,0.1
narrow middle,sim,500,,,good,-14.0,average,fading,,1000,451.1,17.7,0.0,,0,0,0,0,11,65,17,2,1,1,0.2
narrow middle,sim,500,,,good,-14.0,average,fading,,1000,225.8,0.0,0.0,,,,,0,0,0,0,0,0,0,0.0
narrow middle,sim,500,,,good,-14.0,average,fading,,1000,533.5,15.0,0.0,,0,0,0,0,12,67,19,1,1,1,0.2
narrow middle,sim,500,,,good,-14.0,average,fading,,1000,192.2,0.0,0.0,,,,,0,0,0,0,0,0,0,0.0
narrow middle,sim,500,,,good,-14.0,average,fading,,1000,568.8,14.1,0.0,,0,0,0,0,16,88,40,2,7,1,0.2
narrow middle,sim,500,,,good,-14.0,average,fading,,1000,210.8,0.0,0.0,,,,,0,0,0,0,0,0,0,0.0
narrow middle,sim,500,,,good,-14.0,average,fading,,1000,529.5,15.1,0.0,,0,0,0,0,17,72,24,0,7,1,0.2
narrow middle,sim,500,,,good,-14.0,average,fading,,1000,466.1,17.2,0.0,,0,0,0,0,14,71,23,7,2,1,0.2
narrow middle,sim,500,,,good,-14.0,average,fading,,1000,524.9,10.6,0.0,,0,0,0,0,10,60,27,4,3,0,0.1
narrow middle,sim,500,,,good,-14.0,average,fading,,1000,439.4,18.2,0.0,,0,0,0,0,11,62,14,0,1,1,0.2
narrow middle,sim,500,,,good,-14.0,average,fading,,1000,500.7,16.0,0.0,,0,0,0,0,13,78,30,2,4,1,0.2
narrow middle,sim,500,,,good,-14.0,average,fading,,1000,496.6,16.1,0.0,,0,0,0,0,14,75,27,4,4,1,0.2
narrow middle,sim,500,,,good,-14.0,average,fading,,1000,638.9,12.5,0.0,,0,0,0,0,16,87,39,4,5,1,0.2
narrow middle,sim,500,,,good,-14.0,average,fading,,1000,471.4,17.0,0.0,,0,0,0,0,12,70,22,1,2,1,0.2
narrow middle,sim,500,,,good,-14.0,average,fading,,1000,190.5,0.0,0.0,,,,,0,0,0,0,0,0,0,0.0
narrow middle,sim,500,,,good,-14.0,average,fading,,1000,562.0,10.8,0.0,,0,0,0,0,11,66,30,0,4,0,0.2
narrow middle,sim,500,,,good,-14.0,average,fading,,1000,416.6,19.2,0.0,,0,0,0,0,11,60,12,0,1,1,0.1
narrow middle,sim,500,,,good,-14.0,average,fading,,1000,158.2,0.0,0.0,,,,,0,0,0,0,0,0,0,0.0
narrow middle,sim,500,,,good,-14.0,average,fading,,1000,543.9,14.7,0.0,,0,0,0,0,15,84,36,1,6,1,0.2
narrow middle,sim,500,,,good,-12.0,average,fading,,1000,417.9,19.1,0.0,,0,0,0,0,11,64,16,2,2,1,0.2
narrow middle,sim,500,,,good,-12.0,average,fading,,1000,468.3,17.1,0.0,,0,0,0,0,11,59,11,0,1,1,0.2
narrow middle,sim,500,,,good,-12.0,average,fading,,1000,274.1,29.2,0.0,,0,2,0,3,8,40,6,1,1,1,0.1
narrow middle,sim,500,,,good,-12.0,average,fading,,1000,390.7,20.5,0.0,,0,1,0,2,10,60,15,1,1,1,0.2
narrow middle,sim,500,,,good,-12.0,average,fading,,1000,354.1,22.6,0.0,,0,1,0,2,9,54,9,0,1,1,0.1
narrow middle,sim,500,,,good,-12.0,average,fading,,1000,327.1,24.5,0.0,,0,1,0,2,9,49,8,0,1,1,0.1
narrow middle,sim,500,,,good,-12.0,average,fading,,1000,480.9,16.6,0.0,,0,0,0,0,13,74,26,1,4,1,0.2
narrow middle,sim,500,,,good,-12.0,average,fading,,1000,416.3,19.2,0.0,,0,0,0,0,11,63,15,2,1,1,0.1
narrow middle,sim,500,,,good,-12.0,average,fading,,1000,384.4,20.8,0.0,,0,1,0,2,10,56,11,2,1,1,0.1
narrow middle,sim,500,,,good,-12.0,average,fading,,1000,370.4,21.6,0.0,,0,1,0,2,9,54,9,0,1,1,0.1
narrow middle,sim,500,,,good,-12.0,average,fading,,1000,349.8,22.9,0.0,,0,1,0,3,9,53,15,0,2,1,0.2
narrow middle,sim,500,,,good,-12.0,average,fading,,1000,391.0,20.5,0.0,,0,1,0,2,9,54,9,2,0,1,0.1
narrow middle,sim,500,,,good,-12.0,average,fading,,1000,362.1,22.1,0.0,,0,0,0,0,10,55,7,1,0,1,0.1
narrow middle,sim,500,,,good,-12.0,average,fading,,1000,468.8,17.1,0.0,,0,0,0,0,13,72,24,1,3,1,0.1
narrow middle,sim,500,,,good,-12.0,average,fading,,1000,192.2,0.0,0.0,,,,,0,0,0,0,0,0,0,0.1
narrow middle,sim,500,,,good,-12.0,average,fading,,1000,472.6,16.9,0.0,,0,0,0,0,13,73,25,0,3,1,0.2
narrow middle,sim,500,,,good,-12.0,average,fading,,1000,380.0,21.1,0.0,,0,0,0,0,10,57,9,0,1,1,0.2
narrow middle,sim,500,,,good,-12.0,average,fading,,1000,368.7,21.7,0.0,,0,1,0,2,9,52,11,2,1,1,0.1
narrow middle,sim,500,,,good,-12.0,average,fading,,1000,412.5,19.4,0.0,,0,0,0,0,11,62,14,1,2,1,0.1
narrow middle,sim,500,,,good,-12.0,average,fading,,1000,431.0,18.6,0.0,,0,0,0,0,12,66,18,1,2,1,0.1
narrow middle,sim,500,,,good,-12.0,average,fading,,1000,352.4,22.7,0.0,,0,0,0,0,10,52,4,0,0,1,0.1
narrow middle,sim,500,,,good,-12.0,average,fading,,1000,405.8,19.7,0.0,,0,1,0,2,11,62,17,0,3,1,0.1
narrow middle,sim,500,,,good,-12.0,average,fading,,1000,368.6,21.7,0.0,,0,1,0,2,9,54,9,0,1,1,0.1
narrow middle,sim,500,,,good,-12.0,average,fading,,1000,399.2,20.0,0.0,,0,0,0,0,11,61,13,2,1,1,0.1
narrow middle,sim,500,,,good,-12.0,average,fading,,1000,360.8,22.2,0.0,,0,0,0,0,9,52,4,0,0,1,0.1
narrow middle,sim,500,,,good,-12.0,average,fading,,1000,362.0,22.1,0.0,,0,0,0,0,10,55,7,0,0,1,0.1
narrow middle,sim,500,,,good,-12.0,average,fading,,1000,562.0,11.7,0.0,,0,0,0,0,11,66,27,0,4,0,0.1
narrow middle,sim,500,,,good,-12.0,average,fading,,1000,333.5,24.0,0.0,,0,1,1,1,8,47,1,0,0,1,0.1
narrow middle,sim,500,,,good,-12.0,average,fading,,1000,158.2,0.0,0.0,,,,,0,0,0,0,0,0,0,0.0
narrow middle,sim,500,,,good,-12.0,average,fading,,1000,474.9,16.8,0.0,,0,0,0,0,13,73,25,0,4,1,0.2
narrow middle,sim,500,,,good,-10.0,average,fading,,1000,381.5,21.0,35.8,0.585,0,1,0,2,10,58,13,0,2,1,0.1
narrow middle,sim,500,,,good,-10.0,average,fading,,1000,453.4,17.6,35.8,0.493,0,0,0,0,10,57,9,0,1,1,0.1
narrow middle,sim,500,,,good,-10.0,average,fading,,1000,191.0,41.9,35.8,1.169,1,3,1,3,5,27,5,2,0,1,0.1
narrow middle,sim,500,,,good,-10.0,average,fading,,1000,264.7,30.2,35.8,0.844,0,3,0,3,7,39,9,1,0,1,0.1
narrow middle,sim,500,,,good,-10.0,average,fading,,1000,348.8,22.9,35.8,0.64,0,1,0,2,9,53,8,0,1,1,0.1
narrow middle,sim,500,,,good,-10.0,average,fading,,1000,249.0,32.1,35.8,0.897,0,2,0,3,7,36,6,0,1,1,0.1
narrow middle,sim,500,,,good,-10.0,average,fading,,1000,321.9,24.9,35.8,0.694,0,1,0,2,8,46,1,0,0,1,0.1
narrow middle,sim,500,,,good,-10.0,average,fading,,1000,350.5,22.8,35.8,0.637,0,0,0,0,10,53,5,1,0,1,0.1
narrow middle,sim,500,,,good,-10.0,average,fading,,1000,181.2,44.1,35.8,1.232,1,3,1,3,5,25,4,3,0,1,0.1
narrow middle,sim,500,,,good,-10.0,average,fading,,1000,208.6,38.3,35.8,1.07,0,3,0,5,6,29,8,1,1,1,0.1
narrow middle,sim,500,,,good,-10.0,average,fading,,1000,312.7,25.6,35.8,0.714,0,1,0,3,8,47,9,0,1,1,0.1
narrow middle,sim,500,,,good,-10.0,average,fading,,1000,359.7,22.2,35.8,0.621,0,1,0,2,9,51,6,2,0,1,0.1
narrow middle,sim,500,,,good,-10.0,average,fading,,1000,321.1,24.9,35.8,0.695,0,1,0,4,9,48,4,1,1,1,0.1
narrow middle,sim,500,,,good,-10.0,average,fading,,1000,380.4,21.0,35.8,0.587,0,1,0,2,10,58,13,0,2,1,0.1
narrow middle,sim,500,,,good,-10.0,average,fading,,1000,192.2,0.0,35.8,0.0,,,,0,0,0,0,0,0,0,0.0
narrow middle,sim,500,,,good,-10.0,average,fading,,1000,362.8,22.1,35.8,0.616,0,1,0,4,10,55,16,1,2,1,0.1
narrow middle,sim,500,,,good,-10.0,average,fading,,1000,174.3,45.9,35.8,1.281,1,3,1,3,5,27,5,0,0,1,0.1
narrow middle,sim,500,,,good,-10.0,average,fading,,1000,326.5,24.5,35.8,0.684,0,0,0,0,9,49,1,0,0,1,0.1
narrow middle,sim,500,,,good,-10.0,average,fading,,1000,305.3,26.2,35.8,0.732,0,1,0,3,8,46,5,0,0,1,0.1
narrow middle,sim,500,,,good,-10.0,average,fading,,1000,336.5,23.8,35.8,0.664,0,1,0,2,9,51,6,2,0,1,0.1
narrow middle,sim,500,,,good,-10.0,average,fading,,1000,315.3,25.4,35.8,0.708,0,1,0,2,8,48,3,0,0,1,0.1
narrow middle,sim,500,,,good,-10.0,average,fading,,1000,242.6,33.0,35.8,0.92,0,3,0,5,7,35,13,2,1,1,0.1
narrow middle,sim,500,,,good,-10.0,average,fading,,1000,178.5,44.8,35.8,1.251,0,3,0,4,6,27,5,3,0,1,0.1
narrow middle,sim,500,,,good,-10.0,average,fading,,1000,389.6,20.5,35.8,0.573,0,0,0,0,10,60,12,0,1,1,0.1
narrow middle,sim,500,,,good,-10.0,average,fading,,1000,271.3,29.5,35.8,0.823,0,2,2,2,7,40,6,0,1,1,0.1
narrow middle,sim,500,,,good,-10.0,average,fading,,1000,247.5,32.3,35.8,0.902,0,2,0,3,7,36,5,0,0,1,0.1
narrow middle,sim,500,,,good,-10.0,average,fading,,1000,353.3,22.6,35.8,0.632,0,1,0,2,9,54,9,0,1,1,0.1
narrow middle,sim,500,,,good,-10.0,average,fading,,1000,291.7,27.4,35.8,0.766,0,1,1,1,7,40,1,0,0,1,0.1
narrow middle,sim,500,,,good,-10.0,average,fading,,1000,361.4,22.1,35.8,0.618,0,1,0,2,9,53,8,1,0,1,0.1
narrow middle,sim,500,,,good,-10.0,average,fading,,1000,437.8,18.3,35.8,0.51,0,0,0,0,12,67,19,0,3,1,0.1
narrow middle,sim,500,,,good,-8.0,average,fading,,1000,161.7,49.5,53.7,0.921,1,3,2,2,4,22,2,0,0,1,0.0
narrow middle,sim,500,,,good,-8.0,average,fading,,1000,173.2,46.2,53.7,0.86,1,3,1,3,5,26,4,1,0,1,0.0
narrow middle,sim,500,,,good,-8.0,average,fading,,1000,165.3,48.4,53.7,0.901,1,3,1,3,4,23,2,0,0,1,0.0
narrow middle,sim,500,,,good,-8.0,average,fading,,1000,201.5,39.7,53.7,0.739,1,3,1,3,6,28,8,2,0,1,0.0
narrow middle,sim,500,,,good,-8.0,average,fading,,1000,142.6,56.1,53.7,1.044,1,3,2,2,4,21,1,1,0,1,0.0
narrow middle,sim,500,,,good,-8.0,average,fading,,1000,144.5,55.4,53.7,1.031,1,3,2,2,4,19,1,0,0,1,0.0
narrow middle,sim,500,,,good,-8.0,average,fading,,1000,223.2,35.8,53.7,0.667,0,2,1,3,6,32,2,0,0,1,0.1
narrow middle,sim,500,,,good,-8.0,average,fading,,1000,288.5,27.7,53.7,0.516,0,2,0,3,8,43,4,0,0,1,0.1
narrow middle,sim,500,,,good,-8.0,average,fading,,1000,171.7,46.6,53.7,0.867,1,3,1,3,4,24,3,2,0,1,0.0
narrow middle,sim,500,,,good,-8.0,average,fading,,1000,192.9,41.5,53.7,0.772,1,3,1,3,5,27,6,0,0,1,0.0
narrow middle,sim,500,,,good,-8.0,average,fading,,1000,155.7,51.4,53.7,0.956,1,3,2,2,4,21,1,0,0,1,0.0
narrow middle,sim,500,,,good,-8.0,average,fading,,1000,196.7,40.7,53.7,0.757,0,3,1,4,5,28,7,0,1,1,0.1
narrow middle,sim,500,,,good,-8.0,average,fading,,1000,216.6,36.9,53.7,0.687,0,2,1,2,6,31,1,1,0,1,0.0
narrow middle,sim,500,,,good,-8.0,average,fading,,1000,327.1,24.5,53.7,0.455,0,1,1,3,9,49,8,1,1,1,0.1
narrow middle,sim,500,,,good,-8.0,average,fading,,1000,192.2,0.0,53.7,0.0,,,,0,0,0,0,0,0,0,0.1
narrow middle,sim,500,,,good,-8.0,average,fading,,1000,179.3,44.6,53.7,0.83,0,3,2,3,5,25,3,2,0,1,0.0
narrow middle,sim,500,,,good,-8.0,average,fading,,1000,174.3,45.9,53.7,0.854,1,3,1,3,5,27,5,0,0,1,0.0
narrow middle,sim,500,,,good,-8.0,average,fading,,1000,311.6,25.7,53.7,0.478,0,1,0,2,8,47,2,0,0,1,0.1
narrow middle,sim,500,,,good,-8.0,average,fading,,1000,166.6,48.0,53.7,0.894,0,3,1,3,5,25,6,2,0,1,0.0
narrow middle,sim,500,,,good,-8.0,average,fading,,1000,184.1,43.4,53.7,0.809,0,3,0,4,5,26,4,1,0,1,0.0
narrow middle,sim,500,,,good,-8.0,average,fading,,1000,185.0,43.2,53.7,0.805,0,2,1,3,5,29,2,0,0,1,0.1
narrow middle,sim,500,,,good,-8.0,average,fading,,1000,158.2,50.6,53.7,0.941,1,3,1,3,5,24,4,1,0,1,0.1
narrow middle,sim,500,,,good,-8.0,average,fading,,1000,154.0,51.9,53.7,0.967,1,3,1,3,4,24,3,0,0,1,0.0
narrow middle,sim,500,,,good,-8.0,average,fading,,1000,300.0,26.7,53.7,0.496,0,1,0,2,8,45,4,0,0,1,0.1
narrow middle,sim,500,,,good,-8.0,average,fading,,1000,259.8,30.8,53.7,0.573,0,1,1,3,7,38,1,0,0,1,0.1
narrow middle,sim,500,,,good,-8.0,average,fading,,1000,153.3,52.2,53.7,0.971,1,3,2,2,4,23,3,0,0,1,0.0
narrow middle,sim,500,,,good,-8.0,average,fading,,1000,289.3,27.7,53.7,0.515,0,1,0,4,8,43,2,0,0,1,0.1
narrow middle,sim,500,,,good,-8.0,average,fading,,1000,182.2,43.9,53.7,0.817,0,3,2,2,5,25,3,1,0,1,0.0
narrow middle,sim,500,,,good,-8.0,average,fading,,1000,316.7,25.3,53.7,0.47,0,1,0,2,8,48,3,0,0,1,0.1
narrow middle,sim,500,,,good,-8.0,average,fading,,1000,364.3,22.0,53.7,0.409,0,1,0,4,10,55,14,0,2,1,0.1
narrow middle,sim,500,,,good,-6.0,average,fading,,1000,156.3,51.2,76.1,0.672,0,3,3,2,4,21,1,0,0,1,0.1
narrow middle,sim,500,,,good,-6.0,average,fading,,1000,143.3,55.8,76.1,0.733,1,3,2,2,4,22,2,1,0,1,0.0
narrow middle,sim,500,,,good,-6.0,average,fading,,1000,158.8,50.4,76.1,0.662,1,3,2,4,5,21,2,0,0,1,0.0
narrow middle,sim,500,,,good,-6.0,average,fading,,1000,160.9,49.7,76.1,0.653,1,3,3,3,4,22,4,1,0,1,0.0
narrow middle,sim,500,,,good,-6.0,average,fading,,1000,137.3,58.3,76.1,0.766,1,3,2,2,4,20,2,0,0,1,0.0
narrow middle,sim,500,,,good,-6.0,average,fading,,1000,144.5,55.4,76.1,0.727,1,3,2,2,4,19,1,0,0,1,0.0
narrow middle,sim,500,,,good,-6.0,average,fading,,1000,181.5,44.1,76.1,0.579,0,3,2,3,5,25,2,0,0,1,0.1
narrow middle,sim,500,,,good,-6.0,average,fading,,1000,195.5,40.9,76.1,0.538,1,3,1,3,5,28,5,1,0,1,0.1
narrow middle,sim,500,,,good,-6.0,average,fading,,1000,181.2,44.1,76.1,0.58,0,3,2,3,5,25,3,2,0,1,0.1
narrow middle,sim,500,,,good,-6.0,average,fading,,1000,151.2,52.9,76.1,0.695,1,3,3,3,4,20,1,0,0,1,0.1
narrow middle,sim,500,,,good,-6.0,average,fading,,1000,206.8,38.7,76.1,0.508,0,4,2,7,9,43,17,0,3,1,0.1
narrow middle,sim,500,,,good,-6.0,average,fading,,1000,130.6,61.3,76.1,0.805,1,3,2,2,4,19,1,0,0,1,0.1
narrow middle,sim,500,,,good,-6.0,average,fading,,1000,169.5,47.2,76.1,0.62,1,3,1,3,5,23,3,1,0,1,0.1
narrow middle,sim,500,,,good,-6.0,average,fading,,1000,168.9,47.4,76.1,0.622,1,3,1,3,5,26,4,1,0,1,0.0
narrow middle,sim,500,,,good,-6.0,average,fading,,1000,242.8,33.0,76.1,0.433,0,2,0,3,7,35,4,1,0,1,0.1
narrow middle,sim,500,,,good,-6.0,average,fading,,1000,153.7,52.1,76.1,0.684,1,3,2,2,4,21,3,2,0,1,0.0
narrow middle,sim,500,,,good,-6.0,average,fading,,1000,218.4,5.3,76.1,0.069,0,4,0,2,6,36,24,4,4,0,0.0
narrow middle,sim,500,,,good,-6.0,average,fading,,1000,147.5,54.2,76.1,0.712,1,3,2,2,4,22,2,0,0,1,0.1
narrow middle,sim,500,,,good,-6.0,average,fading,,1000,152.9,52.3,76.1,0.688,1,3,1,3,5,23,3,2,0,1,0.0
narrow middle,sim,500,,,good,-6.0,average,fading,,1000,152.9,52.3,76.1,0.688,1,3,1,3,5,23,3,1,0,1,0.0
narrow middle,sim,500,,,good,-6.0,average,fading,,1000,147.5,54.2,76.1,0.712,1,3,2,4,5,22,3,0,0,1,0.1
narrow middle,sim,500,,,good,-6.0,average,fading,,1000,147.5,54.2,76.1,0.712,1,3,2,4,5,22,3,1,0,1,0.1
narrow middle,sim,500,,,good,-6.0,average,fading,,1000,124.5,64.3,76.1,0.844,2,4,2,3,6,29,9,0,1,1,0.0
narrow middle,sim,500,,,good,-6.0,average,fading,,1000,185.6,43.1,76.1,0.566,0,3,1,4,5,26,4,2,0,1,0.1
narrow middle,sim,500,,,good,-6.0,average,fading,,1000,181.7,44.0,76.1,0.579,0,3,2,4,5,25,1,0,0,1,0.0
narrow middle,sim,500,,,good,-6.0,average,fading,,1000,147.9,54.1,76.1,0.71,1,3,3,3,4,22,3,0,0,1,0.1
narrow middle,sim,500,,,good,-6.0,average,fading,,1000,169.5,47.2,76.1,0.62,1,3,1,3,5,23,3,1,0,1,0.0
narrow middle,sim,500,,,good,-6.0,average,fading,,1000,153.1,52.2,76.1,0.686,1,3,2,2,4,23,3,0,0,1,0.0
narrow middle,sim,500,,,good,-6.0,average,fading,,1000,242.0,33.1,76.1,0.434,0,3,0,3,7,37,8,1,1,1,0.1
narrow middle,sim,500,,,good,-6.0,average,fading,,1000,228.0,35.1,76.1,0.461,0,2,0,4,6,33,2,0,0,1,0.1
narrow middle,sim,500,,,good,-4.0,average,fading,,1000,137.9,58.0,76.1,0.762,1,3,3,3,4,21,2,0,0,1,0.1
narrow middle,sim,500,,,good,-4.0,average,fading,,1000,127.2,62.9,76.1,0.826,1,3,2,2,4,19,1,1,0,1,0.1
narrow middle,sim,500,,,good,-4.0,average,fading,,1000,170.7,46.9,76.1,0.616,0,3,2,3,4,24,2,0,0,1,0.1
narrow middle,sim,500,,,good,-4.0,average,fading,,1000,137.9,58.0,76.1,0.762,1,3,2,2,4,21,1,0,0,1,0.0
narrow middle,sim,500,,,good,-4.0,average,fading,,1000,127.2,62.9,76.1,0.826,1,3,2,2,4,19,1,0,0,1,0.0
narrow middle,sim,500,,,good,-4.0,average,fading,,1000,121.3,65.9,76.1,0.866,1,3,3,1,3,18,0,0,0,1,0.0
narrow middle,sim,500,,,good,-4.0,average,fading,,1000,166.6,48.0,76.1,0.631,0,3,2,3,4,23,1,0,0,1,0.1
narrow middle,sim,500,,,good,-4.0,average,fading,,1000,164.5,48.6,76.1,0.639,1,3,2,2,4,23,3,1,0,1,0.0
narrow middle,sim,500,,,good,-4.0,average,fading,,1000,137.9,58.0,76.1,0.762,1,3,2,2,4,21,3,1,0,1,0.0
narrow middle,sim,500,,,good,-4.0,average,fading,,1000,151.7,52.7,76.1,0.693,2,4,2,3,5,30,7,0,1,1,0.1
narrow middle,sim,500,,,good,-4.0,average,fading,,1000,117.6,68.0,76.1,0.893,1,3,3,1,3,18,0,0,0,1,0.1
narrow middle,sim,500,,,good,-4.0,average,fading,,1000,130.6,61.3,76.1,0.805,1,3,2,2,4,19,1,0,0,1,0.0
narrow middle,sim,500,,,good,-4.0,average,fading,,1000,170.7,46.9,76.1,0.616,0,3,2,3,4,24,2,0,0,1,0.1
narrow middle,sim,500,,,good,-4.0,average,fading,,1000,156.2,51.2,76.1,0.673,0,4,2,3,7,38,12,4,2,1,0.1
narrow middle,sim,500,,,good,-4.0,average,fading,,1000,259.6,30.8,76.1,0.405,0,4,1,5,11,53,13,3,3,1,0.1
narrow middle,sim,500,,,good,-4.0,average,fading,,1000,143.0,56.0,76.1,0.735,1,3,2,2,4,19,1,0,0,1,0.1
narrow middle,sim,500,,,good,-4.0,average,fading,,1000,171.7,46.6,76.1,0.612,0,5,1,6,9,50,19,1,3,1,0.1
narrow middle,sim,500,,,good,-4.0,average,fading,,1000,146.4,54.6,76.1,0.718,1,3,2,4,5,21,2,0,0,1,0.1
narrow middle,sim,500,,,good,-4.0,average,fading,,1000,147.5,54.2,76.1,0.712,1,3,2,4,5,22,3,0,0,1,0.1
narrow middle,sim,500,,,good,-4.0,average,fading,,1000,128.8,62.1,76.1,0.816,1,4,2,4,6,29,9,1,1,1,0.1
narrow middle,sim,500,,,good,-4.0,average,fading,,1000,121.2,66.0,76.1,0.867,2,4,2,3,6,30,10,0,1,1,0.1
narrow middle,sim,500,,,good,-4.0,average,fading,,1000,116.4,68.8,76.1,0.903,2,4,3,3,5,23,2,0,0,1,0.1
narrow middle,sim,500,,,good,-4.0,average,fading,,1000,117.1,68.3,76.1,0.898,2,4,2,3,5,27,7,0,1,1,0.0
narrow middle,sim,500,,,good,-4.0,average,fading,,1000,148.7,53.8,76.1,0.707,1,3,1,3,4,23,2,0,0,1,0.1
narrow middle,sim,500,,,good,-4.0,average,fading,,1000,156.0,51.3,76.1,0.674,0,3,3,2,4,21,0,0,0,1,0.0
narrow middle,sim,500,,,good,-4.0,average,fading,,1000,147.9,54.1,76.1,0.71,0,3,3,3,4,22,2,0,0,1,0.0
narrow middle,sim,500,,,good,-4.0,average,fading,,1000,147.5,54.2,76.1,0.712,1,3,2,4,5,22,3,0,0,1,0.1
narrow middle,sim,500,,,good,-4.0,average,fading,,1000,137.1,58.4,76.1,0.767,1,3,3,3,4,20,1,0,0,1,0.1
narrow middle,sim,500,,,good,-4.0,average,fading,,1000,132.6,60.3,76.1,0.793,1,3,3,3,4,20,1,1,0,1,0.1
narrow middle,sim,500,,,good,-4.0,average,fading,,1000,165.9,48.2,76.1,0.633,0,3,2,3,4,23,1,0,0,1,0.1
narrow middle,sim,500,,,good,-2.0,average,fading,,1000,113.1,70.7,111.9,0.632,2,4,2,2,5,24,4,0,0,1,0.1
narrow middle,sim,500,,,good,-2.0,average,fading,,1000,104.1,76.8,111.9,0.686,3,5,3,2,5,30,6,0,1,1,0.1
narrow middle,sim,500,,,good,-2.0,average,fading,,1000,117.6,68.0,111.9,0.607,1,3,3,1,3,18,0,0,0,1,0.1
narrow middle,sim,500,,,good,-2.0,average,fading,,1000,127.2,62.9,111.9,0.562,1,3,2,2,4,19,1,0,0,1,0.1
narrow middle,sim,500,,,good,-2.0,average,fading,,1000,82.1,97.4,111.9,0.87,2,6,3,6,11,52,7,0,0,1,0.1
narrow middle,sim,500,,,good,-2.0,average,fading,,1000,121.3,65.9,111.9,0.589,1,3,3,1,3,18,0,0,0,1,0.0
narrow middle,sim,500,,,good,-2.0,average,fading,,1000,122.0,65.6,111.9,0.586,1,3,3,1,3,18,0,0,0,1,0.1
narrow middle,sim,500,,,good,-2.0,average,fading,,1000,153.8,52.0,111.9,0.465,1,3,3,3,4,21,2,1,0,1,0.1
narrow middle,sim,500,,,good,-2.0,average,fading,,1000,106.3,75.2,111.9,0.672,2,4,3,2,5,25,6,0,1,1,0.0
narrow middle,sim,500,,,good,-2.0,average,fading,,1000,135.7,59.0,111.9,0.527,2,4,2,3,5,27,7,0,1,1,0.1
narrow middle,sim,500,,,good,-2.0,average,fading,,1000,117.6,68.0,111.9,0.607,1,3,3,1,3,18,0,0,0,1,0.0
narrow middle,sim,500,,,good,-2.0,average,fading,,1000,165.7,48.3,111.9,0.431,0,5,2,8,9,46,17,1,2,1,0.1
narrow middle,sim,500,,,good,-2.0,average,fading,,1000,127.2,62.9,111.9,0.562,1,3,2,2,4,19,1,0,0,1,0.0
narrow middle,sim,500,,,good,-2.0,average,fading,,1000,156.1,51.3,111.9,0.458,0,4,2,4,8,41,18,2,2,1,0.1
narrow middle,sim,500,,,good,-2.0,average,fading,,1000,169.9,47.1,111.9,0.421,0,4,2,4,8,37,11,1,3,1,0.1
narrow middle,sim,500,,,good,-2.0,average,fading,,1000,157.9,50.7,111.9,0.453,0,3,2,2,5,21,2,0,0,1,0.1
narrow middle,sim,500,,,good,-2.0,average,fading,,1000,93.4,85.7,111.9,0.765,3,7,3,3,5,28,6,4,1,1,0.1
narrow middle,sim,500,,,good,-2.0,average,fading,,1000,117.6,68.0,111.9,0.607,1,3,3,1,3,18,0,0,0,1,0.1
narrow middle,sim,500,,,good,-2.0,average,fading,,1000,119.4,67.0,111.9,0.599,2,4,3,4,9,48,14,2,2,1,0.1
narrow middle,sim,500,,,good,-2.0,average,fading,,1000,121.3,65.9,111.9,0.589,1,4,2,4,6,26,6,0,1,1,0.1
narrow middle,sim,500,,,good,-2.0,average,fading,,1000,119.1,67.2,111.9,0.6,2,4,2,3,6,28,8,0,1,1,0.1
narrow middle,sim,500,,,good,-2.0,average,fading,,1000,141.9,56.4,111.9,0.504,2,5,2,4,9,50,12,1,2,1,0.1
narrow middle,sim,500,,,good,-2.0,average,fading,,1000,145.0,55.2,111.9,0.493,1,5,2,5,10,52,14,0,2,1,0.1
narrow middle,sim,500,,,good,-2.0,average,fading,,1000,179.4,44.6,111.9,0.398,0,4,2,5,9,38,11,0,3,1,0.1
narrow middle,sim,500,,,good,-2.0,average,fading,,1000,150.7,53.1,111.9,0.474,1,3,3,3,4,20,1,0,0,1,0.1
narrow middle,sim,500,,,good,-2.0,average,fading,,1000,157.8,50.7,111.9,0.453,0,5,3,6,8,39,9,0,1,1,0.1
narrow middle,sim,500,,,good,-2.0,average,fading,,1000,103.0,77.6,111.9,0.694,1,4,3,3,6,28,4,0,1,1,0.0
narrow middle,sim,500,,,good,-2.0,average,fading,,1000,110.8,72.2,111.9,0.645,2,4,3,2,5,25,6,0,1,1,0.1
narrow middle,sim,500,,,good,-2.0,average,fading,,1000,132.6,60.3,111.9,0.539,1,3,2,2,4,20,2,0,0,1,0.0
narrow middle,sim,500,,,good,-2.0,average,fading,,1000,144.5,55.4,111.9,0.495,1,3,2,2,4,19,1,0,0,1,0.1
narrow middle,sim,500,,,good,0.0,average,fading,,1000,130.5,61.3,111.9,0.548,2,4,3,6,9,44,8,1,1,1,0.1
narrow middle,sim,500,,,good,0.0,average,fading,,1000,94.7,84.5,111.9,0.755,2,6,3,6,9,48,13,1,2,1,0.1
narrow middle,sim,500,,,good,0.0,average,fading,,1000,118.4,67.6,111.9,0.604,1,5,3,4,6,28,1,0,0,1,0.1
narrow middle,sim,500,,,good,0.0,average,fading,,1000,135.9,58.9,111.9,0.526,0,4,3,5,6,35,12,3,2,1,0.1
narrow middle,sim,500,,,good,0.0,average,fading,,1000,48.1,166.2,111.9,1.484,4,7,5,3,7,36,2,0,0,1,0.0
narrow middle,sim,500,,,good,0.0,average,fading,,1000,114.1,70.1,111.9,0.626,0,6,6,4,7,40,1,0,0,1,0.1
narrow middle,sim,500,,,good,0.0,average,fading,,1000,118.6,67.4,111.9,0.603,0,4,3,3,7,41,12,0,2,1,0.1
narrow middle,sim,500,,,good,0.0,average,fading,,1000,146.4,54.6,111.9,0.488,0,3,3,3,4,22,2,0,0,1,0.1
narrow middle,sim,500,,,good,0.0,average,fading,,1000,85.1,94.0,111.9,0.839,2,7,3,7,10,51,10,2,1,1,0.1
narrow middle,sim,500,,,good,0.0,average,fading,,1000,136.8,58.5,111.9,0.522,1,3,3,3,4,20,1,0,0,1,0.1
narrow middle,sim,500,,,good,0.0,average,fading,,1000,118.3,67.6,111.9,0.604,2,4,3,6,9,47,13,0,2,1,0.1
narrow middle,sim,500,,,good,0.0,average,fading,,1000,132.5,60.4,111.9,0.539,0,6,3,6,8,43,17,1,2,1,0.1
narrow middle,sim,500,,,good,0.0,average,fading,,1000,100.3,79.8,111.9,0.713,3,4,3,1,5,20,1,0,0,1,0.1
narrow middle,sim,500,,,good,0.0,average,fading,,1000,124.4,64.3,111.9,0.574,2,5,3,5,6,33,12,2,1,1,0.0
narrow middle,sim,500,,,good,0.0,average,fading,,1000,108.4,73.8,111.9,0.659,3,5,3,1,6,26,7,1,1,1,0.1
narrow middle,sim,500,,,good,0.0,average,fading,,1000,121.6,65.8,111.9,0.588,1,3,3,1,3,18,0,0,0,1,0.1
narrow middle,sim,500,,,good,0.0,average,fading,,1000,76.5,104.6,111.9,0.934,3,9,3,4,8,44,12,4,2,1,0.0
narrow middle,sim,500,,,good,0.0,average,fading,,1000,117.6,68.0,111.9,0.607,1,3,3,1,3,18,0,0,0,1,0.1
narrow middle,sim,500,,,good,0.0,average,fading,,1000,105.8,75.6,111.9,0.676,1,6,3,6,9,44,7,1,1,1,0.1
narrow middle,sim,500,,,good,0.0,average,fading,,1000,107.6,74.3,111.9,0.664,2,5,2,3,6,26,4,0,0,1,0.0
narrow middle,sim,500,,,good,0.0,average,fading,,1000,114.2,70.0,111.9,0.626,2,5,3,4,7,41,12,0,2,1,0.1
narrow middle,sim,500,,,good,0.0,average,fading,,1000,90.6,88.3,111.9,0.789,2,7,2,5,7,42,12,1,2,1,0.1
narrow middle,sim,500,,,good,0.0,average,fading,,1000,86.6,92.3,111.9,0.825,3,6,3,3,7,39,9,0,1,1,0.1
narrow middle,sim,500,,,good,0.0,average,fading,,1000,126.6,63.2,111.9,0.564,2,4,2,3,6,28,7,0,1,1,0.1
narrow middle,sim,500,,,good,0.0,average,fading,,1000,135.7,58.9,111.9,0.527,1,3,3,1,3,18,0,0,0,1,0.1
narrow middle,sim,500,,,good,0.0,average,fading,,1000,146.0,54.8,111.9,0.49,0,6,3,5,8,40,11,0,1,1,0.1
narrow middle,sim,500,,,good,0.0,average,fading,,1000,88.5,90.4,111.9,0.807,2,6,3,5,9,47,9,2,1,1,0.1
narrow middle,sim,500,,,good,0.0,average,fading,,1000,110.8,72.2,111.9,0.645,2,4,3,2,5,25,6,0,1,1,0.1
narrow middle,sim,500,,,good,0.0,average,fading,,1000,113.7,70.4,111.9,0.629,2,5,2,3,6,31,7,1,1,1,0.1
narrow middle,sim,500,,,good,0.0,average,fading,,1000,141.4,56.6,111.9,0.506,0,3,2,2,4,21,2,0,0,1,0.1
narrow middle,sim,500,,,good,2.0,average,fading,,1000,73.0,109.5,113.9,0.962,3,7,3,5,7,35,3,0,0,1,0.0
narrow middle,sim,500,,,good,2.0,average,fading,,1000,78.6,101.8,113.9,0.894,2,7,3,6,9,45,13,0,2,1,0.1
narrow middle,sim,500,,,good,2.0,average,fading,,1000,50.3,159.2,113.9,1.398,4,7,6,3,7,38,1,0,0,1,0.0
narrow middle,sim,500,,,good,2.0,average,fading,,1000,49.2,162.6,113.9,1.428,4,7,6,4,7,37,1,1,0,1,0.0
narrow middle,sim,500,,,good,2.0,average,fading,,1000,36.6,218.6,113.9,1.92,5,9,9,2,5,27,0,0,0,1,0.0
narrow middle,sim,500,,,good,2.0,average,fading,,1000,104.1,76.8,113.9,0.675,1,5,5,4,6,35,1,0,0,1,0.1
narrow middle,sim,500,,,good,2.0,average,fading,,1000,121.7,65.7,113.9,0.577,0,5,5,2,4,22,1,0,0,1,0.1
narrow middle,sim,500,,,good,2.0,average,fading,,1000,122.4,65.4,113.9,0.574,1,5,3,3,5,28,6,0,1,1,0.0
narrow middle,sim,500,,,good,2.0,average,fading,,1000,61.3,130.6,113.9,1.147,3,7,4,5,8,46,12,0,2,1,0.1
narrow middle,sim,500,,,good,2.0,average,fading,,1000,123.6,64.7,113.9,0.568,1,5,3,4,6,29,4,0,0,1,0.1
narrow middle,sim,500,,,good,2.0,average,fading,,1000,86.4,92.6,113.9,0.813,2,7,3,6,8,46,10,0,1,1,0.1
narrow middle,sim,500,,,good,2.0,average,fading,,1000,102.9,77.7,113.9,0.683,2,7,3,6,8,35,13,0,1,1,0.0
narrow middle,sim,500,,,good,2.0,average,fading,,1000,127.2,62.9,113.9,0.553,1,5,3,5,7,38,12,0,2,1,0.1
narrow middle,sim,500,,,good,2.0,average,fading,,1000,95.9,83.4,113.9,0.733,3,6,3,2,5,27,8,1,0,1,0.1
narrow middle,sim,500,,,good,2.0,average,fading,,1000,123.8,64.6,113.9,0.567,0,6,3,7,12,56,19,2,4,1,0.1
narrow middle,sim,500,,,good,2.0,average,fading,,1000,106.7,75.0,113.9,0.659,3,5,3,3,9,46,7,2,0,1,0.1
narrow middle,sim,500,,,good,2.0,average,fading,,1000,37.7,212.4,113.9,1.866,6,10,6,3,5,28,6,4,0,1,0.1
narrow middle,sim,500,,,good,2.0,average,fading,,1000,106.1,75.4,113.9,0.662,2,5,3,4,6,35,8,0,1,1,0.1
narrow middle,sim,500,,,good,2.0,average,fading,,1000,66.4,120.5,113.9,1.058,3,7,3,4,8,40,7,1,0,1,0.1
narrow middle,sim,500,,,good,2.0,average,fading,,1000,97.2,82.3,113.9,0.723,3,6,3,4,10,55,6,0,0,1,0.1
narrow middle,sim,500,,,good,2.0,average,fading,,1000,68.6,116.6,113.9,1.024,3,6,3,5,9,52,13,1,2,1,0.1
narrow middle,sim,500,,,good,2.0,average,fading,,1000,35.5,225.0,113.9,1.977,6,9,7,2,5,26,2,0,0,1,0.1
narrow middle,sim,500,,,good,2.0,average,fading,,1000,70.4,113.7,113.9,0.999,3,9,3,5,8,43,12,0,1,1,0.1
narrow middle,sim,500,,,good,2.0,average,fading,,1000,106.3,75.2,113.9,0.661,3,5,3,1,5,25,6,0,1,1,0.0
narrow middle,sim,500,,,good,2.0,average,fading,,1000,156.2,51.2,113.9,0.45,0,4,3,6,7,38,12,1,2,1,0.1
narrow middle,sim,500,,,good,2.0,average,fading,,1000,104.1,76.8,113.9,0.675,2,5,3,3,5,30,7,0,1,1,0.1
narrow middle,sim,500,,,good,2.0,average,fading,,1000,57.3,139.5,113.9,1.226,3,7,3,4,8,43,9,2,1,1,0.0
narrow middle,sim,500,,,good,2.0,average,fading,,1000,114.3,70.0,113.9,0.614,3,5,3,4,10,51,9,0,1,1,0.1
narrow middle,sim,500,,,good,2.0,average,fading,,1000,86.5,92.5,113.9,0.813,1,6,1,7,12,66,17,3,2,1,0.1
narrow middle,sim,500,,,good,2.0,average,fading,,1000,137.4,58.2,113.9,0.512,0,5,3,3,7,37,10,0,1,1,0.1
narrow middle,sim,500,,,good,6.0,average,fading,,1000,38.3,208.6,258.1,0.808,6,10,6,4,5,24,4,0,1,1,0.0
narrow middle,sim,500,,,good,6.0,average,fading,,1000,36.3,220.2,258.1,0.853,7,10,9,3,5,26,6,0,1,1,0.0
narrow middle,sim,500,,,good,6.0,average,fading,,1000,32.4,246.8,258.1,0.956,5,10,9,3,4,24,1,0,0,1,0.0
narrow middle,sim,500,,,good,6.0,average,fading,,1000,34.5,231.9,258.1,0.899,5,10,10,3,5,25,0,0,0,1,0.0
narrow middle,sim,500,,,good,6.0,average,fading,,1000,25.1,319.2,258.1,1.237,7,10,10,1,3,18,0,0,0,1,0.0
narrow middle,sim,500,,,good,6.0,average,fading,,1000,46.0,173.8,258.1,0.673,4,9,7,5,7,34,5,0,0,1,0.0
narrow middle,sim,500,,,good,6.0,average,fading,,1000,50.3,159.2,258.1,0.617,4,7,6,4,7,38,2,0,0,1,0.0
narrow middle,sim,500,,,good,6.0,average,fading,,1000,38.7,206.7,258.1,0.801,4,9,9,3,5,29,0,0,0,1,0.0
narrow middle,sim,500,,,good,6.0,average,fading,,1000,36.6,218.7,258.1,0.848,6,10,9,4,6,26,3,0,0,1,0.0
narrow middle,sim,500,,,good,6.0,average,fading,,1000,96.7,82.7,258.1,0.321,1,6,5,4,6,28,2,0,0,1,0.0
narrow middle,sim,500,,,good,6.0,average,fading,,1000,34.5,231.9,258.1,0.899,6,10,7,4,5,25,4,0,0,1,0.0
narrow middle,sim,500,,,good,6.0,average,fading,,1000,104.1,76.8,258.1,0.298,1,5,4,5,6,35,2,0,0,1,0.1
narrow middle,sim,500,,,good,6.0,average,fading,,1000,49.2,162.6,258.1,0.63,5,9,6,4,7,37,4,2,0,1,0.1
narrow middle,sim,500,,,good,6.0,average,fading,,1000,58.4,137.0,258.1,0.531,3,9,3,4,8,44,13,0,1,1,0.0
narrow middle,sim,500,,,good,6.0,average,fading,,1000,72.4,110.4,258.1,0.428,3,9,3,3,9,44,9,0,1,1,0.1
narrow middle,sim,500,,,good,6.0,average,fading,,1000,48.5,165.0,258.1,0.639,5,9,7,3,6,32,4,2,0,1,0.0
narrow middle,sim,500,,,good,6.0,average,fading,,1000,24.0,333.2,258.1,1.291,10,11,10,2,3,17,3,2,0,1,0.0
narrow middle,sim,500,,,good,6.0,average,fading,,1000,83.3,96.0,258.1,0.372,2,7,2,6,11,64,14,0,2,1,0.1
narrow middle,sim,500,,,good,6.0,average,fading,,1000,25.1,319.2,258.1,1.237,9,11,10,2,3,18,2,0,0,1,0.0
narrow middle,sim,500,,,good,6.0,average,fading,,1000,36.6,218.6,258.1,0.847,7,9,7,3,5,27,3,0,0,1,0.0
narrow middle,sim,500,,,good,6.0,average,fading,,1000,32.4,246.8,258.1,0.956,7,9,9,2,4,24,3,0,0,1,0.0
narrow middle,sim,500,,,good,6.0,average,fading,,1000,25.0,319.5,258.1,1.238,9,11,10,2,4,17,2,0,0,1,0.0
narrow middle,sim,500,,,good,6.0,average,fading,,1000,31.4,255.1,258.1,0.989,7,10,7,2,4,23,2,0,0,1,0.0
narrow middle,sim,500,,,good,6.0,average,fading,,1000,72.8,109.9,258.1,0.426,3,9,4,5,10,55,14,1,2,1,0.1
narrow middle,sim,500,,,good,6.0,average,fading,,1000,54.4,146.9,258.1,0.569,4,6,5,4,8,41,3,0,0,1,0.0
narrow middle,sim,500,,,good,6.0,average,fading,,1000,46.1,173.7,258.1,0.673,6,7,6,3,6,35,4,0,0,1,0.1
narrow middle,sim,500,,,good,6.0,average,fading,,1000,30.3,264.0,258.1,1.023,7,10,9,2,4,22,2,0,0,1,0.0
narrow middle,sim,500,,,good,6.0,average,fading,,1000,51.3,155.8,258.1,0.604,6,9,6,3,6,35,7,0,1,1,0.0
narrow middle,sim,500,,,good,6.0,average,fading,,1000,39.8,201.2,258.1,0.78,6,9,7,2,5,30,3,1,0,1,0.0
narrow middle,sim,500,,,good,6.0,average,fading,,1000,88.1,90.8,258.1,0.352,0,7,6,3,7,36,2,0,0,1,0.0
narrow middle,sim,500,,,moderate,-18.0,average,fading,,1000,79.7,0.0,0.0,,,,,0,0,0,0,0,0,0,0.0
narrow middle,sim,500,,,moderate,-18.0,average,fading,,1000,125.6,0.0,0.0,,,,,0,0,0,0,0,0,0,0.0
narrow middle,sim,500,,,moderate,-18.0,average,fading,,1000,108.3,0.0,0.0,,,,,0,0,0,0,0,0,0,0.0
narrow middle,sim,500,,,moderate,-18.0,average,fading,,1000,158.6,0.0,0.0,,,,,0,0,0,0,0,0,0,0.0
narrow middle,sim,500,,,moderate,-18.0,average,fading,,1000,231.7,0.0,0.0,,,,,0,0,0,0,0,0,0,0.0
narrow middle,sim,500,,,moderate,-18.0,average,fading,,1000,93.8,0.0,0.0,,,,,0,0,0,0,0,0,0,0.0
narrow middle,sim,500,,,moderate,-18.0,average,fading,,1000,79.4,0.0,0.0,,,,,0,0,0,0,0,0,0,0.0
narrow middle,sim,500,,,moderate,-18.0,average,fading,,1000,64.4,0.0,0.0,,,,,0,0,0,0,0,0,0,0.0
narrow middle,sim,500,,,moderate,-18.0,average,fading,,1000,495.9,5.4,0.0,,0,0,0,0,9,54,38,9,5,0,0.1
narrow middle,sim,500,,,moderate,-18.0,average,fading,,1000,182.3,0.0,0.0,,,,,0,0,0,0,0,0,0,0.0
narrow middle,sim,500,,,moderate,-18.0,average,fading,,1000,180.5,0.0,0.0,,,,,0,0,0,0,0,0,0,0.0
narrow middle,sim,500,,,moderate,-18.0,average,fading,,1000,120.7,0.0,0.0,,,,,0,0,0,0,0,0,0,0.0
narrow middle,sim,500,,,moderate,-18.0,average,fading,,1000,134.0,0.0,0.0,,,,,0,0,0,0,0,0,0,0.0
narrow middle,sim,500,,,moderate,-18.0,average,fading,,1000,195.4,0.0,0.0,,,,,0,0,0,0,0,0,0,0.0
narrow middle,sim,500,,,moderate,-18.0,average,fading,,1000,100.2,0.0,0.0,,,,,0,0,0,0,0,0,0,0.0
narrow middle,sim,500,,,moderate,-18.0,average,fading,,1000,134.9,0.0,0.0,,,,,0,0,0,0,0,0,0,0.0
narrow middle,sim,500,,,moderate,-18.0,average,fading,,1000,210.8,0.0,0.0,,,,,0,0,0,0,0,0,0,0.0
narrow middle,sim,500,,,moderate,-18.0,average,fading,,1000,226.6,0.0,0.0,,,,,0,0,0,0,0,0,0,0.0
narrow middle,sim,500,,,moderate,-18.0,average,fading,,1000,189.3,0.0,0.0,,,,,0,0,0,0,0,0,0,0.0
narrow middle,sim,500,,,moderate,-18.0,average,fading,,1000,85.7,0.0,0.0,,,,,0,0,0,0,0,0,0,0.0
narrow middle,sim,500,,,moderate,-18.0,average,fading,,1000,238.4,0.0,0.0,,,,,0,0,0,0,0,0,0,0.0
narrow middle,sim,500,,,moderate,-18.0,average,fading,,1000,89.2,0.0,0.0,,,,,0,0,0,0,0,0,0,0.0
narrow middle,sim,500,,,moderate,-18.0,average,fading,,1000,119.9,0.0,0.0,,,,,0,0,0,0,0,0,0,0.0
narrow middle,sim,500,,,moderate,-18.0,average,fading,,1000,112.9,0.0,0.0,,,,,0,0,0,0,0,0,0,0.0
narrow middle,sim,500,,,moderate,-18.0,average,fading,,1000,196.2,0.0,0.0,,,,,0,0,0,0,0,0,0,0.0
narrow middle,sim,500,,,moderate,-18.0,average,fading,,1000,129.5,0.0,0.0,,,,,0,0,0,0,0,0,0,0.0
narrow middle,sim,500,,,moderate,-18.0,average,fading,,1000,93.0,0.0,0.0,,,,,0,0,0,0,0,0,0,0.0
narrow middle,sim,500,,,moderate,-18.0,average,fading,,1000,180.3,0.0,0.0,,,,,0,0,0,0,0,0,0,0.0
narrow middle,sim,500,,,moderate,-18.0,average,fading,,1000,140.7,0.0,0.0,,,,,0,0,0,0,0,0,0,0.0
narrow middle,sim,500,,,moderate,-18.0,average,fading,,1000,124.9,0.0,0.0,,,,,0,0,0,0,0,0,0,0.0
narrow middle,sim,500,,,moderate,-14.0,average,fading,,1000,461.4,17.3,0.0,,0,0,0,0,11,63,15,3,1,1,0.1
narrow middle,sim,500,,,moderate,-14.0,average,fading,,1000,374.3,21.4,0.0,,0,0,0,0,10,57,9,3,0,1,0.1
narrow middle,sim,500,,,moderate,-14.0,average,fading,,1000,404.6,19.8,0.0,,0,0,0,0,11,62,14,1,1,1,0.1
narrow middle,sim,500,,,moderate,-14.0,average,fading,,1000,390.7,20.5,0.0,,0,1,0,2,10,60,15,6,1,1,0.1
narrow middle,sim,500,,,moderate,-14.0,average,fading,,1000,409.9,19.5,0.0,,0,0,0,0,10,59,11,0,1,1,0.1
narrow middle,sim,500,,,moderate,-14.0,average,fading,,1000,393.7,20.3,0.0,,0,0,0,0,11,60,12,1,0,1,0.1
narrow middle,sim,500,,,moderate,-14.0,average,fading,,1000,425.0,18.8,0.0,,0,0,0,0,11,56,8,1,1,1,0.1
narrow middle,sim,500,,,moderate,-14.0,average,fading,,1000,435.6,18.4,0.0,,0,0,0,0,12,67,19,3,2,1,0.1
narrow middle,sim,500,,,moderate,-14.0,average,fading,,1000,369.2,21.7,0.0,,0,0,0,0,10,56,8,1,1,1,0.1
narrow middle,sim,500,,,moderate,-14.0,average,fading,,1000,406.7,19.7,0.0,,0,0,0,0,12,57,9,1,1,1,0.1
narrow middle,sim,500,,,moderate,-14.0,average,fading,,1000,410.2,19.5,0.0,,0,0,0,0,11,60,12,1,1,1,0.1
narrow middle,sim,500,,,moderate,-14.0,average,fading,,1000,413.7,19.3,0.0,,0,0,0,0,12,63,15,1,1,1,0.1
narrow middle,sim,500,,,moderate,-14.0,average,fading,,1000,431.0,18.6,0.0,,0,0,0,0,12,66,18,1,2,1,0.1
narrow middle,sim,500,,,moderate,-14.0,average,fading,,1000,394.5,20.3,0.0,,0,0,0,0,11,60,12,0,1,1,0.1
narrow middle,sim,500,,,moderate,-14.0,average,fading,,1000,411.5,19.4,0.0,,0,0,0,0,11,57,9,2,0,1,0.1
narrow middle,sim,500,,,moderate,-14.0,average,fading,,1000,414.4,19.3,0.0,,0,0,0,0,11,64,16,0,1,1,0.1
narrow middle,sim,500,,,moderate,-14.0,average,fading,,1000,463.2,17.3,0.0,,0,0,0,0,12,72,24,0,3,1,0.1
narrow middle,sim,500,,,moderate,-14.0,average,fading,,1000,390.5,20.5,0.0,,0,0,0,0,10,60,12,4,1,1,0.1
narrow middle,sim,500,,,moderate,-14.0,average,fading,,1000,443.8,18.0,0.0,,0,0,0,0,10,60,12,0,1,1,0.1
narrow middle,sim,500,,,moderate,-14.0,average,fading,,1000,418.0,19.1,0.0,,0,0,0,0,11,63,15,1,2,1,0.1
narrow middle,sim,500,,,moderate,-14.0,average,fading,,1000,470.9,17.0,0.0,,0,0,0,0,13,66,18,1,3,1,0.1
narrow middle,sim,500,,,moderate,-14.0,average,fading,,1000,404.2,19.8,0.0,,0,0,0,0,11,62,14,1,1,1,0.1
narrow middle,sim,500,,,moderate,-14.0,average,fading,,1000,468.6,17.1,0.0,,0,0,0,0,13,68,20,0,3,1,0.1
narrow middle,sim,500,,,moderate,-14.0,average,fading,,1000,362.0,22.1,0.0,,0,0,0,0,10,55,7,1,0,1,0.1
narrow middle,sim,500,,,moderate,-14.0,average,fading,,1000,358.2,22.3,0.0,,0,0,0,0,10,54,6,1,0,1,0.1
narrow middle,sim,500,,,moderate,-14.0,average,fading,,1000,405.7,19.7,0.0,,0,0,0,0,10,57,9,1,0,1,0.1
narrow middle,sim,500,,,moderate,-14.0,average,fading,,1000,352.5,22.7,0.0,,0,0,0,0,9,54,6,2,0,1,0.1
narrow middle,sim,500,,,moderate,-14.0,average,fading,,1000,353.3,22.6,0.0,,0,0,0,0,10,53,5,1,0,1,0.1
narrow middle,sim,500,,,moderate,-14.0,average,fading,,1000,378.7,21.1,0.0,,0,0,0,0,10,58,10,1,0,1,0.1
narrow middle,sim,500,,,moderate,-14.0,average,fading,,1000,435.3,18.4,0.0,,0,0,0,0,11,64,16,5,1,1,0.1
narrow middle,sim,500,,,moderate,-12.0,average,fading,,1000,370.0,21.6,35.8,0.604,0,0,0,0,10,56,8,0,1,1,0.1
narrow middle,sim,500,,,moderate,-12.0,average,fading,,1000,317.7,25.2,35.8,0.703,0,1,0,2,8,48,3,1,0,1,0.1
narrow middle,sim,500,,,moderate,-12.0,average,fading,,1000,325.7,24.6,35.8,0.686,0,1,0,2,9,49,4,1,0,1,0.1
narrow middle,sim,500,,,moderate,-12.0,average,fading,,1000,310.9,25.7,35.8,0.718,0,2,0,3,8,44,5,3,0,1,0.1
narrow middle,sim,500,,,moderate,-12.0,average,fading,,1000,317.0,25.2,35.8,0.705,0,1,0,2,8,48,3,1,0,1,0.1
narrow middle,sim,500,,,moderate,-12.0,average,fading,,1000,316.7,25.3,35.8,0.705,0,1,0,2,8,48,3,1,0,1,0.1
narrow middle,sim,500,,,moderate,-12.0,average,fading,,1000,306.7,26.1,35.8,0.728,0,1,0,2,8,46,1,0,0,1,0.1
narrow middle,sim,500,,,moderate,-12.0,average,fading,,1000,341.8,23.4,35.8,0.653,0,1,0,2,9,52,7,1,1,1,0.1
narrow middle,sim,500,,,moderate,-12.0,average,fading,,1000,317.1,25.2,35.8,0.704,0,1,0,2,8,48,3,1,0,1,0.1
narrow middle,sim,500,,,moderate,-12.0,average,fading,,1000,327.7,24.4,35.8,0.682,0,1,0,2,9,49,4,2,0,1,0.1
narrow middle,sim,500,,,moderate,-12.0,average,fading,,1000,369.3,21.7,35.8,0.605,0,0,0,0,10,56,8,0,1,1,0.1
narrow middle,sim,500,,,moderate,-12.0,average,fading,,1000,330.6,24.2,35.8,0.675,0,0,0,0,9,50,2,0,0,1,0.1
narrow middle,sim,500,,,moderate,-12.0,average,fading,,1000,279.8,28.6,35.8,0.798,0,1,0,2,7,42,1,1,0,1,0.1
narrow middle,sim,500,,,moderate,-12.0,average,fading,,1000,337.1,23.7,35.8,0.663,0,0,0,0,9,51,3,0,0,1,0.1
narrow middle,sim,500,,,moderate,-12.0,average,fading,,1000,336.9,23.7,35.8,0.663,0,0,0,0,9,51,3,0,0,1,0.1
narrow middle,sim,500,,,moderate,-12.0,average,fading,,1000,330.2,24.2,35.8,0.676,0,0,0,0,9,50,2,0,0,1,0.1
narrow middle,sim,500,,,moderate,-12.0,average,fading,,1000,346.0,23.1,35.8,0.646,0,0,0,0,10,52,4,0,1,1,0.1
narrow middle,sim,500,,,moderate,-12.0,average,fading,,1000,337.2,23.7,35.8,0.662,0,0,0,0,9,51,3,0,0,1,0.1
narrow middle,sim,500,,,moderate,-12.0,average,fading,,1000,316.0,25.3,35.8,0.707,0,1,0,2,8,48,3,0,0,1,0.1
narrow middle,sim,500,,,moderate,-12.0,average,fading,,1000,320.4,25.0,35.8,0.697,0,1,0,2,9,48,3,0,0,1,0.1
narrow middle,sim,500,,,moderate,-12.0,average,fading,,1000,388.1,20.6,35.8,0.575,0,1,0,2,9,54,9,1,1,1,0.1
narrow middle,sim,500,,,moderate,-12.0,average,fading,,1000,325.3,24.6,35.8,0.687,0,1,0,2,9,49,4,0,0,1,0.1
narrow middle,sim,500,,,moderate,-12.0,average,fading,,1000,368.4,21.7,35.8,0.606,0,1,0,2,10,56,11,1,1,1,0.1
narrow middle,sim,500,,,moderate,-12.0,average,fading,,1000,300.0,26.7,35.8,0.744,0,1,0,2,8,45,4,0,0,1,0.1
narrow middle,sim,500,,,moderate,-12.0,average,fading,,1000,306.9,26.1,35.8,0.728,0,1,0,2,8,46,1,1,0,1,0.1
narrow middle,sim,500,,,moderate,-12.0,average,fading,,1000,349.0,22.9,35.8,0.64,0,1,0,2,8,48,3,0,0,1,0.1
narrow middle,sim,500,,,moderate,-12.0,average,fading,,1000,325.7,24.6,35.8,0.686,0,1,1,1,9,49,1,0,0,1,0.1
narrow middle,sim,500,,,moderate,-12.0,average,fading,,1000,333.0,24.0,35.8,0.671,0,0,0,0,9,50,2,0,0,1,0.1
narrow middle,sim,500,,,moderate,-12.0,average,fading,,1000,337.0,23.7,35.8,0.663,0,0,0,0,9,51,3,0,0,1,0.1
narrow middle,sim,500,,,moderate,-12.0,average,fading,,1000,347.8,23.0,35.8,0.642,0,1,0,2,9,53,8,1,0,1,0.2
narrow middle,sim,500,,,moderate,-10.0,average,fading,,1000,317.9,25.2,76.1,0.331,0,1,0,2,8,48,3,0,0,1,0.1
narrow middle,sim,500,,,moderate,-10.0,average,fading,,1000,270.6,29.6,76.1,0.388,0,2,0,3,7,40,2,0,0,1,0.2
narrow middle,sim,500,,,moderate,-10.0,average,fading,,1000,201.7,39.7,76.1,0.521,0,3,1,3,5,29,6,3,0,1,0.1
narrow middle,sim,500,,,moderate,-10.0,average,fading,,1000,186.6,42.9,76.1,0.563,1,3,2,2,5,26,6,5,0,1,0.0
narrow middle,sim,500,,,moderate,-10.0,average,fading,,1000,253.8,31.5,76.1,0.414,0,1,0,2,7,37,3,0,0,1,0.1
narrow middle,sim,500,,,moderate,-10.0,average,fading,,1000,289.9,27.6,76.1,0.362,0,1,0,4,8,43,2,0,0,1,0.1
narrow middle,sim,500,,,moderate,-10.0,average,fading,,1000,197.6,40.5,76.1,0.532,0,2,2,2,5,28,0,0,0,1,0.1
narrow middle,sim,500,,,moderate,-10.0,average,fading,,1000,242.6,33.0,76.1,0.433,0,2,0,3,6,36,2,0,0,1,0.1
narrow middle,sim,500,,,moderate,-10.0,average,fading,,1000,217.6,36.8,76.1,0.483,0,2,1,3,6,31,1,0,0,1,0.1
narrow middle,sim,500,,,moderate,-10.0,average,fading,,1000,271.0,29.5,76.1,0.388,0,1,1,3,7,40,1,1,0,1,0.1
narrow middle,sim,500,,,moderate,-10.0,average,fading,,1000,181.3,44.1,76.1,0.58,0,2,2,1,5,25,0,0,0,1,0.0
narrow middle,sim,500,,,moderate,-10.0,average,fading,,1000,309.2,25.9,76.1,0.34,0,1,0,2,9,46,2,0,0,1,0.1
narrow middle,sim,500,,,moderate,-10.0,average,fading,,1000,201.7,39.7,76.1,0.521,0,2,1,2,5,29,1,1,0,1,0.1
narrow middle,sim,500,,,moderate,-10.0,average,fading,,1000,191.6,41.8,76.1,0.549,0,2,1,2,5,27,2,0,0,1,0.1
narrow middle,sim,500,,,moderate,-10.0,average,fading,,1000,280.3,28.5,76.1,0.375,0,1,0,2,7,42,1,0,0,1,0.1
narrow middle,sim,500,,,moderate,-10.0,average,fading,,1000,293.8,27.2,76.1,0.358,0,1,1,3,8,44,3,0,0,1,0.1
narrow middle,sim,500,,,moderate,-10.0,average,fading,,1000,279.0,28.7,76.1,0.377,0,1,1,3,7,42,1,0,0,1,0.1
narrow middle,sim,500,,,moderate,-10.0,average,fading,,1000,284.8,28.1,76.1,0.369,0,1,0,4,8,42,3,1,0,1,0.1
narrow middle,sim,500,,,moderate,-10.0,average,fading,,1000,180.1,44.4,76.1,0.584,0,2,2,1,5,25,0,0,0,1,0.1
narrow middle,sim,500,,,moderate,-10.0,average,fading,,1000,269.1,29.7,76.1,0.391,0,2,0,3,7,40,2,0,0,1,0.1
narrow middle,sim,500,,,moderate,-10.0,average,fading,,1000,200.9,39.8,76.1,0.523,0,2,1,2,5,29,1,0,0,1,0.1
narrow middle,sim,500,,,moderate,-10.0,average,fading,,1000,257.9,31.0,76.1,0.407,0,2,0,4,7,38,3,0,0,1,0.1
narrow middle,sim,500,,,moderate,-10.0,average,fading,,1000,259.2,30.9,76.1,0.405,0,2,0,4,7,38,7,1,1,1,0.1
narrow middle,sim,500,,,moderate,-10.0,average,fading,,1000,221.9,36.0,76.1,0.474,0,2,1,3,6,32,2,0,0,1,0.1
narrow middle,sim,500,,,moderate,-10.0,average,fading,,1000,281.2,28.4,76.1,0.374,0,1,1,3,7,42,1,0,0,1,0.1
narrow middle,sim,500,,,moderate,-10.0,average,fading,,1000,221.9,36.1,76.1,0.474,0,2,2,2,6,32,0,0,0,1,0.1
narrow middle,sim,500,,,moderate,-10.0,average,fading,,1000,278.6,28.7,76.1,0.377,0,1,0,4,8,41,2,0,0,1,0.1
narrow middle,sim,500,,,moderate,-10.0,average,fading,,1000,209.0,38.3,76.1,0.503,0,2,1,3,5,30,2,0,0,1,0.1
narrow middle,sim,500,,,moderate,-10.0,average,fading,,1000,269.6,29.7,76.1,0.39,0,1,1,3,7,40,1,0,0,1,0.1
narrow middle,sim,500,,,moderate,-10.0,average,fading,,1000,300.7,26.6,76.1,0.35,0,1,0,2,8,45,4,0,0,1,0.1
narrow middle,sim,500,,,moderate,-8.0,average,fading,,1000,291.1,27.5,76.1,0.361,0,1,0,4,8,43,2,0,0,1,0.1
narrow middle,sim,500,,,moderate,-8.0,average,fading,,1000,172.2,46.5,76.1,0.61,1,3,2,2,4,24,4,3,0,1,0.1
narrow middle,sim,500,,,moderate,-8.0,average,fading,,1000,152.8,52.4,76.1,0.688,1,3,2,2,4,23,3,1,0,1,0.1
narrow middle,sim,500,,,moderate,-8.0,average,fading,,1000,155.6,51.4,76.1,0.675,1,3,2,2,4,21,1,1,0,1,0.1
narrow middle,sim,500,,,moderate,-8.0,average,fading,,1000,171.5,46.6,76.1,0.613,0,3,2,3,4,24,2,2,0,1,0.0
narrow middle,sim,500,,,moderate,-8.0,average,fading,,1000,180.8,44.2,76.1,0.581,0,3,2,3,5,25,3,0,0,1,0.0
narrow middle,sim,500,,,moderate,-8.0,average,fading,,1000,171.9,46.5,76.1,0.611,0,3,2,3,4,24,2,0,0,1,0.0
narrow middle,sim,500,,,moderate,-8.0,average,fading,,1000,169.8,47.1,76.1,0.619,1,3,2,2,4,24,4,3,0,1,0.1
narrow middle,sim,500,,,moderate,-8.0,average,fading,,1000,192.0,41.7,76.1,0.548,0,3,2,3,5,27,5,1,0,1,0.1
narrow middle,sim,500,,,moderate,-8.0,average,fading,,1000,187.6,42.7,76.1,0.56,0,3,2,3,5,26,4,1,0,1,0.1
narrow middle,sim,500,,,moderate,-8.0,average,fading,,1000,155.7,51.4,76.1,0.675,1,3,2,2,4,21,1,0,0,1,0.1
narrow middle,sim,500,,,moderate,-8.0,average,fading,,1000,170.2,47.0,76.1,0.617,0,3,2,3,4,24,2,0,0,1,0.0
narrow middle,sim,500,,,moderate,-8.0,average,fading,,1000,185.6,43.1,76.1,0.566,0,2,2,1,5,26,1,0,0,1,0.1
narrow middle,sim,500,,,moderate,-8.0,average,fading,,1000,165.9,48.2,76.1,0.633,1,3,2,2,4,23,3,2,0,1,0.0
narrow middle,sim,500,,,moderate,-8.0,average,fading,,1000,202.2,39.6,76.1,0.52,0,2,1,2,5,29,1,0,0,1,0.1
narrow middle,sim,500,,,moderate,-8.0,average,fading,,1000,169.8,47.1,76.1,0.619,0,3,2,3,4,24,2,1,0,1,0.0
narrow middle,sim,500,,,moderate,-8.0,average,fading,,1000,164.5,48.6,76.1,0.639,0,3,3,2,4,23,0,0,0,1,0.1
narrow middle,sim,500,,,moderate,-8.0,average,fading,,1000,202.5,39.5,76.1,0.519,0,2,1,2,5,29,1,0,0,1,0.1
narrow middle,sim,500,,,moderate,-8.0,average,fading,,1000,165.2,48.4,76.1,0.636,1,3,2,2,4,23,3,0,0,1,0.1
narrow middle,sim,500,,,moderate,-8.0,average,fading,,1000,165.3,48.4,76.1,0.636,1,3,2,2,4,23,3,2,0,1,0.1
narrow middle,sim,500,,,moderate,-8.0,average,fading,,1000,153.8,52.0,76.1,0.683,1,3,2,2,4,21,1,0,0,1,0.1
narrow middle,sim,500,,,moderate,-8.0,average,fading,,1000,190.6,42.0,76.1,0.552,0,3,2,3,5,27,5,2,0,1,0.1
narrow middle,sim,500,,,moderate,-8.0,average,fading,,1000,170.8,46.8,76.1,0.615,1,3,2,2,4,24,4,2,0,1,0.0
narrow middle,sim,500,,,moderate,-8.0,average,fading,,1000,200.5,39.9,76.1,0.524,0,3,2,4,6,28,2,1,0,1,0.1
narrow middle,sim,500,,,moderate,-8.0,average,fading,,1000,161.4,49.6,76.1,0.651,1,3,2,2,4,22,2,1,0,1,0.0
narrow middle,sim,500,,,moderate,-8.0,average,fading,,1000,190.8,41.9,76.1,0.551,0,3,2,4,5,27,3,0,0,1,0.0
narrow middle,sim,500,,,moderate,-8.0,average,fading,,1000,180.2,44.4,76.1,0.583,1,3,1,2,5,25,1,0,0,1,0.1
narrow middle,sim,500,,,moderate,-8.0,average,fading,,1000,182.2,43.9,76.1,0.577,0,3,1,4,5,25,3,1,0,1,0.0
narrow middle,sim,500,,,moderate,-8.0,average,fading,,1000,165.9,48.2,76.1,0.634,1,3,2,2,4,23,3,1,0,1,0.1
narrow middle,sim,500,,,moderate,-8.0,average,fading,,1000,180.9,44.2,76.1,0.581,0,3,2,3,5,25,3,0,0,1,0.1
narrow middle,sim,500,,,moderate,-6.0,average,fading,,1000,171.3,46.7,76.1,0.614,0,3,2,3,5,23,2,0,0,1,0.1
narrow middle,sim,500,,,moderate,-6.0,average,fading,,1000,161.5,49.5,76.1,0.651,1,3,2,2,4,22,2,1,0,1,0.1
narrow middle,sim,500,,,moderate,-6.0,average,fading,,1000,142.0,56.3,76.1,0.74,1,3,3,3,4,21,2,0,0,1,0.0
narrow middle,sim,500,,,moderate,-6.0,average,fading,,1000,181.2,44.1,76.1,0.58,0,3,2,3,5,25,3,0,0,1,0.0
narrow middle,sim,500,,,moderate,-6.0,average,fading,,1000,295.9,27.0,76.1,0.355,0,4,1,4,12,62,25,2,4,1,0.1
narrow middle,sim,500,,,moderate,-6.0,average,fading,,1000,160.5,49.8,76.1,0.655,0,3,2,2,4,22,3,1,0,1,0.1
narrow middle,sim,500,,,moderate,-6.0,average,fading,,1000,135.6,59.0,76.1,0.775,1,3,3,1,3,18,0,0,0,1,0.1
narrow middle,sim,500,,,moderate,-6.0,average,fading,,1000,174.1,46.0,76.1,0.604,0,3,2,4,5,24,4,0,0,1,0.0
narrow middle,sim,500,,,moderate,-6.0,average,fading,,1000,121.4,65.9,76.1,0.865,1,3,3,1,3,18,0,0,0,1,0.0
narrow middle,sim,500,,,moderate,-6.0,average,fading,,1000,161.9,49.4,76.1,0.649,1,3,2,2,4,22,2,2,0,1,0.1
narrow middle,sim,500,,,moderate,-6.0,average,fading,,1000,135.4,59.1,76.1,0.776,1,3,3,1,3,18,0,0,0,1,0.1
narrow middle,sim,500,,,moderate,-6.0,average,fading,,1000,190.5,42.0,76.1,0.552,0,2,2,2,5,27,1,0,0,1,0.1
narrow middle,sim,500,,,moderate,-6.0,average,fading,,1000,180.5,44.3,76.1,0.582,0,4,2,5,8,43,14,1,3,1,0.1
narrow middle,sim,500,,,moderate,-6.0,average,fading,,1000,171.3,46.7,76.1,0.614,0,3,2,3,4,24,2,0,0,1,0.0
narrow middle,sim,500,,,moderate,-6.0,average,fading,,1000,149.7,53.4,76.1,0.702,1,3,2,2,4,20,2,0,0,1,0.1
narrow middle,sim,500,,,moderate,-6.0,average,fading,,1000,156.8,51.0,76.1,0.67,1,3,2,4,5,23,4,1,0,1,0.1
narrow middle,sim,500,,,moderate,-6.0,average,fading,,1000,153.8,52.0,76.1,0.683,1,3,2,2,4,21,1,0,0,1,0.1
narrow middle,sim,500,,,moderate,-6.0,average,fading,,1000,155.4,51.5,76.1,0.676,1,3,2,2,4,21,1,1,0,1,0.1
narrow middle,sim,500,,,moderate,-6.0,average,fading,,1000,154.5,51.8,76.1,0.68,1,3,2,2,4,21,1,0,0,1,0.0
narrow middle,sim,500,,,moderate,-6.0,average,fading,,1000,160.0,50.0,76.1,0.657,1,3,2,2,4,22,2,0,0,1,0.0
narrow middle,sim,500,,,moderate,-6.0,average,fading,,1000,179.4,44.6,76.1,0.586,0,3,2,3,5,25,3,1,0,1,0.1
narrow middle,sim,500,,,moderate,-6.0,average,fading,,1000,213.7,37.4,76.1,0.492,0,4,2,4,9,46,12,3,3,1,0.1
narrow middle,sim,500,,,moderate,-6.0,average,fading,,1000,180.4,44.4,76.1,0.583,0,3,2,2,5,25,3,0,0,1,0.1
narrow middle,sim,500,,,moderate,-6.0,average,fading,,1000,154.5,51.8,76.1,0.68,0,3,3,2,4,21,0,0,0,1,0.1
narrow middle,sim,500,,,moderate,-6.0,average,fading,,1000,156.0,51.3,76.1,0.674,1,3,2,2,4,21,1,1,0,1,0.1
narrow middle,sim,500,,,moderate,-6.0,average,fading,,1000,164.0,48.8,76.1,0.641,0,3,2,3,5,22,1,0,0,1,0.1
narrow middle,sim,500,,,moderate,-6.0,average,fading,,1000,154.6,51.8,76.1,0.68,1,3,2,2,4,21,1,0,0,1,0.0
narrow middle,sim,500,,,moderate,-6.0,average,fading,,1000,136.2,58.7,76.1,0.772,1,3,3,1,3,18,0,0,0,1,0.1
narrow middle,sim,500,,,moderate,-6.0,average,fading,,1000,171.2,46.7,76.1,0.614,0,3,2,2,4,24,2,0,0,1,0.1
narrow middle,sim,500,,,moderate,-6.0,average,fading,,1000,186.2,43.0,76.1,0.564,1,3,1,3,5,26,4,1,0,1,0.1
narrow middle,sim,500,,,moderate,-4.0,average,fading,,1000,121.5,65.8,111.9,0.588,1,3,3,1,3,18,0,0,0,1,0.0
narrow middle,sim,500,,,moderate,-4.0,average,fading,,1000,135.8,58.9,111.9,0.526,1,3,3,1,3,18,0,0,0,1,0.0
narrow middle,sim,500,,,moderate,-4.0,average,fading,,1000,147.4,54.3,111.9,0.485,0,3,3,3,4,22,2,0,0,1,0.1
narrow middle,sim,500,,,moderate,-4.0,average,fading,,1000,155.6,51.4,111.9,0.459,0,3,3,2,4,21,1,0,0,1,0.0
narrow middle,sim,500,,,moderate,-4.0,average,fading,,1000,233.1,34.3,111.9,0.307,0,5,2,6,10,52,19,2,3,1,0.1
narrow middle,sim,500,,,moderate,-4.0,average,fading,,1000,141.6,56.5,111.9,0.505,0,3,2,2,4,21,2,0,0,1,0.1
narrow middle,sim,500,,,moderate,-4.0,average,fading,,1000,135.6,59.0,111.9,0.527,1,3,3,1,3,18,0,0,0,1,0.0
narrow middle,sim,500,,,moderate,-4.0,average,fading,,1000,148.4,53.9,111.9,0.482,0,3,3,1,4,20,1,0,0,1,0.0
narrow middle,sim,500,,,moderate,-4.0,average,fading,,1000,121.4,65.9,111.9,0.589,1,3,3,1,3,18,0,0,0,1,0.1
narrow middle,sim,500,,,moderate,-4.0,average,fading,,1000,151.2,52.9,111.9,0.473,1,3,3,3,4,20,1,0,0,1,0.1
narrow middle,sim,500,,,moderate,-4.0,average,fading,,1000,117.6,68.0,111.9,0.607,1,3,3,1,3,18,0,0,0,1,0.0
narrow middle,sim,500,,,moderate,-4.0,average,fading,,1000,154.2,51.9,111.9,0.464,0,3,2,2,4,21,2,0,0,1,0.1
narrow middle,sim,500,,,moderate,-4.0,average,fading,,1000,134.2,59.6,111.9,0.533,1,4,2,5,6,30,7,1,1,1,0.1
narrow middle,sim,500,,,moderate,-4.0,average,fading,,1000,113.1,70.7,111.9,0.632,2,4,2,2,5,24,4,1,0,1,0.0
narrow middle,sim,500,,,moderate,-4.0,average,fading,,1000,144.4,55.4,111.9,0.495,1,3,2,2,4,19,1,0,0,1,0.1
narrow middle,sim,500,,,moderate,-4.0,average,fading,,1000,204.6,39.1,111.9,0.349,0,4,2,4,9,50,19,0,3,1,0.1
narrow middle,sim,500,,,moderate,-4.0,average,fading,,1000,133.5,59.9,111.9,0.535,1,3,3,1,3,18,0,0,0,1,0.1
narrow middle,sim,500,,,moderate,-4.0,average,fading,,1000,155.4,51.5,111.9,0.46,0,3,3,2,4,21,1,0,0,1,0.1
narrow middle,sim,500,,,moderate,-4.0,average,fading,,1000,149.1,53.7,111.9,0.479,0,3,3,1,4,20,1,0,0,1,0.0
narrow middle,sim,500,,,moderate,-4.0,average,fading,,1000,149.2,53.6,111.9,0.479,1,3,3,3,4,20,1,0,0,1,0.0
narrow middle,sim,500,,,moderate,-4.0,average,fading,,1000,117.6,68.0,111.9,0.607,1,3,3,1,3,18,0,0,0,1,0.0
narrow middle,sim,500,,,moderate,-4.0,average,fading,,1000,111.3,71.9,111.9,0.642,0,4,3,3,7,27,8,0,2,1,0.1
narrow middle,sim,500,,,moderate,-4.0,average,fading,,1000,154.7,51.7,111.9,0.462,0,3,2,2,4,21,2,0,0,1,0.0
narrow middle,sim,500,,,moderate,-4.0,average,fading,,1000,117.6,68.0,111.9,0.607,1,3,3,1,3,18,0,0,0,1,0.1
narrow middle,sim,500,,,moderate,-4.0,average,fading,,1000,122.4,65.3,111.9,0.584,1,3,3,1,3,18,0,0,0,1,0.1
narrow middle,sim,500,,,moderate,-4.0,average,fading,,1000,134.2,59.6,111.9,0.533,1,3,3,1,3,18,0,0,0,1,0.0
narrow middle,sim,500,,,moderate,-4.0,average,fading,,1000,170.6,46.9,111.9,0.419,0,3,2,3,4,24,2,0,0,1,0.1
narrow middle,sim,500,,,moderate,-4.0,average,fading,,1000,136.2,58.7,111.9,0.525,1,3,3,1,3,18,0,0,0,1,0.1
narrow middle,sim,500,,,moderate,-4.0,average,fading,,1000,155.2,51.6,111.9,0.461,0,3,2,2,4,21,2,0,0,1,0.1
narrow middle,sim,500,,,moderate,-4.0,average,fading,,1000,142.1,56.3,111.9,0.503,1,3,2,4,5,21,2,0,0,1,0.1
narrow middle,sim,500,,,moderate,-2.0,average,fading,,1000,113.3,70.6,111.9,0.631,0,4,3,4,7,26,7,1,1,1,0.0
narrow middle,sim,500,,,moderate,-2.0,average,fading,,1000,134.1,59.6,111.9,0.533,1,4,3,4,6,25,4,1,1,1,0.1
narrow middle,sim,500,,,moderate,-2.0,average,fading,,1000,117.6,68.0,111.9,0.607,1,3,3,1,3,18,0,0,0,1,0.1
narrow middle,sim,500,,,moderate,-2.0,average,fading,,1000,136.8,58.5,111.9,0.523,0,5,3,3,6,27,4,3,0,1,0.0
narrow middle,sim,500,,,moderate,-2.0,average,fading,,1000,138.7,57.7,111.9,0.515,0,5,3,5,7,40,18,4,3,1,0.1
narrow middle,sim,500,,,moderate,-2.0,average,fading,,1000,152.0,52.6,111.9,0.47,0,4,2,3,7,29,5,0,0,1,0.0
narrow middle,sim,500,,,moderate,-2.0,average,fading,,1000,135.6,59.0,111.9,0.527,1,3,3,1,3,18,0,0,0,1,0.1
narrow middle,sim,500,,,moderate,-2.0,average,fading,,1000,121.2,66.0,111.9,0.59,1,4,3,4,6,27,6,0,1,1,0.1
narrow middle,sim,500,,,moderate,-2.0,average,fading,,1000,110.1,72.6,111.9,0.649,2,4,3,2,5,25,6,1,1,1,0.0
narrow middle,sim,500,,,moderate,-2.0,average,fading,,1000,136.3,58.7,111.9,0.525,1,3,3,1,3,18,0,0,0,1,0.1
narrow middle,sim,500,,,moderate,-2.0,average,fading,,1000,136.7,58.5,111.9,0.523,0,4,3,4,7,30,8,0,3,1,0.1
narrow middle,sim,500,,,moderate,-2.0,average,fading,,1000,148.8,53.8,111.9,0.48,0,3,3,1,4,20,1,0,0,1,0.1
narrow middle,sim,500,,,moderate,-2.0,average,fading,,1000,106.1,75.4,111.9,0.674,2,5,3,3,6,35,9,1,1,1,0.0
narrow middle,sim,500,,,moderate,-2.0,average,fading,,1000,113.1,70.7,111.9,0.632,2,4,2,2,5,24,4,0,0,1,0.0
narrow middle,sim,500,,,moderate,-2.0,average,fading,,1000,131.3,60.9,111.9,0.544,1,3,2,2,4,19,1,0,0,1,0.1
narrow middle,sim,500,,,moderate,-2.0,average,fading,,1000,136.5,58.6,111.9,0.524,0,3,3,1,4,20,1,0,0,1,0.0
narrow middle,sim,500,,,moderate,-2.0,average,fading,,1000,136.8,58.5,111.9,0.523,0,3,3,1,4,20,1,0,0,1,0.0
narrow middle,sim,500,,,moderate,-2.0,average,fading,,1000,111.0,72.1,111.9,0.644,2,4,2,2,5,22,2,0,0,1,0.1
narrow middle,sim,500,,,moderate,-2.0,average,fading,,1000,135.6,59.0,111.9,0.527,0,3,3,1,4,20,1,0,0,1,0.0
narrow middle,sim,500,,,moderate,-2.0,average,fading,,1000,123.0,65.0,111.9,0.581,2,4,3,2,5,25,6,1,1,1,0.0
narrow middle,sim,500,,,moderate,-2.0,average,fading,,1000,122.7,65.2,111.9,0.583,2,4,3,5,6,28,7,3,0,1,0.0
narrow middle,sim,500,,,moderate,-2.0,average,fading,,1000,111.3,71.9,111.9,0.642,1,5,3,3,7,27,8,0,2,1,0.1
narrow middle,sim,500,,,moderate,-2.0,average,fading,,1000,187.9,42.6,111.9,0.38,0,4,3,5,8,40,13,1,2,1,0.1
narrow middle,sim,500,,,moderate,-2.0,average,fading,,1000,106.3,75.2,111.9,0.672,2,4,3,2,5,25,6,0,1,1,0.0
narrow middle,sim,500,,,moderate,-2.0,average,fading,,1000,122.4,65.3,111.9,0.584,1,3,3,1,3,18,0,0,0,1,0.1
narrow middle,sim,500,,,moderate,-2.0,average,fading,,1000,122.3,65.4,111.9,0.584,1,3,3,1,3,18,0,0,0,1,0.1
narrow middle,sim,500,,,moderate,-2.0,average,fading,,1000,149.2,53.6,111.9,0.479,0,3,3,1,4,20,1,0,0,1,0.0
narrow middle,sim,500,,,moderate,-2.0,average,fading,,1000,136.2,58.7,111.9,0.525,1,3,3,1,3,18,0,0,0,1,0.0
narrow middle,sim,500,,,moderate,-2.0,average,fading,,1000,149.8,53.4,111.9,0.477,0,3,3,1,4,20,1,0,0,1,0.1
narrow middle,sim,500,,,moderate,-2.0,average,fading,,1000,117.6,68.0,111.9,0.607,1,3,3,1,3,18,0,0,0,1,0.0
narrow middle,sim,500,,,moderate,0.0,average,fading,,1000,117.6,68.0,111.9,0.607,1,3,3,1,3,18,0,0,0,1,0.1
narrow middle,sim,500,,,moderate,0.0,average,fading,,1000,118.2,67.7,111.9,0.605,3,5,3,3,6,30,3,0,0,1,0.1
narrow middle,sim,500,,,moderate,0.0,average,fading,,1000,100.3,79.8,111.9,0.713,3,4,3,1,5,20,1,0,0,1,0.0
narrow middle,sim,500,,,moderate,0.0,average,fading,,1000,131.3,60.9,111.9,0.544,0,6,3,3,7,29,5,3,0,1,0.1
narrow middle,sim,500,,,moderate,0.0,average,fading,,1000,128.0,62.5,111.9,0.559,0,6,3,5,7,38,18,4,3,1,0.1
narrow middle,sim,500,,,moderate,0.0,average,fading,,1000,134.2,59.6,111.9,0.533,0,6,3,5,9,44,11,0,1,1,0.1
narrow middle,sim,500,,,moderate,0.0,average,fading,,1000,151.5,52.8,111.9,0.472,0,4,3,4,7,27,4,0,3,1,0.1
narrow middle,sim,500,,,moderate,0.0,average,fading,,1000,116.8,68.5,111.9,0.612,2,4,3,2,6,31,9,0,1,1,0.0
narrow middle,sim,500,,,moderate,0.0,average,fading,,1000,105.5,75.8,111.9,0.677,2,4,3,4,6,32,8,0,1,1,0.0
narrow middle,sim,500,,,moderate,0.0,average,fading,,1000,122.8,65.2,111.9,0.582,1,4,3,3,5,25,2,1,0,1,0.1
narrow middle,sim,500,,,moderate,0.0,average,fading,,1000,103.4,77.4,111.9,0.691,2,4,3,3,6,22,3,1,0,1,0.1
narrow middle,sim,500,,,moderate,0.0,average,fading,,1000,157.5,50.8,111.9,0.454,0,5,3,5,8,40,8,0,1,1,0.1
narrow middle,sim,500,,,moderate,0.0,average,fading,,1000,116.2,68.8,111.9,0.615,2,6,3,5,8,46,15,0,2,1,0.0
narrow middle,sim,500,,,moderate,0.0,average,fading,,1000,100.8,79.4,111.9,0.709,3,5,3,4,8,41,7,0,0,1,0.1
narrow middle,sim,500,,,moderate,0.0,average,fading,,1000,127.2,62.9,111.9,0.562,1,3,2,2,4,19,1,0,0,1,0.1
narrow middle,sim,500,,,moderate,0.0,average,fading,,1000,124.6,64.2,111.9,0.574,1,4,3,5,6,25,2,0,1,1,0.1
narrow middle,sim,500,,,moderate,0.0,average,fading,,1000,141.9,56.4,111.9,0.504,0,4,3,2,6,27,3,0,0,1,0.0
narrow middle,sim,500,,,moderate,0.0,average,fading,,1000,111.0,72.1,111.9,0.644,2,4,2,2,5,22,2,0,0,1,0.1
narrow middle,sim,500,,,moderate,0.0,average,fading,,1000,116.4,68.8,111.9,0.614,1,5,3,3,5,23,1,0,0,1,0.1
narrow middle,sim,500,,,moderate,0.0,average,fading,,1000,118.0,67.8,111.9,0.606,3,4,3,1,5,21,2,1,0,1,0.0
narrow middle,sim,500,,,moderate,0.0,average,fading,,1000,107.6,74.3,111.9,0.664,2,4,3,3,6,26,7,0,0,1,0.0
narrow middle,sim,500,,,moderate,0.0,average,fading,,1000,121.8,65.7,111.9,0.587,0,6,3,5,7,37,10,0,2,1,0.1
narrow middle,sim,500,,,moderate,0.0,average,fading,,1000,103.1,77.6,111.9,0.693,1,4,3,3,6,21,2,0,1,1,0.1
narrow middle,sim,500,,,moderate,0.0,average,fading,,1000,105.2,76.0,111.9,0.679,0,4,3,4,7,22,3,0,1,1,0.0
narrow middle,sim,500,,,moderate,0.0,average,fading,,1000,129.8,61.7,111.9,0.551,1,5,3,5,6,34,11,1,1,1,0.1
narrow middle,sim,500,,,moderate,0.0,average,fading,,1000,141.3,56.6,111.9,0.506,0,4,3,3,6,26,2,0,0,1,0.1
narrow middle,sim,500,,,moderate,0.0,average,fading,,1000,149.2,53.6,111.9,0.479,0,3,3,1,4,20,1,0,0,1,0.1
narrow middle,sim,500,,,moderate,0.0,average,fading,,1000,126.2,63.4,111.9,0.566,1,4,3,3,5,24,1,0,0,1,0.0
narrow middle,sim,500,,,moderate,0.0,average,fading,,1000,130.5,61.3,111.9,0.548,0,6,3,4,8,34,6,3,0,1,0.1
narrow middle,sim,500,,,moderate,0.0,average,fading,,1000,117.1,68.3,111.9,0.611,2,4,3,2,5,27,6,0,1,1,0.1
narrow middle,sim,500,,,moderate,2.0,average,fading,,1000,121.2,66.0,113.9,0.58,1,5,3,6,7,29,3,0,1,1,0.1
narrow middle,sim,500,,,moderate,2.0,average,fading,,1000,127.5,62.7,113.9,0.551,1,5,3,6,8,30,3,0,1,1,0.1
narrow middle,sim,500,,,moderate,2.0,average,fading,,1000,83.8,95.5,113.9,0.839,3,6,3,3,7,37,2,0,0,1,0.0
narrow middle,sim,500,,,moderate,2.0,average,fading,,1000,70.7,113.1,113.9,0.993,0,7,4,6,9,54,14,1,2,1,0.1
narrow middle,sim,500,,,moderate,2.0,average,fading,,1000,100.3,79.7,113.9,0.7,1,7,3,5,8,35,11,1,2,1,0.1
narrow middle,sim,500,,,moderate,2.0,average,fading,,1000,123.4,64.8,113.9,0.569,0,7,3,5,9,42,11,0,1,1,0.1
narrow middle,sim,500,,,moderate,2.0,average,fading,,1000,110.6,72.4,113.9,0.636,2,4,3,4,6,31,7,0,1,1,0.0
narrow middle,sim,500,,,moderate,2.0,average,fading,,1000,109.2,73.2,113.9,0.643,2,4,3,4,7,37,8,0,1,1,0.0
narrow middle,sim,500,,,moderate,2.0,average,fading,,1000,103.4,77.4,113.9,0.679,2,4,3,3,6,22,3,0,0,1,0.1
narrow middle,sim,500,,,moderate,2.0,average,fading,,1000,104.1,76.8,113.9,0.675,3,5,3,2,5,30,6,0,1,1,0.1
narrow middle,sim,500,,,moderate,2.0,average,fading,,1000,107.6,74.4,113.9,0.653,0,5,3,5,9,45,14,0,2,1,0.1
narrow middle,sim,500,,,moderate,2.0,average,fading,,1000,138.0,58.0,113.9,0.509,0,7,3,6,10,47,12,1,1,1,0.1
narrow middle,sim,500,,,moderate,2.0,average,fading,,1000,105.5,75.8,113.9,0.666,2,7,3,6,8,44,15,0,2,1,0.0
narrow middle,sim,500,,,moderate,2.0,average,fading,,1000,80.5,99.4,113.9,0.873,3,6,3,4,7,38,6,0,0,1,0.0
narrow middle,sim,500,,,moderate,2.0,average,fading,,1000,114.5,69.9,113.9,0.614,0,4,3,3,6,31,12,0,2,1,0.1
narrow middle,sim,500,,,moderate,2.0,average,fading,,1000,101.3,78.9,113.9,0.693,3,4,3,1,5,21,2,1,0,1,0.1
narrow middle,sim,500,,,moderate,2.0,average,fading,,1000,130.9,61.1,113.9,0.537,0,6,3,3,8,35,6,0,0,1,0.0
narrow middle,sim,500,,,moderate,2.0,average,fading,,1000,106.8,74.9,113.9,0.658,2,5,3,6,9,45,9,0,1,1,0.1
narrow middle,sim,500,,,moderate,2.0,average,fading,,1000,101.2,79.1,113.9,0.694,3,4,3,3,6,27,3,0,0,1,0.1
narrow middle,sim,500,,,moderate,2.0,average,fading,,1000,108.0,74.1,113.9,0.651,3,5,3,3,7,33,3,1,0,1,0.1
narrow middle,sim,500,,,moderate,2.0,average,fading,,1000,99.1,80.7,113.9,0.709,3,5,3,2,5,26,4,0,0,1,0.0
narrow middle,sim,500,,,moderate,2.0,average,fading,,1000,97.9,81.8,113.9,0.718,3,7,3,5,11,58,10,0,1,1,0.0
narrow middle,sim,500,,,moderate,2.0,average,fading,,1000,99.1,80.7,113.9,0.709,3,5,3,2,5,26,3,0,0,1,0.1
narrow middle,sim,500,,,moderate,2.0,average,fading,,1000,98.1,81.6,113.9,0.717,3,5,3,2,5,25,2,0,0,1,0.1
narrow middle,sim,500,,,moderate,2.0,average,fading,,1000,103.2,77.5,113.9,0.681,0,4,0,7,9,29,5,0,3,1,0.0
narrow middle,sim,500,,,moderate,2.0,average,fading,,1000,132.6,60.4,113.9,0.53,0,6,3,4,7,29,4,1,0,1,0.1
narrow middle,sim,500,,,moderate,2.0,average,fading,,1000,96.2,83.2,113.9,0.731,1,7,3,7,9,39,6,1,1,1,0.1
narrow middle,sim,500,,,moderate,2.0,average,fading,,1000,124.9,64.1,113.9,0.563,0,5,3,5,7,42,18,0,3,1,0.1
narrow middle,sim,500,,,moderate,2.0,average,fading,,1000,105.5,75.8,113.9,0.666,0,6,3,6,8,44,14,0,2,1,0.1
narrow middle,sim,500,,,moderate,2.0,average,fading,,1000,94.6,84.6,113.9,0.743,3,4,3,3,6,26,2,0,0,1,0.0
narrow middle,sim,500,,,moderate,6.0,average,fading,,1000,56.6,141.5,258.1,0.548,4,7,5,4,8,43,5,0,0,1,0.1
narrow middle,sim,500,,,moderate,6.0,average,fading,,1000,39.7,201.3,258.1,0.78,5,9,7,3,6,29,2,0,0,1,0.1
narrow middle,sim,500,,,moderate,6.0,average,fading,,1000,44.6,179.5,258.1,0.696,5,9,5,4,6,32,4,0,0,1,0.0
narrow middle,sim,500,,,moderate,6.0,average,fading,,1000,29.3,273.5,258.1,1.06,7,10,9,2,4,21,1,1,0,1,0.0
narrow middle,sim,500,,,moderate,6.0,average,fading,,1000,77.3,103.5,258.1,0.401,4,9,5,4,10,60,10,1,1,1,0.0
narrow middle,sim,500,,,moderate,6.0,average,fading,,1000,47.1,169.8,258.1,0.658,5,9,5,4,6,36,4,0,0,1,0.0
narrow middle,sim,500,,,moderate,6.0,average,fading,,1000,61.8,129.4,258.1,0.501,4,6,5,4,8,48,4,0,0,1,0.1
narrow middle,sim,500,,,moderate,6.0,average,fading,,1000,37.7,212.4,258.1,0.823,5,9,7,3,5,28,2,1,0,1,0.0
narrow middle,sim,500,,,moderate,6.0,average,fading,,1000,45.0,177.7,258.1,0.689,5,9,6,3,6,34,4,1,0,1,0.1
narrow middle,sim,500,,,moderate,6.0,average,fading,,1000,57.2,139.8,258.1,0.542,5,7,6,5,8,39,7,0,1,1,0.1
narrow middle,sim,500,,,moderate,6.0,average,fading,,1000,31.4,255.1,258.1,0.989,7,10,9,2,4,23,3,2,0,1,0.0
narrow middle,sim,500,,,moderate,6.0,average,fading,,1000,85.9,93.1,258.1,0.361,0,9,6,4,7,34,4,1,0,1,0.1
narrow middle,sim,500,,,moderate,6.0,average,fading,,1000,34.5,231.9,258.1,0.899,7,9,7,3,5,25,3,0,0,1,0.0
narrow middle,sim,500,,,moderate,6.0,average,fading,,1000,38.7,206.8,258.1,0.801,5,9,5,4,6,28,4,0,0,1,0.1
narrow middle,sim,500,,,moderate,6.0,average,fading,,1000,52.4,152.8,258.1,0.592,5,7,5,3,7,40,4,2,0,1,0.0
narrow middle,sim,500,,,moderate,6.0,average,fading,,1000,50.3,159.2,258.1,0.617,5,7,5,3,7,38,4,0,0,1,0.1
narrow middle,sim,500,,,moderate,6.0,average,fading,,1000,47.0,170.1,258.1,0.659,5,9,5,4,6,32,4,0,0,1,0.1
narrow middle,sim,500,,,moderate,6.0,average,fading,,1000,45.8,174.7,258.1,0.677,5,9,7,4,6,34,7,0,1,1,0.0
narrow middle,sim,500,,,moderate,6.0,average,fading,,1000,47.1,169.8,258.1,0.658,5,9,6,4,6,36,7,1,0,1,0.1
narrow middle,sim,500,,,moderate,6.0,average,fading,,1000,50.3,159.2,258.1,0.617,4,7,6,3,7,38,1,0,0,1,0.1
narrow middle,sim,500,,,moderate,6.0,average,fading,,1000,55.2,144.9,258.1,0.561,4,9,4,6,8,41,13,3,1,1,0.0
narrow middle,sim,500,,,moderate,6.0,average,fading,,1000,32.4,247.0,258.1,0.957,9,11,9,3,5,23,7,4,0,1,0.1
narrow middle,sim,500,,,moderate,6.0,average,fading,,1000,76.2,105.0,258.1,0.407,3,7,3,5,11,58,5,0,1,1,0.1
narrow middle,sim,500,,,moderate,6.0,average,fading,,1000,69.7,114.8,258.1,0.445,3,7,3,3,8,39,3,0,0,1,0.0
narrow middle,sim,500,,,moderate,6.0,average,fading,,1000,50.3,159.2,258.1,0.617,5,7,5,3,7,38,3,0,0,1,0.1
narrow middle,sim,500,,,moderate,6.0,average,fading,,1000,53.4,149.8,258.1,0.58,5,7,5,5,7,41,6,0,0,1,0.1
narrow middle,sim,500,,,moderate,6.0,average,fading,,1000,39.8,201.2,258.1,0.78,6,9,6,3,5,30,2,0,0,1,0.0
narrow middle,sim,500,,,moderate,6.0,average,fading,,1000,60.8,131.6,258.1,0.51,5,7,5,6,8,42,9,0,1,1,0.1
narrow middle,sim,500,,,moderate,6.0,average,fading,,1000,65.1,122.9,258.1,0.476,3,9,3,6,8,38,9,0,1,1,0.1
narrow middle,sim,500,,,moderate,6.0,average,fading,,1000,42.9,186.5,258.1,0.723,6,9,6,3,6,32,4,0,0,1,0.0
narrow middle,sim,500,,,poor,-18.0,average,fading,,1000,79.7,0.0,0.0,,,,,0,0,0,0,0,0,0,0.0
narrow middle,sim,500,,,poor,-18.0,average,fading,,1000,125.6,0.0,0.0,,,,,0,0,0,0,0,0,0,0.0
narrow middle,sim,500,,,poor,-18.0,average,fading,,1000,108.3,0.0,0.0,,,,,0,0,0,0,0,0,0,0.0
narrow middle,sim,500,,,poor,-18.0,average,fading,,1000,109.6,0.0,0.0,,,,,0,0,0,0,0,0,0,0.0
narrow middle,sim,500,,,poor,-18.0,average,fading,,1000,183.3,0.0,0.0,,,,,0,0,0,0,0,0,0,0.0
narrow middle,sim,500,,,poor,-18.0,average,fading,,1000,220.6,0.0,0.0,,,,,0,0,0,0,0,0,0,0.0
narrow middle,sim,500,,,poor,-18.0,average,fading,,1000,79.4,0.0,0.0,,,,,0,0,0,0,0,0,0,0.0
narrow middle,sim,500,,,poor,-18.0,average,fading,,1000,64.4,0.0,0.0,,,,,0,0,0,0,0,0,0,0.0
narrow middle,sim,500,,,poor,-18.0,average,fading,,1000,190.3,0.0,0.0,,,,,0,0,0,0,0,0,0,0.0
narrow middle,sim,500,,,poor,-18.0,average,fading,,1000,105.2,0.0,0.0,,,,,0,0,0,0,0,0,0,0.0
narrow middle,sim,500,,,poor,-18.0,average,fading,,1000,91.4,0.0,0.0,,,,,0,0,0,0,0,0,0,0.0
narrow middle,sim,500,,,poor,-18.0,average,fading,,1000,120.7,0.0,0.0,,,,,0,0,0,0,0,0,0,0.0
narrow middle,sim,500,,,poor,-18.0,average,fading,,1000,134.0,0.0,0.0,,,,,0,0,0,0,0,0,0,0.0
narrow middle,sim,500,,,poor,-18.0,average,fading,,1000,195.4,0.0,0.0,,,,,0,0,0,0,0,0,0,0.0
narrow middle,sim,500,,,poor,-18.0,average,fading,,1000,100.2,0.0,0.0,,,,,0,0,0,0,0,0,0,0.0
narrow middle,sim,500,,,poor,-18.0,average,fading,,1000,134.9,0.0,0.0,,,,,0,0,0,0,0,0,0,0.0
narrow middle,sim,500,,,poor,-18.0,average,fading,,1000,210.8,0.0,0.0,,,,,0,0,0,0,0,0,0,0.0
narrow middle,sim,500,,,poor,-18.0,average,fading,,1000,158.4,0.0,0.0,,,,,0,0,0,0,0,0,0,0.0
narrow middle,sim,500,,,poor,-18.0,average,fading,,1000,122.0,0.0,0.0,,,,,0,0,0,0,0,0,0,0.0
narrow middle,sim,500,,,poor,-18.0,average,fading,,1000,85.7,0.0,0.0,,,,,0,0,0,0,0,0,0,0.0
narrow middle,sim,500,,,poor,-18.0,average,fading,,1000,238.4,0.0,0.0,,,,,0,0,0,0,0,0,0,0.0
narrow middle,sim,500,,,poor,-18.0,average,fading,,1000,658.0,6.9,0.0,,0,0,0,0,13,78,51,21,8,0,0.2
narrow middle,sim,500,,,poor,-18.0,average,fading,,1000,119.9,0.0,0.0,,,,,0,0,0,0,0,0,0,0.0
narrow middle,sim,500,,,poor,-18.0,average,fading,,1000,233.8,0.0,0.0,,,,,0,0,0,0,0,0,0,0.0
narrow middle,sim,500,,,poor,-18.0,average,fading,,1000,94.3,0.0,0.0,,,,,0,0,0,0,0,0,0,0.0
narrow middle,sim,500,,,poor,-18.0,average,fading,,1000,129.5,0.0,0.0,,,,,0,0,0,0,0,0,0,0.0
narrow middle,sim,500,,,poor,-18.0,average,fading,,1000,93.0,0.0,0.0,,,,,0,0,0,0,0,0,0,0.0
narrow middle,sim,500,,,poor,-18.0,average,fading,,1000,180.3,0.0,0.0,,,,,0,0,0,0,0,0,0,0.1
narrow middle,sim,500,,,poor,-18.0,average,fading,,1000,140.7,0.0,0.0,,,,,0,0,0,0,0,0,0,0.0
narrow middle,sim,500,,,poor,-18.0,average,fading,,1000,124.9,0.0,0.0,,,,,0,0,0,0,0,0,0,0.0
narrow middle,sim,500,,,poor,-14.0,average,fading,,1000,353.1,22.7,35.8,0.632,0,0,0,0,10,53,5,0,0,1,0.1
narrow middle,sim,500,,,poor,-14.0,average,fading,,1000,375.6,21.3,35.8,0.595,0,0,0,0,9,52,4,0,0,1,0.1
narrow middle,sim,500,,,poor,-14.0,average,fading,,1000,357.5,22.4,35.8,0.625,0,0,0,0,10,54,6,1,1,1,0.1
narrow middle,sim,500,,,poor,-14.0,average,fading,,1000,332.1,24.1,35.8,0.673,0,0,0,0,9,50,2,0,0,1,0.1
narrow middle,sim,500,,,poor,-14.0,average,fading,,1000,326.6,24.5,35.8,0.684,0,0,0,0,9,49,1,0,0,1,0.1
narrow middle,sim,500,,,poor,-14.0,average,fading,,1000,342.4,23.4,35.8,0.652,0,0,0,0,9,52,4,0,0,1,0.1
narrow middle,sim,500,,,poor,-14.0,average,fading,,1000,327.0,24.5,35.8,0.683,0,0,0,0,9,49,1,0,0,1,0.1
narrow middle,sim,500,,,poor,-14.0,average,fading,,1000,335.6,23.8,35.8,0.665,0,0,0,0,9,51,3,0,0,1,0.1
narrow middle,sim,500,,,poor,-14.0,average,fading,,1000,348.8,22.9,35.8,0.64,0,1,0,2,8,48,3,2,0,1,0.1
narrow middle,sim,500,,,poor,-14.0,average,fading,,1000,371.8,21.5,35.8,0.601,0,0,0,0,9,53,5,0,0,1,0.1
narrow middle,sim,500,,,poor,-14.0,average,fading,,1000,321.4,24.9,35.8,0.695,0,1,0,2,9,48,3,1,0,1,0.1
narrow middle,sim,500,,,poor,-14.0,average,fading,,1000,336.0,23.8,35.8,0.665,0,0,0,0,9,51,3,0,0,1,0.1
narrow middle,sim,500,,,poor,-14.0,average,fading,,1000,331.1,24.2,35.8,0.675,0,0,0,0,9,50,2,0,0,1,0.1
narrow middle,sim,500,,,poor,-14.0,average,fading,,1000,347.8,23.0,35.8,0.642,0,0,0,0,9,53,5,0,0,1,0.1
narrow middle,sim,500,,,poor,-14.0,average,fading,,1000,347.7,23.0,35.8,0.642,0,0,0,0,9,53,5,0,0,1,0.1
narrow middle,sim,500,,,poor,-14.0,average,fading,,1000,378.1,21.2,35.8,0.591,0,0,0,0,10,58,10,1,1,1,0.2
narrow middle,sim,500,,,poor,-14.0,average,fading,,1000,372.8,21.5,35.8,0.599,0,0,0,0,10,57,9,0,1,1,0.1
narrow middle,sim,500,,,poor,-14.0,average,fading,,1000,331.9,24.1,35.8,0.673,0,0,0,0,9,50,2,0,0,1,0.1
narrow middle,sim,500,,,poor,-14.0,average,fading,,1000,325.6,24.6,35.8,0.686,0,1,0,2,9,49,4,2,0,1,0.1
narrow middle,sim,500,,,poor,-14.0,average,fading,,1000,325.7,24.6,35.8,0.686,0,0,0,0,9,49,1,1,0,1,0.1
narrow middle,sim,500,,,poor,-14.0,average,fading,,1000,335.6,23.8,35.8,0.665,0,0,0,0,9,51,3,0,0,1,0.1
narrow middle,sim,500,,,poor,-14.0,average,fading,,1000,336.0,23.8,35.8,0.665,0,0,0,0,9,51,3,1,0,1,0.1
narrow middle,sim,500,,,poor,-14.0,average,fading,,1000,346.9,23.1,35.8,0.644,0,1,0,2,10,52,7,4,1,1,0.1
narrow middle,sim,500,,,poor,-14.0,average,fading,,1000,336.4,23.8,35.8,0.664,0,0,0,0,9,51,3,0,0,1,0.1
narrow middle,sim,500,,,poor,-14.0,average,fading,,1000,327.2,24.5,35.8,0.683,0,0,0,0,9,49,1,0,0,1,0.1
narrow middle,sim,500,,,poor,-14.0,average,fading,,1000,352.4,22.7,35.8,0.634,0,1,0,2,9,54,9,4,0,1,0.1
narrow middle,sim,500,,,poor,-14.0,average,fading,,1000,336.4,23.8,35.8,0.664,0,0,0,0,9,51,3,0,0,1,0.1
narrow middle,sim,500,,,poor,-14.0,average,fading,,1000,343.7,23.3,35.8,0.65,0,0,0,0,9,52,4,0,0,1,0.1
narrow middle,sim,500,,,poor,-14.0,average,fading,,1000,418.1,19.1,35.8,0.534,0,0,0,0,10,52,4,1,0,1,0.1
narrow middle,sim,500,,,poor,-14.0,average,fading,,1000,347.8,23.0,35.8,0.642,0,0,0,0,9,53,5,1,0,1,0.1
narrow middle,sim,500,,,poor,-12.0,average,fading,,1000,317.9,25.2,35.8,0.703,0,1,0,2,8,48,3,2,0,1,0.1
narrow middle,sim,500,,,poor,-12.0,average,fading,,1000,306.9,26.1,35.8,0.728,0,1,0,2,8,46,1,1,0,1,0.1
narrow middle,sim,500,,,poor,-12.0,average,fading,,1000,316.2,25.3,35.8,0.706,0,1,0,2,8,48,3,1,0,1,0.1
narrow middle,sim,500,,,poor,-12.0,average,fading,,1000,317.1,25.2,35.8,0.704,0,1,0,2,8,48,3,1,0,1,0.1
narrow middle,sim,500,,,poor,-12.0,average,fading,,1000,306.3,26.1,35.8,0.729,0,1,0,2,8,46,1,0,0,1,0.1
narrow middle,sim,500,,,poor,-12.0,average,fading,,1000,311.4,25.7,35.8,0.717,0,1,0,2,8,47,2,0,0,1,0.1
narrow middle,sim,500,,,poor,-12.0,average,fading,,1000,290.6,27.5,35.8,0.768,0,1,0,2,8,43,2,1,0,1,0.1
narrow middle,sim,500,,,poor,-12.0,average,fading,,1000,315.3,25.4,35.8,0.708,0,1,0,2,8,48,3,0,0,1,0.1
narrow middle,sim,500,,,poor,-12.0,average,fading,,1000,317.1,25.2,35.8,0.704,0,1,0,2,8,48,3,1,0,1,0.1
narrow middle,sim,500,,,poor,-12.0,average,fading,,1000,281.7,28.4,35.8,0.793,0,1,0,2,7,42,1,0,0,1,0.1
narrow middle,sim,500,,,poor,-12.0,average,fading,,1000,306.5,26.1,35.8,0.729,0,1,0,2,8,46,1,0,0,1,0.1
narrow middle,sim,500,,,poor,-12.0,average,fading,,1000,294.3,27.2,35.8,0.759,0,1,0,2,8,44,3,1,0,1,0.1
narrow middle,sim,500,,,poor,-12.0,average,fading,,1000,289.3,27.6,35.8,0.772,0,1,0,2,8,43,2,2,0,1,0.1
narrow middle,sim,500,,,poor,-12.0,average,fading,,1000,311.4,25.7,35.8,0.717,0,1,0,2,8,47,2,0,0,1,0.1
narrow middle,sim,500,,,poor,-12.0,average,fading,,1000,316.7,25.3,35.8,0.705,0,1,0,2,8,48,3,1,0,1,0.1
narrow middle,sim,500,,,poor,-12.0,average,fading,,1000,315.3,25.4,35.8,0.708,0,1,0,2,8,48,3,0,0,1,0.1
narrow middle,sim,500,,,poor,-12.0,average,fading,,1000,304.6,26.3,35.8,0.733,0,1,0,2,8,46,1,0,0,1,0.1
narrow middle,sim,500,,,poor,-12.0,average,fading,,1000,306.2,26.1,35.8,0.729,0,1,0,2,8,46,1,1,0,1,0.1
narrow middle,sim,500,,,poor,-12.0,average,fading,,1000,305.3,26.2,35.8,0.732,0,1,0,2,8,46,1,0,0,1,0.1
narrow middle,sim,500,,,poor,-12.0,average,fading,,1000,305.4,26.2,35.8,0.731,0,1,0,2,8,46,1,1,0,1,0.1
narrow middle,sim,500,,,poor,-12.0,average,fading,,1000,314.2,25.5,35.8,0.711,0,1,0,4,9,47,4,0,0,1,0.1
narrow middle,sim,500,,,poor,-12.0,average,fading,,1000,310.4,25.8,35.8,0.72,0,1,0,2,8,47,2,2,0,1,0.1
narrow middle,sim,500,,,poor,-12.0,average,fading,,1000,316.3,25.3,35.8,0.706,0,1,0,2,8,48,3,0,0,1,0.1
narrow middle,sim,500,,,poor,-12.0,average,fading,,1000,305.4,26.2,35.8,0.731,0,1,0,2,8,46,1,0,0,1,0.1
narrow middle,sim,500,,,poor,-12.0,average,fading,,1000,301.5,26.5,35.8,0.741,0,1,1,3,8,45,2,0,0,1,0.1
narrow middle,sim,500,,,poor,-12.0,average,fading,,1000,305.3,26.2,35.8,0.731,0,1,0,2,8,46,1,0,0,1,0.1
narrow middle,sim,500,,,poor,-12.0,average,fading,,1000,279.7,28.6,35.8,0.798,0,1,0,2,7,42,1,0,0,1,0.1
narrow middle,sim,500,,,poor,-12.0,average,fading,,1000,318.1,25.2,35.8,0.702,0,1,0,2,8,48,3,1,0,1,0.1
narrow middle,sim,500,,,poor,-12.0,average,fading,,1000,316.7,25.3,35.8,0.705,0,1,0,2,8,48,3,0,0,1,0.1
narrow middle,sim,500,,,poor,-12.0,average,fading,,1000,316.8,25.3,35.8,0.705,0,1,0,2,8,48,3,1,0,1,0.1
narrow middle,sim,500,,,poor,-10.0,average,fading,,1000,223.7,35.8,76.1,0.47,0,2,2,2,6,32,0,0,0,1,0.1
narrow middle,sim,500,,,poor,-10.0,average,fading,,1000,212.8,37.6,76.1,0.494,0,2,0,4,6,30,2,0,0,1,0.1
narrow middle,sim,500,,,poor,-10.0,average,fading,,1000,243.4,32.9,76.1,0.432,0,2,0,3,6,36,2,1,0,1,0.1
narrow middle,sim,500,,,poor,-10.0,average,fading,,1000,181.2,44.1,76.1,0.58,0,2,2,1,5,25,0,0,0,1,0.1
narrow middle,sim,500,,,poor,-10.0,average,fading,,1000,244.3,32.8,76.1,0.43,0,1,1,3,6,36,1,0,0,1,0.1
narrow middle,sim,500,,,poor,-10.0,average,fading,,1000,217.2,36.8,76.1,0.484,0,2,1,2,6,31,1,0,0,1,0.1
narrow middle,sim,500,,,poor,-10.0,average,fading,,1000,202.9,39.4,76.1,0.518,0,2,1,2,5,29,1,0,0,1,0.0
narrow middle,sim,500,,,poor,-10.0,average,fading,,1000,268.2,29.8,76.1,0.392,0,1,1,3,7,40,1,0,0,1,0.1
narrow middle,sim,500,,,poor,-10.0,average,fading,,1000,270.1,29.6,76.1,0.389,0,1,1,3,7,40,1,0,0,1,0.1
narrow middle,sim,500,,,poor,-10.0,average,fading,,1000,291.3,27.5,76.1,0.361,0,1,0,4,8,43,2,0,0,1,0.1
narrow middle,sim,500,,,poor,-10.0,average,fading,,1000,181.3,44.1,76.1,0.58,0,3,3,2,5,25,0,0,0,1,0.1
narrow middle,sim,500,,,poor,-10.0,average,fading,,1000,268.6,29.8,76.1,0.391,0,1,1,3,7,40,1,0,0,1,0.1
narrow middle,sim,500,,,poor,-10.0,average,fading,,1000,190.9,41.9,76.1,0.55,0,2,1,2,5,27,2,0,0,1,0.1
narrow middle,sim,500,,,poor,-10.0,average,fading,,1000,275.1,29.1,76.1,0.382,0,1,1,3,7,41,2,0,0,1,0.1
narrow middle,sim,500,,,poor,-10.0,average,fading,,1000,280.3,28.5,76.1,0.375,0,1,0,2,7,42,1,0,0,1,0.1
narrow middle,sim,500,,,poor,-10.0,average,fading,,1000,309.9,25.8,76.1,0.339,0,1,0,1,8,47,2,0,0,1,0.1
narrow middle,sim,500,,,poor,-10.0,average,fading,,1000,205.1,39.0,76.1,0.512,0,2,1,3,6,29,1,0,0,1,0.1
narrow middle,sim,500,,,poor,-10.0,average,fading,,1000,202.5,39.5,76.1,0.519,0,2,1,2,5,29,1,0,0,1,0.1
narrow middle,sim,500,,,poor,-10.0,average,fading,,1000,200.4,39.9,76.1,0.524,0,2,1,3,6,28,1,0,0,1,0.1
narrow middle,sim,500,,,poor,-10.0,average,fading,,1000,279.8,28.6,76.1,0.376,0,1,1,3,7,42,1,0,0,1,0.1
narrow middle,sim,500,,,poor,-10.0,average,fading,,1000,225.4,35.5,76.1,0.466,0,2,0,3,7,32,2,0,0,1,0.1
narrow middle,sim,500,,,poor,-10.0,average,fading,,1000,243.0,32.9,76.1,0.433,0,1,1,3,6,36,1,0,0,1,0.1
narrow middle,sim,500,,,poor,-10.0,average,fading,,1000,185.7,43.1,76.1,0.566,0,2,2,1,5,26,1,0,0,1,0.1
narrow middle,sim,500,,,poor,-10.0,average,fading,,1000,221.9,36.0,76.1,0.474,0,2,1,3,6,32,2,0,0,1,0.1
narrow middle,sim,500,,,poor,-10.0,average,fading,,1000,218.0,36.7,76.1,0.482,0,2,1,2,6,31,1,0,0,1,0.1
narrow middle,sim,500,,,poor,-10.0,average,fading,,1000,185.5,43.1,76.1,0.567,0,2,1,2,5,26,1,0,0,1,0.1
narrow middle,sim,500,,,poor,-10.0,average,fading,,1000,196.3,40.8,76.1,0.535,0,2,2,2,5,28,0,0,0,1,0.1
narrow middle,sim,500,,,poor,-10.0,average,fading,,1000,223.9,35.7,76.1,0.469,0,2,1,2,6,32,2,0,0,1,0.1
narrow middle,sim,500,,,poor,-10.0,average,fading,,1000,227.9,35.1,76.1,0.461,0,2,0,4,6,33,2,0,0,1,0.1
narrow middle,sim,500,,,poor,-10.0,average,fading,,1000,275.0,29.1,76.1,0.382,0,1,0,4,7,41,3,1,0,1,0.1
narrow middle,sim,500,,,poor,-8.0,average,fading,,1000,192.7,41.5,76.1,0.545,0,3,1,3,5,27,4,1,0,1,0.1
narrow middle,sim,500,,,poor,-8.0,average,fading,,1000,166.8,48.0,76.1,0.63,1,3,2,2,4,23,3,2,0,1,0.0
narrow middle,sim,500,,,poor,-8.0,average,fading,,1000,165.3,48.4,76.1,0.636,1,3,2,2,4,23,3,2,0,1,0.1
narrow middle,sim,500,,,poor,-8.0,average,fading,,1000,171.7,46.6,76.1,0.612,1,3,2,2,4,24,4,2,0,1,0.1
narrow middle,sim,500,,,poor,-8.0,average,fading,,1000,191.8,41.7,76.1,0.548,0,3,2,3,5,27,5,1,0,1,0.1
narrow middle,sim,500,,,poor,-8.0,average,fading,,1000,160.5,49.8,76.1,0.655,1,3,2,2,4,22,2,0,0,1,0.0
narrow middle,sim,500,,,poor,-8.0,average,fading,,1000,155.9,51.3,76.1,0.674,1,3,2,2,4,21,3,1,0,1,0.1
narrow middle,sim,500,,,poor,-8.0,average,fading,,1000,179.4,44.6,76.1,0.586,0,3,2,3,5,25,3,1,0,1,0.1
narrow middle,sim,500,,,poor,-8.0,average,fading,,1000,202.7,39.5,76.1,0.519,0,2,1,2,5,29,1,0,0,1,0.1
narrow middle,sim,500,,,poor,-8.0,average,fading,,1000,187.6,42.7,76.1,0.56,0,3,2,3,5,26,3,1,0,1,0.1
narrow middle,sim,500,,,poor,-8.0,average,fading,,1000,166.4,48.1,76.1,0.632,1,3,2,2,4,23,3,1,0,1,0.0
narrow middle,sim,500,,,poor,-8.0,average,fading,,1000,185.2,43.2,76.1,0.568,0,3,2,3,5,26,4,3,0,1,0.0
narrow middle,sim,500,,,poor,-8.0,average,fading,,1000,170.7,46.9,76.1,0.616,0,3,2,2,4,24,2,1,0,1,0.0
narrow middle,sim,500,,,poor,-8.0,average,fading,,1000,160.6,49.8,76.1,0.654,1,3,2,2,4,22,2,2,0,1,0.1
narrow middle,sim,500,,,poor,-8.0,average,fading,,1000,196.8,40.6,76.1,0.534,0,3,1,3,5,28,5,3,0,1,0.1
narrow middle,sim,500,,,poor,-8.0,average,fading,,1000,179.3,44.6,76.1,0.586,1,3,2,2,5,25,5,2,0,1,0.1
narrow middle,sim,500,,,poor,-8.0,average,fading,,1000,164.5,48.6,76.1,0.639,0,3,2,3,4,23,1,0,0,1,0.0
narrow middle,sim,500,,,poor,-8.0,average,fading,,1000,155.4,51.5,76.1,0.676,1,3,2,2,4,21,1,1,0,1,0.0
narrow middle,sim,500,,,poor,-8.0,average,fading,,1000,154.5,51.8,76.1,0.68,1,3,2,2,4,21,1,0,0,1,0.0
narrow middle,sim,500,,,poor,-8.0,average,fading,,1000,185.6,43.1,76.1,0.566,0,3,2,3,5,26,3,0,0,1,0.1
narrow middle,sim,500,,,poor,-8.0,average,fading,,1000,169.9,47.1,76.1,0.619,1,3,2,2,4,24,4,2,0,1,0.1
narrow middle,sim,500,,,poor,-8.0,average,fading,,1000,185.2,43.2,76.1,0.568,0,3,2,3,5,26,4,3,0,1,0.0
narrow middle,sim,500,,,poor,-8.0,average,fading,,1000,170.8,46.8,76.1,0.615,0,3,2,3,4,24,2,0,0,1,0.0
narrow middle,sim,500,,,poor,-8.0,average,fading,,1000,180.2,44.4,76.1,0.583,0,3,2,3,5,25,3,1,0,1,0.1
narrow middle,sim,500,,,poor,-8.0,average,fading,,1000,161.4,49.6,76.1,0.651,1,3,2,2,4,22,2,1,0,1,0.1
narrow middle,sim,500,,,poor,-8.0,average,fading,,1000,170.6,46.9,76.1,0.616,1,3,2,2,4,24,4,1,0,1,0.0
narrow middle,sim,500,,,poor,-8.0,average,fading,,1000,165.3,48.4,76.1,0.636,0,3,2,3,4,23,1,1,0,1,0.0
narrow middle,sim,500,,,poor,-8.0,average,fading,,1000,172.6,46.4,76.1,0.609,1,3,2,2,4,24,4,1,0,1,0.0
narrow middle,sim,500,,,poor,-8.0,average,fading,,1000,160.5,49.8,76.1,0.655,1,3,2,2,4,22,2,1,0,1,0.1
narrow middle,sim,500,,,poor,-8.0,average,fading,,1000,186.2,43.0,76.1,0.564,0,3,2,3,5,26,4,2,0,1,0.1
narrow middle,sim,500,,,poor,-6.0,average,fading,,1000,172.4,46.4,76.1,0.61,0,3,2,3,4,24,2,1,0,1,0.1
narrow middle,sim,500,,,poor,-6.0,average,fading,,1000,172.2,46.5,76.1,0.61,0,3,2,3,4,24,2,0,0,1,0.1
narrow middle,sim,500,,,poor,-6.0,average,fading,,1000,160.0,50.0,76.1,0.657,1,3,2,2,4,22,2,1,0,1,0.0
narrow middle,sim,500,,,poor,-6.0,average,fading,,1000,135.3,59.1,76.1,0.777,1,3,3,1,3,18,0,0,0,1,0.0
narrow middle,sim,500,,,poor,-6.0,average,fading,,1000,150.1,53.3,76.1,0.7,1,3,2,2,4,20,2,1,0,1,0.1
narrow middle,sim,500,,,poor,-6.0,average,fading,,1000,149.8,53.4,76.1,0.701,1,3,3,3,4,20,1,0,0,1,0.0
narrow middle,sim,500,,,poor,-6.0,average,fading,,1000,145.1,55.1,76.1,0.724,1,3,2,2,4,19,1,0,0,1,0.0
narrow middle,sim,500,,,poor,-6.0,average,fading,,1000,153.8,52.0,76.1,0.683,1,3,2,2,4,21,1,0,0,1,0.1
narrow middle,sim,500,,,poor,-6.0,average,fading,,1000,142.1,56.3,76.1,0.739,1,3,2,4,5,21,2,0,0,1,0.1
narrow middle,sim,500,,,poor,-6.0,average,fading,,1000,156.5,51.1,76.1,0.671,0,3,3,2,4,21,0,0,0,1,0.1
narrow middle,sim,500,,,poor,-6.0,average,fading,,1000,150.3,53.2,76.1,0.699,1,3,3,3,4,20,1,0,0,1,0.0
narrow middle,sim,500,,,poor,-6.0,average,fading,,1000,143.4,55.8,76.1,0.733,1,3,2,2,4,19,1,0,0,1,0.0
narrow middle,sim,500,,,poor,-6.0,average,fading,,1000,164.1,48.7,76.1,0.64,0,3,2,2,5,22,3,0,0,1,0.1
narrow middle,sim,500,,,poor,-6.0,average,fading,,1000,160.6,49.8,76.1,0.654,1,3,2,2,4,22,2,0,0,1,0.0
narrow middle,sim,500,,,poor,-6.0,average,fading,,1000,155.1,51.6,76.1,0.678,1,3,2,2,4,21,1,1,0,1,0.0
narrow middle,sim,500,,,poor,-6.0,average,fading,,1000,159.1,50.3,76.1,0.661,1,3,3,3,4,22,3,0,0,1,0.1
narrow middle,sim,500,,,poor,-6.0,average,fading,,1000,133.5,59.9,76.1,0.787,1,3,3,1,3,18,0,0,0,1,0.0
narrow middle,sim,500,,,poor,-6.0,average,fading,,1000,144.7,55.3,76.1,0.727,1,3,2,2,4,19,1,0,0,1,0.0
narrow middle,sim,500,,,poor,-6.0,average,fading,,1000,135.6,59.0,76.1,0.775,1,3,3,3,4,20,1,0,0,1,0.0
narrow middle,sim,500,,,poor,-6.0,average,fading,,1000,160.0,50.0,76.1,0.657,1,3,2,2,4,22,2,1,0,1,0.1
narrow middle,sim,500,,,poor,-6.0,average,fading,,1000,148.4,53.9,76.1,0.708,1,3,3,3,4,20,1,0,0,1,0.0
narrow middle,sim,500,,,poor,-6.0,average,fading,,1000,170.3,47.0,76.1,0.617,0,3,2,2,4,24,2,1,0,1,0.1
narrow middle,sim,500,,,poor,-6.0,average,fading,,1000,149.4,53.6,76.1,0.704,0,3,3,1,4,20,1,0,0,1,0.1
narrow middle,sim,500,,,poor,-6.0,average,fading,,1000,143.8,55.6,76.1,0.731,1,3,2,2,4,19,1,0,0,1,0.0
narrow middle,sim,500,,,poor,-6.0,average,fading,,1000,150.7,53.1,76.1,0.698,1,3,3,3,4,20,1,0,0,1,0.0
narrow middle,sim,500,,,poor,-6.0,average,fading,,1000,149.1,53.6,76.1,0.705,1,3,3,3,4,20,1,0,0,1,0.1
narrow middle,sim,500,,,poor,-6.0,average,fading,,1000,143.8,55.6,76.1,0.731,1,3,2,2,4,19,1,0,0,1,0.0
narrow middle,sim,500,,,poor,-6.0,average,fading,,1000,161.9,49.4,76.1,0.649,1,3,2,2,4,22,2,0,0,1,0.0
narrow middle,sim,500,,,poor,-6.0,average,fading,,1000,160.5,49.8,76.1,0.655,1,3,2,2,4,22,2,0,0,1,0.1
narrow middle,sim,500,,,poor,-6.0,average,fading,,1000,171.3,46.7,76.1,0.614,0,3,2,3,4,24,2,0,0,1,0.1
narrow middle,sim,500,,,poor,-4.0,average,fading,,1000,156.3,51.2,111.9,0.457,0,3,3,2,4,21,1,0,0,1,0.1
narrow middle,sim,500,,,poor,-4.0,average,fading,,1000,150.7,53.1,111.9,0.474,0,3,3,1,4,20,1,0,0,1,0.0
narrow middle,sim,500,,,poor,-4.0,average,fading,,1000,117.6,68.0,111.9,0.607,1,3,3,1,3,18,0,0,0,1,0.0
narrow middle,sim,500,,,poor,-4.0,average,fading,,1000,150.2,53.3,111.9,0.476,0,3,3,1,4,20,1,0,0,1,0.1
narrow middle,sim,500,,,poor,-4.0,average,fading,,1000,135.1,59.2,111.9,0.529,1,3,3,1,3,18,0,0,0,1,0.0
narrow middle,sim,500,,,poor,-4.0,average,fading,,1000,134.9,59.3,111.9,0.53,1,3,3,1,3,18,0,0,0,1,0.0
narrow middle,sim,500,,,poor,-4.0,average,fading,,1000,135.6,59.0,111.9,0.527,1,3,3,1,3,18,0,0,0,1,0.0
narrow middle,sim,500,,,poor,-4.0,average,fading,,1000,143.0,55.9,111.9,0.5,1,3,2,2,4,19,1,0,0,1,0.1
narrow middle,sim,500,,,poor,-4.0,average,fading,,1000,117.6,68.0,111.9,0.607,1,3,3,1,3,18,0,0,0,1,0.0
narrow middle,sim,500,,,poor,-4.0,average,fading,,1000,136.3,58.7,111.9,0.525,1,3,3,1,3,18,0,0,0,1,0.1
narrow middle,sim,500,,,poor,-4.0,average,fading,,1000,135.4,59.1,111.9,0.528,1,3,3,1,3,18,0,0,0,1,0.1
narrow middle,sim,500,,,poor,-4.0,average,fading,,1000,143.4,55.8,111.9,0.498,1,3,2,2,4,19,1,0,0,1,0.0
narrow middle,sim,500,,,poor,-4.0,average,fading,,1000,158.8,50.4,111.9,0.45,0,3,2,2,5,21,2,0,0,1,0.1
narrow middle,sim,500,,,poor,-4.0,average,fading,,1000,144.5,55.4,111.9,0.495,1,3,2,2,4,19,1,0,0,1,0.1
narrow middle,sim,500,,,poor,-4.0,average,fading,,1000,147.4,54.3,111.9,0.485,0,3,3,3,4,22,2,0,0,1,0.1
narrow middle,sim,500,,,poor,-4.0,average,fading,,1000,153.7,52.1,111.9,0.465,0,3,3,2,4,21,1,0,0,1,0.0
narrow middle,sim,500,,,poor,-4.0,average,fading,,1000,153.8,52.0,111.9,0.465,0,3,3,2,4,21,1,0,0,1,0.0
narrow middle,sim,500,,,poor,-4.0,average,fading,,1000,150.0,53.3,111.9,0.476,0,3,3,1,4,20,1,0,0,1,0.1
narrow middle,sim,500,,,poor,-4.0,average,fading,,1000,155.9,51.3,111.9,0.458,0,4,3,5,8,38,13,2,2,1,0.0
narrow middle,sim,500,,,poor,-4.0,average,fading,,1000,149.2,53.6,111.9,0.479,1,3,3,3,4,20,1,0,0,1,0.1
narrow middle,sim,500,,,poor,-4.0,average,fading,,1000,121.9,65.7,111.9,0.586,1,3,3,1,3,18,0,0,0,1,0.0
narrow middle,sim,500,,,poor,-4.0,average,fading,,1000,130.8,61.1,111.9,0.546,1,3,2,2,4,19,1,0,0,1,0.0
narrow middle,sim,500,,,poor,-4.0,average,fading,,1000,201.5,39.7,111.9,0.355,0,4,2,3,9,50,24,0,4,1,0.1
narrow middle,sim,500,,,poor,-4.0,average,fading,,1000,149.2,53.6,111.9,0.479,0,3,3,1,4,20,1,0,0,1,0.0
narrow middle,sim,500,,,poor,-4.0,average,fading,,1000,137.4,58.2,111.9,0.52,1,3,3,3,4,20,1,0,0,1,0.1
narrow middle,sim,500,,,poor,-4.0,average,fading,,1000,134.2,59.6,111.9,0.533,1,3,3,1,3,18,0,0,0,1,0.0
narrow middle,sim,500,,,poor,-4.0,average,fading,,1000,134.3,59.6,111.9,0.532,1,3,3,1,3,18,0,0,0,1,0.0
narrow middle,sim,500,,,poor,-4.0,average,fading,,1000,136.2,58.7,111.9,0.525,1,3,3,1,3,18,0,0,0,1,0.0
narrow middle,sim,500,,,poor,-4.0,average,fading,,1000,144.4,55.4,111.9,0.495,1,3,2,2,4,19,1,0,0,1,0.1
narrow middle,sim,500,,,poor,-4.0,average,fading,,1000,155.2,51.5,111.9,0.46,0,3,3,2,4,21,1,0,0,1,0.0
narrow middle,sim,500,,,poor,-2.0,average,fading,,1000,109.2,73.3,111.9,0.655,0,4,3,4,7,25,6,1,2,1,0.0
narrow middle,sim,500,,,poor,-2.0,average,fading,,1000,150.7,53.1,111.9,0.474,0,3,3,1,4,20,1,0,0,1,0.1
narrow middle,sim,500,,,poor,-2.0,average,fading,,1000,150.8,53.0,111.9,0.474,0,4,3,6,7,37,12,1,2,1,0.0
narrow middle,sim,500,,,poor,-2.0,average,fading,,1000,160.4,49.9,111.9,0.446,0,4,3,4,6,31,7,0,1,1,0.0
narrow middle,sim,500,,,poor,-2.0,average,fading,,1000,111.3,71.9,111.9,0.642,0,4,3,3,7,27,8,0,2,1,0.0
narrow middle,sim,500,,,poor,-2.0,average,fading,,1000,155.2,51.6,111.9,0.461,0,3,3,2,4,21,1,0,0,1,0.1
narrow middle,sim,500,,,poor,-2.0,average,fading,,1000,117.6,68.0,111.9,0.607,1,3,3,1,3,18,0,0,0,1,0.0
narrow middle,sim,500,,,poor,-2.0,average,fading,,1000,125.2,63.9,111.9,0.571,0,4,3,4,6,33,12,0,2,1,0.0
narrow middle,sim,500,,,poor,-2.0,average,fading,,1000,106.2,75.3,111.9,0.673,2,4,3,3,6,31,7,2,1,1,0.1
narrow middle,sim,500,,,poor,-2.0,average,fading,,1000,117.6,68.0,111.9,0.607,1,3,3,1,3,18,0,0,0,1,0.0
narrow middle,sim,500,,,poor,-2.0,average,fading,,1000,152.2,52.6,111.9,0.47,0,4,0,5,8,29,5,0,3,1,0.0
narrow middle,sim,500,,,poor,-2.0,average,fading,,1000,133.9,59.8,111.9,0.534,1,3,3,1,3,18,0,0,0,1,0.0
narrow middle,sim,500,,,poor,-2.0,average,fading,,1000,149.9,53.4,111.9,0.477,0,5,3,3,7,30,4,0,0,1,0.1
narrow middle,sim,500,,,poor,-2.0,average,fading,,1000,134.9,59.3,111.9,0.53,1,3,3,1,3,18,0,0,0,1,0.0
narrow middle,sim,500,,,poor,-2.0,average,fading,,1000,98.1,81.6,111.9,0.729,3,4,3,1,5,25,1,1,0,1,0.0
narrow middle,sim,500,,,poor,-2.0,average,fading,,1000,137.9,58.0,111.9,0.518,1,3,3,3,4,21,2,0,0,1,0.0
narrow middle,sim,500,,,poor,-2.0,average,fading,,1000,115.0,69.5,111.9,0.621,1,5,3,7,10,47,11,1,2,1,0.1
narrow middle,sim,500,,,poor,-2.0,average,fading,,1000,150.0,53.3,111.9,0.476,0,3,3,1,4,20,1,0,0,1,0.0
narrow middle,sim,500,,,poor,-2.0,average,fading,,1000,106.1,75.4,111.9,0.673,1,4,3,3,6,21,2,0,1,1,0.0
narrow middle,sim,500,,,poor,-2.0,average,fading,,1000,134.3,59.6,111.9,0.532,1,3,3,1,3,18,0,0,0,1,0.0
narrow middle,sim,500,,,poor,-2.0,average,fading,,1000,121.9,65.7,111.9,0.586,1,3,3,1,3,18,0,0,0,1,0.0
narrow middle,sim,500,,,poor,-2.0,average,fading,,1000,117.6,68.0,111.9,0.607,1,3,3,1,3,18,0,0,0,1,0.0
narrow middle,sim,500,,,poor,-2.0,average,fading,,1000,106.3,75.2,111.9,0.672,3,5,3,1,5,25,6,0,1,1,0.0
narrow middle,sim,500,,,poor,-2.0,average,fading,,1000,176.1,45.4,111.9,0.406,0,4,2,6,8,40,14,0,2,1,0.1
narrow middle,sim,500,,,poor,-2.0,average,fading,,1000,140.7,56.8,111.9,0.508,0,4,3,4,9,40,9,0,3,1,0.1
narrow middle,sim,500,,,poor,-2.0,average,fading,,1000,122.3,65.4,111.9,0.584,1,3,3,1,3,18,0,0,0,1,0.0
narrow middle,sim,500,,,poor,-2.0,average,fading,,1000,162.0,49.4,111.9,0.441,0,4,3,6,8,43,18,1,3,1,0.1
narrow middle,sim,500,,,poor,-2.0,average,fading,,1000,122.1,65.5,111.9,0.585,1,3,3,1,3,18,0,0,0,1,0.0
narrow middle,sim,500,,,poor,-2.0,average,fading,,1000,134.9,59.3,111.9,0.53,1,3,3,1,3,18,0,0,0,1,0.0
narrow middle,sim,500,,,poor,-2.0,average,fading,,1000,155.7,51.4,111.9,0.459,0,4,2,4,7,32,8,0,1,1,0.1
narrow middle,sim,500,,,poor,0.0,average,fading,,1000,233.9,11.3,189.8,0.059,0,6,0,4,8,48,30,0,5,0,0.0
narrow middle,sim,500,,,poor,0.0,average,fading,,1000,154.8,51.7,189.8,0.272,0,4,3,2,6,26,2,0,0,1,0.0
narrow middle,sim,500,,,poor,0.0,average,fading,,1000,80.4,99.5,189.8,0.524,3,6,3,4,8,41,4,1,0,1,0.0
narrow middle,sim,500,,,poor,0.0,average,fading,,1000,112.1,71.4,189.8,0.376,1,5,4,4,7,40,2,0,0,1,0.0
narrow middle,sim,500,,,poor,0.0,average,fading,,1000,100.3,79.8,189.8,0.42,3,4,3,1,5,20,1,0,0,1,0.1
narrow middle,sim,500,,,poor,0.0,average,fading,,1000,98.1,81.6,189.8,0.43,3,5,3,2,5,25,1,0,0,1,0.0
narrow middle,sim,500,,,poor,0.0,average,fading,,1000,117.2,68.3,189.8,0.36,1,5,5,6,8,44,12,0,2,1,0.0
narrow middle,sim,500,,,poor,0.0,average,fading,,1000,111.5,71.8,189.8,0.378,2,6,3,5,6,36,9,1,1,1,0.0
narrow middle,sim,500,,,poor,0.0,average,fading,,1000,106.2,75.3,189.8,0.397,2,5,3,3,6,31,7,1,1,1,0.0
narrow middle,sim,500,,,poor,0.0,average,fading,,1000,100.3,79.8,189.8,0.42,3,4,3,1,5,20,1,0,0,1,0.0
narrow middle,sim,500,,,poor,0.0,average,fading,,1000,138.1,57.9,189.8,0.305,0,5,4,7,14,75,16,0,2,1,0.1
narrow middle,sim,500,,,poor,0.0,average,fading,,1000,122.5,65.3,189.8,0.344,2,4,3,2,5,25,6,0,1,1,0.0
narrow middle,sim,500,,,poor,0.0,average,fading,,1000,116.4,68.8,189.8,0.362,1,5,3,3,5,23,1,0,0,1,0.1
narrow middle,sim,500,,,poor,0.0,average,fading,,1000,153.9,52.0,189.8,0.274,0,4,3,3,6,26,2,0,0,1,0.0
narrow middle,sim,500,,,poor,0.0,average,fading,,1000,129.3,61.8,189.8,0.326,0,6,3,6,8,35,7,1,2,1,0.0
narrow middle,sim,500,,,poor,0.0,average,fading,,1000,121.5,65.8,189.8,0.347,0,5,3,7,11,66,25,0,4,1,0.1
narrow middle,sim,500,,,poor,0.0,average,fading,,1000,102.3,78.2,189.8,0.412,3,6,3,6,10,55,13,3,1,1,0.0
narrow middle,sim,500,,,poor,0.0,average,fading,,1000,98.7,81.1,189.8,0.427,3,5,3,3,8,39,2,0,0,1,0.0
narrow middle,sim,500,,,poor,0.0,average,fading,,1000,117.6,68.0,189.8,0.358,1,3,3,1,3,18,0,0,0,1,0.0
narrow middle,sim,500,,,poor,0.0,average,fading,,1000,127.8,62.6,189.8,0.33,1,4,3,4,5,29,6,0,1,1,0.0
narrow middle,sim,500,,,poor,0.0,average,fading,,1000,107.4,74.5,189.8,0.393,1,4,3,3,6,21,2,0,1,1,0.1
narrow middle,sim,500,,,poor,0.0,average,fading,,1000,96.7,82.7,189.8,0.436,3,5,3,3,7,34,3,2,0,1,0.1
narrow middle,sim,500,,,poor,0.0,average,fading,,1000,102.7,77.9,189.8,0.41,2,6,3,4,7,39,10,1,1,1,0.0
narrow middle,sim,500,,,poor,0.0,average,fading,,1000,105.7,75.7,189.8,0.399,1,6,3,6,8,36,13,2,2,1,0.0
narrow middle,sim,500,,,poor,0.0,average,fading,,1000,89.3,89.5,189.8,0.472,3,5,3,1,6,28,2,0,0,1,0.0
narrow middle,sim,500,,,poor,0.0,average,fading,,1000,106.0,75.4,189.8,0.398,3,5,3,3,9,45,2,1,0,1,0.1
narrow middle,sim,500,,,poor,0.0,average,fading,,1000,116.3,68.8,189.8,0.362,2,5,3,5,8,42,13,0,2,1,0.0
narrow middle,sim,500,,,poor,0.0,average,fading,,1000,104.8,76.4,189.8,0.402,1,5,3,6,11,59,19,0,3,1,0.1
narrow middle,sim,500,,,poor,0.0,average,fading,,1000,129.4,61.8,189.8,0.326,0,4,3,6,8,31,3,0,2,1,0.0
narrow middle,sim,500,,,poor,0.0,average,fading,,1000,153.3,52.2,189.8,0.275,0,5,3,5,13,70,13,1,2,1,0.1
narrow middle,sim,500,,,poor,2.0,average,fading,,1000,89.3,89.6,189.8,0.472,3,7,3,5,9,47,13,0,2,1,0.1
narrow middle,sim,500,,,poor,2.0,average,fading,,1000,62.8,127.3,189.8,0.671,5,6,5,3,9,48,6,4,0,1,0.0
narrow middle,sim,500,,,poor,2.0,average,fading,,1000,75.5,106.0,189.8,0.559,4,7,4,4,10,59,3,0,0,1,0.0
narrow middle,sim,500,,,poor,2.0,average,fading,,1000,99.5,80.4,189.8,0.424,1,6,5,4,5,30,3,0,0,1,0.0
narrow middle,sim,500,,,poor,2.0,average,fading,,1000,79.4,100.8,189.8,0.531,2,6,5,6,11,61,10,2,1,1,0.1
narrow middle,sim,500,,,poor,2.0,average,fading,,1000,67.8,117.9,189.8,0.621,3,6,6,5,9,52,7,1,1,1,0.0
narrow middle,sim,500,,,poor,2.0,average,fading,,1000,97.8,81.8,189.8,0.431,1,6,5,4,5,30,3,0,0,1,0.0
narrow middle,sim,500,,,poor,2.0,average,fading,,1000,90.0,88.9,189.8,0.468,3,7,3,4,6,32,8,1,1,1,0.0
narrow middle,sim,500,,,poor,2.0,average,fading,,1000,97.5,82.1,189.8,0.433,3,6,3,4,7,34,8,1,1,1,0.0
narrow middle,sim,500,,,poor,2.0,average,fading,,1000,70.0,114.4,189.8,0.603,3,6,5,6,9,54,10,1,1,1,0.0
narrow middle,sim,500,,,poor,2.0,average,fading,,1000,110.0,72.7,189.8,0.383,0,6,5,6,11,52,9,0,1,1,0.0
narrow middle,sim,500,,,poor,2.0,average,fading,,1000,97.8,81.8,189.8,0.431,1,6,5,4,6,29,1,0,0,1,0.0
narrow middle,sim,500,,,poor,2.0,average,fading,,1000,110.9,72.1,189.8,0.38,2,5,3,7,11,51,9,0,1,1,0.0
narrow middle,sim,500,,,poor,2.0,average,fading,,1000,92.5,86.5,189.8,0.456,2,6,3,5,9,47,9,1,1,1,0.0
narrow middle,sim,500,,,poor,2.0,average,fading,,1000,76.4,104.7,189.8,0.552,3,7,3,4,6,31,4,1,0,1,0.0
narrow middle,sim,500,,,poor,2.0,average,fading,,1000,97.7,81.9,189.8,0.431,2,6,3,10,14,74,16,0,3,1,0.1
narrow middle,sim,500,,,poor,2.0,average,fading,,1000,64.7,123.7,189.8,0.652,3,7,3,5,9,49,10,0,1,1,0.1
narrow middle,sim,500,,,poor,2.0,average,fading,,1000,57.6,138.9,189.8,0.732,4,7,5,4,8,44,5,1,0,1,0.0
narrow middle,sim,500,,,poor,2.0,average,fading,,1000,97.8,81.8,189.8,0.431,1,6,5,4,5,30,3,2,0,1,0.0
narrow middle,sim,500,,,poor,2.0,average,fading,,1000,80.4,99.5,189.8,0.524,3,6,3,4,8,41,3,0,0,1,0.1
narrow middle,sim,500,,,poor,2.0,average,fading,,1000,78.1,102.5,189.8,0.54,1,6,1,5,10,60,14,1,2,1,0.1
narrow middle,sim,500,,,poor,2.0,average,fading,,1000,93.1,85.9,189.8,0.453,3,6,3,4,9,48,3,2,0,1,0.1
narrow middle,sim,500,,,poor,2.0,average,fading,,1000,92.0,86.9,189.8,0.458,3,7,3,3,7,37,10,0,1,1,0.0
narrow middle,sim,500,,,poor,2.0,average,fading,,1000,94.1,85.0,189.8,0.448,3,7,3,5,8,38,11,1,1,1,0.0
narrow middle,sim,500,,,poor,2.0,average,fading,,1000,85.3,93.8,189.8,0.494,2,6,4,4,11,65,9,0,1,1,0.1
narrow middle,sim,500,,,poor,2.0,average,fading,,1000,64.9,123.3,189.8,0.65,4,6,5,2,8,47,1,1,0,1,0.0
narrow middle,sim,500,,,poor,2.0,average,fading,,1000,60.8,131.6,189.8,0.694,4,6,5,2,8,47,1,1,0,1,0.0
narrow middle,sim,500,,,poor,2.0,average,fading,,1000,77.0,103.9,189.8,0.547,3,6,3,3,9,45,3,1,0,1,0.1
narrow middle,sim,500,,,poor,2.0,average,fading,,1000,80.1,99.8,189.8,0.526,3,7,4,8,12,60,8,0,2,1,0.1
narrow middle,sim,500,,,poor,2.0,average,fading,,1000,86.7,92.2,189.8,0.486,3,7,3,4,7,32,8,1,1,1,0.1
narrow middle,sim,500,,,poor,6.0,average,fading,,1000,38.7,206.7,296.0,0.698,6,9,6,2,5,29,2,1,0,1,0.0
narrow middle,sim,500,,,poor,6.0,average,fading,,1000,41.8,191.2,296.0,0.646,7,9,7,1,6,31,5,3,0,1,0.1
narrow middle,sim,500,,,poor,6.0,average,fading,,1000,31.4,255.1,296.0,0.862,6,10,9,3,4,23,2,0,0,1,0.0
narrow middle,sim,500,,,poor,6.0,average,fading,,1000,53.1,150.5,296.0,0.509,2,9,6,4,7,40,9,0,1,1,0.0
narrow middle,sim,500,,,poor,6.0,average,fading,,1000,52.1,153.6,296.0,0.519,5,7,5,5,7,39,8,0,1,1,0.0
narrow middle,sim,500,,,poor,6.0,average,fading,,1000,53.4,149.8,296.0,0.506,4,9,4,4,7,41,3,1,0,1,0.1
narrow middle,sim,500,,,poor,6.0,average,fading,,1000,42.9,186.5,296.0,0.63,4,9,7,3,6,32,2,1,0,1,0.0
narrow middle,sim,500,,,poor,6.0,average,fading,,1000,30.3,264.0,296.0,0.892,7,10,7,3,4,22,3,1,0,1,0.0
narrow middle,sim,500,,,poor,6.0,average,fading,,1000,49.2,162.6,296.0,0.549,5,9,5,3,7,37,4,0,0,1,0.0
narrow middle,sim,500,,,poor,6.0,average,fading,,1000,45.0,177.7,296.0,0.6,5,7,7,3,6,34,1,0,0,1,0.0
narrow middle,sim,500,,,poor,6.0,average,fading,,1000,50.2,159.4,296.0,0.538,5,7,6,4,6,35,2,0,0,1,0.1
narrow middle,sim,500,,,poor,6.0,average,fading,,1000,38.7,206.7,296.0,0.698,4,9,9,3,5,29,0,0,0,1,0.0
narrow middle,sim,500,,,poor,6.0,average,fading,,1000,39.8,201.2,296.0,0.68,5,9,7,3,5,30,2,1,0,1,0.0
narrow middle,sim,500,,,poor,6.0,average,fading,,1000,53.4,149.8,296.0,0.506,5,7,5,3,7,41,3,0,0,1,0.1
narrow middle,sim,500,,,poor,6.0,average,fading,,1000,34.5,231.9,296.0,0.783,6,10,6,4,5,25,4,1,0,1,0.0
narrow middle,sim,500,,,poor,6.0,average,fading,,1000,38.7,206.7,296.0,0.698,6,9,7,2,5,29,2,0,0,1,0.0
narrow middle,sim,500,,,poor,6.0,average,fading,,1000,31.4,255.1,296.0,0.862,7,10,9,2,4,23,3,0,0,1,0.0
narrow middle,sim,500,,,poor,6.0,average,fading,,1000,38.7,206.8,296.0,0.699,6,9,6,3,6,28,4,1,0,1,0.0
narrow middle,sim,500,,,poor,6.0,average,fading,,1000,47.1,169.8,296.0,0.574,4,7,7,4,6,36,1,0,0,1,0.0
narrow middle,sim,500,,,poor,6.0,average,fading,,1000,38.7,206.7,296.0,0.698,5,9,7,3,5,29,1,1,0,1,0.0
narrow middle,sim,500,,,poor,6.0,average,fading,,1000,44.0,182.0,296.0,0.615,5,7,7,3,6,33,1,0,0,1,0.0
narrow middle,sim,500,,,poor,6.0,average,fading,,1000,45.0,177.7,296.0,0.6,5,9,5,4,6,34,3,2,0,1,0.0
narrow middle,sim,500,,,poor,6.0,average,fading,,1000,30.3,264.2,296.0,0.893,9,11,9,3,5,21,5,1,0,1,0.0
narrow middle,sim,500,,,poor,6.0,average,fading,,1000,50.3,159.2,296.0,0.538,5,9,5,2,7,38,2,1,0,1,0.0
narrow middle,sim,500,,,poor,6.0,average,fading,,1000,40.8,196.1,296.0,0.662,6,9,6,4,6,30,6,0,0,1,0.0
narrow middle,sim,500,,,poor,6.0,average,fading,,1000,37.7,212.4,296.0,0.718,6,9,7,2,5,28,1,1,0,1,0.0
narrow middle,sim,500,,,poor,6.0,average,fading,,1000,37.7,212.4,296.0,0.718,6,9,7,2,5,28,1,1,0,1,0.0
narrow middle,sim,500,,,poor,6.0,average,fading,,1000,38.7,206.7,296.0,0.698,6,9,7,2,5,29,2,0,0,1,0.0
narrow middle,sim,500,,,poor,6.0,average,fading,,1000,59.4,134.6,296.0,0.455,4,9,4,4,8,45,7,1,1,1,0.0
narrow middle,sim,500,,,poor,6.0,average,fading,,1000,34.5,231.9,296.0,0.783,7,10,7,3,5,25,4,1,0,1,0.0
"narrow middle, 1 dB cap",sim,500,floor_margin_db=1.0,,awgn,-18.0,average,fading,,1000,317.9,25.2,35.8,0.703,0,0,0,0,8,48,0,0,0,1,0.0
"narrow middle, 1 dB cap",sim,500,floor_margin_db=1.0,,awgn,-18.0,average,fading,,1000,327.2,24.4,35.8,0.683,0,0,0,0,9,49,1,0,0,1,0.0
"narrow middle, 1 dB cap",sim,500,floor_margin_db=1.0,,awgn,-18.0,average,fading,,1000,316.2,25.3,35.8,0.706,0,0,0,0,8,48,0,0,0,1,0.0
"narrow middle, 1 dB cap",sim,500,floor_margin_db=1.0,,awgn,-18.0,average,fading,,1000,317.1,25.2,35.8,0.704,0,0,0,0,8,48,0,0,0,1,0.0
"narrow middle, 1 dB cap",sim,500,floor_margin_db=1.0,,awgn,-18.0,average,fading,,1000,317.0,25.2,35.8,0.705,0,0,0,0,8,48,0,0,0,1,0.0
"narrow middle, 1 dB cap",sim,500,floor_margin_db=1.0,,awgn,-18.0,average,fading,,1000,316.7,25.3,35.8,0.705,0,0,0,0,8,48,0,0,0,1,0.0
"narrow middle, 1 dB cap",sim,500,floor_margin_db=1.0,,awgn,-18.0,average,fading,,1000,317.4,25.2,35.8,0.704,0,0,0,0,8,48,0,0,0,1,0.0
"narrow middle, 1 dB cap",sim,500,floor_margin_db=1.0,,awgn,-18.0,average,fading,,1000,315.3,25.4,35.8,0.708,0,0,0,0,8,48,0,0,0,1,0.0
"narrow middle, 1 dB cap",sim,500,floor_margin_db=1.0,,awgn,-18.0,average,fading,,1000,317.1,25.2,35.8,0.704,0,0,0,0,8,48,0,0,0,1,0.0
"narrow middle, 1 dB cap",sim,500,floor_margin_db=1.0,,awgn,-18.0,average,fading,,1000,318.1,25.1,35.8,0.702,0,0,0,0,8,48,0,0,0,1,0.0
"narrow middle, 1 dB cap",sim,500,floor_margin_db=1.0,,awgn,-18.0,average,fading,,1000,317.2,25.2,35.8,0.704,0,0,0,0,8,48,0,0,0,1,0.0
"narrow middle, 1 dB cap",sim,500,floor_margin_db=1.0,,awgn,-18.0,average,fading,,1000,315.7,25.3,35.8,0.707,0,0,0,0,8,48,0,0,0,1,0.0
"narrow middle, 1 dB cap",sim,500,floor_margin_db=1.0,,awgn,-18.0,average,fading,,1000,316.1,25.3,35.8,0.706,0,0,0,0,8,48,0,0,0,1,0.0
"narrow middle, 1 dB cap",sim,500,floor_margin_db=1.0,,awgn,-18.0,average,fading,,1000,316.8,25.3,35.8,0.705,0,0,0,0,8,48,0,0,0,1,0.0
"narrow middle, 1 dB cap",sim,500,floor_margin_db=1.0,,awgn,-18.0,average,fading,,1000,316.7,25.3,35.8,0.705,0,0,0,0,8,48,0,0,0,1,0.0
"narrow middle, 1 dB cap",sim,500,floor_margin_db=1.0,,awgn,-18.0,average,fading,,1000,324.8,24.6,35.8,0.688,0,0,0,0,9,49,1,0,0,1,0.0
"narrow middle, 1 dB cap",sim,500,floor_margin_db=1.0,,awgn,-18.0,average,fading,,1000,352.5,22.7,35.8,0.634,0,0,0,0,9,54,6,0,1,1,0.0
"narrow middle, 1 dB cap",sim,500,floor_margin_db=1.0,,awgn,-18.0,average,fading,,1000,316.9,25.2,35.8,0.705,0,0,0,0,8,48,0,0,0,1,0.0
"narrow middle, 1 dB cap",sim,500,floor_margin_db=1.0,,awgn,-18.0,average,fading,,1000,316.0,25.3,35.8,0.707,0,0,0,0,8,48,0,0,0,1,0.0
"narrow middle, 1 dB cap",sim,500,floor_margin_db=1.0,,awgn,-18.0,average,fading,,1000,316.2,25.3,35.8,0.706,0,0,0,0,8,48,0,0,0,1,0.0
"narrow middle, 1 dB cap",sim,500,floor_margin_db=1.0,,awgn,-18.0,average,fading,,1000,315.3,25.4,35.8,0.708,0,0,0,0,8,48,0,0,0,1,0.0
"narrow middle, 1 dB cap",sim,500,floor_margin_db=1.0,,awgn,-18.0,average,fading,,1000,325.3,24.6,35.8,0.687,0,0,0,0,9,49,1,0,0,1,0.0
"narrow middle, 1 dB cap",sim,500,floor_margin_db=1.0,,awgn,-18.0,average,fading,,1000,316.3,25.3,35.8,0.706,0,0,0,0,8,48,0,0,0,1,0.0
"narrow middle, 1 dB cap",sim,500,floor_margin_db=1.0,,awgn,-18.0,average,fading,,1000,325.7,24.6,35.8,0.686,0,0,0,0,9,49,1,0,0,1,0.0
"narrow middle, 1 dB cap",sim,500,floor_margin_db=1.0,,awgn,-18.0,average,fading,,1000,317.6,25.2,35.8,0.703,0,0,0,0,8,48,0,0,0,1,0.0
"narrow middle, 1 dB cap",sim,500,floor_margin_db=1.0,,awgn,-18.0,average,fading,,1000,316.0,25.3,35.8,0.707,0,0,0,0,8,48,0,0,0,1,0.0
"narrow middle, 1 dB cap",sim,500,floor_margin_db=1.0,,awgn,-18.0,average,fading,,1000,316.1,25.3,35.8,0.706,0,0,0,0,8,48,0,0,0,1,0.0
"narrow middle, 1 dB cap",sim,500,floor_margin_db=1.0,,awgn,-18.0,average,fading,,1000,318.1,25.2,35.8,0.702,0,0,0,0,8,48,0,0,0,1,0.0
"narrow middle, 1 dB cap",sim,500,floor_margin_db=1.0,,awgn,-18.0,average,fading,,1000,316.7,25.3,35.8,0.705,0,0,0,0,8,48,0,0,0,1,0.0
"narrow middle, 1 dB cap",sim,500,floor_margin_db=1.0,,awgn,-18.0,average,fading,,1000,326.3,24.5,35.8,0.684,0,0,0,0,9,49,1,0,0,1,0.0
"narrow middle, 1 dB cap",sim,500,floor_margin_db=1.0,,awgn,-14.0,average,fading,,1000,281.5,28.4,76.1,0.373,0,1,1,1,7,42,0,0,0,1,0.0
"narrow middle, 1 dB cap",sim,500,floor_margin_db=1.0,,awgn,-14.0,average,fading,,1000,270.6,29.6,76.1,0.388,0,1,1,1,7,40,0,0,0,1,0.0
"narrow middle, 1 dB cap",sim,500,floor_margin_db=1.0,,awgn,-14.0,average,fading,,1000,279.8,28.6,76.1,0.376,0,1,1,1,7,42,0,0,0,1,0.0
"narrow middle, 1 dB cap",sim,500,floor_margin_db=1.0,,awgn,-14.0,average,fading,,1000,280.8,28.5,76.1,0.374,0,1,1,1,7,42,0,0,0,1,0.0
"narrow middle, 1 dB cap",sim,500,floor_margin_db=1.0,,awgn,-14.0,average,fading,,1000,280.6,28.5,76.1,0.375,0,1,1,1,7,42,0,0,0,1,0.0
"narrow middle, 1 dB cap",sim,500,floor_margin_db=1.0,,awgn,-14.0,average,fading,,1000,280.4,28.5,76.1,0.375,0,1,1,1,7,42,0,0,0,1,0.0
"narrow middle, 1 dB cap",sim,500,floor_margin_db=1.0,,awgn,-14.0,average,fading,,1000,270.3,29.6,76.1,0.389,0,1,1,1,7,40,0,0,0,1,0.0
"narrow middle, 1 dB cap",sim,500,floor_margin_db=1.0,,awgn,-14.0,average,fading,,1000,279.0,28.7,76.1,0.377,0,1,1,1,7,42,0,0,0,1,0.0
"narrow middle, 1 dB cap",sim,500,floor_margin_db=1.0,,awgn,-14.0,average,fading,,1000,295.7,27.1,76.1,0.355,0,1,1,1,8,44,0,0,0,1,0.0
"narrow middle, 1 dB cap",sim,500,floor_margin_db=1.0,,awgn,-14.0,average,fading,,1000,281.7,28.4,76.1,0.373,0,1,1,1,7,42,0,0,0,1,0.0
"narrow middle, 1 dB cap",sim,500,floor_margin_db=1.0,,awgn,-14.0,average,fading,,1000,270.1,29.6,76.1,0.389,0,1,1,1,7,40,0,0,0,1,0.0
"narrow middle, 1 dB cap",sim,500,floor_margin_db=1.0,,awgn,-14.0,average,fading,,1000,294.3,27.2,76.1,0.357,0,1,1,1,8,44,0,0,0,1,0.1
"narrow middle, 1 dB cap",sim,500,floor_margin_db=1.0,,awgn,-14.0,average,fading,,1000,279.8,28.6,76.1,0.376,0,1,1,1,7,42,0,0,0,1,0.0
"narrow middle, 1 dB cap",sim,500,floor_margin_db=1.0,,awgn,-14.0,average,fading,,1000,280.4,28.5,76.1,0.375,0,1,1,1,7,42,0,0,0,1,0.0
"narrow middle, 1 dB cap",sim,500,floor_margin_db=1.0,,awgn,-14.0,average,fading,,1000,295.2,27.1,76.1,0.356,0,1,1,1,8,44,0,0,0,1,0.0
"narrow middle, 1 dB cap",sim,500,floor_margin_db=1.0,,awgn,-14.0,average,fading,,1000,293.8,27.2,76.1,0.358,0,1,1,1,8,44,0,0,0,1,0.0
"narrow middle, 1 dB cap",sim,500,floor_margin_db=1.0,,awgn,-14.0,average,fading,,1000,279.0,28.7,76.1,0.377,0,1,1,1,7,42,0,0,0,1,0.0
"narrow middle, 1 dB cap",sim,500,floor_margin_db=1.0,,awgn,-14.0,average,fading,,1000,295.5,27.1,76.1,0.356,0,1,1,1,8,44,0,0,0,1,0.0
"narrow middle, 1 dB cap",sim,500,floor_margin_db=1.0,,awgn,-14.0,average,fading,,1000,279.7,28.6,76.1,0.376,0,1,1,1,7,42,0,0,0,1,0.0
"narrow middle, 1 dB cap",sim,500,floor_margin_db=1.0,,awgn,-14.0,average,fading,,1000,294.7,27.1,76.1,0.357,0,1,1,1,8,44,0,0,0,1,0.0
"narrow middle, 1 dB cap",sim,500,floor_margin_db=1.0,,awgn,-14.0,average,fading,,1000,293.9,27.2,76.1,0.358,0,1,1,1,8,44,0,0,0,1,0.0
"narrow middle, 1 dB cap",sim,500,floor_margin_db=1.0,,awgn,-14.0,average,fading,,1000,294.3,27.2,76.1,0.357,0,1,1,1,8,44,0,0,0,1,0.0
"narrow middle, 1 dB cap",sim,500,floor_margin_db=1.0,,awgn,-14.0,average,fading,,1000,279.9,28.6,76.1,0.375,0,1,1,1,7,42,0,0,0,1,0.0
"narrow middle, 1 dB cap",sim,500,floor_margin_db=1.0,,awgn,-14.0,average,fading,,1000,294.7,27.1,76.1,0.357,0,1,1,1,8,44,0,0,0,1,0.0
"narrow middle, 1 dB cap",sim,500,floor_margin_db=1.0,,awgn,-14.0,average,fading,,1000,254.4,31.4,76.1,0.413,0,1,1,1,7,37,0,0,0,1,0.0
"narrow middle, 1 dB cap",sim,500,floor_margin_db=1.0,,awgn,-14.0,average,fading,,1000,294.6,27.2,76.1,0.357,0,1,1,1,8,44,0,0,0,1,0.0
"narrow middle, 1 dB cap",sim,500,floor_margin_db=1.0,,awgn,-14.0,average,fading,,1000,294.7,27.1,76.1,0.357,0,1,1,1,8,44,0,0,0,1,0.0
"narrow middle, 1 dB cap",sim,500,floor_margin_db=1.0,,awgn,-14.0,average,fading,,1000,281.7,28.4,76.1,0.373,0,1,1,1,7,42,0,0,0,1,0.0
"narrow middle, 1 dB cap",sim,500,floor_margin_db=1.0,,awgn,-14.0,average,fading,,1000,280.3,28.5,76.1,0.375,0,1,1,1,7,42,0,0,0,1,0.0
"narrow middle, 1 dB cap",sim,500,floor_margin_db=1.0,,awgn,-14.0,average,fading,,1000,295.3,27.1,76.1,0.356,0,1,1,1,8,44,0,0,0,1,0.0
"narrow middle, 1 dB cap",sim,500,floor_margin_db=1.0,,awgn,-12.0,average,fading,,1000,229.1,34.9,111.9,0.312,0,1,1,1,6,33,0,0,0,1,0.0
"narrow middle, 1 dB cap",sim,500,floor_margin_db=1.0,,awgn,-12.0,average,fading,,1000,228.8,35.0,111.9,0.312,0,1,1,1,6,33,0,0,0,1,0.0
"narrow middle, 1 dB cap",sim,500,floor_margin_db=1.0,,awgn,-12.0,average,fading,,1000,227.4,35.2,111.9,0.314,0,1,1,1,6,33,0,0,0,1,0.0
"narrow middle, 1 dB cap",sim,500,floor_margin_db=1.0,,awgn,-12.0,average,fading,,1000,228.3,35.0,111.9,0.313,0,1,1,1,6,33,0,0,0,1,0.0
"narrow middle, 1 dB cap",sim,500,floor_margin_db=1.0,,awgn,-12.0,average,fading,,1000,228.2,35.1,111.9,0.313,0,1,1,1,6,33,0,0,0,1,0.0
"narrow middle, 1 dB cap",sim,500,floor_margin_db=1.0,,awgn,-12.0,average,fading,,1000,227.9,35.1,111.9,0.314,0,1,1,1,6,33,0,0,0,1,0.0
"narrow middle, 1 dB cap",sim,500,floor_margin_db=1.0,,awgn,-12.0,average,fading,,1000,228.6,35.0,111.9,0.313,0,1,1,1,6,33,0,0,0,1,0.0
"narrow middle, 1 dB cap",sim,500,floor_margin_db=1.0,,awgn,-12.0,average,fading,,1000,226.5,35.3,111.9,0.316,0,1,1,1,6,33,0,0,0,1,0.0
"narrow middle, 1 dB cap",sim,500,floor_margin_db=1.0,,awgn,-12.0,average,fading,,1000,228.3,35.0,111.9,0.313,0,1,1,1,6,33,0,0,0,1,0.0
"narrow middle, 1 dB cap",sim,500,floor_margin_db=1.0,,awgn,-12.0,average,fading,,1000,229.3,34.9,111.9,0.312,0,1,1,1,6,33,0,0,0,1,0.0
"narrow middle, 1 dB cap",sim,500,floor_margin_db=1.0,,awgn,-12.0,average,fading,,1000,228.4,35.0,111.9,0.313,0,1,1,1,6,33,0,0,0,1,0.0
"narrow middle, 1 dB cap",sim,500,floor_margin_db=1.0,,awgn,-12.0,average,fading,,1000,226.9,35.3,111.9,0.315,0,1,1,1,6,33,0,0,0,1,0.0
"narrow middle, 1 dB cap",sim,500,floor_margin_db=1.0,,awgn,-12.0,average,fading,,1000,227.3,35.2,111.9,0.314,0,1,1,1,6,33,0,0,0,1,0.0
"narrow middle, 1 dB cap",sim,500,floor_margin_db=1.0,,awgn,-12.0,average,fading,,1000,228.0,35.1,111.9,0.313,0,1,1,1,6,33,0,0,0,1,0.0
"narrow middle, 1 dB cap",sim,500,floor_margin_db=1.0,,awgn,-12.0,average,fading,,1000,227.8,35.1,111.9,0.314,0,1,1,1,6,33,0,0,0,1,0.0
"narrow middle, 1 dB cap",sim,500,floor_margin_db=1.0,,awgn,-12.0,average,fading,,1000,226.4,35.3,111.9,0.316,0,1,1,1,6,33,0,0,0,1,0.0
"narrow middle, 1 dB cap",sim,500,floor_margin_db=1.0,,awgn,-12.0,average,fading,,1000,226.5,35.3,111.9,0.315,0,1,1,1,6,33,0,0,0,1,0.1
"narrow middle, 1 dB cap",sim,500,floor_margin_db=1.0,,awgn,-12.0,average,fading,,1000,228.1,35.1,111.9,0.313,0,1,1,1,6,33,0,0,0,1,0.0
"narrow middle, 1 dB cap",sim,500,floor_margin_db=1.0,,awgn,-12.0,average,fading,,1000,227.2,35.2,111.9,0.315,0,1,1,1,6,33,0,0,0,1,0.0
"narrow middle, 1 dB cap",sim,500,floor_margin_db=1.0,,awgn,-12.0,average,fading,,1000,227.3,35.2,111.9,0.314,0,1,1,1,6,33,0,0,0,1,0.0
"narrow middle, 1 dB cap",sim,500,floor_margin_db=1.0,,awgn,-12.0,average,fading,,1000,226.5,35.3,111.9,0.315,0,1,1,1,6,33,0,0,0,1,0.0
"narrow middle, 1 dB cap",sim,500,floor_margin_db=1.0,,awgn,-12.0,average,fading,,1000,226.9,35.3,111.9,0.315,0,1,1,1,6,33,0,0,0,1,0.0
"narrow middle, 1 dB cap",sim,500,floor_margin_db=1.0,,awgn,-12.0,average,fading,,1000,227.5,35.2,111.9,0.314,0,1,1,1,6,33,0,0,0,1,0.0
"narrow middle, 1 dB cap",sim,500,floor_margin_db=1.0,,awgn,-12.0,average,fading,,1000,227.3,35.2,111.9,0.314,0,1,1,1,6,33,0,0,0,1,0.0
"narrow middle, 1 dB cap",sim,500,floor_margin_db=1.0,,awgn,-12.0,average,fading,,1000,228.8,35.0,111.9,0.312,0,1,1,1,6,33,0,0,0,1,0.0
"narrow middle, 1 dB cap",sim,500,floor_margin_db=1.0,,awgn,-12.0,average,fading,,1000,227.2,35.2,111.9,0.315,0,1,1,1,6,33,0,0,0,1,0.0
"narrow middle, 1 dB cap",sim,500,floor_margin_db=1.0,,awgn,-12.0,average,fading,,1000,227.3,35.2,111.9,0.314,0,1,1,1,6,33,0,0,0,1,0.0
"narrow middle, 1 dB cap",sim,500,floor_margin_db=1.0,,awgn,-12.0,average,fading,,1000,229.3,34.9,111.9,0.312,0,1,1,1,6,33,0,0,0,1,0.0
"narrow middle, 1 dB cap",sim,500,floor_margin_db=1.0,,awgn,-12.0,average,fading,,1000,227.9,35.1,111.9,0.314,0,1,1,1,6,33,0,0,0,1,0.0
"narrow middle, 1 dB cap",sim,500,floor_margin_db=1.0,,awgn,-12.0,average,fading,,1000,228.0,35.1,111.9,0.314,0,1,1,1,6,33,0,0,0,1,0.0
"narrow middle, 1 dB cap",sim,500,floor_margin_db=1.0,,awgn,-10.0,average,fading,,1000,192.7,41.5,111.9,0.371,0,2,2,2,5,27,0,0,0,1,0.0
"narrow middle, 1 dB cap",sim,500,floor_margin_db=1.0,,awgn,-10.0,average,fading,,1000,181.7,44.0,111.9,0.393,0,2,2,1,5,25,0,0,0,1,0.0
"narrow middle, 1 dB cap",sim,500,floor_margin_db=1.0,,awgn,-10.0,average,fading,,1000,191.0,41.9,111.9,0.374,0,2,2,2,5,27,0,0,0,1,0.0
"narrow middle, 1 dB cap",sim,500,floor_margin_db=1.0,,awgn,-10.0,average,fading,,1000,181.2,44.1,111.9,0.394,0,2,2,1,5,25,0,0,0,1,0.0
"narrow middle, 1 dB cap",sim,500,floor_margin_db=1.0,,awgn,-10.0,average,fading,,1000,191.8,41.7,111.9,0.373,0,2,2,2,5,27,0,0,0,1,0.0
"narrow middle, 1 dB cap",sim,500,floor_margin_db=1.0,,awgn,-10.0,average,fading,,1000,180.8,44.2,111.9,0.395,0,2,2,1,5,25,0,0,0,1,0.0
"narrow middle, 1 dB cap",sim,500,floor_margin_db=1.0,,awgn,-10.0,average,fading,,1000,181.5,44.1,111.9,0.394,0,2,2,1,5,25,0,0,0,1,0.0
"narrow middle, 1 dB cap",sim,500,floor_margin_db=1.0,,awgn,-10.0,average,fading,,1000,190.1,42.1,111.9,0.376,0,2,2,2,5,27,0,0,0,1,0.0
"narrow middle, 1 dB cap",sim,500,floor_margin_db=1.0,,awgn,-10.0,average,fading,,1000,181.2,44.1,111.9,0.394,0,2,2,1,5,25,0,0,0,1,0.0
"narrow middle, 1 dB cap",sim,500,floor_margin_db=1.0,,awgn,-10.0,average,fading,,1000,182.2,43.9,111.9,0.392,0,2,2,1,5,25,0,0,0,1,0.0
"narrow middle, 1 dB cap",sim,500,floor_margin_db=1.0,,awgn,-10.0,average,fading,,1000,181.3,44.1,111.9,0.394,0,2,2,1,5,25,0,0,0,1,0.0
"narrow middle, 1 dB cap",sim,500,floor_margin_db=1.0,,awgn,-10.0,average,fading,,1000,190.5,42.0,111.9,0.375,0,2,2,2,5,27,0,0,0,1,0.0
"narrow middle, 1 dB cap",sim,500,floor_margin_db=1.0,,awgn,-10.0,average,fading,,1000,180.2,44.4,111.9,0.397,0,2,2,1,5,25,0,0,0,1,0.0
"narrow middle, 1 dB cap",sim,500,floor_margin_db=1.0,,awgn,-10.0,average,fading,,1000,180.9,44.2,111.9,0.395,0,2,2,1,5,25,0,0,0,1,0.0
"narrow middle, 1 dB cap",sim,500,floor_margin_db=1.0,,awgn,-10.0,average,fading,,1000,191.5,41.8,111.9,0.373,0,2,2,2,5,27,0,0,0,1,0.0
"narrow middle, 1 dB cap",sim,500,floor_margin_db=1.0,,awgn,-10.0,average,fading,,1000,179.3,44.6,111.9,0.398,0,2,2,1,5,25,0,0,0,1,0.0
"narrow middle, 1 dB cap",sim,500,floor_margin_db=1.0,,awgn,-10.0,average,fading,,1000,179.4,44.6,111.9,0.398,0,2,2,1,5,25,0,0,0,1,0.0
"narrow middle, 1 dB cap",sim,500,floor_margin_db=1.0,,awgn,-10.0,average,fading,,1000,191.7,41.7,111.9,0.373,0,2,2,2,5,27,0,0,0,1,0.0
"narrow middle, 1 dB cap",sim,500,floor_margin_db=1.0,,awgn,-10.0,average,fading,,1000,180.1,44.4,111.9,0.397,0,2,2,1,5,25,0,0,0,1,0.0
"narrow middle, 1 dB cap",sim,500,floor_margin_db=1.0,,awgn,-10.0,average,fading,,1000,191.0,41.9,111.9,0.374,0,2,2,2,5,27,0,0,0,1,0.0
"narrow middle, 1 dB cap",sim,500,floor_margin_db=1.0,,awgn,-10.0,average,fading,,1000,179.4,44.6,111.9,0.398,0,2,2,1,5,25,0,0,0,1,0.0
"narrow middle, 1 dB cap",sim,500,floor_margin_db=1.0,,awgn,-10.0,average,fading,,1000,190.6,42.0,111.9,0.375,0,2,2,2,5,27,0,0,0,1,0.0
"narrow middle, 1 dB cap",sim,500,floor_margin_db=1.0,,awgn,-10.0,average,fading,,1000,180.4,44.4,111.9,0.396,0,2,2,1,5,25,0,0,0,1,0.0
"narrow middle, 1 dB cap",sim,500,floor_margin_db=1.0,,awgn,-10.0,average,fading,,1000,190.9,41.9,111.9,0.374,0,2,2,2,5,27,0,0,0,1,0.0
"narrow middle, 1 dB cap",sim,500,floor_margin_db=1.0,,awgn,-10.0,average,fading,,1000,181.7,44.0,111.9,0.393,0,2,2,1,5,25,0,0,0,1,0.0
"narrow middle, 1 dB cap",sim,500,floor_margin_db=1.0,,awgn,-10.0,average,fading,,1000,190.8,41.9,111.9,0.374,0,2,2,2,5,27,0,0,0,1,0.0
"narrow middle, 1 dB cap",sim,500,floor_margin_db=1.0,,awgn,-10.0,average,fading,,1000,180.2,44.4,111.9,0.397,0,2,2,1,5,25,0,0,0,1,0.0
"narrow middle, 1 dB cap",sim,500,floor_margin_db=1.0,,awgn,-10.0,average,fading,,1000,182.2,43.9,111.9,0.392,0,2,2,1,5,25,0,0,0,1,0.0
"narrow middle, 1 dB cap",sim,500,floor_margin_db=1.0,,awgn,-10.0,average,fading,,1000,180.8,44.2,111.9,0.395,0,2,2,1,5,25,0,0,0,1,0.0
"narrow middle, 1 dB cap",sim,500,floor_margin_db=1.0,,awgn,-10.0,average,fading,,1000,196.9,40.6,111.9,0.363,0,2,2,2,5,28,0,0,0,1,0.0
"narrow middle, 1 dB cap",sim,500,floor_margin_db=1.0,,awgn,-8.0,average,fading,,1000,156.3,51.2,111.9,0.457,0,3,3,2,4,21,0,0,0,1,0.0
"narrow middle, 1 dB cap",sim,500,floor_margin_db=1.0,,awgn,-8.0,average,fading,,1000,135.8,58.9,111.9,0.526,1,3,3,1,3,18,0,0,0,1,0.0
"narrow middle, 1 dB cap",sim,500,floor_margin_db=1.0,,awgn,-8.0,average,fading,,1000,134.3,59.6,111.9,0.532,1,3,3,1,3,18,0,0,0,1,0.0
"narrow middle, 1 dB cap",sim,500,floor_margin_db=1.0,,awgn,-8.0,average,fading,,1000,135.3,59.1,111.9,0.528,1,3,3,1,3,18,0,0,0,1,0.0
"narrow middle, 1 dB cap",sim,500,floor_margin_db=1.0,,awgn,-8.0,average,fading,,1000,135.1,59.2,111.9,0.529,1,3,3,1,3,18,0,0,0,1,0.0
"narrow middle, 1 dB cap",sim,500,floor_margin_db=1.0,,awgn,-8.0,average,fading,,1000,134.9,59.3,111.9,0.53,1,3,3,1,3,18,0,0,0,1,0.0
"narrow middle, 1 dB cap",sim,500,floor_margin_db=1.0,,awgn,-8.0,average,fading,,1000,135.6,59.0,111.9,0.527,1,3,3,1,3,18,0,0,0,1,0.0
"narrow middle, 1 dB cap",sim,500,floor_margin_db=1.0,,awgn,-8.0,average,fading,,1000,133.5,59.9,111.9,0.535,1,3,3,1,3,18,0,0,0,1,0.0
"narrow middle, 1 dB cap",sim,500,floor_margin_db=1.0,,awgn,-8.0,average,fading,,1000,135.3,59.1,111.9,0.528,1,3,3,1,3,18,0,0,0,1,0.0
"narrow middle, 1 dB cap",sim,500,floor_margin_db=1.0,,awgn,-8.0,average,fading,,1000,136.3,58.7,111.9,0.525,1,3,3,1,3,18,0,0,0,1,0.0
"narrow middle, 1 dB cap",sim,500,floor_margin_db=1.0,,awgn,-8.0,average,fading,,1000,135.4,59.1,111.9,0.528,1,3,3,1,3,18,0,0,0,1,0.0
"narrow middle, 1 dB cap",sim,500,floor_margin_db=1.0,,awgn,-8.0,average,fading,,1000,133.9,59.8,111.9,0.534,1,3,3,1,3,18,0,0,0,1,0.0
"narrow middle, 1 dB cap",sim,500,floor_margin_db=1.0,,awgn,-8.0,average,fading,,1000,134.3,59.6,111.9,0.532,1,3,3,1,3,18,0,0,0,1,0.0
"narrow middle, 1 dB cap",sim,500,floor_margin_db=1.0,,awgn,-8.0,average,fading,,1000,134.9,59.3,111.9,0.53,1,3,3,1,3,18,0,0,0,1,0.0
"narrow middle, 1 dB cap",sim,500,floor_margin_db=1.0,,awgn,-8.0,average,fading,,1000,134.8,59.3,111.9,0.53,1,3,3,1,3,18,0,0,0,1,0.0
"narrow middle, 1 dB cap",sim,500,floor_margin_db=1.0,,awgn,-8.0,average,fading,,1000,133.4,60.0,111.9,0.536,1,3,3,1,3,18,0,0,0,1,0.0
"narrow middle, 1 dB cap",sim,500,floor_margin_db=1.0,,awgn,-8.0,average,fading,,1000,133.5,59.9,111.9,0.535,1,3,3,1,3,18,0,0,0,1,0.0
"narrow middle, 1 dB cap",sim,500,floor_margin_db=1.0,,awgn,-8.0,average,fading,,1000,155.4,51.5,111.9,0.46,0,3,3,2,4,21,0,0,0,1,0.0
"narrow middle, 1 dB cap",sim,500,floor_margin_db=1.0,,awgn,-8.0,average,fading,,1000,134.2,59.6,111.9,0.533,1,3,3,1,3,18,0,0,0,1,0.0
"narrow middle, 1 dB cap",sim,500,floor_margin_db=1.0,,awgn,-8.0,average,fading,,1000,134.3,59.6,111.9,0.532,1,3,3,1,3,18,0,0,0,1,0.0
"narrow middle, 1 dB cap",sim,500,floor_margin_db=1.0,,awgn,-8.0,average,fading,,1000,133.5,59.9,111.9,0.535,1,3,3,1,3,18,0,0,0,1,0.0
"narrow middle, 1 dB cap",sim,500,floor_margin_db=1.0,,awgn,-8.0,average,fading,,1000,154.2,51.9,111.9,0.464,0,3,3,2,4,21,0,0,0,1,0.0
"narrow middle, 1 dB cap",sim,500,floor_margin_db=1.0,,awgn,-8.0,average,fading,,1000,134.4,59.5,111.9,0.532,1,3,3,1,3,18,0,0,0,1,0.0
"narrow middle, 1 dB cap",sim,500,floor_margin_db=1.0,,awgn,-8.0,average,fading,,1000,134.3,59.6,111.9,0.532,1,3,3,1,3,18,0,0,0,1,0.0
"narrow middle, 1 dB cap",sim,500,floor_margin_db=1.0,,awgn,-8.0,average,fading,,1000,135.7,58.9,111.9,0.527,1,3,3,1,3,18,0,0,0,1,0.0
"narrow middle, 1 dB cap",sim,500,floor_margin_db=1.0,,awgn,-8.0,average,fading,,1000,134.2,59.6,111.9,0.533,1,3,3,1,3,18,0,0,0,1,0.0
"narrow middle, 1 dB cap",sim,500,floor_margin_db=1.0,,awgn,-8.0,average,fading,,1000,134.3,59.6,111.9,0.532,1,3,3,1,3,18,0,0,0,1,0.0
"narrow middle, 1 dB cap",sim,500,floor_margin_db=1.0,,awgn,-8.0,average,fading,,1000,136.2,58.7,111.9,0.525,1,3,3,1,3,18,0,0,0,1,0.0
"narrow middle, 1 dB cap",sim,500,floor_margin_db=1.0,,awgn,-8.0,average,fading,,1000,134.9,59.3,111.9,0.53,1,3,3,1,3,18,0,0,0,1,0.0
"narrow middle, 1 dB cap",sim,500,floor_margin_db=1.0,,awgn,-8.0,average,fading,,1000,155.2,51.5,111.9,0.46,0,3,3,2,4,21,0,0,0,1,0.0
"narrow middle, 1 dB cap",sim,500,floor_margin_db=1.0,,awgn,-6.0,average,fading,,1000,156.3,51.2,113.9,0.449,0,3,3,2,4,21,1,0,0,1,0.0
"narrow middle, 1 dB cap",sim,500,floor_margin_db=1.0,,awgn,-6.0,average,fading,,1000,156.1,51.3,113.9,0.45,0,3,3,2,4,21,1,0,0,1,0.0
"narrow middle, 1 dB cap",sim,500,floor_margin_db=1.0,,awgn,-6.0,average,fading,,1000,117.6,68.0,113.9,0.597,1,3,3,1,3,18,0,0,0,1,0.0
"narrow middle, 1 dB cap",sim,500,floor_margin_db=1.0,,awgn,-6.0,average,fading,,1000,155.6,51.4,113.9,0.452,0,3,3,2,4,21,1,0,0,1,0.0
"narrow middle, 1 dB cap",sim,500,floor_margin_db=1.0,,awgn,-6.0,average,fading,,1000,150.1,53.3,113.9,0.468,0,3,3,1,4,20,1,0,0,1,0.0
"narrow middle, 1 dB cap",sim,500,floor_margin_db=1.0,,awgn,-6.0,average,fading,,1000,134.9,59.3,113.9,0.521,1,3,3,1,3,18,0,0,0,1,0.0
"narrow middle, 1 dB cap",sim,500,floor_margin_db=1.0,,awgn,-6.0,average,fading,,1000,135.6,59.0,113.9,0.518,1,3,3,1,3,18,0,0,0,1,0.0
"narrow middle, 1 dB cap",sim,500,floor_margin_db=1.0,,awgn,-6.0,average,fading,,1000,117.6,68.0,113.9,0.597,1,3,3,1,3,18,0,0,0,1,0.0
"narrow middle, 1 dB cap",sim,500,floor_margin_db=1.0,,awgn,-6.0,average,fading,,1000,135.3,59.1,113.9,0.519,1,3,3,1,3,18,0,0,0,1,0.0
"narrow middle, 1 dB cap",sim,500,floor_margin_db=1.0,,awgn,-6.0,average,fading,,1000,136.3,58.7,113.9,0.516,1,3,3,1,3,18,0,0,0,1,0.0
"narrow middle, 1 dB cap",sim,500,floor_margin_db=1.0,,awgn,-6.0,average,fading,,1000,135.4,59.1,113.9,0.519,1,3,3,1,3,18,0,0,0,1,0.0
"narrow middle, 1 dB cap",sim,500,floor_margin_db=1.0,,awgn,-6.0,average,fading,,1000,133.9,59.8,113.9,0.525,1,3,3,1,3,18,0,0,0,1,0.0
"narrow middle, 1 dB cap",sim,500,floor_margin_db=1.0,,awgn,-6.0,average,fading,,1000,117.6,68.0,113.9,0.597,1,3,3,1,3,18,0,0,0,1,0.0
"narrow middle, 1 dB cap",sim,500,floor_margin_db=1.0,,awgn,-6.0,average,fading,,1000,134.9,59.3,113.9,0.521,1,3,3,1,3,18,0,0,0,1,0.0
"narrow middle, 1 dB cap",sim,500,floor_margin_db=1.0,,awgn,-6.0,average,fading,,1000,149.7,53.4,113.9,0.469,0,3,3,1,4,20,1,0,0,1,0.0
"narrow middle, 1 dB cap",sim,500,floor_margin_db=1.0,,awgn,-6.0,average,fading,,1000,133.4,60.0,113.9,0.527,1,3,3,1,3,18,0,0,0,1,0.0
"narrow middle, 1 dB cap",sim,500,floor_margin_db=1.0,,awgn,-6.0,average,fading,,1000,133.5,59.9,113.9,0.526,1,3,3,1,3,18,0,0,0,1,0.0
"narrow middle, 1 dB cap",sim,500,floor_margin_db=1.0,,awgn,-6.0,average,fading,,1000,121.9,65.6,113.9,0.576,1,3,3,1,3,18,0,0,0,1,0.0
"narrow middle, 1 dB cap",sim,500,floor_margin_db=1.0,,awgn,-6.0,average,fading,,1000,134.2,59.6,113.9,0.524,1,3,3,1,3,18,0,0,0,1,0.0
"narrow middle, 1 dB cap",sim,500,floor_margin_db=1.0,,awgn,-6.0,average,fading,,1000,134.3,59.6,113.9,0.523,1,3,3,1,3,18,0,0,0,1,0.0
"narrow middle, 1 dB cap",sim,500,floor_margin_db=1.0,,awgn,-6.0,average,fading,,1000,148.4,53.9,113.9,0.473,0,3,3,1,4,20,1,0,0,1,0.0
"narrow middle, 1 dB cap",sim,500,floor_margin_db=1.0,,awgn,-6.0,average,fading,,1000,148.8,53.8,113.9,0.472,0,3,3,1,4,20,1,0,0,1,0.0
"narrow middle, 1 dB cap",sim,500,floor_margin_db=1.0,,awgn,-6.0,average,fading,,1000,149.4,53.6,113.9,0.47,0,3,3,1,4,20,1,0,0,1,0.1
"narrow middle, 1 dB cap",sim,500,floor_margin_db=1.0,,awgn,-6.0,average,fading,,1000,134.3,59.6,113.9,0.523,1,3,3,1,3,18,0,0,0,1,0.0
"narrow middle, 1 dB cap",sim,500,floor_margin_db=1.0,,awgn,-6.0,average,fading,,1000,135.7,58.9,113.9,0.518,1,3,3,1,3,18,0,0,0,1,0.0
"narrow middle, 1 dB cap",sim,500,floor_margin_db=1.0,,awgn,-6.0,average,fading,,1000,134.2,59.6,113.9,0.524,1,3,3,1,3,18,0,0,0,1,0.0
"narrow middle, 1 dB cap",sim,500,floor_margin_db=1.0,,awgn,-6.0,average,fading,,1000,134.3,59.6,113.9,0.523,1,3,3,1,3,18,0,0,0,1,0.0
"narrow middle, 1 dB cap",sim,500,floor_margin_db=1.0,,awgn,-6.0,average,fading,,1000,151.2,52.9,113.9,0.465,0,3,3,1,4,20,1,0,0,1,0.0
"narrow middle, 1 dB cap",sim,500,floor_margin_db=1.0,,awgn,-6.0,average,fading,,1000,155.2,51.6,113.9,0.453,0,3,3,2,4,21,1,0,0,1,0.0
"narrow middle, 1 dB cap",sim,500,floor_margin_db=1.0,,awgn,-6.0,average,fading,,1000,149.9,53.4,113.9,0.469,0,3,3,1,4,20,1,0,0,1,0.0
"narrow middle, 1 dB cap",sim,500,floor_margin_db=1.0,,awgn,-4.0,average,fading,,1000,117.6,68.0,189.8,0.358,1,3,3,1,3,18,0,0,0,1,0.0
"narrow middle, 1 dB cap",sim,500,floor_margin_db=1.0,,awgn,-4.0,average,fading,,1000,117.6,68.0,189.8,0.358,1,3,3,1,3,18,0,0,0,1,0.0
"narrow middle, 1 dB cap",sim,500,floor_margin_db=1.0,,awgn,-4.0,average,fading,,1000,117.6,68.0,189.8,0.358,1,3,3,1,3,18,0,0,0,1,0.0
"narrow middle, 1 dB cap",sim,500,floor_margin_db=1.0,,awgn,-4.0,average,fading,,1000,117.6,68.0,189.8,0.358,1,3,3,1,3,18,0,0,0,1,0.0
"narrow middle, 1 dB cap",sim,500,floor_margin_db=1.0,,awgn,-4.0,average,fading,,1000,105.9,75.5,189.8,0.398,4,4,4,0,14,84,0,0,0,1,0.0
"narrow middle, 1 dB cap",sim,500,floor_margin_db=1.0,,awgn,-4.0,average,fading,,1000,117.6,68.0,189.8,0.358,1,3,3,1,3,18,0,0,0,1,0.0
"narrow middle, 1 dB cap",sim,500,floor_margin_db=1.0,,awgn,-4.0,average,fading,,1000,117.6,68.0,189.8,0.358,1,3,3,1,3,18,0,0,0,1,0.0
"narrow middle, 1 dB cap",sim,500,floor_margin_db=1.0,,awgn,-4.0,average,fading,,1000,117.6,68.0,189.8,0.358,1,3,3,1,3,18,0,0,0,1,0.0
"narrow middle, 1 dB cap",sim,500,floor_margin_db=1.0,,awgn,-4.0,average,fading,,1000,117.6,68.0,189.8,0.358,1,3,3,1,3,18,0,0,0,1,0.0
"narrow middle, 1 dB cap",sim,500,floor_margin_db=1.0,,awgn,-4.0,average,fading,,1000,117.6,68.0,189.8,0.358,1,3,3,1,3,18,0,0,0,1,0.0
"narrow middle, 1 dB cap",sim,500,floor_margin_db=1.0,,awgn,-4.0,average,fading,,1000,117.6,68.0,189.8,0.358,1,3,3,1,3,18,0,0,0,1,0.0
"narrow middle, 1 dB cap",sim,500,floor_margin_db=1.0,,awgn,-4.0,average,fading,,1000,117.6,68.0,189.8,0.358,1,3,3,1,3,18,0,0,0,1,0.0
"narrow middle, 1 dB cap",sim,500,floor_margin_db=1.0,,awgn,-4.0,average,fading,,1000,117.6,68.0,189.8,0.358,1,3,3,1,3,18,0,0,0,1,0.0
"narrow middle, 1 dB cap",sim,500,floor_margin_db=1.0,,awgn,-4.0,average,fading,,1000,117.6,68.0,189.8,0.358,1,3,3,1,3,18,0,0,0,1,0.0
"narrow middle, 1 dB cap",sim,500,floor_margin_db=1.0,,awgn,-4.0,average,fading,,1000,122.2,65.5,189.8,0.345,2,4,4,4,16,96,12,0,2,1,0.0
"narrow middle, 1 dB cap",sim,500,floor_margin_db=1.0,,awgn,-4.0,average,fading,,1000,117.6,68.0,189.8,0.358,1,3,3,1,3,18,0,0,0,1,0.0
"narrow middle, 1 dB cap",sim,500,floor_margin_db=1.0,,awgn,-4.0,average,fading,,1000,117.6,68.0,189.8,0.358,1,3,3,1,3,18,0,0,0,1,0.0
"narrow middle, 1 dB cap",sim,500,floor_margin_db=1.0,,awgn,-4.0,average,fading,,1000,117.6,68.0,189.8,0.358,1,3,3,1,3,18,0,0,0,1,0.0
"narrow middle, 1 dB cap",sim,500,floor_margin_db=1.0,,awgn,-4.0,average,fading,,1000,117.6,68.0,189.8,0.358,1,3,3,1,3,18,0,0,0,1,0.0
"narrow middle, 1 dB cap",sim,500,floor_margin_db=1.0,,awgn,-4.0,average,fading,,1000,117.6,68.0,189.8,0.358,1,3,3,1,3,18,0,0,0,1,0.1
"narrow middle, 1 dB cap",sim,500,floor_margin_db=1.0,,awgn,-4.0,average,fading,,1000,117.6,68.0,189.8,0.358,1,3,3,1,3,18,0,0,0,1,0.0
"narrow middle, 1 dB cap",sim,500,floor_margin_db=1.0,,awgn,-4.0,average,fading,,1000,110.1,72.7,189.8,0.383,4,4,4,0,14,84,0,0,0,1,0.0
"narrow middle, 1 dB cap",sim,500,floor_margin_db=1.0,,awgn,-4.0,average,fading,,1000,117.6,68.0,189.8,0.358,1,3,3,1,3,18,0,0,0,1,0.0
"narrow middle, 1 dB cap",sim,500,floor_margin_db=1.0,,awgn,-4.0,average,fading,,1000,117.6,68.0,189.8,0.358,1,3,3,1,3,18,0,0,0,1,0.0
"narrow middle, 1 dB cap",sim,500,floor_margin_db=1.0,,awgn,-4.0,average,fading,,1000,117.6,68.0,189.8,0.358,1,3,3,1,3,18,0,0,0,1,0.0
"narrow middle, 1 dB cap",sim,500,floor_margin_db=1.0,,awgn,-4.0,average,fading,,1000,114.1,70.1,189.8,0.37,2,4,4,2,15,90,6,0,1,1,0.0
"narrow middle, 1 dB cap",sim,500,floor_margin_db=1.0,,awgn,-4.0,average,fading,,1000,117.6,68.0,189.8,0.358,1,3,3,1,3,18,0,0,0,1,0.0
"narrow middle, 1 dB cap",sim,500,floor_margin_db=1.0,,awgn,-4.0,average,fading,,1000,105.9,75.5,189.8,0.398,4,4,4,0,14,84,0,0,0,1,0.0
"narrow middle, 1 dB cap",sim,500,floor_margin_db=1.0,,awgn,-4.0,average,fading,,1000,117.6,68.0,189.8,0.358,1,3,3,1,3,18,0,0,0,1,0.0
"narrow middle, 1 dB cap",sim,500,floor_margin_db=1.0,,awgn,-4.0,average,fading,,1000,117.6,68.0,189.8,0.358,1,3,3,1,3,18,0,0,0,1,0.0
"narrow middle, 1 dB cap",sim,500,floor_margin_db=1.0,,awgn,-2.0,average,fading,,1000,76.5,104.5,296.0,0.353,4,5,5,1,10,60,0,0,0,1,0.0
"narrow middle, 1 dB cap",sim,500,floor_margin_db=1.0,,awgn,-2.0,average,fading,,1000,76.5,104.5,296.0,0.353,4,5,5,1,10,60,0,0,0,1,0.0
"narrow middle, 1 dB cap",sim,500,floor_margin_db=1.0,,awgn,-2.0,average,fading,,1000,79.7,100.4,296.0,0.339,4,5,5,1,11,62,0,0,0,1,0.0
"narrow middle, 1 dB cap",sim,500,floor_margin_db=1.0,,awgn,-2.0,average,fading,,1000,76.5,104.5,296.0,0.353,4,5,5,1,10,60,0,0,0,1,0.0
"narrow middle, 1 dB cap",sim,500,floor_margin_db=1.0,,awgn,-2.0,average,fading,,1000,73.4,109.0,296.0,0.368,4,5,5,1,10,57,0,0,0,1,0.0
"narrow middle, 1 dB cap",sim,500,floor_margin_db=1.0,,awgn,-2.0,average,fading,,1000,79.7,100.4,296.0,0.339,4,5,5,1,11,62,0,0,0,1,0.0
"narrow middle, 1 dB cap",sim,500,floor_margin_db=1.0,,awgn,-2.0,average,fading,,1000,76.5,104.5,296.0,0.353,4,5,5,1,10,60,0,0,0,1,0.0
"narrow middle, 1 dB cap",sim,500,floor_margin_db=1.0,,awgn,-2.0,average,fading,,1000,76.5,104.5,296.0,0.353,4,5,5,1,10,60,0,0,0,1,0.0
"narrow middle, 1 dB cap",sim,500,floor_margin_db=1.0,,awgn,-2.0,average,fading,,1000,79.7,100.4,296.0,0.339,4,5,5,1,11,62,0,0,0,1,0.0
"narrow middle, 1 dB cap",sim,500,floor_margin_db=1.0,,awgn,-2.0,average,fading,,1000,76.5,104.5,296.0,0.353,4,5,5,1,10,60,0,0,0,1,0.0
"narrow middle, 1 dB cap",sim,500,floor_margin_db=1.0,,awgn,-2.0,average,fading,,1000,76.5,104.5,296.0,0.353,4,5,5,1,10,60,0,0,0,1,0.0
"narrow middle, 1 dB cap",sim,500,floor_margin_db=1.0,,awgn,-2.0,average,fading,,1000,79.7,100.4,296.0,0.339,4,5,5,1,11,62,0,0,0,1,0.0
"narrow middle, 1 dB cap",sim,500,floor_margin_db=1.0,,awgn,-2.0,average,fading,,1000,79.7,100.4,296.0,0.339,4,5,5,1,11,62,0,0,0,1,0.0
"narrow middle, 1 dB cap",sim,500,floor_margin_db=1.0,,awgn,-2.0,average,fading,,1000,76.5,104.5,296.0,0.353,4,5,5,1,10,60,0,0,0,1,0.0
"narrow middle, 1 dB cap",sim,500,floor_margin_db=1.0,,awgn,-2.0,average,fading,,1000,79.7,100.4,296.0,0.339,4,5,5,1,11,62,0,0,0,1,0.0
"narrow middle, 1 dB cap",sim,500,floor_margin_db=1.0,,awgn,-2.0,average,fading,,1000,79.7,100.4,296.0,0.339,4,5,5,1,11,62,0,0,0,1,0.0
"narrow middle, 1 dB cap",sim,500,floor_margin_db=1.0,,awgn,-2.0,average,fading,,1000,76.5,104.5,296.0,0.353,4,5,5,1,10,60,0,0,0,1,0.0
"narrow middle, 1 dB cap",sim,500,floor_margin_db=1.0,,awgn,-2.0,average,fading,,1000,76.5,104.5,296.0,0.353,4,5,5,1,10,60,0,0,0,1,0.0
"narrow middle, 1 dB cap",sim,500,floor_margin_db=1.0,,awgn,-2.0,average,fading,,1000,79.7,100.4,296.0,0.339,4,5,5,1,11,62,0,0,0,1,0.0
"narrow middle, 1 dB cap",sim,500,floor_margin_db=1.0,,awgn,-2.0,average,fading,,1000,79.7,100.4,296.0,0.339,4,5,5,1,11,62,0,0,0,1,0.0
"narrow middle, 1 dB cap",sim,500,floor_margin_db=1.0,,awgn,-2.0,average,fading,,1000,79.7,100.4,296.0,0.339,4,5,5,1,11,62,0,0,0,1,0.0
"narrow middle, 1 dB cap",sim,500,floor_margin_db=1.0,,awgn,-2.0,average,fading,,1000,79.7,100.4,296.0,0.339,4,5,5,1,11,62,0,0,0,1,0.0
"narrow middle, 1 dB cap",sim,500,floor_margin_db=1.0,,awgn,-2.0,average,fading,,1000,76.5,104.5,296.0,0.353,4,5,5,1,10,60,0,0,0,1,0.0
"narrow middle, 1 dB cap",sim,500,floor_margin_db=1.0,,awgn,-2.0,average,fading,,1000,79.7,100.4,296.0,0.339,4,5,5,1,11,62,0,0,0,1,0.0
"narrow middle, 1 dB cap",sim,500,floor_margin_db=1.0,,awgn,-2.0,average,fading,,1000,79.7,100.4,296.0,0.339,4,5,5,1,11,62,0,0,0,1,0.0
"narrow middle, 1 dB cap",sim,500,floor_margin_db=1.0,,awgn,-2.0,average,fading,,1000,76.5,104.5,296.0,0.353,4,5,5,1,10,60,0,0,0,1,0.0
"narrow middle, 1 dB cap",sim,500,floor_margin_db=1.0,,awgn,-2.0,average,fading,,1000,79.7,100.4,296.0,0.339,4,5,5,1,11,62,0,0,0,1,0.0
"narrow middle, 1 dB cap",sim,500,floor_margin_db=1.0,,awgn,-2.0,average,fading,,1000,76.5,104.5,296.0,0.353,4,5,5,1,10,60,0,0,0,1,0.0
"narrow middle, 1 dB cap",sim,500,floor_margin_db=1.0,,awgn,-2.0,average,fading,,1000,79.7,100.4,296.0,0.339,4,5,5,1,11,62,0,0,0,1,0.0
"narrow middle, 1 dB cap",sim,500,floor_margin_db=1.0,,awgn,-2.0,average,fading,,1000,79.7,100.4,296.0,0.339,4,5,5,1,11,62,0,0,0,1,0.0
"narrow middle, 1 dB cap",sim,500,floor_margin_db=1.0,,awgn,0.0,average,fading,,1000,54.5,146.9,402.3,0.365,4,6,6,2,7,42,0,0,0,1,0.0
"narrow middle, 1 dB cap",sim,500,floor_margin_db=1.0,,awgn,0.0,average,fading,,1000,54.5,146.9,402.3,0.365,4,6,6,2,7,42,0,0,0,1,0.0
"narrow middle, 1 dB cap",sim,500,floor_margin_db=1.0,,awgn,0.0,average,fading,,1000,54.5,146.9,402.3,0.365,4,6,6,2,7,42,0,0,0,1,0.0
"narrow middle, 1 dB cap",sim,500,floor_margin_db=1.0,,awgn,0.0,average,fading,,1000,54.5,146.9,402.3,0.365,4,6,6,2,7,42,0,0,0,1,0.0
"narrow middle, 1 dB cap",sim,500,floor_margin_db=1.0,,awgn,0.0,average,fading,,1000,47.1,169.8,402.3,0.422,4,6,6,1,6,36,0,0,0,1,0.0
"narrow middle, 1 dB cap",sim,500,floor_margin_db=1.0,,awgn,0.0,average,fading,,1000,54.5,146.9,402.3,0.365,4,6,6,2,7,42,0,0,0,1,0.0
"narrow middle, 1 dB cap",sim,500,floor_margin_db=1.0,,awgn,0.0,average,fading,,1000,54.5,146.9,402.3,0.365,4,6,6,2,7,42,0,0,0,1,0.0
"narrow middle, 1 dB cap",sim,500,floor_margin_db=1.0,,awgn,0.0,average,fading,,1000,52.4,152.8,402.3,0.38,4,6,6,2,7,40,0,0,0,1,0.0
"narrow middle, 1 dB cap",sim,500,floor_margin_db=1.0,,awgn,0.0,average,fading,,1000,54.5,146.9,402.3,0.365,4,6,6,2,7,42,0,0,0,1,0.0
"narrow middle, 1 dB cap",sim,500,floor_margin_db=1.0,,awgn,0.0,average,fading,,1000,54.5,146.9,402.3,0.365,4,6,6,2,7,42,0,0,0,1,0.0
"narrow middle, 1 dB cap",sim,500,floor_margin_db=1.0,,awgn,0.0,average,fading,,1000,52.4,152.8,402.3,0.38,4,6,6,2,7,40,0,0,0,1,0.0
"narrow middle, 1 dB cap",sim,500,floor_margin_db=1.0,,awgn,0.0,average,fading,,1000,54.5,146.9,402.3,0.365,4,6,6,2,7,42,0,0,0,1,0.0
"narrow middle, 1 dB cap",sim,500,floor_margin_db=1.0,,awgn,0.0,average,fading,,1000,54.5,146.9,402.3,0.365,4,6,6,2,7,42,0,0,0,1,0.0
"narrow middle, 1 dB cap",sim,500,floor_margin_db=1.0,,awgn,0.0,average,fading,,1000,54.5,146.9,402.3,0.365,4,6,6,2,7,42,0,0,0,1,0.0
"narrow middle, 1 dB cap",sim,500,floor_margin_db=1.0,,awgn,0.0,average,fading,,1000,54.5,146.9,402.3,0.365,4,6,6,2,7,42,0,0,0,1,0.0
"narrow middle, 1 dB cap",sim,500,floor_margin_db=1.0,,awgn,0.0,average,fading,,1000,56.6,141.5,402.3,0.352,4,6,6,2,8,43,0,0,0,1,0.0
"narrow middle, 1 dB cap",sim,500,floor_margin_db=1.0,,awgn,0.0,average,fading,,1000,54.5,146.9,402.3,0.365,4,6,6,2,7,42,0,0,0,1,0.0
"narrow middle, 1 dB cap",sim,500,floor_margin_db=1.0,,awgn,0.0,average,fading,,1000,54.5,146.9,402.3,0.365,4,6,6,2,7,42,0,0,0,1,0.0
"narrow middle, 1 dB cap",sim,500,floor_margin_db=1.0,,awgn,0.0,average,fading,,1000,56.6,141.5,402.3,0.352,4,6,6,2,8,43,0,0,0,1,0.0
"narrow middle, 1 dB cap",sim,500,floor_margin_db=1.0,,awgn,0.0,average,fading,,1000,54.5,146.9,402.3,0.365,4,6,6,2,7,42,0,0,0,1,0.0
"narrow middle, 1 dB cap",sim,500,floor_margin_db=1.0,,awgn,0.0,average,fading,,1000,54.5,146.9,402.3,0.365,4,6,6,2,7,42,0,0,0,1,0.0
"narrow middle, 1 dB cap",sim,500,floor_margin_db=1.0,,awgn,0.0,average,fading,,1000,52.4,152.8,402.3,0.38,4,6,6,2,7,40,0,0,0,1,0.0
"narrow middle, 1 dB cap",sim,500,floor_margin_db=1.0,,awgn,0.0,average,fading,,1000,54.5,146.9,402.3,0.365,4,6,6,2,7,42,0,0,0,1,0.0
"narrow middle, 1 dB cap",sim,500,floor_margin_db=1.0,,awgn,0.0,average,fading,,1000,56.6,141.5,402.3,0.352,4,6,6,2,8,43,0,0,0,1,0.0
"narrow middle, 1 dB cap",sim,500,floor_margin_db=1.0,,awgn,0.0,average,fading,,1000,52.4,152.8,402.3,0.38,4,6,6,2,7,40,0,0,0,1,0.0
"narrow middle, 1 dB cap",sim,500,floor_margin_db=1.0,,awgn,0.0,average,fading,,1000,47.1,169.8,402.3,0.422,4,6,6,1,6,36,0,0,0,1,0.0
"narrow middle, 1 dB cap",sim,500,floor_margin_db=1.0,,awgn,0.0,average,fading,,1000,54.5,146.9,402.3,0.365,4,6,6,2,7,42,0,0,0,1,0.0
"narrow middle, 1 dB cap",sim,500,floor_margin_db=1.0,,awgn,0.0,average,fading,,1000,52.4,152.8,402.3,0.38,4,6,6,2,7,40,0,0,0,1,0.0
"narrow middle, 1 dB cap",sim,500,floor_margin_db=1.0,,awgn,0.0,average,fading,,1000,54.5,146.9,402.3,0.365,4,6,6,2,7,42,0,0,0,1,0.0
"narrow middle, 1 dB cap",sim,500,floor_margin_db=1.0,,awgn,0.0,average,fading,,1000,54.5,146.9,402.3,0.365,4,6,6,2,7,42,0,0,0,1,0.0
"narrow middle, 1 dB cap",sim,500,floor_margin_db=1.0,,awgn,2.0,average,fading,,1000,44.0,182.0,538.9,0.338,4,7,7,2,6,33,0,0,0,1,0.0
"narrow middle, 1 dB cap",sim,500,floor_margin_db=1.0,,awgn,2.0,average,fading,,1000,44.0,182.0,538.9,0.338,4,7,7,2,6,33,0,0,0,1,0.0
"narrow middle, 1 dB cap",sim,500,floor_margin_db=1.0,,awgn,2.0,average,fading,,1000,44.0,182.0,538.9,0.338,4,7,7,2,6,33,0,0,0,1,0.0
"narrow middle, 1 dB cap",sim,500,floor_margin_db=1.0,,awgn,2.0,average,fading,,1000,44.0,182.0,538.9,0.338,4,7,7,2,6,33,0,0,0,1,0.0
"narrow middle, 1 dB cap",sim,500,floor_margin_db=1.0,,awgn,2.0,average,fading,,1000,41.8,191.2,538.9,0.355,5,7,7,1,6,31,0,0,0,1,0.0
"narrow middle, 1 dB cap",sim,500,floor_margin_db=1.0,,awgn,2.0,average,fading,,1000,44.0,182.0,538.9,0.338,4,7,7,2,6,33,0,0,0,1,0.0
"narrow middle, 1 dB cap",sim,500,floor_margin_db=1.0,,awgn,2.0,average,fading,,1000,45.0,177.7,538.9,0.33,4,7,7,2,6,34,0,0,0,1,0.0
"narrow middle, 1 dB cap",sim,500,floor_margin_db=1.0,,awgn,2.0,average,fading,,1000,44.0,182.0,538.9,0.338,4,7,7,2,6,33,0,0,0,1,0.0
"narrow middle, 1 dB cap",sim,500,floor_margin_db=1.0,,awgn,2.0,average,fading,,1000,44.0,182.0,538.9,0.338,4,7,7,2,6,33,0,0,0,1,0.0
"narrow middle, 1 dB cap",sim,500,floor_margin_db=1.0,,awgn,2.0,average,fading,,1000,42.9,186.5,538.9,0.346,4,7,7,1,6,32,0,0,0,1,0.0
"narrow middle, 1 dB cap",sim,500,floor_margin_db=1.0,,awgn,2.0,average,fading,,1000,42.9,186.5,538.9,0.346,4,7,7,1,6,32,0,0,0,1,0.0
"narrow middle, 1 dB cap",sim,500,floor_margin_db=1.0,,awgn,2.0,average,fading,,1000,45.0,177.7,538.9,0.33,4,7,7,2,6,34,0,0,0,1,0.0
"narrow middle, 1 dB cap",sim,500,floor_margin_db=1.0,,awgn,2.0,average,fading,,1000,42.9,186.5,538.9,0.346,4,7,7,1,6,32,0,0,0,1,0.0
"narrow middle, 1 dB cap",sim,500,floor_margin_db=1.0,,awgn,2.0,average,fading,,1000,44.0,182.0,538.9,0.338,4,7,7,2,6,33,0,0,0,1,0.0
"narrow middle, 1 dB cap",sim,500,floor_margin_db=1.0,,awgn,2.0,average,fading,,1000,41.8,191.2,538.9,0.355,5,7,7,1,6,31,0,0,0,1,0.0
"narrow middle, 1 dB cap",sim,500,floor_margin_db=1.0,,awgn,2.0,average,fading,,1000,45.0,177.7,538.9,0.33,4,7,7,2,6,34,0,0,0,1,0.0
"narrow middle, 1 dB cap",sim,500,floor_margin_db=1.0,,awgn,2.0,average,fading,,1000,44.0,182.0,538.9,0.338,4,7,7,2,6,33,0,0,0,1,0.0
"narrow middle, 1 dB cap",sim,500,floor_margin_db=1.0,,awgn,2.0,average,fading,,1000,44.0,182.0,538.9,0.338,4,7,7,2,6,33,0,0,0,1,0.0
"narrow middle, 1 dB cap",sim,500,floor_margin_db=1.0,,awgn,2.0,average,fading,,1000,45.0,177.7,538.9,0.33,4,7,7,2,6,34,0,0,0,1,0.0
"narrow middle, 1 dB cap",sim,500,floor_margin_db=1.0,,awgn,2.0,average,fading,,1000,44.0,182.0,538.9,0.338,4,7,7,2,6,33,0,0,0,1,0.0
"narrow middle, 1 dB cap",sim,500,floor_margin_db=1.0,,awgn,2.0,average,fading,,1000,45.0,177.7,538.9,0.33,4,7,7,2,6,34,0,0,0,1,0.0
"narrow middle, 1 dB cap",sim,500,floor_margin_db=1.0,,awgn,2.0,average,fading,,1000,41.8,191.2,538.9,0.355,5,7,7,1,6,31,0,0,0,1,0.0
"narrow middle, 1 dB cap",sim,500,floor_margin_db=1.0,,awgn,2.0,average,fading,,1000,44.0,182.0,538.9,0.338,4,7,7,2,6,33,0,0,0,1,0.0
"narrow middle, 1 dB cap",sim,500,floor_margin_db=1.0,,awgn,2.0,average,fading,,1000,42.9,186.5,538.9,0.346,4,7,7,1,6,32,0,0,0,1,0.0
"narrow middle, 1 dB cap",sim,500,floor_margin_db=1.0,,awgn,2.0,average,fading,,1000,44.0,182.0,538.9,0.338,4,7,7,2,6,33,0,0,0,1,0.0
"narrow middle, 1 dB cap",sim,500,floor_margin_db=1.0,,awgn,2.0,average,fading,,1000,41.8,191.2,538.9,0.355,5,7,7,1,6,31,0,0,0,1,0.0
"narrow middle, 1 dB cap",sim,500,floor_margin_db=1.0,,awgn,2.0,average,fading,,1000,42.9,186.5,538.9,0.346,4,7,7,1,6,32,0,0,0,1,0.0
"narrow middle, 1 dB cap",sim,500,floor_margin_db=1.0,,awgn,2.0,average,fading,,1000,41.8,191.2,538.9,0.355,5,7,7,1,6,31,0,0,0,1,0.0
"narrow middle, 1 dB cap",sim,500,floor_margin_db=1.0,,awgn,2.0,average,fading,,1000,45.0,177.7,538.9,0.33,4,7,7,2,6,34,0,0,0,1,0.0
"narrow middle, 1 dB cap",sim,500,floor_margin_db=1.0,,awgn,2.0,average,fading,,1000,44.0,182.0,538.9,0.338,4,7,7,2,6,33,0,0,0,1,0.0
"narrow middle, 1 dB cap",sim,500,floor_margin_db=1.0,,awgn,6.0,average,fading,,1000,28.2,283.7,614.8,0.461,6,10,10,2,4,20,0,0,0,1,0.0
"narrow middle, 1 dB cap",sim,500,floor_margin_db=1.0,,awgn,6.0,average,fading,,1000,28.2,283.7,614.8,0.461,6,10,10,2,4,20,0,0,0,1,0.0
"narrow middle, 1 dB cap",sim,500,floor_margin_db=1.0,,awgn,6.0,average,fading,,1000,28.2,283.7,614.8,0.461,6,10,10,2,4,20,0,0,0,1,0.0
"narrow middle, 1 dB cap",sim,500,floor_margin_db=1.0,,awgn,6.0,average,fading,,1000,28.2,283.7,614.8,0.461,6,10,10,2,4,20,0,0,0,1,0.0
"narrow middle, 1 dB cap",sim,500,floor_margin_db=1.0,,awgn,6.0,average,fading,,1000,25.1,319.2,614.8,0.519,7,10,10,1,3,18,0,0,0,1,0.0
"narrow middle, 1 dB cap",sim,500,floor_margin_db=1.0,,awgn,6.0,average,fading,,1000,28.2,283.7,614.8,0.461,6,10,10,2,4,20,0,0,0,1,0.0
"narrow middle, 1 dB cap",sim,500,floor_margin_db=1.0,,awgn,6.0,average,fading,,1000,30.3,264.0,614.8,0.429,6,10,10,2,4,22,0,0,0,1,0.0
"narrow middle, 1 dB cap",sim,500,floor_margin_db=1.0,,awgn,6.0,average,fading,,1000,28.2,283.7,614.8,0.461,6,10,10,2,4,20,0,0,0,1,0.0
"narrow middle, 1 dB cap",sim,500,floor_margin_db=1.0,,awgn,6.0,average,fading,,1000,28.2,283.7,614.8,0.461,6,10,10,2,4,20,0,0,0,1,0.0
"narrow middle, 1 dB cap",sim,500,floor_margin_db=1.0,,awgn,6.0,average,fading,,1000,28.2,283.7,614.8,0.461,6,10,10,2,4,20,0,0,0,1,0.0
"narrow middle, 1 dB cap",sim,500,floor_margin_db=1.0,,awgn,6.0,average,fading,,1000,28.2,283.7,614.8,0.461,6,10,10,2,4,20,0,0,0,1,0.0
"narrow middle, 1 dB cap",sim,500,floor_margin_db=1.0,,awgn,6.0,average,fading,,1000,30.3,264.0,614.8,0.429,6,10,10,2,4,22,0,0,0,1,0.0
"narrow middle, 1 dB cap",sim,500,floor_margin_db=1.0,,awgn,6.0,average,fading,,1000,28.2,283.7,614.8,0.461,6,10,10,2,4,20,0,0,0,1,0.0
"narrow middle, 1 dB cap",sim,500,floor_margin_db=1.0,,awgn,6.0,average,fading,,1000,28.2,283.7,614.8,0.461,6,10,10,2,4,20,0,0,0,1,0.0
"narrow middle, 1 dB cap",sim,500,floor_margin_db=1.0,,awgn,6.0,average,fading,,1000,25.1,319.2,614.8,0.519,7,10,10,1,3,18,0,0,0,1,0.0
"narrow middle, 1 dB cap",sim,500,floor_margin_db=1.0,,awgn,6.0,average,fading,,1000,30.3,264.0,614.8,0.429,6,10,10,2,4,22,0,0,0,1,0.0
"narrow middle, 1 dB cap",sim,500,floor_margin_db=1.0,,awgn,6.0,average,fading,,1000,28.2,283.7,614.8,0.461,6,10,10,2,4,20,0,0,0,1,0.0
"narrow middle, 1 dB cap",sim,500,floor_margin_db=1.0,,awgn,6.0,average,fading,,1000,28.2,283.7,614.8,0.461,6,10,10,2,4,20,0,0,0,1,0.0
"narrow middle, 1 dB cap",sim,500,floor_margin_db=1.0,,awgn,6.0,average,fading,,1000,30.3,264.0,614.8,0.429,6,10,10,2,4,22,0,0,0,1,0.0
"narrow middle, 1 dB cap",sim,500,floor_margin_db=1.0,,awgn,6.0,average,fading,,1000,28.2,283.7,614.8,0.461,6,10,10,2,4,20,0,0,0,1,0.0
"narrow middle, 1 dB cap",sim,500,floor_margin_db=1.0,,awgn,6.0,average,fading,,1000,30.3,264.0,614.8,0.429,6,10,10,2,4,22,0,0,0,1,0.0
"narrow middle, 1 dB cap",sim,500,floor_margin_db=1.0,,awgn,6.0,average,fading,,1000,25.1,319.2,614.8,0.519,7,10,10,1,3,18,0,0,0,1,0.0
"narrow middle, 1 dB cap",sim,500,floor_margin_db=1.0,,awgn,6.0,average,fading,,1000,28.2,283.7,614.8,0.461,6,10,10,2,4,20,0,0,0,1,0.0
"narrow middle, 1 dB cap",sim,500,floor_margin_db=1.0,,awgn,6.0,average,fading,,1000,28.2,283.7,614.8,0.461,6,10,10,2,4,20,0,0,0,1,0.0
"narrow middle, 1 dB cap",sim,500,floor_margin_db=1.0,,awgn,6.0,average,fading,,1000,28.2,283.7,614.8,0.461,6,10,10,2,4,20,0,0,0,1,0.0
"narrow middle, 1 dB cap",sim,500,floor_margin_db=1.0,,awgn,6.0,average,fading,,1000,25.1,319.2,614.8,0.519,7,10,10,1,3,18,0,0,0,1,0.0
"narrow middle, 1 dB cap",sim,500,floor_margin_db=1.0,,awgn,6.0,average,fading,,1000,28.2,283.7,614.8,0.461,6,10,10,2,4,20,0,0,0,1,0.0
"narrow middle, 1 dB cap",sim,500,floor_margin_db=1.0,,awgn,6.0,average,fading,,1000,25.1,319.2,614.8,0.519,7,10,10,1,3,18,0,0,0,1,0.0
"narrow middle, 1 dB cap",sim,500,floor_margin_db=1.0,,awgn,6.0,average,fading,,1000,30.3,264.0,614.8,0.429,6,10,10,2,4,22,0,0,0,1,0.0
"narrow middle, 1 dB cap",sim,500,floor_margin_db=1.0,,awgn,6.0,average,fading,,1000,30.3,264.0,614.8,0.429,6,10,10,2,4,22,0,0,0,1,0.0
"narrow middle, 1 dB cap",sim,500,floor_margin_db=1.0,,good,-18.0,average,fading,,1000,159.4,0.0,0.0,,,,,0,0,0,0,0,0,0,0.0
"narrow middle, 1 dB cap",sim,500,floor_margin_db=1.0,,good,-18.0,average,fading,,1000,237.4,0.0,0.0,,,,,0,0,0,0,0,0,0,0.0
"narrow middle, 1 dB cap",sim,500,floor_margin_db=1.0,,good,-18.0,average,fading,,1000,301.3,3.3,0.0,,0,0,0,0,4,24,18,2,3,0,0.1
"narrow middle, 1 dB cap",sim,500,floor_margin_db=1.0,,good,-18.0,average,fading,,1000,158.6,0.0,0.0,,,,,0,0,0,0,0,0,0,0.0
"narrow middle, 1 dB cap",sim,500,floor_margin_db=1.0,,good,-18.0,average,fading,,1000,183.3,0.0,0.0,,,,,0,0,0,0,0,0,0,0.0
"narrow middle, 1 dB cap",sim,500,floor_margin_db=1.0,,good,-18.0,average,fading,,1000,764.1,9.5,0.0,,0,0,0,0,16,96,53,11,8,0,0.2
"narrow middle, 1 dB cap",sim,500,floor_margin_db=1.0,,good,-18.0,average,fading,,1000,79.4,0.0,0.0,,,,,0,0,0,0,0,0,0,0.0
"narrow middle, 1 dB cap",sim,500,floor_margin_db=1.0,,good,-18.0,average,fading,,1000,640.3,12.5,0.0,,0,0,0,0,19,96,48,14,8,1,0.2
"narrow middle, 1 dB cap",sim,500,floor_margin_db=1.0,,good,-18.0,average,fading,,1000,543.1,7.4,0.0,,0,0,0,0,11,66,42,8,6,0,0.2
"narrow middle, 1 dB cap",sim,500,floor_margin_db=1.0,,good,-18.0,average,fading,,1000,565.5,7.1,0.0,,0,0,0,0,11,66,42,4,6,0,0.1
"narrow middle, 1 dB cap",sim,500,floor_margin_db=1.0,,good,-18.0,average,fading,,1000,444.0,6.8,0.0,,0,0,0,0,8,48,30,1,5,0,0.1
"narrow middle, 1 dB cap",sim,500,floor_margin_db=1.0,,good,-18.0,average,fading,,1000,157.2,0.0,0.0,,,,,0,0,0,0,0,0,0,0.0
"narrow middle, 1 dB cap",sim,500,floor_margin_db=1.0,,good,-18.0,average,fading,,1000,193.7,0.0,0.0,,,,,0,0,0,0,0,0,0,0.0
"narrow middle, 1 dB cap",sim,500,floor_margin_db=1.0,,good,-18.0,average,fading,,1000,135.6,0.0,0.0,,,,,0,0,0,0,0,0,0,0.0
"narrow middle, 1 dB cap",sim,500,floor_margin_db=1.0,,good,-18.0,average,fading,,1000,192.2,0.0,0.0,,,,,0,0,0,0,0,0,0,0.0
"narrow middle, 1 dB cap",sim,500,floor_margin_db=1.0,,good,-18.0,average,fading,,1000,236.0,0.0,0.0,,,,,0,0,0,0,0,0,0,0.0
"narrow middle, 1 dB cap",sim,500,floor_margin_db=1.0,,good,-18.0,average,fading,,1000,156.8,0.0,0.0,,,,,0,0,0,0,0,0,0,0.0
"narrow middle, 1 dB cap",sim,500,floor_margin_db=1.0,,good,-18.0,average,fading,,1000,348.7,2.9,0.0,,0,0,0,0,4,24,18,3,3,0,0.1
"narrow middle, 1 dB cap",sim,500,floor_margin_db=1.0,,good,-18.0,average,fading,,1000,795.3,10.1,0.0,,0,0,0,0,20,117,69,18,6,1,0.3
"narrow middle, 1 dB cap",sim,500,floor_margin_db=1.0,,good,-18.0,average,fading,,1000,181.5,0.0,0.0,,,,,0,0,0,0,0,0,0,0.0
"narrow middle, 1 dB cap",sim,500,floor_margin_db=1.0,,good,-18.0,average,fading,,1000,781.0,8.6,0.0,,0,0,0,0,16,96,56,14,7,0,0.2
"narrow middle, 1 dB cap",sim,500,floor_margin_db=1.0,,good,-18.0,average,fading,,1000,204.6,0.0,0.0,,,,,0,0,0,0,0,0,0,0.0
"narrow middle, 1 dB cap",sim,500,floor_margin_db=1.0,,good,-18.0,average,fading,,1000,360.9,2.8,0.0,,0,0,0,0,4,24,18,1,3,0,0.1
"narrow middle, 1 dB cap",sim,500,floor_margin_db=1.0,,good,-18.0,average,fading,,1000,639.7,6.0,0.0,,0,0,0,0,11,66,43,7,6,0,0.1
"narrow middle, 1 dB cap",sim,500,floor_margin_db=1.0,,good,-18.0,average,fading,,1000,94.3,0.0,0.0,,,,,0,0,0,0,0,0,0,0.0
"narrow middle, 1 dB cap",sim,500,floor_margin_db=1.0,,good,-18.0,average,fading,,1000,190.5,0.0,0.0,,,,,0,0,0,0,0,0,0,0.0
"narrow middle, 1 dB cap",sim,500,floor_margin_db=1.0,,good,-18.0,average,fading,,1000,795.6,10.1,0.0,,0,0,0,0,21,114,66,14,10,1,0.2
"narrow middle, 1 dB cap",sim,500,floor_margin_db=1.0,,good,-18.0,average,fading,,1000,686.5,11.7,0.0,,0,0,0,0,18,104,56,10,7,1,0.2
"narrow middle, 1 dB cap",sim,500,floor_margin_db=1.0,,good,-18.0,average,fading,,1000,183.6,0.0,0.0,,,,,0,0,0,0,0,0,0,0.0
"narrow middle, 1 dB cap",sim,500,floor_margin_db=1.0,,good,-18.0,average,fading,,1000,216.3,0.0,0.0,,,,,0,0,0,0,0,0,0,0.0
"narrow middle, 1 dB cap",sim,500,floor_margin_db=1.0,,good,-14.0,average,fading,,1000,465.6,17.2,0.0,,0,0,0,0,13,70,22,3,2,1,0.2
"narrow middle, 1 dB cap",sim,500,floor_margin_db=1.0,,good,-14.0,average,fading,,1000,560.5,14.3,0.0,,0,0,0,0,13,73,25,2,3,1,0.2
"narrow middle, 1 dB cap",sim,500,floor_margin_db=1.0,,good,-14.0,average,fading,,1000,341.8,23.4,0.0,,0,1,0,2,9,52,7,1,0,1,0.1
"narrow middle, 1 dB cap",sim,500,floor_margin_db=1.0,,good,-14.0,average,fading,,1000,158.6,0.0,0.0,,,,,0,0,0,0,0,0,0,0.0
"narrow middle, 1 dB cap",sim,500,floor_margin_db=1.0,,good,-14.0,average,fading,,1000,443.4,18.0,0.0,,0,0,0,0,12,68,20,1,3,1,0.2
"narrow middle, 1 dB cap",sim,500,floor_margin_db=1.0,,good,-14.0,average,fading,,1000,454.5,17.6,0.0,,0,0,0,0,13,68,20,1,3,1,0.2
"narrow middle, 1 dB cap",sim,500,floor_margin_db=1.0,,good,-14.0,average,fading,,1000,585.4,13.7,0.0,,0,0,0,0,14,83,35,4,5,1,0.2
"narrow middle, 1 dB cap",sim,500,floor_margin_db=1.0,,good,-14.0,average,fading,,1000,499.5,16.0,0.0,,0,0,0,0,13,78,30,7,3,1,0.2
"narrow middle, 1 dB cap",sim,500,floor_margin_db=1.0,,good,-14.0,average,fading,,1000,432.3,18.5,0.0,,0,1,0,2,11,64,19,7,2,1,0.2
"narrow middle, 1 dB cap",sim,500,floor_margin_db=1.0,,good,-14.0,average,fading,,1000,439.1,18.2,0.0,,0,1,0,2,12,67,22,3,3,1,0.2
"narrow middle, 1 dB cap",sim,500,floor_margin_db=1.0,,good,-14.0,average,fading,,1000,453.2,10.0,0.0,,0,0,0,0,8,48,21,0,3,0,0.1
"narrow middle, 1 dB cap",sim,500,floor_margin_db=1.0,,good,-14.0,average,fading,,1000,451.1,17.7,0.0,,0,0,0,0,11,65,17,2,1,1,0.1
"narrow middle, 1 dB cap",sim,500,floor_margin_db=1.0,,good,-14.0,average,fading,,1000,225.8,0.0,0.0,,,,,0,0,0,0,0,0,0,0.0
"narrow middle, 1 dB cap",sim,500,floor_margin_db=1.0,,good,-14.0,average,fading,,1000,533.5,15.0,0.0,,0,0,0,0,12,67,19,1,1,1,0.2
"narrow middle, 1 dB cap",sim,500,floor_margin_db=1.0,,good,-14.0,average,fading,,1000,192.2,0.0,0.0,,,,,0,0,0,0,0,0,0,0.0
"narrow middle, 1 dB cap",sim,500,floor_margin_db=1.0,,good,-14.0,average,fading,,1000,568.8,14.1,0.0,,0,0,0,0,16,88,40,2,7,1,0.2
"narrow middle, 1 dB cap",sim,500,floor_margin_db=1.0,,good,-14.0,average,fading,,1000,210.8,0.0,0.0,,,,,0,0,0,0,0,0,0,0.0
"narrow middle, 1 dB cap",sim,500,floor_margin_db=1.0,,good,-14.0,average,fading,,1000,529.5,15.1,0.0,,0,0,0,0,17,72,24,0,7,1,0.2
"narrow middle, 1 dB cap",sim,500,floor_margin_db=1.0,,good,-14.0,average,fading,,1000,466.1,17.2,0.0,,0,0,0,0,14,71,23,7,2,1,0.2
"narrow middle, 1 dB cap",sim,500,floor_margin_db=1.0,,good,-14.0,average,fading,,1000,524.9,10.6,0.0,,0,0,0,0,10,60,27,4,3,0,0.1
"narrow middle, 1 dB cap",sim,500,floor_margin_db=1.0,,good,-14.0,average,fading,,1000,439.4,18.2,0.0,,0,0,0,0,11,62,14,0,1,1,0.2
"narrow middle, 1 dB cap",sim,500,floor_margin_db=1.0,,good,-14.0,average,fading,,1000,500.7,16.0,0.0,,0,0,0,0,13,78,30,2,4,1,0.2
"narrow middle, 1 dB cap",sim,500,floor_margin_db=1.0,,good,-14.0,average,fading,,1000,496.6,16.1,0.0,,0,0,0,0,14,75,27,4,4,1,0.2
"narrow middle, 1 dB cap",sim,500,floor_margin_db=1.0,,good,-14.0,average,fading,,1000,638.9,12.5,0.0,,0,0,0,0,16,87,39,4,5,1,0.2
"narrow middle, 1 dB cap",sim,500,floor_margin_db=1.0,,good,-14.0,average,fading,,1000,471.4,17.0,0.0,,0,0,0,0,12,70,22,1,2,1,0.2
"narrow middle, 1 dB cap",sim,500,floor_margin_db=1.0,,good,-14.0,average,fading,,1000,190.5,0.0,0.0,,,,,0,0,0,0,0,0,0,0.0
"narrow middle, 1 dB cap",sim,500,floor_margin_db=1.0,,good,-14.0,average,fading,,1000,562.0,10.8,0.0,,0,0,0,0,11,66,30,0,4,0,0.1
"narrow middle, 1 dB cap",sim,500,floor_margin_db=1.0,,good,-14.0,average,fading,,1000,416.6,19.2,0.0,,0,0,0,0,11,60,12,0,1,1,0.2
"narrow middle, 1 dB cap",sim,500,floor_margin_db=1.0,,good,-14.0,average,fading,,1000,158.2,0.0,0.0,,,,,0,0,0,0,0,0,0,0.0
"narrow middle, 1 dB cap",sim,500,floor_margin_db=1.0,,good,-14.0,average,fading,,1000,543.9,14.7,0.0,,0,0,0,0,15,84,36,1,6,1,0.2
"narrow middle, 1 dB cap",sim,500,floor_margin_db=1.0,,good,-12.0,average,fading,,1000,417.9,19.1,0.0,,0,0,0,0,11,64,16,2,2,1,0.2
"narrow middle, 1 dB cap",sim,500,floor_margin_db=1.0,,good,-12.0,average,fading,,1000,468.3,17.1,0.0,,0,0,0,0,11,59,11,0,1,1,0.2
"narrow middle, 1 dB cap",sim,500,floor_margin_db=1.0,,good,-12.0,average,fading,,1000,274.1,29.2,0.0,,0,2,0,3,8,40,6,1,1,1,0.1
"narrow middle, 1 dB cap",sim,500,floor_margin_db=1.0,,good,-12.0,average,fading,,1000,390.7,20.5,0.0,,0,1,0,2,10,60,15,1,1,1,0.2
"narrow middle, 1 dB cap",sim,500,floor_margin_db=1.0,,good,-12.0,average,fading,,1000,354.1,22.6,0.0,,0,1,0,2,9,54,9,0,1,1,0.1
"narrow middle, 1 dB cap",sim,500,floor_margin_db=1.0,,good,-12.0,average,fading,,1000,327.1,24.5,0.0,,0,1,0,2,9,49,8,0,1,1,0.1
"narrow middle, 1 dB cap",sim,500,floor_margin_db=1.0,,good,-12.0,average,fading,,1000,480.9,16.6,0.0,,0,0,0,0,13,74,26,1,4,1,0.2
"narrow middle, 1 dB cap",sim,500,floor_margin_db=1.0,,good,-12.0,average,fading,,1000,416.3,19.2,0.0,,0,0,0,0,11,63,15,2,1,1,0.1
"narrow middle, 1 dB cap",sim,500,floor_margin_db=1.0,,good,-12.0,average,fading,,1000,384.4,20.8,0.0,,0,1,0,2,10,56,11,2,1,1,0.2
"narrow middle, 1 dB cap",sim,500,floor_margin_db=1.0,,good,-12.0,average,fading,,1000,370.4,21.6,0.0,,0,1,0,2,9,54,9,0,1,1,0.2
"narrow middle, 1 dB cap",sim,500,floor_margin_db=1.0,,good,-12.0,average,fading,,1000,349.8,22.9,0.0,,0,1,0,3,9,53,15,0,2,1,0.1
"narrow middle, 1 dB cap",sim,500,floor_margin_db=1.0,,good,-12.0,average,fading,,1000,391.0,20.5,0.0,,0,1,0,2,9,54,9,2,0,1,0.1
"narrow middle, 1 dB cap",sim,500,floor_margin_db=1.0,,good,-12.0,average,fading,,1000,362.1,22.1,0.0,,0,0,0,0,10,55,7,1,0,1,0.1
"narrow middle, 1 dB cap",sim,500,floor_margin_db=1.0,,good,-12.0,average,fading,,1000,468.8,17.1,0.0,,0,0,0,0,13,72,24,1,3,1,0.2
"narrow middle, 1 dB cap",sim,500,floor_margin_db=1.0,,good,-12.0,average,fading,,1000,192.2,0.0,0.0,,,,,0,0,0,0,0,0,0,0.1
"narrow middle, 1 dB cap",sim,500,floor_margin_db=1.0,,good,-12.0,average,fading,,1000,472.6,16.9,0.0,,0,0,0,0,13,73,25,0,3,1,0.2
"narrow middle, 1 dB cap",sim,500,floor_margin_db=1.0,,good,-12.0,average,fading,,1000,380.0,21.1,0.0,,0,0,0,0,10,57,9,0,1,1,0.1
"narrow middle, 1 dB cap",sim,500,floor_margin_db=1.0,,good,-12.0,average,fading,,1000,368.7,21.7,0.0,,0,1,0,2,9,52,11,2,1,1,0.1
"narrow middle, 1 dB cap",sim,500,floor_margin_db=1.0,,good,-12.0,average,fading,,1000,412.5,19.4,0.0,,0,0,0,0,11,62,14,1,2,1,0.1
"narrow middle, 1 dB cap",sim,500,floor_margin_db=1.0,,good,-12.0,average,fading,,1000,431.0,18.6,0.0,,0,0,0,0,12,66,18,1,2,1,0.2
"narrow middle, 1 dB cap",sim,500,floor_margin_db=1.0,,good,-12.0,average,fading,,1000,352.4,22.7,0.0,,0,0,0,0,10,52,4,0,0,1,0.1
"narrow middle, 1 dB cap",sim,500,floor_margin_db=1.0,,good,-12.0,average,fading,,1000,405.8,19.7,0.0,,0,1,0,2,11,62,17,0,3,1,0.2
"narrow middle, 1 dB cap",sim,500,floor_margin_db=1.0,,good,-12.0,average,fading,,1000,368.6,21.7,0.0,,0,1,0,2,9,54,9,0,1,1,0.1
"narrow middle, 1 dB cap",sim,500,floor_margin_db=1.0,,good,-12.0,average,fading,,1000,399.2,20.0,0.0,,0,0,0,0,11,61,13,2,1,1,0.1
"narrow middle, 1 dB cap",sim,500,floor_margin_db=1.0,,good,-12.0,average,fading,,1000,360.8,22.2,0.0,,0,0,0,0,9,52,4,0,0,1,0.1
"narrow middle, 1 dB cap",sim,500,floor_margin_db=1.0,,good,-12.0,average,fading,,1000,362.0,22.1,0.0,,0,0,0,0,10,55,7,0,0,1,0.1
"narrow middle, 1 dB cap",sim,500,floor_margin_db=1.0,,good,-12.0,average,fading,,1000,562.0,11.7,0.0,,0,0,0,0,11,66,27,0,4,0,0.2
"narrow middle, 1 dB cap",sim,500,floor_margin_db=1.0,,good,-12.0,average,fading,,1000,333.5,24.0,0.0,,0,1,1,1,8,47,1,0,0,1,0.1
"narrow middle, 1 dB cap",sim,500,floor_margin_db=1.0,,good,-12.0,average,fading,,1000,158.2,0.0,0.0,,,,,0,0,0,0,0,0,0,0.0
"narrow middle, 1 dB cap",sim,500,floor_margin_db=1.0,,good,-12.0,average,fading,,1000,474.9,16.8,0.0,,0,0,0,0,13,73,25,0,4,1,0.2
"narrow middle, 1 dB cap",sim,500,floor_margin_db=1.0,,good,-10.0,average,fading,,1000,381.5,21.0,35.8,0.585,0,1,0,2,10,58,13,0,2,1,0.1
"narrow middle, 1 dB cap",sim,500,floor_margin_db=1.0,,good,-10.0,average,fading,,1000,453.4,17.6,35.8,0.493,0,0,0,0,10,57,9,0,1,1,0.2
"narrow middle, 1 dB cap",sim,500,floor_margin_db=1.0,,good,-10.0,average,fading,,1000,191.0,41.9,35.8,1.169,1,3,1,3,5,27,5,2,0,1,0.1
"narrow middle, 1 dB cap",sim,500,floor_margin_db=1.0,,good,-10.0,average,fading,,1000,264.7,30.2,35.8,0.844,0,3,0,3,7,39,9,1,0,1,0.1
"narrow middle, 1 dB cap",sim,500,floor_margin_db=1.0,,good,-10.0,average,fading,,1000,348.8,22.9,35.8,0.64,0,1,0,2,9,53,8,0,1,1,0.1
"narrow middle, 1 dB cap",sim,500,floor_margin_db=1.0,,good,-10.0,average,fading,,1000,249.0,32.1,35.8,0.897,0,2,0,3,7,36,6,0,1,1,0.1
"narrow middle, 1 dB cap",sim,500,floor_margin_db=1.0,,good,-10.0,average,fading,,1000,321.9,24.9,35.8,0.694,0,1,0,2,8,46,1,0,0,1,0.1
"narrow middle, 1 dB cap",sim,500,floor_margin_db=1.0,,good,-10.0,average,fading,,1000,350.5,22.8,35.8,0.637,0,0,0,0,10,53,5,1,0,1,0.1
"narrow middle, 1 dB cap",sim,500,floor_margin_db=1.0,,good,-10.0,average,fading,,1000,181.2,44.1,35.8,1.232,1,3,1,3,5,25,4,3,0,1,0.1
"narrow middle, 1 dB cap",sim,500,floor_margin_db=1.0,,good,-10.0,average,fading,,1000,208.6,38.3,35.8,1.07,0,3,0,5,6,29,8,1,1,1,0.1
"narrow middle, 1 dB cap",sim,500,floor_margin_db=1.0,,good,-10.0,average,fading,,1000,312.7,25.6,35.8,0.714,0,1,0,3,8,47,9,0,1,1,0.1
"narrow middle, 1 dB cap",sim,500,floor_margin_db=1.0,,good,-10.0,average,fading,,1000,359.7,22.2,35.8,0.621,0,1,0,2,9,51,6,2,0,1,0.1
"narrow middle, 1 dB cap",sim,500,floor_margin_db=1.0,,good,-10.0,average,fading,,1000,321.1,24.9,35.8,0.695,0,1,0,4,9,48,4,1,1,1,0.1
"narrow middle, 1 dB cap",sim,500,floor_margin_db=1.0,,good,-10.0,average,fading,,1000,380.4,21.0,35.8,0.587,0,1,0,2,10,58,13,0,2,1,0.1
"narrow middle, 1 dB cap",sim,500,floor_margin_db=1.0,,good,-10.0,average,fading,,1000,192.2,0.0,35.8,0.0,,,,0,0,0,0,0,0,0,0.0
"narrow middle, 1 dB cap",sim,500,floor_margin_db=1.0,,good,-10.0,average,fading,,1000,362.8,22.1,35.8,0.616,0,1,0,4,10,55,16,1,2,1,0.1
"narrow middle, 1 dB cap",sim,500,floor_margin_db=1.0,,good,-10.0,average,fading,,1000,174.3,45.9,35.8,1.281,1,3,1,3,5,27,5,0,0,1,0.1
"narrow middle, 1 dB cap",sim,500,floor_margin_db=1.0,,good,-10.0,average,fading,,1000,326.5,24.5,35.8,0.684,0,0,0,0,9,49,1,0,0,1,0.1
"narrow middle, 1 dB cap",sim,500,floor_margin_db=1.0,,good,-10.0,average,fading,,1000,305.3,26.2,35.8,0.732,0,1,0,3,8,46,5,0,0,1,0.1
"narrow middle, 1 dB cap",sim,500,floor_margin_db=1.0,,good,-10.0,average,fading,,1000,336.5,23.8,35.8,0.664,0,1,0,2,9,51,6,2,0,1,0.1
"narrow middle, 1 dB cap",sim,500,floor_margin_db=1.0,,good,-10.0,average,fading,,1000,315.3,25.4,35.8,0.708,0,1,0,2,8,48,3,0,0,1,0.1
"narrow middle, 1 dB cap",sim,500,floor_margin_db=1.0,,good,-10.0,average,fading,,1000,242.6,33.0,35.8,0.92,0,3,0,5,7,35,13,2,1,1,0.1
"narrow middle, 1 dB cap",sim,500,floor_margin_db=1.0,,good,-10.0,average,fading,,1000,178.5,44.8,35.8,1.251,0,3,0,4,6,27,5,3,0,1,0.0
"narrow middle, 1 dB cap",sim,500,floor_margin_db=1.0,,good,-10.0,average,fading,,1000,389.6,20.5,35.8,0.573,0,0,0,0,10,60,12,0,1,1,0.1
"narrow middle, 1 dB cap",sim,500,floor_margin_db=1.0,,good,-10.0,average,fading,,1000,271.3,29.5,35.8,0.823,0,2,2,2,7,40,6,0,1,1,0.1
"narrow middle, 1 dB cap",sim,500,floor_margin_db=1.0,,good,-10.0,average,fading,,1000,247.5,32.3,35.8,0.902,0,2,0,3,7,36,5,0,0,1,0.1
"narrow middle, 1 dB cap",sim,500,floor_margin_db=1.0,,good,-10.0,average,fading,,1000,353.3,22.6,35.8,0.632,0,1,0,2,9,54,9,0,1,1,0.1
"narrow middle, 1 dB cap",sim,500,floor_margin_db=1.0,,good,-10.0,average,fading,,1000,291.7,27.4,35.8,0.766,0,1,1,1,7,40,1,0,0,1,0.1
"narrow middle, 1 dB cap",sim,500,floor_margin_db=1.0,,good,-10.0,average,fading,,1000,361.4,22.1,35.8,0.618,0,1,0,2,9,53,8,1,0,1,0.1
"narrow middle, 1 dB cap",sim,500,floor_margin_db=1.0,,good,-10.0,average,fading,,1000,437.8,18.3,35.8,0.51,0,0,0,0,12,67,19,0,3,1,0.2
"narrow middle, 1 dB cap",sim,500,floor_margin_db=1.0,,good,-8.0,average,fading,,1000,161.7,49.5,53.7,0.921,1,3,2,2,4,22,2,0,0,1,0.0
"narrow middle, 1 dB cap",sim,500,floor_margin_db=1.0,,good,-8.0,average,fading,,1000,340.5,23.5,53.7,0.437,0,4,0,4,13,72,26,2,4,1,0.2
"narrow middle, 1 dB cap",sim,500,floor_margin_db=1.0,,good,-8.0,average,fading,,1000,165.3,48.4,53.7,0.901,1,3,1,3,4,23,2,0,0,1,0.0
"narrow middle, 1 dB cap",sim,500,floor_margin_db=1.0,,good,-8.0,average,fading,,1000,201.5,39.7,53.7,0.739,1,3,1,3,6,28,8,2,0,1,0.0
"narrow middle, 1 dB cap",sim,500,floor_margin_db=1.0,,good,-8.0,average,fading,,1000,142.6,56.1,53.7,1.044,1,3,2,2,4,21,1,1,0,1,0.1
"narrow middle, 1 dB cap",sim,500,floor_margin_db=1.0,,good,-8.0,average,fading,,1000,144.5,55.4,53.7,1.031,1,3,2,2,4,19,1,0,0,1,0.0
"narrow middle, 1 dB cap",sim,500,floor_margin_db=1.0,,good,-8.0,average,fading,,1000,223.2,35.8,53.7,0.667,0,2,1,3,6,32,2,0,0,1,0.1
"narrow middle, 1 dB cap",sim,500,floor_margin_db=1.0,,good,-8.0,average,fading,,1000,288.5,27.7,53.7,0.516,0,2,0,3,8,43,4,0,0,1,0.1
"narrow middle, 1 dB cap",sim,500,floor_margin_db=1.0,,good,-8.0,average,fading,,1000,171.7,46.6,53.7,0.867,1,3,1,3,4,24,3,2,0,1,0.1
"narrow middle, 1 dB cap",sim,500,floor_margin_db=1.0,,good,-8.0,average,fading,,1000,192.9,41.5,53.7,0.772,1,3,1,3,5,27,6,0,0,1,0.0
"narrow middle, 1 dB cap",sim,500,floor_margin_db=1.0,,good,-8.0,average,fading,,1000,290.2,27.6,53.7,0.513,0,4,0,6,11,57,17,2,3,1,0.1
"narrow middle, 1 dB cap",sim,500,floor_margin_db=1.0,,good,-8.0,average,fading,,1000,196.7,40.7,53.7,0.757,0,3,1,4,5,28,7,0,1,1,0.1
"narrow middle, 1 dB cap",sim,500,floor_margin_db=1.0,,good,-8.0,average,fading,,1000,216.6,36.9,53.7,0.687,0,2,1,2,6,31,1,1,0,1,0.1
"narrow middle, 1 dB cap",sim,500,floor_margin_db=1.0,,good,-8.0,average,fading,,1000,327.1,24.5,53.7,0.455,0,1,1,3,9,49,8,1,1,1,0.1
"narrow middle, 1 dB cap",sim,500,floor_margin_db=1.0,,good,-8.0,average,fading,,1000,192.2,0.0,53.7,0.0,,,,0,0,0,0,0,0,0,0.0
"narrow middle, 1 dB cap",sim,500,floor_margin_db=1.0,,good,-8.0,average,fading,,1000,179.3,44.6,53.7,0.83,0,3,2,3,5,25,3,2,0,1,0.0
"narrow middle, 1 dB cap",sim,500,floor_margin_db=1.0,,good,-8.0,average,fading,,1000,357.7,22.4,53.7,0.416,0,4,0,2,13,76,25,4,4,1,0.1
"narrow middle, 1 dB cap",sim,500,floor_margin_db=1.0,,good,-8.0,average,fading,,1000,311.6,25.7,53.7,0.478,0,1,0,2,8,47,2,0,0,1,0.1
"narrow middle, 1 dB cap",sim,500,floor_margin_db=1.0,,good,-8.0,average,fading,,1000,166.6,48.0,53.7,0.894,0,3,1,3,5,25,6,2,0,1,0.1
"narrow middle, 1 dB cap",sim,500,floor_margin_db=1.0,,good,-8.0,average,fading,,1000,184.1,43.4,53.7,0.809,0,3,0,4,5,26,4,1,0,1,0.0
"narrow middle, 1 dB cap",sim,500,floor_margin_db=1.0,,good,-8.0,average,fading,,1000,185.0,43.2,53.7,0.805,0,2,1,3,5,29,2,0,0,1,0.1
"narrow middle, 1 dB cap",sim,500,floor_margin_db=1.0,,good,-8.0,average,fading,,1000,158.2,50.6,53.7,0.941,1,3,1,3,5,24,4,1,0,1,0.1
"narrow middle, 1 dB cap",sim,500,floor_margin_db=1.0,,good,-8.0,average,fading,,1000,203.3,39.4,53.7,0.732,0,4,0,5,8,46,16,0,2,1,0.0
"narrow middle, 1 dB cap",sim,500,floor_margin_db=1.0,,good,-8.0,average,fading,,1000,300.0,26.7,53.7,0.496,0,1,0,2,8,45,4,0,0,1,0.1
"narrow middle, 1 dB cap",sim,500,floor_margin_db=1.0,,good,-8.0,average,fading,,1000,259.8,30.8,53.7,0.573,0,1,1,3,7,38,1,0,0,1,0.1
"narrow middle, 1 dB cap",sim,500,floor_margin_db=1.0,,good,-8.0,average,fading,,1000,153.3,52.2,53.7,0.971,1,3,2,2,4,23,3,0,0,1,0.0
"narrow middle, 1 dB cap",sim,500,floor_margin_db=1.0,,good,-8.0,average,fading,,1000,289.3,27.7,53.7,0.515,0,1,0,4,8,43,2,0,0,1,0.1
"narrow middle, 1 dB cap",sim,500,floor_margin_db=1.0,,good,-8.0,average,fading,,1000,182.2,43.9,53.7,0.817,0,3,2,2,5,25,3,1,0,1,0.0
"narrow middle, 1 dB cap",sim,500,floor_margin_db=1.0,,good,-8.0,average,fading,,1000,316.7,25.3,53.7,0.47,0,1,0,2,8,48,3,0,0,1,0.1
"narrow middle, 1 dB cap",sim,500,floor_margin_db=1.0,,good,-8.0,average,fading,,1000,364.3,22.0,53.7,0.409,0,1,0,4,10,55,14,0,2,1,0.1
"narrow middle, 1 dB cap",sim,500,floor_margin_db=1.0,,good,-6.0,average,fading,,1000,156.3,51.2,76.1,0.672,0,3,3,2,4,21,1,0,0,1,0.1
"narrow middle, 1 dB cap",sim,500,floor_margin_db=1.0,,good,-6.0,average,fading,,1000,143.3,55.8,76.1,0.733,1,3,2,2,4,22,2,1,0,1,0.1
"narrow middle, 1 dB cap",sim,500,floor_margin_db=1.0,,good,-6.0,average,fading,,1000,311.0,25.7,76.1,0.338,0,4,0,6,13,75,25,4,4,1,0.1
"narrow middle, 1 dB cap",sim,500,floor_margin_db=1.0,,good,-6.0,average,fading,,1000,160.9,49.7,76.1,0.653,1,3,3,3,4,22,4,1,0,1,0.0
"narrow middle, 1 dB cap",sim,500,floor_margin_db=1.0,,good,-6.0,average,fading,,1000,137.3,58.3,76.1,0.766,1,3,2,2,4,20,2,0,0,1,0.0
"narrow middle, 1 dB cap",sim,500,floor_margin_db=1.0,,good,-6.0,average,fading,,1000,144.5,55.4,76.1,0.727,1,3,2,2,4,19,1,0,0,1,0.0
"narrow middle, 1 dB cap",sim,500,floor_margin_db=1.0,,good,-6.0,average,fading,,1000,181.5,44.1,76.1,0.579,0,3,2,3,5,25,2,0,0,1,0.1
"narrow middle, 1 dB cap",sim,500,floor_margin_db=1.0,,good,-6.0,average,fading,,1000,195.5,40.9,76.1,0.538,1,3,1,3,5,28,5,1,0,1,0.0
"narrow middle, 1 dB cap",sim,500,floor_margin_db=1.0,,good,-6.0,average,fading,,1000,181.2,44.1,76.1,0.58,0,3,2,3,5,25,3,2,0,1,0.1
"narrow middle, 1 dB cap",sim,500,floor_margin_db=1.0,,good,-6.0,average,fading,,1000,192.3,41.6,76.1,0.546,0,4,0,5,7,36,10,0,1,1,0.1
"narrow middle, 1 dB cap",sim,500,floor_margin_db=1.0,,good,-6.0,average,fading,,1000,366.4,21.8,76.1,0.287,0,4,0,6,15,77,25,0,5,1,0.1
"narrow middle, 1 dB cap",sim,500,floor_margin_db=1.0,,good,-6.0,average,fading,,1000,130.6,61.3,76.1,0.805,1,3,2,2,4,19,1,0,0,1,0.0
"narrow middle, 1 dB cap",sim,500,floor_margin_db=1.0,,good,-6.0,average,fading,,1000,169.5,47.2,76.1,0.62,1,3,1,3,5,23,3,1,0,1,0.1
"narrow middle, 1 dB cap",sim,500,floor_margin_db=1.0,,good,-6.0,average,fading,,1000,220.3,36.3,76.1,0.477,0,4,0,4,10,49,14,4,2,1,0.1
"narrow middle, 1 dB cap",sim,500,floor_margin_db=1.0,,good,-6.0,average,fading,,1000,248.1,32.2,76.1,0.424,0,3,0,5,7,36,7,0,0,1,0.1
"narrow middle, 1 dB cap",sim,500,floor_margin_db=1.0,,good,-6.0,average,fading,,1000,153.7,52.1,76.1,0.684,1,3,2,2,4,21,3,2,0,1,0.0
"narrow middle, 1 dB cap",sim,500,floor_margin_db=1.0,,good,-6.0,average,fading,,1000,218.4,5.3,76.1,0.069,0,4,0,2,6,36,24,4,4,0,0.0
"narrow middle, 1 dB cap",sim,500,floor_margin_db=1.0,,good,-6.0,average,fading,,1000,147.5,54.2,76.1,0.712,1,3,2,2,4,22,2,0,0,1,0.1
"narrow middle, 1 dB cap",sim,500,floor_margin_db=1.0,,good,-6.0,average,fading,,1000,152.9,52.3,76.1,0.688,1,3,1,3,5,23,3,2,0,1,0.0
"narrow middle, 1 dB cap",sim,500,floor_margin_db=1.0,,good,-6.0,average,fading,,1000,263.9,30.3,76.1,0.398,0,4,0,7,11,57,20,2,3,1,0.1
"narrow middle, 1 dB cap",sim,500,floor_margin_db=1.0,,good,-6.0,average,fading,,1000,157.2,50.9,76.1,0.668,1,4,2,4,8,38,12,1,2,1,0.1
"narrow middle, 1 dB cap",sim,500,floor_margin_db=1.0,,good,-6.0,average,fading,,1000,285.8,28.0,76.1,0.368,0,4,1,6,14,66,13,0,4,1,0.1
"narrow middle, 1 dB cap",sim,500,floor_margin_db=1.0,,good,-6.0,average,fading,,1000,236.0,7.3,76.1,0.096,0,4,0,5,9,49,31,1,5,0,0.0
"narrow middle, 1 dB cap",sim,500,floor_margin_db=1.0,,good,-6.0,average,fading,,1000,185.6,43.1,76.1,0.566,0,3,1,4,5,26,4,2,0,1,0.1
"narrow middle, 1 dB cap",sim,500,floor_margin_db=1.0,,good,-6.0,average,fading,,1000,181.7,44.0,76.1,0.579,0,3,2,4,5,25,1,0,0,1,0.1
"narrow middle, 1 dB cap",sim,500,floor_margin_db=1.0,,good,-6.0,average,fading,,1000,277.4,28.8,76.1,0.379,0,4,0,4,11,58,14,0,2,1,0.1
"narrow middle, 1 dB cap",sim,500,floor_margin_db=1.0,,good,-6.0,average,fading,,1000,169.5,47.2,76.1,0.62,1,3,1,3,5,23,3,1,0,1,0.1
"narrow middle, 1 dB cap",sim,500,floor_margin_db=1.0,,good,-6.0,average,fading,,1000,153.1,52.2,76.1,0.686,1,3,2,2,4,23,3,0,0,1,0.1
"narrow middle, 1 dB cap",sim,500,floor_margin_db=1.0,,good,-6.0,average,fading,,1000,242.0,33.1,76.1,0.434,0,3,0,3,7,37,8,1,1,1,0.1
"narrow middle, 1 dB cap",sim,500,floor_margin_db=1.0,,good,-6.0,average,fading,,1000,228.0,35.1,76.1,0.461,0,2,0,4,6,33,2,0,0,1,0.1
"narrow middle, 1 dB cap",sim,500,floor_margin_db=1.0,,good,-4.0,average,fading,,1000,328.1,24.4,76.1,0.32,0,4,1,5,15,85,35,2,5,1,0.1
"narrow middle, 1 dB cap",sim,500,floor_margin_db=1.0,,good,-4.0,average,fading,,1000,125.2,63.9,76.1,0.84,0,4,2,4,6,33,13,1,2,1,0.1
"narrow middle, 1 dB cap",sim,500,floor_margin_db=1.0,,good,-4.0,average,fading,,1000,170.7,46.9,76.1,0.616,0,3,2,3,4,24,2,0,0,1,0.1
"narrow middle, 1 dB cap",sim,500,floor_margin_db=1.0,,good,-4.0,average,fading,,1000,137.9,58.0,76.1,0.762,1,3,2,2,4,21,1,0,0,1,0.0
"narrow middle, 1 dB cap",sim,500,floor_margin_db=1.0,,good,-4.0,average,fading,,1000,149.0,53.7,76.1,0.705,2,4,2,3,11,66,16,0,2,1,0.1
"narrow middle, 1 dB cap",sim,500,floor_margin_db=1.0,,good,-4.0,average,fading,,1000,121.3,65.9,76.1,0.866,1,3,3,1,3,18,0,0,0,1,0.0
"narrow middle, 1 dB cap",sim,500,floor_margin_db=1.0,,good,-4.0,average,fading,,1000,166.6,48.0,76.1,0.631,0,3,2,3,4,23,1,0,0,1,0.1
"narrow middle, 1 dB cap",sim,500,floor_margin_db=1.0,,good,-4.0,average,fading,,1000,164.5,48.6,76.1,0.639,1,3,2,2,4,23,3,1,0,1,0.1
"narrow middle, 1 dB cap",sim,500,floor_margin_db=1.0,,good,-4.0,average,fading,,1000,241.8,33.1,76.1,0.435,0,4,0,7,15,85,40,1,6,1,0.1
"narrow middle, 1 dB cap",sim,500,floor_margin_db=1.0,,good,-4.0,average,fading,,1000,161.3,49.6,76.1,0.652,2,4,2,3,6,31,8,0,1,1,0.1
"narrow middle, 1 dB cap",sim,500,floor_margin_db=1.0,,good,-4.0,average,fading,,1000,117.6,68.0,76.1,0.893,1,3,3,1,3,18,0,0,0,1,0.0
"narrow middle, 1 dB cap",sim,500,floor_margin_db=1.0,,good,-4.0,average,fading,,1000,243.8,32.8,76.1,0.431,0,4,0,5,11,59,16,1,2,1,0.1
"narrow middle, 1 dB cap",sim,500,floor_margin_db=1.0,,good,-4.0,average,fading,,1000,170.7,46.9,76.1,0.616,0,3,2,3,4,24,2,0,0,1,0.1
"narrow middle, 1 dB cap",sim,500,floor_margin_db=1.0,,good,-4.0,average,fading,,1000,172.3,46.4,76.1,0.61,0,4,1,4,7,41,13,4,2,1,0.1
"narrow middle, 1 dB cap",sim,500,floor_margin_db=1.0,,good,-4.0,average,fading,,1000,259.6,30.8,76.1,0.405,0,4,1,7,11,53,13,3,3,1,0.1
"narrow middle, 1 dB cap",sim,500,floor_margin_db=1.0,,good,-4.0,average,fading,,1000,143.0,56.0,76.1,0.735,1,3,2,2,4,19,1,0,0,1,0.1
"narrow middle, 1 dB cap",sim,500,floor_margin_db=1.0,,good,-4.0,average,fading,,1000,270.9,29.5,76.1,0.388,0,5,1,8,15,81,32,1,6,1,0.1
"narrow middle, 1 dB cap",sim,500,floor_margin_db=1.0,,good,-4.0,average,fading,,1000,160.4,49.9,76.1,0.655,0,4,2,3,7,38,12,0,2,1,0.1
"narrow middle, 1 dB cap",sim,500,floor_margin_db=1.0,,good,-4.0,average,fading,,1000,164.0,48.8,76.1,0.641,0,4,2,4,10,57,22,0,3,1,0.1
"narrow middle, 1 dB cap",sim,500,floor_margin_db=1.0,,good,-4.0,average,fading,,1000,205.3,7.5,76.1,0.098,0,4,0,3,5,26,13,0,2,0,0.1
"narrow middle, 1 dB cap",sim,500,floor_margin_db=1.0,,good,-4.0,average,fading,,1000,161.1,49.7,76.1,0.652,0,4,2,7,11,54,19,0,2,1,0.1
"narrow middle, 1 dB cap",sim,500,floor_margin_db=1.0,,good,-4.0,average,fading,,1000,191.1,41.9,76.1,0.55,1,4,1,4,11,59,14,1,2,1,0.1
"narrow middle, 1 dB cap",sim,500,floor_margin_db=1.0,,good,-4.0,average,fading,,1000,186.4,42.9,76.1,0.564,0,4,1,6,11,62,19,2,3,1,0.1
"narrow middle, 1 dB cap",sim,500,floor_margin_db=1.0,,good,-4.0,average,fading,,1000,273.6,29.2,76.1,0.384,0,4,0,6,11,54,10,0,3,1,0.1
"narrow middle, 1 dB cap",sim,500,floor_margin_db=1.0,,good,-4.0,average,fading,,1000,156.0,51.3,76.1,0.674,0,3,3,2,4,21,0,0,0,1,0.1
"narrow middle, 1 dB cap",sim,500,floor_margin_db=1.0,,good,-4.0,average,fading,,1000,172.4,46.4,76.1,0.61,0,4,3,5,9,44,13,2,2,1,0.1
"narrow middle, 1 dB cap",sim,500,floor_margin_db=1.0,,good,-4.0,average,fading,,1000,134.0,59.7,76.1,0.785,2,4,2,4,7,37,10,0,1,1,0.1
"narrow middle, 1 dB cap",sim,500,floor_margin_db=1.0,,good,-4.0,average,fading,,1000,162.7,49.2,76.1,0.646,1,4,1,5,8,43,12,4,2,1,0.1
"narrow middle, 1 dB cap",sim,500,floor_margin_db=1.0,,good,-4.0,average,fading,,1000,132.6,60.3,76.1,0.793,1,3,3,3,4,20,1,1,0,1,0.1
"narrow middle, 1 dB cap",sim,500,floor_margin_db=1.0,,good,-4.0,average,fading,,1000,165.9,48.2,76.1,0.633,0,3,2,3,4,23,1,0,0,1,0.1
"narrow middle, 1 dB cap",sim,500,floor_margin_db=1.0,,good,-2.0,average,fading,,1000,143.4,55.8,111.9,0.498,1,4,2,3,9,44,8,0,1,1,0.1
"narrow middle, 1 dB cap",sim,500,floor_margin_db=1.0,,good,-2.0,average,fading,,1000,124.4,64.3,111.9,0.575,0,5,3,6,9,52,18,1,3,1,0.1
"narrow middle, 1 dB cap",sim,500,floor_margin_db=1.0,,good,-2.0,average,fading,,1000,178.5,44.8,111.9,0.4,0,4,0,6,12,61,20,2,4,1,0.1
"narrow middle, 1 dB cap",sim,500,floor_margin_db=1.0,,good,-2.0,average,fading,,1000,127.2,62.9,111.9,0.562,1,3,2,2,4,19,1,0,0,1,0.0
"narrow middle, 1 dB cap",sim,500,floor_margin_db=1.0,,good,-2.0,average,fading,,1000,74.4,107.5,111.9,0.961,3,6,4,5,11,57,7,0,0,1,0.1
"narrow middle, 1 dB cap",sim,500,floor_margin_db=1.0,,good,-2.0,average,fading,,1000,118.2,67.7,111.9,0.605,2,4,4,5,11,66,12,0,2,1,0.1
"narrow middle, 1 dB cap",sim,500,floor_margin_db=1.0,,good,-2.0,average,fading,,1000,186.8,42.8,111.9,0.383,0,4,2,6,9,52,18,0,3,1,0.1
"narrow middle, 1 dB cap",sim,500,floor_margin_db=1.0,,good,-2.0,average,fading,,1000,219.9,36.4,111.9,0.325,0,4,1,7,14,71,15,0,4,1,0.1
"narrow middle, 1 dB cap",sim,500,floor_margin_db=1.0,,good,-2.0,average,fading,,1000,175.4,45.6,111.9,0.407,0,5,1,10,15,89,33,2,5,1,0.1
"narrow middle, 1 dB cap",sim,500,floor_margin_db=1.0,,good,-2.0,average,fading,,1000,156.5,51.1,111.9,0.457,2,4,2,5,7,40,13,1,2,1,0.1
"narrow middle, 1 dB cap",sim,500,floor_margin_db=1.0,,good,-2.0,average,fading,,1000,180.6,44.3,111.9,0.396,1,4,2,5,11,58,10,0,1,1,0.1
"narrow middle, 1 dB cap",sim,500,floor_margin_db=1.0,,good,-2.0,average,fading,,1000,154.0,52.0,111.9,0.464,0,5,2,5,8,47,17,1,2,1,0.1
"narrow middle, 1 dB cap",sim,500,floor_margin_db=1.0,,good,-2.0,average,fading,,1000,167.8,47.7,111.9,0.426,0,4,1,5,9,44,16,3,2,1,0.1
"narrow middle, 1 dB cap",sim,500,floor_margin_db=1.0,,good,-2.0,average,fading,,1000,156.1,51.3,111.9,0.458,1,4,2,5,8,41,18,2,2,1,0.1
"narrow middle, 1 dB cap",sim,500,floor_margin_db=1.0,,good,-2.0,average,fading,,1000,169.9,47.1,111.9,0.421,0,4,2,6,8,37,11,1,3,1,0.1
"narrow middle, 1 dB cap",sim,500,floor_margin_db=1.0,,good,-2.0,average,fading,,1000,157.9,50.7,111.9,0.453,0,3,2,2,5,21,2,0,0,1,0.1
"narrow middle, 1 dB cap",sim,500,floor_margin_db=1.0,,good,-2.0,average,fading,,1000,123.6,64.7,111.9,0.578,2,7,2,4,9,52,12,4,2,1,0.1
"narrow middle, 1 dB cap",sim,500,floor_margin_db=1.0,,good,-2.0,average,fading,,1000,117.6,68.0,111.9,0.607,1,3,3,1,3,18,0,0,0,1,0.1
"narrow middle, 1 dB cap",sim,500,floor_margin_db=1.0,,good,-2.0,average,fading,,1000,210.3,38.0,111.9,0.34,0,4,1,10,17,96,38,3,6,1,0.1
"narrow middle, 1 dB cap",sim,500,floor_margin_db=1.0,,good,-2.0,average,fading,,1000,237.7,33.7,111.9,0.301,0,4,0,5,16,79,15,0,2,1,0.1
"narrow middle, 1 dB cap",sim,500,floor_margin_db=1.0,,good,-2.0,average,fading,,1000,207.3,38.6,111.9,0.345,0,4,1,8,13,71,25,1,4,1,0.1
"narrow middle, 1 dB cap",sim,500,floor_margin_db=1.0,,good,-2.0,average,fading,,1000,116.2,68.8,111.9,0.615,2,5,3,5,8,46,12,1,2,1,0.1
"narrow middle, 1 dB cap",sim,500,floor_margin_db=1.0,,good,-2.0,average,fading,,1000,149.2,53.6,111.9,0.479,2,5,2,3,10,56,16,1,2,1,0.1
"narrow middle, 1 dB cap",sim,500,floor_margin_db=1.0,,good,-2.0,average,fading,,1000,148.4,53.9,111.9,0.481,0,4,2,6,8,33,10,0,3,1,0.1
"narrow middle, 1 dB cap",sim,500,floor_margin_db=1.0,,good,-2.0,average,fading,,1000,150.7,53.1,111.9,0.474,1,3,3,3,4,20,1,0,0,1,0.0
"narrow middle, 1 dB cap",sim,500,floor_margin_db=1.0,,good,-2.0,average,fading,,1000,170.7,46.9,111.9,0.419,0,5,4,11,13,73,29,0,4,1,0.1
"narrow middle, 1 dB cap",sim,500,floor_margin_db=1.0,,good,-2.0,average,fading,,1000,240.5,11.2,111.9,0.1,0,4,0,2,9,54,26,2,4,0,0.0
"narrow middle, 1 dB cap",sim,500,floor_margin_db=1.0,,good,-2.0,average,fading,,1000,170.0,47.1,111.9,0.42,2,4,2,7,12,68,24,1,4,1,0.1
"narrow middle, 1 dB cap",sim,500,floor_margin_db=1.0,,good,-2.0,average,fading,,1000,149.2,53.6,111.9,0.479,1,4,1,5,10,56,14,1,2,1,0.1
"narrow middle, 1 dB cap",sim,500,floor_margin_db=1.0,,good,-2.0,average,fading,,1000,144.5,55.4,111.9,0.495,1,3,2,2,4,19,1,0,0,1,0.1
"narrow middle, 1 dB cap",sim,500,floor_margin_db=1.0,,good,0.0,average,fading,,1000,168.5,47.5,111.9,0.424,0,4,2,5,11,57,11,0,2,1,0.1
"narrow middle, 1 dB cap",sim,500,floor_margin_db=1.0,,good,0.0,average,fading,,1000,127.8,62.6,111.9,0.559,0,6,1,8,14,69,18,3,4,1,0.1
"narrow middle, 1 dB cap",sim,500,floor_margin_db=1.0,,good,0.0,average,fading,,1000,90.2,88.7,111.9,0.793,4,6,5,5,13,70,3,0,0,1,0.1
"narrow middle, 1 dB cap",sim,500,floor_margin_db=1.0,,good,0.0,average,fading,,1000,183.8,43.5,111.9,0.389,0,6,1,10,15,85,36,4,6,1,0.1
"narrow middle, 1 dB cap",sim,500,floor_margin_db=1.0,,good,0.0,average,fading,,1000,48.1,166.2,111.9,1.484,4,7,5,3,7,36,2,0,0,1,0.0
"narrow middle, 1 dB cap",sim,500,floor_margin_db=1.0,,good,0.0,average,fading,,1000,114.1,70.1,111.9,0.626,0,6,6,4,7,40,1,0,0,1,0.1
"narrow middle, 1 dB cap",sim,500,floor_margin_db=1.0,,good,0.0,average,fading,,1000,148.1,54.0,111.9,0.483,0,4,2,6,19,112,28,1,4,1,0.1
"narrow middle, 1 dB cap",sim,500,floor_margin_db=1.0,,good,0.0,average,fading,,1000,144.6,55.3,111.9,0.494,0,4,4,3,7,42,3,0,0,1,0.1
"narrow middle, 1 dB cap",sim,500,floor_margin_db=1.0,,good,0.0,average,fading,,1000,89.6,89.3,111.9,0.798,2,7,4,9,11,66,16,2,2,1,0.1
"narrow middle, 1 dB cap",sim,500,floor_margin_db=1.0,,good,0.0,average,fading,,1000,130.0,61.5,111.9,0.55,1,4,4,3,5,29,1,0,0,1,0.1
"narrow middle, 1 dB cap",sim,500,floor_margin_db=1.0,,good,0.0,average,fading,,1000,137.7,58.1,111.9,0.519,2,4,2,5,18,108,24,0,3,1,0.1
"narrow middle, 1 dB cap",sim,500,floor_margin_db=1.0,,good,0.0,average,fading,,1000,134.8,59.3,111.9,0.53,0,6,0,12,15,76,32,1,5,1,0.1
"narrow middle, 1 dB cap",sim,500,floor_margin_db=1.0,,good,0.0,average,fading,,1000,177.9,45.0,111.9,0.402,0,4,3,8,11,58,22,1,3,1,0.1
"narrow middle, 1 dB cap",sim,500,floor_margin_db=1.0,,good,0.0,average,fading,,1000,186.2,43.0,111.9,0.384,1,5,1,7,12,72,25,2,3,1,0.1
"narrow middle, 1 dB cap",sim,500,floor_margin_db=1.0,,good,0.0,average,fading,,1000,149.8,53.4,111.9,0.477,2,5,2,5,11,66,23,3,3,1,0.1
"narrow middle, 1 dB cap",sim,500,floor_margin_db=1.0,,good,0.0,average,fading,,1000,187.4,42.7,111.9,0.381,0,4,2,11,19,114,48,1,8,1,0.1
"narrow middle, 1 dB cap",sim,500,floor_margin_db=1.0,,good,0.0,average,fading,,1000,74.7,107.2,111.9,0.957,2,9,2,6,10,56,16,4,3,1,0.0
"narrow middle, 1 dB cap",sim,500,floor_margin_db=1.0,,good,0.0,average,fading,,1000,170.9,46.8,111.9,0.418,1,4,2,8,14,76,23,0,3,1,0.1
"narrow middle, 1 dB cap",sim,500,floor_margin_db=1.0,,good,0.0,average,fading,,1000,106.4,75.2,111.9,0.672,0,6,4,8,15,82,22,1,2,1,0.1
"narrow middle, 1 dB cap",sim,500,floor_margin_db=1.0,,good,0.0,average,fading,,1000,163.0,49.1,111.9,0.438,0,5,1,6,14,70,13,0,1,1,0.1
"narrow middle, 1 dB cap",sim,500,floor_margin_db=1.0,,good,0.0,average,fading,,1000,164.8,48.6,111.9,0.434,2,5,2,11,15,83,31,1,5,1,0.1
"narrow middle, 1 dB cap",sim,500,floor_margin_db=1.0,,good,0.0,average,fading,,1000,107.8,74.2,111.9,0.663,1,7,1,8,12,65,21,2,3,1,0.1
"narrow middle, 1 dB cap",sim,500,floor_margin_db=1.0,,good,0.0,average,fading,,1000,97.9,81.7,111.9,0.73,2,6,3,5,8,48,15,0,2,1,0.1
"narrow middle, 1 dB cap",sim,500,floor_margin_db=1.0,,good,0.0,average,fading,,1000,127.8,62.6,111.9,0.559,2,4,4,9,14,75,21,0,3,1,0.1
"narrow middle, 1 dB cap",sim,500,floor_margin_db=1.0,,good,0.0,average,fading,,1000,135.7,58.9,111.9,0.527,1,3,3,1,3,18,0,0,0,1,0.1
"narrow middle, 1 dB cap",sim,500,floor_margin_db=1.0,,good,0.0,average,fading,,1000,141.2,56.6,111.9,0.506,0,6,2,7,15,76,17,0,2,1,0.1
"narrow middle, 1 dB cap",sim,500,floor_margin_db=1.0,,good,0.0,average,fading,,1000,107.3,74.6,111.9,0.666,2,6,2,5,10,59,15,2,2,1,0.1
"narrow middle, 1 dB cap",sim,500,floor_margin_db=1.0,,good,0.0,average,fading,,1000,156.3,51.2,111.9,0.457,2,4,4,10,20,118,34,0,5,1,0.1
"narrow middle, 1 dB cap",sim,500,floor_margin_db=1.0,,good,0.0,average,fading,,1000,172.9,46.3,111.9,0.413,0,5,1,6,15,84,24,2,3,1,0.1
"narrow middle, 1 dB cap",sim,500,floor_margin_db=1.0,,good,0.0,average,fading,,1000,148.1,54.0,111.9,0.483,0,4,3,4,7,39,10,0,1,1,0.1
"narrow middle, 1 dB cap",sim,500,floor_margin_db=1.0,,good,2.0,average,fading,,1000,79.4,100.8,113.9,0.885,2,7,4,6,11,61,11,0,1,1,0.1
"narrow middle, 1 dB cap",sim,500,floor_margin_db=1.0,,good,2.0,average,fading,,1000,77.5,103.2,113.9,0.907,0,7,0,6,11,57,19,0,4,1,0.1
"narrow middle, 1 dB cap",sim,500,floor_margin_db=1.0,,good,2.0,average,fading,,1000,50.3,159.2,113.9,1.398,4,7,6,3,7,38,1,0,0,1,0.0
"narrow middle, 1 dB cap",sim,500,floor_margin_db=1.0,,good,2.0,average,fading,,1000,49.2,162.6,113.9,1.428,4,7,6,4,7,37,1,1,0,1,0.1
"narrow middle, 1 dB cap",sim,500,floor_margin_db=1.0,,good,2.0,average,fading,,1000,36.6,218.6,113.9,1.92,5,9,9,2,5,27,0,0,0,1,0.0
"narrow middle, 1 dB cap",sim,500,floor_margin_db=1.0,,good,2.0,average,fading,,1000,95.4,83.8,113.9,0.736,4,5,4,4,13,75,6,0,0,1,0.1
"narrow middle, 1 dB cap",sim,500,floor_margin_db=1.0,,good,2.0,average,fading,,1000,129.2,61.9,113.9,0.544,0,6,5,6,9,51,11,0,1,1,0.1
"narrow middle, 1 dB cap",sim,500,floor_margin_db=1.0,,good,2.0,average,fading,,1000,63.9,125.2,113.9,1.1,4,7,6,5,9,49,6,0,0,1,0.1
"narrow middle, 1 dB cap",sim,500,floor_margin_db=1.0,,good,2.0,average,fading,,1000,61.3,130.6,113.9,1.147,3,7,4,5,8,46,12,0,2,1,0.0
"narrow middle, 1 dB cap",sim,500,floor_margin_db=1.0,,good,2.0,average,fading,,1000,177.3,45.1,113.9,0.396,0,5,2,9,13,62,16,0,4,1,0.1
"narrow middle, 1 dB cap",sim,500,floor_margin_db=1.0,,good,2.0,average,fading,,1000,87.8,91.1,113.9,0.8,2,7,4,6,12,68,12,0,1,1,0.0
"narrow middle, 1 dB cap",sim,500,floor_margin_db=1.0,,good,2.0,average,fading,,1000,106.9,74.8,113.9,0.657,4,7,4,3,14,81,16,0,1,1,0.1
"narrow middle, 1 dB cap",sim,500,floor_margin_db=1.0,,good,2.0,average,fading,,1000,141.6,56.5,113.9,0.496,1,5,4,10,19,110,31,0,4,1,0.1
"narrow middle, 1 dB cap",sim,500,floor_margin_db=1.0,,good,2.0,average,fading,,1000,144.8,55.3,113.9,0.485,2,6,4,10,19,113,40,2,4,1,0.1
"narrow middle, 1 dB cap",sim,500,floor_margin_db=1.0,,good,2.0,average,fading,,1000,176.9,45.2,113.9,0.397,1,6,2,8,15,80,28,3,4,1,0.1
"narrow middle, 1 dB cap",sim,500,floor_margin_db=1.0,,good,2.0,average,fading,,1000,99.5,80.4,113.9,0.706,4,7,6,5,13,72,9,3,0,1,0.1
"narrow middle, 1 dB cap",sim,500,floor_margin_db=1.0,,good,2.0,average,fading,,1000,37.7,212.4,113.9,1.866,6,10,6,3,5,28,6,4,0,1,0.0
"narrow middle, 1 dB cap",sim,500,floor_margin_db=1.0,,good,2.0,average,fading,,1000,141.3,56.6,113.9,0.497,0,5,0,10,20,108,29,0,5,1,0.1
"narrow middle, 1 dB cap",sim,500,floor_margin_db=1.0,,good,2.0,average,fading,,1000,58.7,136.4,113.9,1.198,4,7,4,4,8,45,7,1,0,1,0.1
"narrow middle, 1 dB cap",sim,500,floor_margin_db=1.0,,good,2.0,average,fading,,1000,112.7,71.0,113.9,0.623,2,6,4,10,16,87,21,1,2,1,0.1
"narrow middle, 1 dB cap",sim,500,floor_margin_db=1.0,,good,2.0,average,fading,,1000,68.6,116.6,113.9,1.024,3,6,3,5,9,52,13,1,2,1,0.1
"narrow middle, 1 dB cap",sim,500,floor_margin_db=1.0,,good,2.0,average,fading,,1000,35.5,225.0,113.9,1.977,6,9,7,2,5,26,2,0,0,1,0.0
"narrow middle, 1 dB cap",sim,500,floor_margin_db=1.0,,good,2.0,average,fading,,1000,59.4,134.6,113.9,1.182,3,9,4,6,8,45,12,0,1,1,0.1
"narrow middle, 1 dB cap",sim,500,floor_margin_db=1.0,,good,2.0,average,fading,,1000,176.0,45.5,113.9,0.399,0,5,1,13,21,122,45,1,7,1,0.1
"narrow middle, 1 dB cap",sim,500,floor_margin_db=1.0,,good,2.0,average,fading,,1000,178.4,44.9,113.9,0.394,0,4,4,9,16,92,37,2,5,1,0.1
"narrow middle, 1 dB cap",sim,500,floor_margin_db=1.0,,good,2.0,average,fading,,1000,128.0,62.5,113.9,0.549,2,5,4,9,18,98,19,0,2,1,0.1
"narrow middle, 1 dB cap",sim,500,floor_margin_db=1.0,,good,2.0,average,fading,,1000,57.3,139.5,113.9,1.226,4,7,4,3,8,43,9,2,1,1,0.0
"narrow middle, 1 dB cap",sim,500,floor_margin_db=1.0,,good,2.0,average,fading,,1000,127.5,62.8,113.9,0.551,2,5,4,7,16,96,22,0,3,1,0.1
"narrow middle, 1 dB cap",sim,500,floor_margin_db=1.0,,good,2.0,average,fading,,1000,86.5,92.5,113.9,0.813,1,6,1,6,12,66,17,3,2,1,0.1
"narrow middle, 1 dB cap",sim,500,floor_margin_db=1.0,,good,2.0,average,fading,,1000,148.7,53.8,113.9,0.473,0,5,4,7,16,84,10,2,1,1,0.1
"narrow middle, 1 dB cap",sim,500,floor_margin_db=1.0,,good,6.0,average,fading,,1000,38.3,208.6,258.1,0.808,6,10,6,4,5,24,4,0,1,1,0.0
"narrow middle, 1 dB cap",sim,500,floor_margin_db=1.0,,good,6.0,average,fading,,1000,36.3,220.2,258.1,0.853,7,10,9,3,5,26,6,0,1,1,0.0
"narrow middle, 1 dB cap",sim,500,floor_margin_db=1.0,,good,6.0,average,fading,,1000,32.4,246.8,258.1,0.956,5,10,9,3,4,24,1,0,0,1,0.0
"narrow middle, 1 dB cap",sim,500,floor_margin_db=1.0,,good,6.0,average,fading,,1000,34.5,231.9,258.1,0.899,5,10,10,3,5,25,0,0,0,1,0.0
"narrow middle, 1 dB cap",sim,500,floor_margin_db=1.0,,good,6.0,average,fading,,1000,25.1,319.2,258.1,1.237,7,10,10,1,3,18,0,0,0,1,0.0
"narrow middle, 1 dB cap",sim,500,floor_margin_db=1.0,,good,6.0,average,fading,,1000,46.0,173.8,258.1,0.673,4,9,7,5,7,34,5,0,0,1,0.1
"narrow middle, 1 dB cap",sim,500,floor_margin_db=1.0,,good,6.0,average,fading,,1000,50.3,159.2,258.1,0.617,4,7,6,4,7,38,2,0,0,1,0.0
"narrow middle, 1 dB cap",sim,500,floor_margin_db=1.0,,good,6.0,average,fading,,1000,38.7,206.7,258.1,0.801,4,9,9,3,5,29,0,0,0,1,0.0
"narrow middle, 1 dB cap",sim,500,floor_margin_db=1.0,,good,6.0,average,fading,,1000,36.6,218.7,258.1,0.848,6,10,9,4,6,26,3,0,0,1,0.0
"narrow middle, 1 dB cap",sim,500,floor_margin_db=1.0,,good,6.0,average,fading,,1000,80.4,99.5,258.1,0.385,3,6,4,5,11,62,11,0,1,1,0.1
"narrow middle, 1 dB cap",sim,500,floor_margin_db=1.0,,good,6.0,average,fading,,1000,34.5,231.9,258.1,0.899,6,10,7,4,5,25,4,0,0,1,0.0
"narrow middle, 1 dB cap",sim,500,floor_margin_db=1.0,,good,6.0,average,fading,,1000,84.7,94.5,258.1,0.366,3,6,5,7,11,66,10,0,1,1,0.1
"narrow middle, 1 dB cap",sim,500,floor_margin_db=1.0,,good,6.0,average,fading,,1000,49.2,162.6,258.1,0.63,5,9,6,4,7,37,4,2,0,1,0.0
"narrow middle, 1 dB cap",sim,500,floor_margin_db=1.0,,good,6.0,average,fading,,1000,58.4,137.0,258.1,0.531,3,9,3,4,8,44,13,0,1,1,0.0
"narrow middle, 1 dB cap",sim,500,floor_margin_db=1.0,,good,6.0,average,fading,,1000,61.5,130.0,258.1,0.504,4,9,4,2,8,47,9,0,1,1,0.1
"narrow middle, 1 dB cap",sim,500,floor_margin_db=1.0,,good,6.0,average,fading,,1000,48.5,165.0,258.1,0.639,5,9,7,3,6,32,4,2,0,1,0.0
"narrow middle, 1 dB cap",sim,500,floor_margin_db=1.0,,good,6.0,average,fading,,1000,24.0,333.2,258.1,1.291,10,11,10,2,3,17,3,2,0,1,0.0
"narrow middle, 1 dB cap",sim,500,floor_margin_db=1.0,,good,6.0,average,fading,,1000,83.3,96.0,258.1,0.372,2,7,2,6,11,64,14,0,2,1,0.1
"narrow middle, 1 dB cap",sim,500,floor_margin_db=1.0,,good,6.0,average,fading,,1000,25.1,319.2,258.1,1.237,9,11,10,2,3,18,2,0,0,1,0.0
"narrow middle, 1 dB cap",sim,500,floor_margin_db=1.0,,good,6.0,average,fading,,1000,36.6,218.6,258.1,0.847,7,9,7,3,5,27,3,0,0,1,0.0
"narrow middle, 1 dB cap",sim,500,floor_margin_db=1.0,,good,6.0,average,fading,,1000,32.4,246.8,258.1,0.956,7,9,9,2,4,24,3,0,0,1,0.0
"narrow middle, 1 dB cap",sim,500,floor_margin_db=1.0,,good,6.0,average,fading,,1000,25.0,319.5,258.1,1.238,9,11,10,2,4,17,2,0,0,1,0.0
"narrow middle, 1 dB cap",sim,500,floor_margin_db=1.0,,good,6.0,average,fading,,1000,31.4,255.1,258.1,0.989,7,10,7,2,4,23,2,0,0,1,0.0
"narrow middle, 1 dB cap",sim,500,floor_margin_db=1.0,,good,6.0,average,fading,,1000,72.8,109.9,258.1,0.426,3,9,4,5,10,55,14,1,2,1,0.1
"narrow middle, 1 dB cap",sim,500,floor_margin_db=1.0,,good,6.0,average,fading,,1000,54.4,146.9,258.1,0.569,4,6,5,4,8,41,3,0,0,1,0.0
"narrow middle, 1 dB cap",sim,500,floor_margin_db=1.0,,good,6.0,average,fading,,1000,46.1,173.7,258.1,0.673,6,7,6,3,6,35,4,0,0,1,0.0
"narrow middle, 1 dB cap",sim,500,floor_margin_db=1.0,,good,6.0,average,fading,,1000,30.3,264.0,258.1,1.023,7,10,9,2,4,22,2,0,0,1,0.0
"narrow middle, 1 dB cap",sim,500,floor_margin_db=1.0,,good,6.0,average,fading,,1000,51.3,155.8,258.1,0.604,6,9,6,3,6,35,7,0,1,1,0.0
"narrow middle, 1 dB cap",sim,500,floor_margin_db=1.0,,good,6.0,average,fading,,1000,39.8,201.2,258.1,0.78,6,9,7,2,5,30,3,1,0,1,0.0
"narrow middle, 1 dB cap",sim,500,floor_margin_db=1.0,,good,6.0,average,fading,,1000,88.1,90.8,258.1,0.352,0,7,6,3,7,36,2,0,0,1,0.0
"narrow middle, 1 dB cap",sim,500,floor_margin_db=1.0,,moderate,-18.0,average,fading,,1000,79.7,0.0,0.0,,,,,0,0,0,0,0,0,0,0.0
"narrow middle, 1 dB cap",sim,500,floor_margin_db=1.0,,moderate,-18.0,average,fading,,1000,125.6,0.0,0.0,,,,,0,0,0,0,0,0,0,0.0
"narrow middle, 1 dB cap",sim,500,floor_margin_db=1.0,,moderate,-18.0,average,fading,,1000,108.3,0.0,0.0,,,,,0,0,0,0,0,0,0,0.0
"narrow middle, 1 dB cap",sim,500,floor_margin_db=1.0,,moderate,-18.0,average,fading,,1000,158.6,0.0,0.0,,,,,0,0,0,0,0,0,0,0.0
"narrow middle, 1 dB cap",sim,500,floor_margin_db=1.0,,moderate,-18.0,average,fading,,1000,231.7,0.0,0.0,,,,,0,0,0,0,0,0,0,0.0
"narrow middle, 1 dB cap",sim,500,floor_margin_db=1.0,,moderate,-18.0,average,fading,,1000,93.8,0.0,0.0,,,,,0,0,0,0,0,0,0,0.0
"narrow middle, 1 dB cap",sim,500,floor_margin_db=1.0,,moderate,-18.0,average,fading,,1000,79.4,0.0,0.0,,,,,0,0,0,0,0,0,0,0.0
"narrow middle, 1 dB cap",sim,500,floor_margin_db=1.0,,moderate,-18.0,average,fading,,1000,64.4,0.0,0.0,,,,,0,0,0,0,0,0,0,0.0
"narrow middle, 1 dB cap",sim,500,floor_margin_db=1.0,,moderate,-18.0,average,fading,,1000,495.9,5.4,0.0,,0,0,0,0,9,54,38,9,5,0,0.1
"narrow middle, 1 dB cap",sim,500,floor_margin_db=1.0,,moderate,-18.0,average,fading,,1000,182.3,0.0,0.0,,,,,0,0,0,0,0,0,0,0.0
"narrow middle, 1 dB cap",sim,500,floor_margin_db=1.0,,moderate,-18.0,average,fading,,1000,180.5,0.0,0.0,,,,,0,0,0,0,0,0,0,0.0
"narrow middle, 1 dB cap",sim,500,floor_margin_db=1.0,,moderate,-18.0,average,fading,,1000,120.7,0.0,0.0,,,,,0,0,0,0,0,0,0,0.0
"narrow middle, 1 dB cap",sim,500,floor_margin_db=1.0,,moderate,-18.0,average,fading,,1000,134.0,0.0,0.0,,,,,0,0,0,0,0,0,0,0.0
"narrow middle, 1 dB cap",sim,500,floor_margin_db=1.0,,moderate,-18.0,average,fading,,1000,195.4,0.0,0.0,,,,,0,0,0,0,0,0,0,0.0
"narrow middle, 1 dB cap",sim,500,floor_margin_db=1.0,,moderate,-18.0,average,fading,,1000,100.2,0.0,0.0,,,,,0,0,0,0,0,0,0,0.0
"narrow middle, 1 dB cap",sim,500,floor_margin_db=1.0,,moderate,-18.0,average,fading,,1000,134.9,0.0,0.0,,,,,0,0,0,0,0,0,0,0.0
"narrow middle, 1 dB cap",sim,500,floor_margin_db=1.0,,moderate,-18.0,average,fading,,1000,210.8,0.0,0.0,,,,,0,0,0,0,0,0,0,0.0
"narrow middle, 1 dB cap",sim,500,floor_margin_db=1.0,,moderate,-18.0,average,fading,,1000,226.6,0.0,0.0,,,,,0,0,0,0,0,0,0,0.0
"narrow middle, 1 dB cap",sim,500,floor_margin_db=1.0,,moderate,-18.0,average,fading,,1000,189.3,0.0,0.0,,,,,0,0,0,0,0,0,0,0.0
"narrow middle, 1 dB cap",sim,500,floor_margin_db=1.0,,moderate,-18.0,average,fading,,1000,85.7,0.0,0.0,,,,,0,0,0,0,0,0,0,0.0
"narrow middle, 1 dB cap",sim,500,floor_margin_db=1.0,,moderate,-18.0,average,fading,,1000,238.4,0.0,0.0,,,,,0,0,0,0,0,0,0,0.0
"narrow middle, 1 dB cap",sim,500,floor_margin_db=1.0,,moderate,-18.0,average,fading,,1000,89.2,0.0,0.0,,,,,0,0,0,0,0,0,0,0.0
"narrow middle, 1 dB cap",sim,500,floor_margin_db=1.0,,moderate,-18.0,average,fading,,1000,119.9,0.0,0.0,,,,,0,0,0,0,0,0,0,0.0
"narrow middle, 1 dB cap",sim,500,floor_margin_db=1.0,,moderate,-18.0,average,fading,,1000,112.9,0.0,0.0,,,,,0,0,0,0,0,0,0,0.0
"narrow middle, 1 dB cap",sim,500,floor_margin_db=1.0,,moderate,-18.0,average,fading,,1000,196.2,0.0,0.0,,,,,0,0,0,0,0,0,0,0.0
"narrow middle, 1 dB cap",sim,500,floor_margin_db=1.0,,moderate,-18.0,average,fading,,1000,129.5,0.0,0.0,,,,,0,0,0,0,0,0,0,0.0
"narrow middle, 1 dB cap",sim,500,floor_margin_db=1.0,,moderate,-18.0,average,fading,,1000,93.0,0.0,0.0,,,,,0,0,0,0,0,0,0,0.0
"narrow middle, 1 dB cap",sim,500,floor_margin_db=1.0,,moderate,-18.0,average,fading,,1000,180.3,0.0,0.0,,,,,0,0,0,0,0,0,0,0.0
"narrow middle, 1 dB cap",sim,500,floor_margin_db=1.0,,moderate,-18.0,average,fading,,1000,140.7,0.0,0.0,,,,,0,0,0,0,0,0,0,0.0
"narrow middle, 1 dB cap",sim,500,floor_margin_db=1.0,,moderate,-18.0,average,fading,,1000,124.9,0.0,0.0,,,,,0,0,0,0,0,0,0,0.0
"narrow middle, 1 dB cap",sim,500,floor_margin_db=1.0,,moderate,-14.0,average,fading,,1000,461.4,17.3,0.0,,0,0,0,0,11,63,15,3,1,1,0.1
"narrow middle, 1 dB cap",sim,500,floor_margin_db=1.0,,moderate,-14.0,average,fading,,1000,374.3,21.4,0.0,,0,0,0,0,10,57,9,3,0,1,0.1
"narrow middle, 1 dB cap",sim,500,floor_margin_db=1.0,,moderate,-14.0,average,fading,,1000,404.6,19.8,0.0,,0,0,0,0,11,62,14,1,1,1,0.2
"narrow middle, 1 dB cap",sim,500,floor_margin_db=1.0,,moderate,-14.0,average,fading,,1000,390.7,20.5,0.0,,0,1,0,2,10,60,15,6,1,1,0.1
"narrow middle, 1 dB cap",sim,500,floor_margin_db=1.0,,moderate,-14.0,average,fading,,1000,409.9,19.5,0.0,,0,0,0,0,10,59,11,0,1,1,0.1
"narrow middle, 1 dB cap",sim,500,floor_margin_db=1.0,,moderate,-14.0,average,fading,,1000,393.7,20.3,0.0,,0,0,0,0,11,60,12,1,0,1,0.1
"narrow middle, 1 dB cap",sim,500,floor_margin_db=1.0,,moderate,-14.0,average,fading,,1000,425.0,18.8,0.0,,0,0,0,0,11,56,8,1,1,1,0.1
"narrow middle, 1 dB cap",sim,500,floor_margin_db=1.0,,moderate,-14.0,average,fading,,1000,435.6,18.4,0.0,,0,0,0,0,12,67,19,3,2,1,0.1
"narrow middle, 1 dB cap",sim,500,floor_margin_db=1.0,,moderate,-14.0,average,fading,,1000,369.2,21.7,0.0,,0,0,0,0,10,56,8,1,1,1,0.1
"narrow middle, 1 dB cap",sim,500,floor_margin_db=1.0,,moderate,-14.0,average,fading,,1000,406.7,19.7,0.0,,0,0,0,0,12,57,9,1,1,1,0.1
"narrow middle, 1 dB cap",sim,500,floor_margin_db=1.0,,moderate,-14.0,average,fading,,1000,410.2,19.5,0.0,,0,0,0,0,11,60,12,1,1,1,0.1
"narrow middle, 1 dB cap",sim,500,floor_margin_db=1.0,,moderate,-14.0,average,fading,,1000,413.7,19.3,0.0,,0,0,0,0,12,63,15,1,1,1,0.2
"narrow middle, 1 dB cap",sim,500,floor_margin_db=1.0,,moderate,-14.0,average,fading,,1000,431.0,18.6,0.0,,0,0,0,0,12,66,18,1,2,1,0.1
"narrow middle, 1 dB cap",sim,500,floor_margin_db=1.0,,moderate,-14.0,average,fading,,1000,394.5,20.3,0.0,,0,0,0,0,11,60,12,0,1,1,0.1
"narrow middle, 1 dB cap",sim,500,floor_margin_db=1.0,,moderate,-14.0,average,fading,,1000,411.5,19.4,0.0,,0,0,0,0,11,57,9,2,0,1,0.1
"narrow middle, 1 dB cap",sim,500,floor_margin_db=1.0,,moderate,-14.0,average,fading,,1000,414.4,19.3,0.0,,0,0,0,0,11,64,16,0,1,1,0.1
"narrow middle, 1 dB cap",sim,500,floor_margin_db=1.0,,moderate,-14.0,average,fading,,1000,463.2,17.3,0.0,,0,0,0,0,12,72,24,0,3,1,0.1
"narrow middle, 1 dB cap",sim,500,floor_margin_db=1.0,,moderate,-14.0,average,fading,,1000,390.5,20.5,0.0,,0,0,0,0,10,60,12,4,1,1,0.1
"narrow middle, 1 dB cap",sim,500,floor_margin_db=1.0,,moderate,-14.0,average,fading,,1000,443.8,18.0,0.0,,0,0,0,0,10,60,12,0,1,1,0.2
"narrow middle, 1 dB cap",sim,500,floor_margin_db=1.0,,moderate,-14.0,average,fading,,1000,418.0,19.1,0.0,,0,0,0,0,11,63,15,1,2,1,0.2
"narrow middle, 1 dB cap",sim,500,floor_margin_db=1.0,,moderate,-14.0,average,fading,,1000,470.9,17.0,0.0,,0,0,0,0,13,66,18,1,3,1,0.2
"narrow middle, 1 dB cap",sim,500,floor_margin_db=1.0,,moderate,-14.0,average,fading,,1000,404.2,19.8,0.0,,0,0,0,0,11,62,14,1,1,1,0.1
"narrow middle, 1 dB cap",sim,500,floor_margin_db=1.0,,moderate,-14.0,average,fading,,1000,468.6,17.1,0.0,,0,0,0,0,13,68,20,0,3,1,0.1
"narrow middle, 1 dB cap",sim,500,floor_margin_db=1.0,,moderate,-14.0,average,fading,,1000,362.0,22.1,0.0,,0,0,0,0,10,55,7,1,0,1,0.1
"narrow middle, 1 dB cap",sim,500,floor_margin_db=1.0,,moderate,-14.0,average,fading,,1000,358.2,22.3,0.0,,0,0,0,0,10,54,6,1,0,1,0.1
"narrow middle, 1 dB cap",sim,500,floor_margin_db=1.0,,moderate,-14.0,average,fading,,1000,405.7,19.7,0.0,,0,0,0,0,10,57,9,1,0,1,0.1
"narrow middle, 1 dB cap",sim,500,floor_margin_db=1.0,,moderate,-14.0,average,fading,,1000,352.5,22.7,0.0,,0,0,0,0,9,54,6,2,0,1,0.1
"narrow middle, 1 dB cap",sim,500,floor_margin_db=1.0,,moderate,-14.0,average,fading,,1000,353.3,22.6,0.0,,0,0,0,0,10,53,5,1,0,1,0.1
"narrow middle, 1 dB cap",sim,500,floor_margin_db=1.0,,moderate,-14.0,average,fading,,1000,378.7,21.1,0.0,,0,0,0,0,10,58,10,1,0,1,0.1
"narrow middle, 1 dB cap",sim,500,floor_margin_db=1.0,,moderate,-14.0,average,fading,,1000,435.3,18.4,0.0,,0,0,0,0,11,64,16,5,1,1,0.1
"narrow middle, 1 dB cap",sim,500,floor_margin_db=1.0,,moderate,-12.0,average,fading,,1000,370.0,21.6,35.8,0.604,0,0,0,0,10,56,8,0,1,1,0.1
"narrow middle, 1 dB cap",sim,500,floor_margin_db=1.0,,moderate,-12.0,average,fading,,1000,317.7,25.2,35.8,0.703,0,1,0,2,8,48,3,1,0,1,0.1
"narrow middle, 1 dB cap",sim,500,floor_margin_db=1.0,,moderate,-12.0,average,fading,,1000,325.7,24.6,35.8,0.686,0,1,0,2,9,49,4,1,0,1,0.1
"narrow middle, 1 dB cap",sim,500,floor_margin_db=1.0,,moderate,-12.0,average,fading,,1000,310.9,25.7,35.8,0.718,0,2,0,3,8,44,5,3,0,1,0.1
"narrow middle, 1 dB cap",sim,500,floor_margin_db=1.0,,moderate,-12.0,average,fading,,1000,317.0,25.2,35.8,0.705,0,1,0,2,8,48,3,1,0,1,0.1
"narrow middle, 1 dB cap",sim,500,floor_margin_db=1.0,,moderate,-12.0,average,fading,,1000,316.7,25.3,35.8,0.705,0,1,0,2,8,48,3,1,0,1,0.1
"narrow middle, 1 dB cap",sim,500,floor_margin_db=1.0,,moderate,-12.0,average,fading,,1000,306.7,26.1,35.8,0.728,0,1,0,2,8,46,1,0,0,1,0.1
"narrow middle, 1 dB cap",sim,500,floor_margin_db=1.0,,moderate,-12.0,average,fading,,1000,341.8,23.4,35.8,0.653,0,1,0,2,9,52,7,1,1,1,0.1
"narrow middle, 1 dB cap",sim,500,floor_margin_db=1.0,,moderate,-12.0,average,fading,,1000,317.1,25.2,35.8,0.704,0,1,0,2,8,48,3,1,0,1,0.1
"narrow middle, 1 dB cap",sim,500,floor_margin_db=1.0,,moderate,-12.0,average,fading,,1000,327.7,24.4,35.8,0.682,0,1,0,2,9,49,4,2,0,1,0.1
"narrow middle, 1 dB cap",sim,500,floor_margin_db=1.0,,moderate,-12.0,average,fading,,1000,369.3,21.7,35.8,0.605,0,0,0,0,10,56,8,0,1,1,0.1
"narrow middle, 1 dB cap",sim,500,floor_margin_db=1.0,,moderate,-12.0,average,fading,,1000,330.6,24.2,35.8,0.675,0,0,0,0,9,50,2,0,0,1,0.1
"narrow middle, 1 dB cap",sim,500,floor_margin_db=1.0,,moderate,-12.0,average,fading,,1000,279.8,28.6,35.8,0.798,0,1,0,2,7,42,1,1,0,1,0.1
"narrow middle, 1 dB cap",sim,500,floor_margin_db=1.0,,moderate,-12.0,average,fading,,1000,337.1,23.7,35.8,0.663,0,0,0,0,9,51,3,0,0,1,0.1
"narrow middle, 1 dB cap",sim,500,floor_margin_db=1.0,,moderate,-12.0,average,fading,,1000,336.9,23.7,35.8,0.663,0,0,0,0,9,51,3,0,0,1,0.1
"narrow middle, 1 dB cap",sim,500,floor_margin_db=1.0,,moderate,-12.0,average,fading,,1000,330.2,24.2,35.8,0.676,0,0,0,0,9,50,2,0,0,1,0.1
"narrow middle, 1 dB cap",sim,500,floor_margin_db=1.0,,moderate,-12.0,average,fading,,1000,346.0,23.1,35.8,0.646,0,0,0,0,10,52,4,0,1,1,0.1
"narrow middle, 1 dB cap",sim,500,floor_margin_db=1.0,,moderate,-12.0,average,fading,,1000,337.2,23.7,35.8,0.662,0,0,0,0,9,51,3,0,0,1,0.1
"narrow middle, 1 dB cap",sim,500,floor_margin_db=1.0,,moderate,-12.0,average,fading,,1000,316.0,25.3,35.8,0.707,0,1,0,2,8,48,3,0,0,1,0.1
"narrow middle, 1 dB cap",sim,500,floor_margin_db=1.0,,moderate,-12.0,average,fading,,1000,320.4,25.0,35.8,0.697,0,1,0,2,9,48,3,0,0,1,0.1
"narrow middle, 1 dB cap",sim,500,floor_margin_db=1.0,,moderate,-12.0,average,fading,,1000,388.1,20.6,35.8,0.575,0,1,0,2,9,54,9,1,1,1,0.1
"narrow middle, 1 dB cap",sim,500,floor_margin_db=1.0,,moderate,-12.0,average,fading,,1000,325.3,24.6,35.8,0.687,0,1,0,2,9,49,4,0,0,1,0.1
"narrow middle, 1 dB cap",sim,500,floor_margin_db=1.0,,moderate,-12.0,average,fading,,1000,368.4,21.7,35.8,0.606,0,1,0,2,10,56,11,1,1,1,0.1
"narrow middle, 1 dB cap",sim,500,floor_margin_db=1.0,,moderate,-12.0,average,fading,,1000,300.0,26.7,35.8,0.744,0,1,0,2,8,45,4,0,0,1,0.1
"narrow middle, 1 dB cap",sim,500,floor_margin_db=1.0,,moderate,-12.0,average,fading,,1000,306.9,26.1,35.8,0.728,0,1,0,2,8,46,1,1,0,1,0.1
"narrow middle, 1 dB cap",sim,500,floor_margin_db=1.0,,moderate,-12.0,average,fading,,1000,349.0,22.9,35.8,0.64,0,1,0,2,8,48,3,0,0,1,0.1
"narrow middle, 1 dB cap",sim,500,floor_margin_db=1.0,,moderate,-12.0,average,fading,,1000,325.7,24.6,35.8,0.686,0,1,1,1,9,49,1,0,0,1,0.1
"narrow middle, 1 dB cap",sim,500,floor_margin_db=1.0,,moderate,-12.0,average,fading,,1000,333.0,24.0,35.8,0.671,0,0,0,0,9,50,2,0,0,1,0.1
"narrow middle, 1 dB cap",sim,500,floor_margin_db=1.0,,moderate,-12.0,average,fading,,1000,337.0,23.7,35.8,0.663,0,0,0,0,9,51,3,0,0,1,0.1
"narrow middle, 1 dB cap",sim,500,floor_margin_db=1.0,,moderate,-12.0,average,fading,,1000,347.8,23.0,35.8,0.642,0,1,0,2,9,53,8,1,0,1,0.1
"narrow middle, 1 dB cap",sim,500,floor_margin_db=1.0,,moderate,-10.0,average,fading,,1000,317.9,25.2,76.1,0.331,0,1,0,2,8,48,3,0,0,1,0.1
"narrow middle, 1 dB cap",sim,500,floor_margin_db=1.0,,moderate,-10.0,average,fading,,1000,270.6,29.6,76.1,0.388,0,2,0,3,7,40,2,0,0,1,0.1
"narrow middle, 1 dB cap",sim,500,floor_margin_db=1.0,,moderate,-10.0,average,fading,,1000,201.7,39.7,76.1,0.521,0,3,1,3,5,29,6,3,0,1,0.1
"narrow middle, 1 dB cap",sim,500,floor_margin_db=1.0,,moderate,-10.0,average,fading,,1000,186.6,42.9,76.1,0.563,1,3,2,2,5,26,6,5,0,1,0.0
"narrow middle, 1 dB cap",sim,500,floor_margin_db=1.0,,moderate,-10.0,average,fading,,1000,253.8,31.5,76.1,0.414,0,1,0,2,7,37,3,0,0,1,0.1
"narrow middle, 1 dB cap",sim,500,floor_margin_db=1.0,,moderate,-10.0,average,fading,,1000,289.9,27.6,76.1,0.362,0,1,0,4,8,43,2,0,0,1,0.1
"narrow middle, 1 dB cap",sim,500,floor_margin_db=1.0,,moderate,-10.0,average,fading,,1000,197.6,40.5,76.1,0.532,0,2,2,2,5,28,0,0,0,1,0.1
"narrow middle, 1 dB cap",sim,500,floor_margin_db=1.0,,moderate,-10.0,average,fading,,1000,242.6,33.0,76.1,0.433,0,2,0,3,6,36,2,0,0,1,0.1
"narrow middle, 1 dB cap",sim,500,floor_margin_db=1.0,,moderate,-10.0,average,fading,,1000,217.6,36.8,76.1,0.483,0,2,1,3,6,31,1,0,0,1,0.1
"narrow middle, 1 dB cap",sim,500,floor_margin_db=1.0,,moderate,-10.0,average,fading,,1000,271.0,29.5,76.1,0.388,0,1,1,3,7,40,1,1,0,1,0.1
"narrow middle, 1 dB cap",sim,500,floor_margin_db=1.0,,moderate,-10.0,average,fading,,1000,181.3,44.1,76.1,0.58,0,2,2,1,5,25,0,0,0,1,0.1
"narrow middle, 1 dB cap",sim,500,floor_margin_db=1.0,,moderate,-10.0,average,fading,,1000,309.2,25.9,76.1,0.34,0,1,0,2,9,46,2,0,0,1,0.1
"narrow middle, 1 dB cap",sim,500,floor_margin_db=1.0,,moderate,-10.0,average,fading,,1000,201.7,39.7,76.1,0.521,0,2,1,2,5,29,1,1,0,1,0.1
"narrow middle, 1 dB cap",sim,500,floor_margin_db=1.0,,moderate,-10.0,average,fading,,1000,191.6,41.8,76.1,0.549,0,2,1,2,5,27,2,0,0,1,0.1
"narrow middle, 1 dB cap",sim,500,floor_margin_db=1.0,,moderate,-10.0,average,fading,,1000,280.3,28.5,76.1,0.375,0,1,0,2,7,42,1,0,0,1,0.1
"narrow middle, 1 dB cap",sim,500,floor_margin_db=1.0,,moderate,-10.0,average,fading,,1000,293.8,27.2,76.1,0.358,0,1,1,3,8,44,3,0,0,1,0.1
"narrow middle, 1 dB cap",sim,500,floor_margin_db=1.0,,moderate,-10.0,average,fading,,1000,279.0,28.7,76.1,0.377,0,1,1,3,7,42,1,0,0,1,0.1
"narrow middle, 1 dB cap",sim,500,floor_margin_db=1.0,,moderate,-10.0,average,fading,,1000,284.8,28.1,76.1,0.369,0,1,0,4,8,42,3,1,0,1,0.1
"narrow middle, 1 dB cap",sim,500,floor_margin_db=1.0,,moderate,-10.0,average,fading,,1000,180.1,44.4,76.1,0.584,0,2,2,1,5,25,0,0,0,1,0.1
"narrow middle, 1 dB cap",sim,500,floor_margin_db=1.0,,moderate,-10.0,average,fading,,1000,269.1,29.7,76.1,0.391,0,2,0,3,7,40,2,0,0,1,0.1
"narrow middle, 1 dB cap",sim,500,floor_margin_db=1.0,,moderate,-10.0,average,fading,,1000,200.9,39.8,76.1,0.523,0,2,1,2,5,29,1,0,0,1,0.1
"narrow middle, 1 dB cap",sim,500,floor_margin_db=1.0,,moderate,-10.0,average,fading,,1000,257.9,31.0,76.1,0.407,0,2,0,4,7,38,3,0,0,1,0.1
"narrow middle, 1 dB cap",sim,500,floor_margin_db=1.0,,moderate,-10.0,average,fading,,1000,259.2,30.9,76.1,0.405,0,2,0,4,7,38,7,1,1,1,0.1
"narrow middle, 1 dB cap",sim,500,floor_margin_db=1.0,,moderate,-10.0,average,fading,,1000,221.9,36.0,76.1,0.474,0,2,1,3,6,32,2,0,0,1,0.1
"narrow middle, 1 dB cap",sim,500,floor_margin_db=1.0,,moderate,-10.0,average,fading,,1000,281.2,28.4,76.1,0.374,0,1,1,3,7,42,1,0,0,1,0.1
"narrow middle, 1 dB cap",sim,500,floor_margin_db=1.0,,moderate,-10.0,average,fading,,1000,221.9,36.1,76.1,0.474,0,2,2,2,6,32,0,0,0,1,0.1
"narrow middle, 1 dB cap",sim,500,floor_margin_db=1.0,,moderate,-10.0,average,fading,,1000,278.6,28.7,76.1,0.377,0,1,0,4,8,41,2,0,0,1,0.1
"narrow middle, 1 dB cap",sim,500,floor_margin_db=1.0,,moderate,-10.0,average,fading,,1000,209.0,38.3,76.1,0.503,0,2,1,3,5,30,2,0,0,1,0.1
"narrow middle, 1 dB cap",sim,500,floor_margin_db=1.0,,moderate,-10.0,average,fading,,1000,269.6,29.7,76.1,0.39,0,1,1,3,7,40,1,0,0,1,0.1
"narrow middle, 1 dB cap",sim,500,floor_margin_db=1.0,,moderate,-10.0,average,fading,,1000,300.7,26.6,76.1,0.35,0,1,0,2,8,45,4,0,0,1,0.1
"narrow middle, 1 dB cap",sim,500,floor_margin_db=1.0,,moderate,-8.0,average,fading,,1000,291.1,27.5,76.1,0.361,0,1,0,4,8,43,2,0,0,1,0.1
"narrow middle, 1 dB cap",sim,500,floor_margin_db=1.0,,moderate,-8.0,average,fading,,1000,172.2,46.5,76.1,0.61,1,3,2,2,4,24,4,3,0,1,0.1
"narrow middle, 1 dB cap",sim,500,floor_margin_db=1.0,,moderate,-8.0,average,fading,,1000,152.8,52.4,76.1,0.688,1,3,2,2,4,23,3,1,0,1,0.1
"narrow middle, 1 dB cap",sim,500,floor_margin_db=1.0,,moderate,-8.0,average,fading,,1000,155.6,51.4,76.1,0.675,1,3,2,2,4,21,1,1,0,1,0.1
"narrow middle, 1 dB cap",sim,500,floor_margin_db=1.0,,moderate,-8.0,average,fading,,1000,171.5,46.6,76.1,0.613,0,3,2,3,4,24,2,2,0,1,0.0
"narrow middle, 1 dB cap",sim,500,floor_margin_db=1.0,,moderate,-8.0,average,fading,,1000,180.8,44.2,76.1,0.581,0,3,2,3,5,25,3,0,0,1,0.0
"narrow middle, 1 dB cap",sim,500,floor_margin_db=1.0,,moderate,-8.0,average,fading,,1000,171.9,46.5,76.1,0.611,0,3,2,3,4,24,2,0,0,1,0.1
"narrow middle, 1 dB cap",sim,500,floor_margin_db=1.0,,moderate,-8.0,average,fading,,1000,169.8,47.1,76.1,0.619,1,3,2,2,4,24,4,3,0,1,0.1
"narrow middle, 1 dB cap",sim,500,floor_margin_db=1.0,,moderate,-8.0,average,fading,,1000,192.0,41.7,76.1,0.548,0,3,2,3,5,27,5,1,0,1,0.1
"narrow middle, 1 dB cap",sim,500,floor_margin_db=1.0,,moderate,-8.0,average,fading,,1000,187.6,42.7,76.1,0.56,0,3,2,3,5,26,4,1,0,1,0.0
"narrow middle, 1 dB cap",sim,500,floor_margin_db=1.0,,moderate,-8.0,average,fading,,1000,155.7,51.4,76.1,0.675,1,3,2,2,4,21,1,0,0,1,0.1
"narrow middle, 1 dB cap",sim,500,floor_margin_db=1.0,,moderate,-8.0,average,fading,,1000,170.2,47.0,76.1,0.617,0,3,2,3,4,24,2,0,0,1,0.0
"narrow middle, 1 dB cap",sim,500,floor_margin_db=1.0,,moderate,-8.0,average,fading,,1000,170.7,46.9,76.1,0.616,0,3,2,2,4,24,2,1,0,1,0.0
"narrow middle, 1 dB cap",sim,500,floor_margin_db=1.0,,moderate,-8.0,average,fading,,1000,165.9,48.2,76.1,0.633,1,3,2,2,4,23,3,2,0,1,0.1
"narrow middle, 1 dB cap",sim,500,floor_margin_db=1.0,,moderate,-8.0,average,fading,,1000,202.2,39.6,76.1,0.52,0,2,1,2,5,29,1,0,0,1,0.1
"narrow middle, 1 dB cap",sim,500,floor_margin_db=1.0,,moderate,-8.0,average,fading,,1000,169.8,47.1,76.1,0.619,0,3,2,3,4,24,2,1,0,1,0.1
"narrow middle, 1 dB cap",sim,500,floor_margin_db=1.0,,moderate,-8.0,average,fading,,1000,164.5,48.6,76.1,0.639,0,3,3,2,4,23,0,0,0,1,0.1
"narrow middle, 1 dB cap",sim,500,floor_margin_db=1.0,,moderate,-8.0,average,fading,,1000,202.5,39.5,76.1,0.519,0,2,1,2,5,29,1,0,0,1,0.1
"narrow middle, 1 dB cap",sim,500,floor_margin_db=1.0,,moderate,-8.0,average,fading,,1000,165.2,48.4,76.1,0.636,1,3,2,2,4,23,3,0,0,1,0.1
"narrow middle, 1 dB cap",sim,500,floor_margin_db=1.0,,moderate,-8.0,average,fading,,1000,165.3,48.4,76.1,0.636,1,3,2,2,4,23,3,2,0,1,0.1
"narrow middle, 1 dB cap",sim,500,floor_margin_db=1.0,,moderate,-8.0,average,fading,,1000,153.8,52.0,76.1,0.683,1,3,2,2,4,21,1,0,0,1,0.0
"narrow middle, 1 dB cap",sim,500,floor_margin_db=1.0,,moderate,-8.0,average,fading,,1000,357.8,22.4,76.1,0.294,0,4,1,4,13,73,25,5,4,1,0.1
"narrow middle, 1 dB cap",sim,500,floor_margin_db=1.0,,moderate,-8.0,average,fading,,1000,170.8,46.8,76.1,0.615,1,3,2,2,4,24,4,2,0,1,0.1
"narrow middle, 1 dB cap",sim,500,floor_margin_db=1.0,,moderate,-8.0,average,fading,,1000,200.5,39.9,76.1,0.524,0,3,2,4,6,28,2,1,0,1,0.1
"narrow middle, 1 dB cap",sim,500,floor_margin_db=1.0,,moderate,-8.0,average,fading,,1000,161.4,49.6,76.1,0.651,1,3,2,2,4,22,2,1,0,1,0.0
"narrow middle, 1 dB cap",sim,500,floor_margin_db=1.0,,moderate,-8.0,average,fading,,1000,190.8,41.9,76.1,0.551,0,3,2,4,5,27,3,0,0,1,0.1
"narrow middle, 1 dB cap",sim,500,floor_margin_db=1.0,,moderate,-8.0,average,fading,,1000,180.2,44.4,76.1,0.583,1,3,1,2,5,25,1,0,0,1,0.1
"narrow middle, 1 dB cap",sim,500,floor_margin_db=1.0,,moderate,-8.0,average,fading,,1000,182.2,43.9,76.1,0.577,0,3,1,4,5,25,3,1,0,1,0.1
"narrow middle, 1 dB cap",sim,500,floor_margin_db=1.0,,moderate,-8.0,average,fading,,1000,165.9,48.2,76.1,0.634,1,3,2,2,4,23,3,1,0,1,0.0
"narrow middle, 1 dB cap",sim,500,floor_margin_db=1.0,,moderate,-8.0,average,fading,,1000,180.9,44.2,76.1,0.581,0,3,2,3,5,25,3,0,0,1,0.1
"narrow middle, 1 dB cap",sim,500,floor_margin_db=1.0,,moderate,-6.0,average,fading,,1000,171.3,46.7,76.1,0.614,0,3,2,3,5,23,2,0,0,1,0.1
"narrow middle, 1 dB cap",sim,500,floor_margin_db=1.0,,moderate,-6.0,average,fading,,1000,161.5,49.5,76.1,0.651,1,3,2,2,4,22,2,1,0,1,0.1
"narrow middle, 1 dB cap",sim,500,floor_margin_db=1.0,,moderate,-6.0,average,fading,,1000,214.4,6.4,76.1,0.084,0,4,0,2,5,30,18,4,3,0,0.0
"narrow middle, 1 dB cap",sim,500,floor_margin_db=1.0,,moderate,-6.0,average,fading,,1000,181.2,44.1,76.1,0.58,0,3,2,3,5,25,3,0,0,1,0.0
"narrow middle, 1 dB cap",sim,500,floor_margin_db=1.0,,moderate,-6.0,average,fading,,1000,295.9,27.0,76.1,0.355,0,4,1,4,12,62,25,2,4,1,0.1
"narrow middle, 1 dB cap",sim,500,floor_margin_db=1.0,,moderate,-6.0,average,fading,,1000,160.5,49.8,76.1,0.655,0,3,2,2,4,22,3,1,0,1,0.1
"narrow middle, 1 dB cap",sim,500,floor_margin_db=1.0,,moderate,-6.0,average,fading,,1000,135.6,59.0,76.1,0.775,1,3,3,1,3,18,0,0,0,1,0.0
"narrow middle, 1 dB cap",sim,500,floor_margin_db=1.0,,moderate,-6.0,average,fading,,1000,174.1,46.0,76.1,0.604,0,3,2,4,5,24,4,0,0,1,0.0
"narrow middle, 1 dB cap",sim,500,floor_margin_db=1.0,,moderate,-6.0,average,fading,,1000,121.4,65.9,76.1,0.865,1,3,3,1,3,18,0,0,0,1,0.1
"narrow middle, 1 dB cap",sim,500,floor_margin_db=1.0,,moderate,-6.0,average,fading,,1000,161.9,49.4,76.1,0.649,1,3,2,2,4,22,2,2,0,1,0.1
"narrow middle, 1 dB cap",sim,500,floor_margin_db=1.0,,moderate,-6.0,average,fading,,1000,135.4,59.1,76.1,0.776,1,3,3,1,3,18,0,0,0,1,0.0
"narrow middle, 1 dB cap",sim,500,floor_margin_db=1.0,,moderate,-6.0,average,fading,,1000,190.5,42.0,76.1,0.552,0,2,2,2,5,27,1,0,0,1,0.0
"narrow middle, 1 dB cap",sim,500,floor_margin_db=1.0,,moderate,-6.0,average,fading,,1000,180.5,44.3,76.1,0.582,0,4,2,5,8,43,14,1,3,1,0.1
"narrow middle, 1 dB cap",sim,500,floor_margin_db=1.0,,moderate,-6.0,average,fading,,1000,247.5,32.3,76.1,0.425,0,4,1,3,10,48,11,1,1,1,0.1
"narrow middle, 1 dB cap",sim,500,floor_margin_db=1.0,,moderate,-6.0,average,fading,,1000,149.7,53.4,76.1,0.702,1,3,2,2,4,20,2,0,0,1,0.0
"narrow middle, 1 dB cap",sim,500,floor_margin_db=1.0,,moderate,-6.0,average,fading,,1000,235.6,34.0,76.1,0.446,0,4,1,3,10,55,20,1,3,1,0.1
"narrow middle, 1 dB cap",sim,500,floor_margin_db=1.0,,moderate,-6.0,average,fading,,1000,153.8,52.0,76.1,0.683,1,3,2,2,4,21,1,0,0,1,0.1
"narrow middle, 1 dB cap",sim,500,floor_margin_db=1.0,,moderate,-6.0,average,fading,,1000,155.4,51.5,76.1,0.676,1,3,2,2,4,21,1,1,0,1,0.0
"narrow middle, 1 dB cap",sim,500,floor_margin_db=1.0,,moderate,-6.0,average,fading,,1000,154.5,51.8,76.1,0.68,1,3,2,2,4,21,1,0,0,1,0.1
"narrow middle, 1 dB cap",sim,500,floor_margin_db=1.0,,moderate,-6.0,average,fading,,1000,160.0,50.0,76.1,0.657,1,3,2,2,4,22,2,0,0,1,0.1
"narrow middle, 1 dB cap",sim,500,floor_margin_db=1.0,,moderate,-6.0,average,fading,,1000,179.4,44.6,76.1,0.586,0,3,2,3,5,25,3,1,0,1,0.1
"narrow middle, 1 dB cap",sim,500,floor_margin_db=1.0,,moderate,-6.0,average,fading,,1000,177.3,45.1,76.1,0.593,0,4,2,5,8,40,12,3,3,1,0.1
"narrow middle, 1 dB cap",sim,500,floor_margin_db=1.0,,moderate,-6.0,average,fading,,1000,180.4,44.4,76.1,0.583,0,3,2,2,5,25,3,0,0,1,0.1
"narrow middle, 1 dB cap",sim,500,floor_margin_db=1.0,,moderate,-6.0,average,fading,,1000,154.5,51.8,76.1,0.68,0,3,3,2,4,21,0,0,0,1,0.0
"narrow middle, 1 dB cap",sim,500,floor_margin_db=1.0,,moderate,-6.0,average,fading,,1000,156.0,51.3,76.1,0.674,1,3,2,2,4,21,1,1,0,1,0.1
"narrow middle, 1 dB cap",sim,500,floor_margin_db=1.0,,moderate,-6.0,average,fading,,1000,164.0,48.8,76.1,0.641,0,3,2,3,5,22,1,0,0,1,0.1
"narrow middle, 1 dB cap",sim,500,floor_margin_db=1.0,,moderate,-6.0,average,fading,,1000,154.6,51.8,76.1,0.68,1,3,2,2,4,21,1,0,0,1,0.1
"narrow middle, 1 dB cap",sim,500,floor_margin_db=1.0,,moderate,-6.0,average,fading,,1000,136.2,58.7,76.1,0.772,1,3,3,1,3,18,0,0,0,1,0.0
"narrow middle, 1 dB cap",sim,500,floor_margin_db=1.0,,moderate,-6.0,average,fading,,1000,171.2,46.7,76.1,0.614,0,3,2,2,4,24,2,0,0,1,0.0
"narrow middle, 1 dB cap",sim,500,floor_margin_db=1.0,,moderate,-6.0,average,fading,,1000,186.2,43.0,76.1,0.564,1,3,1,3,5,26,4,1,0,1,0.1
"narrow middle, 1 dB cap",sim,500,floor_margin_db=1.0,,moderate,-4.0,average,fading,,1000,214.2,3.9,111.9,0.035,0,4,0,2,5,30,22,3,3,0,0.1
"narrow middle, 1 dB cap",sim,500,floor_margin_db=1.0,,moderate,-4.0,average,fading,,1000,135.2,59.2,111.9,0.529,2,4,2,3,5,27,7,3,1,1,0.1
"narrow middle, 1 dB cap",sim,500,floor_margin_db=1.0,,moderate,-4.0,average,fading,,1000,147.4,54.3,111.9,0.485,0,3,3,3,4,22,2,0,0,1,0.0
"narrow middle, 1 dB cap",sim,500,floor_margin_db=1.0,,moderate,-4.0,average,fading,,1000,275.0,29.1,111.9,0.26,0,4,1,4,11,59,19,4,3,1,0.1
"narrow middle, 1 dB cap",sim,500,floor_margin_db=1.0,,moderate,-4.0,average,fading,,1000,202.1,39.6,111.9,0.354,0,5,2,5,9,47,19,2,3,1,0.1
"narrow middle, 1 dB cap",sim,500,floor_margin_db=1.0,,moderate,-4.0,average,fading,,1000,259.9,7.1,111.9,0.064,0,4,0,3,7,37,23,1,3,0,0.1
"narrow middle, 1 dB cap",sim,500,floor_margin_db=1.0,,moderate,-4.0,average,fading,,1000,135.6,59.0,111.9,0.527,1,3,3,1,3,18,0,0,0,1,0.1
"narrow middle, 1 dB cap",sim,500,floor_margin_db=1.0,,moderate,-4.0,average,fading,,1000,332.1,24.1,111.9,0.215,0,4,1,8,17,80,32,2,5,1,0.1
"narrow middle, 1 dB cap",sim,500,floor_margin_db=1.0,,moderate,-4.0,average,fading,,1000,157.4,50.8,111.9,0.454,0,4,2,5,8,42,19,4,3,1,0.1
"narrow middle, 1 dB cap",sim,500,floor_margin_db=1.0,,moderate,-4.0,average,fading,,1000,151.2,52.9,111.9,0.473,1,3,3,3,4,20,1,0,0,1,0.0
"narrow middle, 1 dB cap",sim,500,floor_margin_db=1.0,,moderate,-4.0,average,fading,,1000,132.5,60.4,111.9,0.539,0,4,3,4,7,39,16,1,2,1,0.1
"narrow middle, 1 dB cap",sim,500,floor_margin_db=1.0,,moderate,-4.0,average,fading,,1000,154.2,51.9,111.9,0.464,0,3,2,2,4,21,2,0,0,1,0.1
"narrow middle, 1 dB cap",sim,500,floor_margin_db=1.0,,moderate,-4.0,average,fading,,1000,111.5,71.8,111.9,0.641,2,4,3,2,6,36,9,2,1,1,0.1
"narrow middle, 1 dB cap",sim,500,floor_margin_db=1.0,,moderate,-4.0,average,fading,,1000,189.7,42.2,111.9,0.377,1,4,1,2,10,52,10,5,0,1,0.1
"narrow middle, 1 dB cap",sim,500,floor_margin_db=1.0,,moderate,-4.0,average,fading,,1000,144.4,55.4,111.9,0.495,1,3,2,2,4,19,1,0,0,1,0.1
"narrow middle, 1 dB cap",sim,500,floor_margin_db=1.0,,moderate,-4.0,average,fading,,1000,189.7,42.2,111.9,0.377,0,4,2,4,8,48,19,0,3,1,0.1
"narrow middle, 1 dB cap",sim,500,floor_margin_db=1.0,,moderate,-4.0,average,fading,,1000,133.5,59.9,111.9,0.535,1,3,3,1,3,18,0,0,0,1,0.1
"narrow middle, 1 dB cap",sim,500,floor_margin_db=1.0,,moderate,-4.0,average,fading,,1000,295.9,27.0,111.9,0.242,0,4,1,4,12,62,25,0,4,1,0.1
"narrow middle, 1 dB cap",sim,500,floor_margin_db=1.0,,moderate,-4.0,average,fading,,1000,149.1,53.7,111.9,0.479,0,3,3,1,4,20,1,0,0,1,0.1
"narrow middle, 1 dB cap",sim,500,floor_margin_db=1.0,,moderate,-4.0,average,fading,,1000,201.9,39.6,111.9,0.354,0,4,2,6,11,52,17,5,4,1,0.1
"narrow middle, 1 dB cap",sim,500,floor_margin_db=1.0,,moderate,-4.0,average,fading,,1000,140.5,56.9,111.9,0.509,2,4,2,3,6,36,12,1,1,1,0.1
"narrow middle, 1 dB cap",sim,500,floor_margin_db=1.0,,moderate,-4.0,average,fading,,1000,273.0,29.3,111.9,0.262,0,4,1,9,17,77,25,5,6,1,0.1
"narrow middle, 1 dB cap",sim,500,floor_margin_db=1.0,,moderate,-4.0,average,fading,,1000,198.6,40.3,111.9,0.36,0,4,2,4,8,42,13,2,2,1,0.1
"narrow middle, 1 dB cap",sim,500,floor_margin_db=1.0,,moderate,-4.0,average,fading,,1000,206.1,38.8,111.9,0.347,0,4,2,4,9,51,18,1,3,1,0.1
"narrow middle, 1 dB cap",sim,500,floor_margin_db=1.0,,moderate,-4.0,average,fading,,1000,122.4,65.3,111.9,0.584,1,3,3,1,3,18,0,0,0,1,0.0
"narrow middle, 1 dB cap",sim,500,floor_margin_db=1.0,,moderate,-4.0,average,fading,,1000,134.2,59.6,111.9,0.533,1,3,3,1,3,18,0,0,0,1,0.1
"narrow middle, 1 dB cap",sim,500,floor_margin_db=1.0,,moderate,-4.0,average,fading,,1000,246.6,32.4,111.9,0.29,0,4,1,4,11,46,9,2,2,1,0.1
"narrow middle, 1 dB cap",sim,500,floor_margin_db=1.0,,moderate,-4.0,average,fading,,1000,136.2,58.7,111.9,0.525,1,3,3,1,3,18,0,0,0,1,0.1
"narrow middle, 1 dB cap",sim,500,floor_margin_db=1.0,,moderate,-4.0,average,fading,,1000,155.2,51.6,111.9,0.461,0,3,2,2,4,21,2,0,0,1,0.1
"narrow middle, 1 dB cap",sim,500,floor_margin_db=1.0,,moderate,-4.0,average,fading,,1000,142.1,56.3,111.9,0.503,1,3,2,4,5,21,2,0,0,1,0.0
"narrow middle, 1 dB cap",sim,500,floor_margin_db=1.0,,moderate,-2.0,average,fading,,1000,214.2,6.4,111.9,0.057,0,4,0,2,5,30,18,1,3,0,0.1
"narrow middle, 1 dB cap",sim,500,floor_margin_db=1.0,,moderate,-2.0,average,fading,,1000,243.6,32.8,111.9,0.293,0,4,1,8,15,71,24,4,4,1,0.1
"narrow middle, 1 dB cap",sim,500,floor_margin_db=1.0,,moderate,-2.0,average,fading,,1000,164.8,48.5,111.9,0.434,0,4,1,8,14,71,22,8,2,1,0.1
"narrow middle, 1 dB cap",sim,500,floor_margin_db=1.0,,moderate,-2.0,average,fading,,1000,220.2,36.3,111.9,0.325,0,5,1,6,11,57,17,4,2,1,0.1
"narrow middle, 1 dB cap",sim,500,floor_margin_db=1.0,,moderate,-2.0,average,fading,,1000,182.2,43.9,111.9,0.392,0,5,1,6,11,58,22,4,3,1,0.1
"narrow middle, 1 dB cap",sim,500,floor_margin_db=1.0,,moderate,-2.0,average,fading,,1000,184.1,43.4,111.9,0.388,0,4,2,8,13,70,28,0,4,1,0.1
"narrow middle, 1 dB cap",sim,500,floor_margin_db=1.0,,moderate,-2.0,average,fading,,1000,231.8,34.5,111.9,0.308,0,4,1,7,12,70,30,3,4,1,0.1
"narrow middle, 1 dB cap",sim,500,floor_margin_db=1.0,,moderate,-2.0,average,fading,,1000,172.0,46.5,111.9,0.415,0,4,2,4,8,45,15,1,2,1,0.1
"narrow middle, 1 dB cap",sim,500,floor_margin_db=1.0,,moderate,-2.0,average,fading,,1000,176.2,45.4,111.9,0.406,0,4,2,10,16,74,29,4,5,1,0.1
"narrow middle, 1 dB cap",sim,500,floor_margin_db=1.0,,moderate,-2.0,average,fading,,1000,217.5,36.8,111.9,0.329,1,4,1,7,14,75,23,3,3,1,0.1
"narrow middle, 1 dB cap",sim,500,floor_margin_db=1.0,,moderate,-2.0,average,fading,,1000,228.6,9.7,111.9,0.086,0,4,0,6,9,42,22,1,5,0,0.1
"narrow middle, 1 dB cap",sim,500,floor_margin_db=1.0,,moderate,-2.0,average,fading,,1000,247.7,32.3,111.9,0.289,0,4,1,7,16,88,33,2,4,1,0.1
"narrow middle, 1 dB cap",sim,500,floor_margin_db=1.0,,moderate,-2.0,average,fading,,1000,149.3,53.6,111.9,0.479,2,5,2,4,10,52,16,3,2,1,0.1
"narrow middle, 1 dB cap",sim,500,floor_margin_db=1.0,,moderate,-2.0,average,fading,,1000,144.9,55.2,111.9,0.493,0,4,0,4,12,66,16,3,1,1,0.1
"narrow middle, 1 dB cap",sim,500,floor_margin_db=1.0,,moderate,-2.0,average,fading,,1000,182.0,43.9,111.9,0.393,1,4,4,5,9,44,10,0,2,1,0.1
"narrow middle, 1 dB cap",sim,500,floor_margin_db=1.0,,moderate,-2.0,average,fading,,1000,134.5,59.5,111.9,0.531,0,4,3,3,6,31,7,1,0,1,0.1
"narrow middle, 1 dB cap",sim,500,floor_margin_db=1.0,,moderate,-2.0,average,fading,,1000,166.3,48.1,111.9,0.43,0,4,2,5,13,63,16,4,1,1,0.1
"narrow middle, 1 dB cap",sim,500,floor_margin_db=1.0,,moderate,-2.0,average,fading,,1000,205.5,38.9,111.9,0.348,0,4,1,9,14,65,14,5,3,1,0.1
"narrow middle, 1 dB cap",sim,500,floor_margin_db=1.0,,moderate,-2.0,average,fading,,1000,137.4,58.2,111.9,0.52,0,4,3,3,6,31,4,2,0,1,0.1
"narrow middle, 1 dB cap",sim,500,floor_margin_db=1.0,,moderate,-2.0,average,fading,,1000,205.8,38.9,111.9,0.347,1,4,2,6,12,61,15,6,1,1,0.1
"narrow middle, 1 dB cap",sim,500,floor_margin_db=1.0,,moderate,-2.0,average,fading,,1000,233.0,34.3,111.9,0.307,0,4,1,7,14,75,28,5,4,1,0.1
"narrow middle, 1 dB cap",sim,500,floor_margin_db=1.0,,moderate,-2.0,average,fading,,1000,163.5,48.9,111.9,0.437,0,5,2,7,11,63,26,3,4,1,0.1
"narrow middle, 1 dB cap",sim,500,floor_margin_db=1.0,,moderate,-2.0,average,fading,,1000,210.5,38.0,111.9,0.339,0,4,2,8,13,64,23,4,3,1,0.1
"narrow middle, 1 dB cap",sim,500,floor_margin_db=1.0,,moderate,-2.0,average,fading,,1000,229.0,34.9,111.9,0.312,0,4,1,11,17,97,49,1,8,1,0.2
"narrow middle, 1 dB cap",sim,500,floor_margin_db=1.0,,moderate,-2.0,average,fading,,1000,215.9,37.1,111.9,0.331,0,4,1,7,12,61,21,7,3,1,0.1
"narrow middle, 1 dB cap",sim,500,floor_margin_db=1.0,,moderate,-2.0,average,fading,,1000,287.7,21.4,111.9,0.191,0,4,0,4,7,42,20,2,3,0,0.1
"narrow middle, 1 dB cap",sim,500,floor_margin_db=1.0,,moderate,-2.0,average,fading,,1000,240.9,33.2,111.9,0.297,0,4,1,6,14,66,18,4,1,1,0.1
"narrow middle, 1 dB cap",sim,500,floor_margin_db=1.0,,moderate,-2.0,average,fading,,1000,170.4,46.9,111.9,0.419,1,4,1,9,12,67,23,4,3,1,0.1
"narrow middle, 1 dB cap",sim,500,floor_margin_db=1.0,,moderate,-2.0,average,fading,,1000,282.5,28.3,111.9,0.253,0,4,1,8,15,70,25,3,4,1,0.1
"narrow middle, 1 dB cap",sim,500,floor_margin_db=1.0,,moderate,-2.0,average,fading,,1000,134.6,59.4,111.9,0.531,2,4,2,4,8,40,13,3,2,1,0.1
"narrow middle, 1 dB cap",sim,500,floor_margin_db=1.0,,moderate,0.0,average,fading,,1000,130.7,61.2,111.9,0.547,0,4,4,8,12,49,6,0,2,1,0.1
"narrow middle, 1 dB cap",sim,500,floor_margin_db=1.0,,moderate,0.0,average,fading,,1000,179.9,44.5,111.9,0.397,0,5,2,9,14,64,12,2,2,1,0.1
"narrow middle, 1 dB cap",sim,500,floor_margin_db=1.0,,moderate,0.0,average,fading,,1000,145.2,55.1,111.9,0.492,2,4,2,3,11,56,9,0,1,1,0.1
"narrow middle, 1 dB cap",sim,500,floor_margin_db=1.0,,moderate,0.0,average,fading,,1000,168.4,47.5,111.9,0.424,0,6,2,10,14,60,16,4,2,1,0.1
"narrow middle, 1 dB cap",sim,500,floor_margin_db=1.0,,moderate,0.0,average,fading,,1000,122.3,65.4,111.9,0.585,0,6,2,8,14,69,25,6,4,1,0.1
"narrow middle, 1 dB cap",sim,500,floor_margin_db=1.0,,moderate,0.0,average,fading,,1000,161.1,49.7,111.9,0.444,0,6,2,9,14,68,19,1,2,1,0.1
"narrow middle, 1 dB cap",sim,500,floor_margin_db=1.0,,moderate,0.0,average,fading,,1000,164.4,48.7,111.9,0.435,2,4,2,5,12,57,12,3,0,1,0.1
"narrow middle, 1 dB cap",sim,500,floor_margin_db=1.0,,moderate,0.0,average,fading,,1000,192.0,41.7,111.9,0.372,1,4,1,8,16,87,28,2,3,1,0.1
"narrow middle, 1 dB cap",sim,500,floor_margin_db=1.0,,moderate,0.0,average,fading,,1000,143.6,55.7,111.9,0.498,2,4,2,12,16,83,29,1,5,1,0.1
"narrow middle, 1 dB cap",sim,500,floor_margin_db=1.0,,moderate,0.0,average,fading,,1000,150.2,53.3,111.9,0.476,2,4,2,5,15,90,21,0,3,1,0.1
"narrow middle, 1 dB cap",sim,500,floor_margin_db=1.0,,moderate,0.0,average,fading,,1000,164.2,48.7,111.9,0.435,0,4,2,9,15,75,26,0,4,1,0.1
"narrow middle, 1 dB cap",sim,500,floor_margin_db=1.0,,moderate,0.0,average,fading,,1000,184.1,43.4,111.9,0.388,0,5,2,6,14,78,19,0,2,1,0.1
"narrow middle, 1 dB cap",sim,500,floor_margin_db=1.0,,moderate,0.0,average,fading,,1000,116.9,68.4,111.9,0.611,2,6,2,7,11,56,19,0,2,1,0.1
"narrow middle, 1 dB cap",sim,500,floor_margin_db=1.0,,moderate,0.0,average,fading,,1000,159.9,50.0,111.9,0.447,1,5,1,7,13,68,16,3,1,1,0.1
"narrow middle, 1 dB cap",sim,500,floor_margin_db=1.0,,moderate,0.0,average,fading,,1000,122.4,65.4,111.9,0.584,0,4,3,6,8,47,18,0,3,1,0.0
"narrow middle, 1 dB cap",sim,500,floor_margin_db=1.0,,moderate,0.0,average,fading,,1000,171.5,46.7,111.9,0.417,0,4,2,5,13,66,14,2,2,1,0.1
"narrow middle, 1 dB cap",sim,500,floor_margin_db=1.0,,moderate,0.0,average,fading,,1000,149.1,53.7,111.9,0.479,0,4,4,4,11,61,12,1,1,1,0.1
"narrow middle, 1 dB cap",sim,500,floor_margin_db=1.0,,moderate,0.0,average,fading,,1000,163.3,49.0,111.9,0.438,0,4,2,7,14,80,26,2,3,1,0.1
"narrow middle, 1 dB cap",sim,500,floor_margin_db=1.0,,moderate,0.0,average,fading,,1000,145.0,55.2,111.9,0.493,0,4,2,12,17,83,29,0,5,1,0.1
"narrow middle, 1 dB cap",sim,500,floor_margin_db=1.0,,moderate,0.0,average,fading,,1000,169.4,47.2,111.9,0.422,2,4,2,5,11,55,14,4,1,1,0.1
"narrow middle, 1 dB cap",sim,500,floor_margin_db=1.0,,moderate,0.0,average,fading,,1000,144.0,55.6,111.9,0.496,1,4,3,11,18,86,23,2,2,1,0.1
"narrow middle, 1 dB cap",sim,500,floor_margin_db=1.0,,moderate,0.0,average,fading,,1000,158.6,50.4,111.9,0.451,0,6,2,10,15,82,28,2,4,1,0.1
"narrow middle, 1 dB cap",sim,500,floor_margin_db=1.0,,moderate,0.0,average,fading,,1000,211.4,37.8,111.9,0.338,0,4,1,9,16,76,22,2,4,1,0.1
"narrow middle, 1 dB cap",sim,500,floor_margin_db=1.0,,moderate,0.0,average,fading,,1000,172.4,46.4,111.9,0.414,0,4,2,10,18,84,19,1,4,1,0.1
"narrow middle, 1 dB cap",sim,500,floor_margin_db=1.0,,moderate,0.0,average,fading,,1000,140.5,56.9,111.9,0.509,2,4,2,3,9,42,4,2,0,1,0.1
"narrow middle, 1 dB cap",sim,500,floor_margin_db=1.0,,moderate,0.0,average,fading,,1000,200.8,39.8,111.9,0.356,0,4,2,10,18,89,28,2,3,1,0.1
"narrow middle, 1 dB cap",sim,500,floor_margin_db=1.0,,moderate,0.0,average,fading,,1000,210.8,38.0,111.9,0.339,0,4,2,12,16,76,26,2,4,1,0.1
"narrow middle, 1 dB cap",sim,500,floor_margin_db=1.0,,moderate,0.0,average,fading,,1000,214.8,8.8,111.9,0.079,0,4,0,2,5,30,14,0,3,0,0.0
"narrow middle, 1 dB cap",sim,500,floor_margin_db=1.0,,moderate,0.0,average,fading,,1000,158.9,50.3,111.9,0.45,0,6,3,7,12,66,24,3,3,1,0.1
"narrow middle, 1 dB cap",sim,500,floor_margin_db=1.0,,moderate,0.0,average,fading,,1000,143.7,55.7,111.9,0.497,1,4,1,6,11,61,18,3,2,1,0.1
"narrow middle, 1 dB cap",sim,500,floor_margin_db=1.0,,moderate,2.0,average,fading,,1000,148.1,54.0,113.9,0.474,0,4,3,12,22,114,30,1,3,1,0.1
"narrow middle, 1 dB cap",sim,500,floor_margin_db=1.0,,moderate,2.0,average,fading,,1000,131.9,60.7,113.9,0.533,0,5,2,9,18,97,28,1,5,1,0.1
"narrow middle, 1 dB cap",sim,500,floor_margin_db=1.0,,moderate,2.0,average,fading,,1000,100.1,79.9,113.9,0.702,2,6,4,8,14,77,17,0,2,1,0.1
"narrow middle, 1 dB cap",sim,500,floor_margin_db=1.0,,moderate,2.0,average,fading,,1000,70.7,113.1,113.9,0.993,0,7,4,6,9,54,14,1,2,1,0.1
"narrow middle, 1 dB cap",sim,500,floor_margin_db=1.0,,moderate,2.0,average,fading,,1000,99.4,80.5,113.9,0.707,4,7,4,2,13,78,11,1,1,1,0.1
"narrow middle, 1 dB cap",sim,500,floor_margin_db=1.0,,moderate,2.0,average,fading,,1000,119.6,66.9,113.9,0.588,0,7,4,5,11,61,13,0,1,1,0.1
"narrow middle, 1 dB cap",sim,500,floor_margin_db=1.0,,moderate,2.0,average,fading,,1000,156.2,51.2,113.9,0.45,0,4,4,9,20,118,34,0,5,1,0.1
"narrow middle, 1 dB cap",sim,500,floor_margin_db=1.0,,moderate,2.0,average,fading,,1000,133.5,59.9,113.9,0.526,2,5,4,9,18,104,30,0,3,1,0.1
"narrow middle, 1 dB cap",sim,500,floor_margin_db=1.0,,moderate,2.0,average,fading,,1000,129.5,61.8,113.9,0.543,2,5,4,10,19,100,21,0,2,1,0.1
"narrow middle, 1 dB cap",sim,500,floor_margin_db=1.0,,moderate,2.0,average,fading,,1000,128.7,62.1,113.9,0.546,2,5,3,9,15,86,21,0,3,1,0.1
"narrow middle, 1 dB cap",sim,500,floor_margin_db=1.0,,moderate,2.0,average,fading,,1000,118.8,67.4,113.9,0.592,0,5,4,7,16,92,23,1,3,1,0.1
"narrow middle, 1 dB cap",sim,500,floor_margin_db=1.0,,moderate,2.0,average,fading,,1000,130.0,61.5,113.9,0.541,0,7,4,6,11,59,14,1,1,1,0.1
"narrow middle, 1 dB cap",sim,500,floor_margin_db=1.0,,moderate,2.0,average,fading,,1000,98.6,81.1,113.9,0.712,3,7,4,7,14,74,21,0,2,1,0.1
"narrow middle, 1 dB cap",sim,500,floor_margin_db=1.0,,moderate,2.0,average,fading,,1000,95.8,83.5,113.9,0.734,2,6,2,5,10,57,13,3,1,1,0.1
"narrow middle, 1 dB cap",sim,500,floor_margin_db=1.0,,moderate,2.0,average,fading,,1000,149.0,53.7,113.9,0.472,0,4,4,9,20,116,32,0,4,1,0.1
"narrow middle, 1 dB cap",sim,500,floor_margin_db=1.0,,moderate,2.0,average,fading,,1000,148.9,53.7,113.9,0.472,0,4,2,10,21,115,31,3,4,1,0.1
"narrow middle, 1 dB cap",sim,500,floor_margin_db=1.0,,moderate,2.0,average,fading,,1000,139.0,57.6,113.9,0.506,0,6,4,5,14,76,15,0,1,1,0.1
"narrow middle, 1 dB cap",sim,500,floor_margin_db=1.0,,moderate,2.0,average,fading,,1000,153.3,52.2,113.9,0.458,0,5,3,16,20,107,37,3,5,1,0.1
"narrow middle, 1 dB cap",sim,500,floor_margin_db=1.0,,moderate,2.0,average,fading,,1000,130.9,61.1,113.9,0.537,2,4,4,11,15,77,23,1,3,1,0.1
"narrow middle, 1 dB cap",sim,500,floor_margin_db=1.0,,moderate,2.0,average,fading,,1000,119.4,67.0,113.9,0.588,3,5,4,7,15,80,11,3,0,1,0.1
"narrow middle, 1 dB cap",sim,500,floor_margin_db=1.0,,moderate,2.0,average,fading,,1000,141.3,56.6,113.9,0.497,0,5,0,10,21,107,28,0,5,1,0.1
"narrow middle, 1 dB cap",sim,500,floor_margin_db=1.0,,moderate,2.0,average,fading,,1000,92.6,86.4,113.9,0.759,3,7,4,4,12,71,10,0,1,1,0.1
"narrow middle, 1 dB cap",sim,500,floor_margin_db=1.0,,moderate,2.0,average,fading,,1000,129.7,61.7,113.9,0.542,2,5,4,9,20,100,21,3,1,1,0.1
"narrow middle, 1 dB cap",sim,500,floor_margin_db=1.0,,moderate,2.0,average,fading,,1000,139.4,57.4,113.9,0.504,0,5,4,11,21,106,27,0,4,1,0.1
"narrow middle, 1 dB cap",sim,500,floor_margin_db=1.0,,moderate,2.0,average,fading,,1000,135.8,58.9,113.9,0.517,2,4,4,8,20,105,21,0,2,1,0.1
"narrow middle, 1 dB cap",sim,500,floor_margin_db=1.0,,moderate,2.0,average,fading,,1000,134.4,59.5,113.9,0.523,0,6,4,4,14,72,6,2,0,1,0.1
"narrow middle, 1 dB cap",sim,500,floor_margin_db=1.0,,moderate,2.0,average,fading,,1000,80.7,99.1,113.9,0.871,3,7,4,6,11,63,10,1,0,1,0.1
"narrow middle, 1 dB cap",sim,500,floor_margin_db=1.0,,moderate,2.0,average,fading,,1000,151.1,53.0,113.9,0.465,0,5,2,10,20,113,34,1,5,1,0.1
"narrow middle, 1 dB cap",sim,500,floor_margin_db=1.0,,moderate,2.0,average,fading,,1000,125.1,64.0,113.9,0.562,0,6,4,10,17,97,27,0,3,1,0.1
"narrow middle, 1 dB cap",sim,500,floor_margin_db=1.0,,moderate,2.0,average,fading,,1000,151.0,53.0,113.9,0.465,0,4,4,7,21,117,33,0,4,1,0.1
"narrow middle, 1 dB cap",sim,500,floor_margin_db=1.0,,moderate,6.0,average,fading,,1000,56.6,141.5,258.1,0.548,4,7,5,4,8,43,5,0,0,1,0.0
"narrow middle, 1 dB cap",sim,500,floor_margin_db=1.0,,moderate,6.0,average,fading,,1000,39.7,201.3,258.1,0.78,5,9,7,3,6,29,2,0,0,1,0.0
"narrow middle, 1 dB cap",sim,500,floor_margin_db=1.0,,moderate,6.0,average,fading,,1000,44.6,179.5,258.1,0.696,5,9,5,4,6,32,4,0,0,1,0.1
"narrow middle, 1 dB cap",sim,500,floor_margin_db=1.0,,moderate,6.0,average,fading,,1000,29.3,273.5,258.1,1.06,7,10,9,2,4,21,1,1,0,1,0.0
"narrow middle, 1 dB cap",sim,500,floor_margin_db=1.0,,moderate,6.0,average,fading,,1000,77.3,103.5,258.1,0.401,4,9,5,4,10,60,10,1,1,1,0.1
"narrow middle, 1 dB cap",sim,500,floor_margin_db=1.0,,moderate,6.0,average,fading,,1000,47.1,169.8,258.1,0.658,5,9,5,4,6,36,4,0,0,1,0.1
"narrow middle, 1 dB cap",sim,500,floor_margin_db=1.0,,moderate,6.0,average,fading,,1000,61.8,129.4,258.1,0.501,4,6,5,4,8,48,4,0,0,1,0.0
"narrow middle, 1 dB cap",sim,500,floor_margin_db=1.0,,moderate,6.0,average,fading,,1000,37.7,212.4,258.1,0.823,5,9,7,3,5,28,2,1,0,1,0.0
"narrow middle, 1 dB cap",sim,500,floor_margin_db=1.0,,moderate,6.0,average,fading,,1000,45.0,177.7,258.1,0.689,5,9,6,3,6,34,4,1,0,1,0.0
"narrow middle, 1 dB cap",sim,500,floor_margin_db=1.0,,moderate,6.0,average,fading,,1000,57.2,139.8,258.1,0.542,5,7,6,5,8,39,7,0,1,1,0.1
"narrow middle, 1 dB cap",sim,500,floor_margin_db=1.0,,moderate,6.0,average,fading,,1000,31.4,255.1,258.1,0.989,7,10,9,2,4,23,3,2,0,1,0.0
"narrow middle, 1 dB cap",sim,500,floor_margin_db=1.0,,moderate,6.0,average,fading,,1000,85.9,93.1,258.1,0.361,0,9,6,4,7,34,4,1,0,1,0.0
"narrow middle, 1 dB cap",sim,500,floor_margin_db=1.0,,moderate,6.0,average,fading,,1000,34.5,231.9,258.1,0.899,7,9,7,3,5,25,3,0,0,1,0.0
"narrow middle, 1 dB cap",sim,500,floor_margin_db=1.0,,moderate,6.0,average,fading,,1000,38.7,206.8,258.1,0.801,5,9,5,4,6,28,4,0,0,1,0.0
"narrow middle, 1 dB cap",sim,500,floor_margin_db=1.0,,moderate,6.0,average,fading,,1000,52.4,152.8,258.1,0.592,5,7,5,3,7,40,4,2,0,1,0.1
"narrow middle, 1 dB cap",sim,500,floor_margin_db=1.0,,moderate,6.0,average,fading,,1000,50.3,159.2,258.1,0.617,5,7,5,3,7,38,4,0,0,1,0.1
"narrow middle, 1 dB cap",sim,500,floor_margin_db=1.0,,moderate,6.0,average,fading,,1000,47.0,170.1,258.1,0.659,5,9,5,4,6,32,4,0,0,1,0.0
"narrow middle, 1 dB cap",sim,500,floor_margin_db=1.0,,moderate,6.0,average,fading,,1000,45.8,174.7,258.1,0.677,5,9,7,4,6,34,7,0,1,1,0.1
"narrow middle, 1 dB cap",sim,500,floor_margin_db=1.0,,moderate,6.0,average,fading,,1000,47.1,169.8,258.1,0.658,5,9,6,4,6,36,7,1,0,1,0.1
"narrow middle, 1 dB cap",sim,500,floor_margin_db=1.0,,moderate,6.0,average,fading,,1000,50.3,159.2,258.1,0.617,4,7,6,3,7,38,1,0,0,1,0.0
"narrow middle, 1 dB cap",sim,500,floor_margin_db=1.0,,moderate,6.0,average,fading,,1000,55.2,144.9,258.1,0.561,4,9,4,6,8,41,13,3,1,1,0.1
"narrow middle, 1 dB cap",sim,500,floor_margin_db=1.0,,moderate,6.0,average,fading,,1000,32.4,247.0,258.1,0.957,9,11,9,3,5,23,7,4,0,1,0.0
"narrow middle, 1 dB cap",sim,500,floor_margin_db=1.0,,moderate,6.0,average,fading,,1000,76.2,105.0,258.1,0.407,3,7,3,5,11,58,5,0,1,1,0.0
"narrow middle, 1 dB cap",sim,500,floor_margin_db=1.0,,moderate,6.0,average,fading,,1000,61.8,129.4,258.1,0.501,4,7,4,3,8,48,3,0,0,1,0.1
"narrow middle, 1 dB cap",sim,500,floor_margin_db=1.0,,moderate,6.0,average,fading,,1000,50.3,159.2,258.1,0.617,5,7,5,3,7,38,3,0,0,1,0.0
"narrow middle, 1 dB cap",sim,500,floor_margin_db=1.0,,moderate,6.0,average,fading,,1000,53.4,149.8,258.1,0.58,5,7,5,5,7,41,6,0,0,1,0.0
"narrow middle, 1 dB cap",sim,500,floor_margin_db=1.0,,moderate,6.0,average,fading,,1000,39.8,201.2,258.1,0.78,6,9,6,3,5,30,2,0,0,1,0.0
"narrow middle, 1 dB cap",sim,500,floor_margin_db=1.0,,moderate,6.0,average,fading,,1000,60.8,131.6,258.1,0.51,5,7,5,6,8,42,9,0,1,1,0.1
"narrow middle, 1 dB cap",sim,500,floor_margin_db=1.0,,moderate,6.0,average,fading,,1000,55.3,144.8,258.1,0.561,4,9,4,6,7,42,9,0,1,1,0.0
"narrow middle, 1 dB cap",sim,500,floor_margin_db=1.0,,moderate,6.0,average,fading,,1000,42.9,186.5,258.1,0.723,6,9,6,3,6,32,4,0,0,1,0.1
"narrow middle, 1 dB cap",sim,500,floor_margin_db=1.0,,poor,-18.0,average,fading,,1000,79.7,0.0,0.0,,,,,0,0,0,0,0,0,0,0.0
"narrow middle, 1 dB cap",sim,500,floor_margin_db=1.0,,poor,-18.0,average,fading,,1000,125.6,0.0,0.0,,,,,0,0,0,0,0,0,0,0.0
"narrow middle, 1 dB cap",sim,500,floor_margin_db=1.0,,poor,-18.0,average,fading,,1000,108.3,0.0,0.0,,,,,0,0,0,0,0,0,0,0.0
"narrow middle, 1 dB cap",sim,500,floor_margin_db=1.0,,poor,-18.0,average,fading,,1000,109.6,0.0,0.0,,,,,0,0,0,0,0,0,0,0.0
"narrow middle, 1 dB cap",sim,500,floor_margin_db=1.0,,poor,-18.0,average,fading,,1000,183.3,0.0,0.0,,,,,0,0,0,0,0,0,0,0.0
"narrow middle, 1 dB cap",sim,500,floor_margin_db=1.0,,poor,-18.0,average,fading,,1000,220.6,0.0,0.0,,,,,0,0,0,0,0,0,0,0.0
"narrow middle, 1 dB cap",sim,500,floor_margin_db=1.0,,poor,-18.0,average,fading,,1000,79.4,0.0,0.0,,,,,0,0,0,0,0,0,0,0.0
"narrow middle, 1 dB cap",sim,500,floor_margin_db=1.0,,poor,-18.0,average,fading,,1000,64.4,0.0,0.0,,,,,0,0,0,0,0,0,0,0.0
"narrow middle, 1 dB cap",sim,500,floor_margin_db=1.0,,poor,-18.0,average,fading,,1000,190.3,0.0,0.0,,,,,0,0,0,0,0,0,0,0.0
"narrow middle, 1 dB cap",sim,500,floor_margin_db=1.0,,poor,-18.0,average,fading,,1000,105.2,0.0,0.0,,,,,0,0,0,0,0,0,0,0.0
"narrow middle, 1 dB cap",sim,500,floor_margin_db=1.0,,poor,-18.0,average,fading,,1000,91.4,0.0,0.0,,,,,0,0,0,0,0,0,0,0.0
"narrow middle, 1 dB cap",sim,500,floor_margin_db=1.0,,poor,-18.0,average,fading,,1000,120.7,0.0,0.0,,,,,0,0,0,0,0,0,0,0.0
"narrow middle, 1 dB cap",sim,500,floor_margin_db=1.0,,poor,-18.0,average,fading,,1000,134.0,0.0,0.0,,,,,0,0,0,0,0,0,0,0.0
"narrow middle, 1 dB cap",sim,500,floor_margin_db=1.0,,poor,-18.0,average,fading,,1000,195.4,0.0,0.0,,,,,0,0,0,0,0,0,0,0.0
"narrow middle, 1 dB cap",sim,500,floor_margin_db=1.0,,poor,-18.0,average,fading,,1000,100.2,0.0,0.0,,,,,0,0,0,0,0,0,0,0.0
"narrow middle, 1 dB cap",sim,500,floor_margin_db=1.0,,poor,-18.0,average,fading,,1000,134.9,0.0,0.0,,,,,0,0,0,0,0,0,0,0.0
"narrow middle, 1 dB cap",sim,500,floor_margin_db=1.0,,poor,-18.0,average,fading,,1000,210.8,0.0,0.0,,,,,0,0,0,0,0,0,0,0.0
"narrow middle, 1 dB cap",sim,500,floor_margin_db=1.0,,poor,-18.0,average,fading,,1000,158.4,0.0,0.0,,,,,0,0,0,0,0,0,0,0.0
"narrow middle, 1 dB cap",sim,500,floor_margin_db=1.0,,poor,-18.0,average,fading,,1000,122.0,0.0,0.0,,,,,0,0,0,0,0,0,0,0.0
"narrow middle, 1 dB cap",sim,500,floor_margin_db=1.0,,poor,-18.0,average,fading,,1000,85.7,0.0,0.0,,,,,0,0,0,0,0,0,0,0.0
"narrow middle, 1 dB cap",sim,500,floor_margin_db=1.0,,poor,-18.0,average,fading,,1000,238.4,0.0,0.0,,,,,0,0,0,0,0,0,0,0.0
"narrow middle, 1 dB cap",sim,500,floor_margin_db=1.0,,poor,-18.0,average,fading,,1000,658.0,6.9,0.0,,0,0,0,0,13,78,51,21,8,0,0.1
"narrow middle, 1 dB cap",sim,500,floor_margin_db=1.0,,poor,-18.0,average,fading,,1000,119.9,0.0,0.0,,,,,0,0,0,0,0,0,0,0.0
"narrow middle, 1 dB cap",sim,500,floor_margin_db=1.0,,poor,-18.0,average,fading,,1000,233.8,0.0,0.0,,,,,0,0,0,0,0,0,0,0.0
"narrow middle, 1 dB cap",sim,500,floor_margin_db=1.0,,poor,-18.0,average,fading,,1000,94.3,0.0,0.0,,,,,0,0,0,0,0,0,0,0.0
"narrow middle, 1 dB cap",sim,500,floor_margin_db=1.0,,poor,-18.0,average,fading,,1000,129.5,0.0,0.0,,,,,0,0,0,0,0,0,0,0.0
"narrow middle, 1 dB cap",sim,500,floor_margin_db=1.0,,poor,-18.0,average,fading,,1000,93.0,0.0,0.0,,,,,0,0,0,0,0,0,0,0.0
"narrow middle, 1 dB cap",sim,500,floor_margin_db=1.0,,poor,-18.0,average,fading,,1000,180.3,0.0,0.0,,,,,0,0,0,0,0,0,0,0.0
"narrow middle, 1 dB cap",sim,500,floor_margin_db=1.0,,poor,-18.0,average,fading,,1000,140.7,0.0,0.0,,,,,0,0,0,0,0,0,0,0.0
"narrow middle, 1 dB cap",sim,500,floor_margin_db=1.0,,poor,-18.0,average,fading,,1000,124.9,0.0,0.0,,,,,0,0,0,0,0,0,0,0.0
"narrow middle, 1 dB cap",sim,500,floor_margin_db=1.0,,poor,-14.0,average,fading,,1000,353.1,22.7,35.8,0.632,0,0,0,0,10,53,5,0,0,1,0.1
"narrow middle, 1 dB cap",sim,500,floor_margin_db=1.0,,poor,-14.0,average,fading,,1000,375.6,21.3,35.8,0.595,0,0,0,0,9,52,4,0,0,1,0.1
"narrow middle, 1 dB cap",sim,500,floor_margin_db=1.0,,poor,-14.0,average,fading,,1000,357.5,22.4,35.8,0.625,0,0,0,0,10,54,6,1,1,1,0.1
"narrow middle, 1 dB cap",sim,500,floor_margin_db=1.0,,poor,-14.0,average,fading,,1000,332.1,24.1,35.8,0.673,0,0,0,0,9,50,2,0,0,1,0.1
"narrow middle, 1 dB cap",sim,500,floor_margin_db=1.0,,poor,-14.0,average,fading,,1000,326.6,24.5,35.8,0.684,0,0,0,0,9,49,1,0,0,1,0.1
"narrow middle, 1 dB cap",sim,500,floor_margin_db=1.0,,poor,-14.0,average,fading,,1000,342.4,23.4,35.8,0.652,0,0,0,0,9,52,4,0,0,1,0.1
"narrow middle, 1 dB cap",sim,500,floor_margin_db=1.0,,poor,-14.0,average,fading,,1000,327.0,24.5,35.8,0.683,0,0,0,0,9,49,1,0,0,1,0.1
"narrow middle, 1 dB cap",sim,500,floor_margin_db=1.0,,poor,-14.0,average,fading,,1000,335.6,23.8,35.8,0.665,0,0,0,0,9,51,3,0,0,1,0.1
"narrow middle, 1 dB cap",sim,500,floor_margin_db=1.0,,poor,-14.0,average,fading,,1000,348.8,22.9,35.8,0.64,0,1,0,2,8,48,3,2,0,1,0.1
"narrow middle, 1 dB cap",sim,500,floor_margin_db=1.0,,poor,-14.0,average,fading,,1000,371.8,21.5,35.8,0.601,0,0,0,0,9,53,5,0,0,1,0.1
"narrow middle, 1 dB cap",sim,500,floor_margin_db=1.0,,poor,-14.0,average,fading,,1000,321.4,24.9,35.8,0.695,0,1,0,2,9,48,3,1,0,1,0.1
"narrow middle, 1 dB cap",sim,500,floor_margin_db=1.0,,poor,-14.0,average,fading,,1000,336.0,23.8,35.8,0.665,0,0,0,0,9,51,3,0,0,1,0.1
"narrow middle, 1 dB cap",sim,500,floor_margin_db=1.0,,poor,-14.0,average,fading,,1000,331.1,24.2,35.8,0.675,0,0,0,0,9,50,2,0,0,1,0.1
"narrow middle, 1 dB cap",sim,500,floor_margin_db=1.0,,poor,-14.0,average,fading,,1000,347.8,23.0,35.8,0.642,0,0,0,0,9,53,5,0,0,1,0.1
"narrow middle, 1 dB cap",sim,500,floor_margin_db=1.0,,poor,-14.0,average,fading,,1000,347.7,23.0,35.8,0.642,0,0,0,0,9,53,5,0,0,1,0.1
"narrow middle, 1 dB cap",sim,500,floor_margin_db=1.0,,poor,-14.0,average,fading,,1000,378.1,21.2,35.8,0.591,0,0,0,0,10,58,10,1,1,1,0.1
"narrow middle, 1 dB cap",sim,500,floor_margin_db=1.0,,poor,-14.0,average,fading,,1000,372.8,21.5,35.8,0.599,0,0,0,0,10,57,9,0,1,1,0.1
"narrow middle, 1 dB cap",sim,500,floor_margin_db=1.0,,poor,-14.0,average,fading,,1000,331.9,24.1,35.8,0.673,0,0,0,0,9,50,2,0,0,1,0.1
"narrow middle, 1 dB cap",sim,500,floor_margin_db=1.0,,poor,-14.0,average,fading,,1000,325.6,24.6,35.8,0.686,0,1,0,2,9,49,4,2,0,1,0.1
"narrow middle, 1 dB cap",sim,500,floor_margin_db=1.0,,poor,-14.0,average,fading,,1000,325.7,24.6,35.8,0.686,0,0,0,0,9,49,1,1,0,1,0.1
"narrow middle, 1 dB cap",sim,500,floor_margin_db=1.0,,poor,-14.0,average,fading,,1000,335.6,23.8,35.8,0.665,0,0,0,0,9,51,3,0,0,1,0.1
"narrow middle, 1 dB cap",sim,500,floor_margin_db=1.0,,poor,-14.0,average,fading,,1000,336.0,23.8,35.8,0.665,0,0,0,0,9,51,3,1,0,1,0.1
"narrow middle, 1 dB cap",sim,500,floor_margin_db=1.0,,poor,-14.0,average,fading,,1000,346.9,23.1,35.8,0.644,0,1,0,2,10,52,7,4,1,1,0.1
"narrow middle, 1 dB cap",sim,500,floor_margin_db=1.0,,poor,-14.0,average,fading,,1000,336.4,23.8,35.8,0.664,0,0,0,0,9,51,3,0,0,1,0.1
"narrow middle, 1 dB cap",sim,500,floor_margin_db=1.0,,poor,-14.0,average,fading,,1000,327.2,24.5,35.8,0.683,0,0,0,0,9,49,1,0,0,1,0.1
"narrow middle, 1 dB cap",sim,500,floor_margin_db=1.0,,poor,-14.0,average,fading,,1000,352.4,22.7,35.8,0.634,0,1,0,2,9,54,9,4,0,1,0.1
"narrow middle, 1 dB cap",sim,500,floor_margin_db=1.0,,poor,-14.0,average,fading,,1000,336.4,23.8,35.8,0.664,0,0,0,0,9,51,3,0,0,1,0.1
"narrow middle, 1 dB cap",sim,500,floor_margin_db=1.0,,poor,-14.0,average,fading,,1000,343.7,23.3,35.8,0.65,0,0,0,0,9,52,4,0,0,1,0.1
"narrow middle, 1 dB cap",sim,500,floor_margin_db=1.0,,poor,-14.0,average,fading,,1000,418.1,19.1,35.8,0.534,0,0,0,0,10,52,4,1,0,1,0.1
"narrow middle, 1 dB cap",sim,500,floor_margin_db=1.0,,poor,-14.0,average,fading,,1000,347.8,23.0,35.8,0.642,0,0,0,0,9,53,5,1,0,1,0.1
"narrow middle, 1 dB cap",sim,500,floor_margin_db=1.0,,poor,-12.0,average,fading,,1000,317.9,25.2,35.8,0.703,0,1,0,2,8,48,3,2,0,1,0.1
"narrow middle, 1 dB cap",sim,500,floor_margin_db=1.0,,poor,-12.0,average,fading,,1000,306.9,26.1,35.8,0.728,0,1,0,2,8,46,1,1,0,1,0.1
"narrow middle, 1 dB cap",sim,500,floor_margin_db=1.0,,poor,-12.0,average,fading,,1000,316.2,25.3,35.8,0.706,0,1,0,2,8,48,3,1,0,1,0.1
"narrow middle, 1 dB cap",sim,500,floor_margin_db=1.0,,poor,-12.0,average,fading,,1000,317.1,25.2,35.8,0.704,0,1,0,2,8,48,3,1,0,1,0.1
"narrow middle, 1 dB cap",sim,500,floor_margin_db=1.0,,poor,-12.0,average,fading,,1000,306.3,26.1,35.8,0.729,0,1,0,2,8,46,1,0,0,1,0.0
"narrow middle, 1 dB cap",sim,500,floor_margin_db=1.0,,poor,-12.0,average,fading,,1000,311.4,25.7,35.8,0.717,0,1,0,2,8,47,2,0,0,1,0.1
"narrow middle, 1 dB cap",sim,500,floor_margin_db=1.0,,poor,-12.0,average,fading,,1000,290.6,27.5,35.8,0.768,0,1,0,2,8,43,2,1,0,1,0.1
"narrow middle, 1 dB cap",sim,500,floor_margin_db=1.0,,poor,-12.0,average,fading,,1000,315.3,25.4,35.8,0.708,0,1,0,2,8,48,3,0,0,1,0.1
"narrow middle, 1 dB cap",sim,500,floor_margin_db=1.0,,poor,-12.0,average,fading,,1000,317.1,25.2,35.8,0.704,0,1,0,2,8,48,3,1,0,1,0.1
"narrow middle, 1 dB cap",sim,500,floor_margin_db=1.0,,poor,-12.0,average,fading,,1000,281.7,28.4,35.8,0.793,0,1,0,2,7,42,1,0,0,1,0.1
"narrow middle, 1 dB cap",sim,500,floor_margin_db=1.0,,poor,-12.0,average,fading,,1000,306.5,26.1,35.8,0.729,0,1,0,2,8,46,1,0,0,1,0.1
"narrow middle, 1 dB cap",sim,500,floor_margin_db=1.0,,poor,-12.0,average,fading,,1000,294.3,27.2,35.8,0.759,0,1,0,2,8,44,3,1,0,1,0.1
"narrow middle, 1 dB cap",sim,500,floor_margin_db=1.0,,poor,-12.0,average,fading,,1000,289.3,27.6,35.8,0.772,0,1,0,2,8,43,2,2,0,1,0.1
"narrow middle, 1 dB cap",sim,500,floor_margin_db=1.0,,poor,-12.0,average,fading,,1000,311.4,25.7,35.8,0.717,0,1,0,2,8,47,2,0,0,1,0.1
"narrow middle, 1 dB cap",sim,500,floor_margin_db=1.0,,poor,-12.0,average,fading,,1000,316.7,25.3,35.8,0.705,0,1,0,2,8,48,3,1,0,1,0.1
"narrow middle, 1 dB cap",sim,500,floor_margin_db=1.0,,poor,-12.0,average,fading,,1000,315.3,25.4,35.8,0.708,0,1,0,2,8,48,3,0,0,1,0.1
"narrow middle, 1 dB cap",sim,500,floor_margin_db=1.0,,poor,-12.0,average,fading,,1000,304.6,26.3,35.8,0.733,0,1,0,2,8,46,1,0,0,1,0.1
"narrow middle, 1 dB cap",sim,500,floor_margin_db=1.0,,poor,-12.0,average,fading,,1000,306.2,26.1,35.8,0.729,0,1,0,2,8,46,1,1,0,1,0.1
"narrow middle, 1 dB cap",sim,500,floor_margin_db=1.0,,poor,-12.0,average,fading,,1000,305.3,26.2,35.8,0.732,0,1,0,2,8,46,1,0,0,1,0.1
"narrow middle, 1 dB cap",sim,500,floor_margin_db=1.0,,poor,-12.0,average,fading,,1000,305.4,26.2,35.8,0.731,0,1,0,2,8,46,1,1,0,1,0.1
"narrow middle, 1 dB cap",sim,500,floor_margin_db=1.0,,poor,-12.0,average,fading,,1000,314.2,25.5,35.8,0.711,0,1,0,4,9,47,4,0,0,1,0.1
"narrow middle, 1 dB cap",sim,500,floor_margin_db=1.0,,poor,-12.0,average,fading,,1000,310.4,25.8,35.8,0.72,0,1,0,2,8,47,2,2,0,1,0.1
"narrow middle, 1 dB cap",sim,500,floor_margin_db=1.0,,poor,-12.0,average,fading,,1000,316.3,25.3,35.8,0.706,0,1,0,2,8,48,3,0,0,1,0.1
"narrow middle, 1 dB cap",sim,500,floor_margin_db=1.0,,poor,-12.0,average,fading,,1000,305.4,26.2,35.8,0.731,0,1,0,2,8,46,1,0,0,1,0.1
"narrow middle, 1 dB cap",sim,500,floor_margin_db=1.0,,poor,-12.0,average,fading,,1000,301.5,26.5,35.8,0.741,0,1,1,3,8,45,2,0,0,1,0.1
"narrow middle, 1 dB cap",sim,500,floor_margin_db=1.0,,poor,-12.0,average,fading,,1000,305.3,26.2,35.8,0.731,0,1,0,2,8,46,1,0,0,1,0.1
"narrow middle, 1 dB cap",sim,500,floor_margin_db=1.0,,poor,-12.0,average,fading,,1000,279.7,28.6,35.8,0.798,0,1,0,2,7,42,1,0,0,1,0.0
"narrow middle, 1 dB cap",sim,500,floor_margin_db=1.0,,poor,-12.0,average,fading,,1000,318.1,25.2,35.8,0.702,0,1,0,2,8,48,3,1,0,1,0.1
"narrow middle, 1 dB cap",sim,500,floor_margin_db=1.0,,poor,-12.0,average,fading,,1000,316.7,25.3,35.8,0.705,0,1,0,2,8,48,3,0,0,1,0.0
"narrow middle, 1 dB cap",sim,500,floor_margin_db=1.0,,poor,-12.0,average,fading,,1000,316.8,25.3,35.8,0.705,0,1,0,2,8,48,3,1,0,1,0.1
"narrow middle, 1 dB cap",sim,500,floor_margin_db=1.0,,poor,-10.0,average,fading,,1000,223.7,35.8,76.1,0.47,0,2,2,2,6,32,0,0,0,1,0.0
"narrow middle, 1 dB cap",sim,500,floor_margin_db=1.0,,poor,-10.0,average,fading,,1000,212.8,37.6,76.1,0.494,0,2,0,4,6,30,2,0,0,1,0.0
"narrow middle, 1 dB cap",sim,500,floor_margin_db=1.0,,poor,-10.0,average,fading,,1000,243.4,32.9,76.1,0.432,0,2,0,3,6,36,2,1,0,1,0.0
"narrow middle, 1 dB cap",sim,500,floor_margin_db=1.0,,poor,-10.0,average,fading,,1000,181.2,44.1,76.1,0.58,0,2,2,1,5,25,0,0,0,1,0.0
"narrow middle, 1 dB cap",sim,500,floor_margin_db=1.0,,poor,-10.0,average,fading,,1000,244.3,32.8,76.1,0.43,0,1,1,3,6,36,1,0,0,1,0.1
"narrow middle, 1 dB cap",sim,500,floor_margin_db=1.0,,poor,-10.0,average,fading,,1000,217.2,36.8,76.1,0.484,0,2,1,2,6,31,1,0,0,1,0.0
"narrow middle, 1 dB cap",sim,500,floor_margin_db=1.0,,poor,-10.0,average,fading,,1000,202.9,39.4,76.1,0.518,0,2,1,2,5,29,1,0,0,1,0.1
"narrow middle, 1 dB cap",sim,500,floor_margin_db=1.0,,poor,-10.0,average,fading,,1000,268.2,29.8,76.1,0.392,0,1,1,3,7,40,1,0,0,1,0.1
"narrow middle, 1 dB cap",sim,500,floor_margin_db=1.0,,poor,-10.0,average,fading,,1000,270.1,29.6,76.1,0.389,0,1,1,3,7,40,1,0,0,1,0.1
"narrow middle, 1 dB cap",sim,500,floor_margin_db=1.0,,poor,-10.0,average,fading,,1000,291.3,27.5,76.1,0.361,0,1,0,4,8,43,2,0,0,1,0.1
"narrow middle, 1 dB cap",sim,500,floor_margin_db=1.0,,poor,-10.0,average,fading,,1000,181.3,44.1,76.1,0.58,0,3,3,2,5,25,0,0,0,1,0.0
"narrow middle, 1 dB cap",sim,500,floor_margin_db=1.0,,poor,-10.0,average,fading,,1000,268.6,29.8,76.1,0.391,0,1,1,3,7,40,1,0,0,1,0.1
"narrow middle, 1 dB cap",sim,500,floor_margin_db=1.0,,poor,-10.0,average,fading,,1000,190.9,41.9,76.1,0.55,0,2,1,2,5,27,2,0,0,1,0.0
"narrow middle, 1 dB cap",sim,500,floor_margin_db=1.0,,poor,-10.0,average,fading,,1000,275.1,29.1,76.1,0.382,0,1,1,3,7,41,2,0,0,1,0.1
"narrow middle, 1 dB cap",sim,500,floor_margin_db=1.0,,poor,-10.0,average,fading,,1000,280.3,28.5,76.1,0.375,0,1,0,2,7,42,1,0,0,1,0.1
"narrow middle, 1 dB cap",sim,500,floor_margin_db=1.0,,poor,-10.0,average,fading,,1000,309.9,25.8,76.1,0.339,0,1,0,1,8,47,2,0,0,1,0.1
"narrow middle, 1 dB cap",sim,500,floor_margin_db=1.0,,poor,-10.0,average,fading,,1000,205.1,39.0,76.1,0.512,0,2,1,3,6,29,1,0,0,1,0.0
"narrow middle, 1 dB cap",sim,500,floor_margin_db=1.0,,poor,-10.0,average,fading,,1000,202.5,39.5,76.1,0.519,0,2,1,2,5,29,1,0,0,1,0.1
"narrow middle, 1 dB cap",sim,500,floor_margin_db=1.0,,poor,-10.0,average,fading,,1000,200.4,39.9,76.1,0.524,0,2,1,3,6,28,1,0,0,1,0.0
"narrow middle, 1 dB cap",sim,500,floor_margin_db=1.0,,poor,-10.0,average,fading,,1000,279.8,28.6,76.1,0.376,0,1,1,3,7,42,1,0,0,1,0.1
"narrow middle, 1 dB cap",sim,500,floor_margin_db=1.0,,poor,-10.0,average,fading,,1000,225.4,35.5,76.1,0.466,0,2,0,3,7,32,2,0,0,1,0.1
"narrow middle, 1 dB cap",sim,500,floor_margin_db=1.0,,poor,-10.0,average,fading,,1000,243.0,32.9,76.1,0.433,0,1,1,3,6,36,1,0,0,1,0.1
"narrow middle, 1 dB cap",sim,500,floor_margin_db=1.0,,poor,-10.0,average,fading,,1000,185.7,43.1,76.1,0.566,0,2,2,1,5,26,1,0,0,1,0.0
"narrow middle, 1 dB cap",sim,500,floor_margin_db=1.0,,poor,-10.0,average,fading,,1000,221.9,36.0,76.1,0.474,0,2,1,3,6,32,2,0,0,1,0.0
"narrow middle, 1 dB cap",sim,500,floor_margin_db=1.0,,poor,-10.0,average,fading,,1000,218.0,36.7,76.1,0.482,0,2,1,2,6,31,1,0,0,1,0.0
"narrow middle, 1 dB cap",sim,500,floor_margin_db=1.0,,poor,-10.0,average,fading,,1000,185.5,43.1,76.1,0.567,0,2,1,2,5,26,1,0,0,1,0.0
"narrow middle, 1 dB cap",sim,500,floor_margin_db=1.0,,poor,-10.0,average,fading,,1000,196.3,40.8,76.1,0.535,0,2,2,2,5,28,0,0,0,1,0.0
"narrow middle, 1 dB cap",sim,500,floor_margin_db=1.0,,poor,-10.0,average,fading,,1000,223.9,35.7,76.1,0.469,0,2,1,2,6,32,2,0,0,1,0.0
"narrow middle, 1 dB cap",sim,500,floor_margin_db=1.0,,poor,-10.0,average,fading,,1000,227.9,35.1,76.1,0.461,0,2,0,4,6,33,2,0,0,1,0.0
"narrow middle, 1 dB cap",sim,500,floor_margin_db=1.0,,poor,-10.0,average,fading,,1000,275.0,29.1,76.1,0.382,0,1,0,4,7,41,3,1,0,1,0.1
"narrow middle, 1 dB cap",sim,500,floor_margin_db=1.0,,poor,-8.0,average,fading,,1000,192.7,41.5,76.1,0.545,0,3,1,3,5,27,4,1,0,1,0.0
"narrow middle, 1 dB cap",sim,500,floor_margin_db=1.0,,poor,-8.0,average,fading,,1000,166.8,48.0,76.1,0.63,1,3,2,2,4,23,3,2,0,1,0.0
"narrow middle, 1 dB cap",sim,500,floor_margin_db=1.0,,poor,-8.0,average,fading,,1000,165.3,48.4,76.1,0.636,1,3,2,2,4,23,3,2,0,1,0.0
"narrow middle, 1 dB cap",sim,500,floor_margin_db=1.0,,poor,-8.0,average,fading,,1000,171.7,46.6,76.1,0.612,1,3,2,2,4,24,4,2,0,1,0.0
"narrow middle, 1 dB cap",sim,500,floor_margin_db=1.0,,poor,-8.0,average,fading,,1000,191.8,41.7,76.1,0.548,0,3,2,3,5,27,5,1,0,1,0.0
"narrow middle, 1 dB cap",sim,500,floor_margin_db=1.0,,poor,-8.0,average,fading,,1000,160.5,49.8,76.1,0.655,1,3,2,2,4,22,2,0,0,1,0.0
"narrow middle, 1 dB cap",sim,500,floor_margin_db=1.0,,poor,-8.0,average,fading,,1000,155.9,51.3,76.1,0.674,1,3,2,2,4,21,3,1,0,1,0.0
"narrow middle, 1 dB cap",sim,500,floor_margin_db=1.0,,poor,-8.0,average,fading,,1000,179.4,44.6,76.1,0.586,0,3,2,3,5,25,3,1,0,1,0.0
"narrow middle, 1 dB cap",sim,500,floor_margin_db=1.0,,poor,-8.0,average,fading,,1000,202.7,39.5,76.1,0.519,0,2,1,2,5,29,1,0,0,1,0.0
"narrow middle, 1 dB cap",sim,500,floor_margin_db=1.0,,poor,-8.0,average,fading,,1000,187.6,42.7,76.1,0.56,0,3,2,3,5,26,3,1,0,1,0.0
"narrow middle, 1 dB cap",sim,500,floor_margin_db=1.0,,poor,-8.0,average,fading,,1000,166.4,48.1,76.1,0.632,1,3,2,2,4,23,3,1,0,1,0.0
"narrow middle, 1 dB cap",sim,500,floor_margin_db=1.0,,poor,-8.0,average,fading,,1000,185.2,43.2,76.1,0.568,0,3,2,3,5,26,4,3,0,1,0.0
"narrow middle, 1 dB cap",sim,500,floor_margin_db=1.0,,poor,-8.0,average,fading,,1000,170.7,46.9,76.1,0.616,0,3,2,2,4,24,2,1,0,1,0.0
"narrow middle, 1 dB cap",sim,500,floor_margin_db=1.0,,poor,-8.0,average,fading,,1000,160.6,49.8,76.1,0.654,1,3,2,2,4,22,2,2,0,1,0.0
"narrow middle, 1 dB cap",sim,500,floor_margin_db=1.0,,poor,-8.0,average,fading,,1000,196.8,40.6,76.1,0.534,0,3,1,3,5,28,5,3,0,1,0.0
"narrow middle, 1 dB cap",sim,500,floor_margin_db=1.0,,poor,-8.0,average,fading,,1000,179.3,44.6,76.1,0.586,1,3,2,2,5,25,5,2,0,1,0.0
"narrow middle, 1 dB cap",sim,500,floor_margin_db=1.0,,poor,-8.0,average,fading,,1000,164.5,48.6,76.1,0.639,0,3,2,3,4,23,1,0,0,1,0.0
"narrow middle, 1 dB cap",sim,500,floor_margin_db=1.0,,poor,-8.0,average,fading,,1000,155.4,51.5,76.1,0.676,1,3,2,2,4,21,1,1,0,1,0.1
"narrow middle, 1 dB cap",sim,500,floor_margin_db=1.0,,poor,-8.0,average,fading,,1000,154.5,51.8,76.1,0.68,1,3,2,2,4,21,1,0,0,1,0.0
"narrow middle, 1 dB cap",sim,500,floor_margin_db=1.0,,poor,-8.0,average,fading,,1000,185.6,43.1,76.1,0.566,0,3,2,3,5,26,3,0,0,1,0.0
"narrow middle, 1 dB cap",sim,500,floor_margin_db=1.0,,poor,-8.0,average,fading,,1000,169.9,47.1,76.1,0.619,1,3,2,2,4,24,4,2,0,1,0.0
"narrow middle, 1 dB cap",sim,500,floor_margin_db=1.0,,poor,-8.0,average,fading,,1000,185.2,43.2,76.1,0.568,0,3,2,3,5,26,4,3,0,1,0.0
"narrow middle, 1 dB cap",sim,500,floor_margin_db=1.0,,poor,-8.0,average,fading,,1000,312.7,25.6,76.1,0.336,0,4,1,4,12,63,19,6,3,1,0.1
"narrow middle, 1 dB cap",sim,500,floor_margin_db=1.0,,poor,-8.0,average,fading,,1000,180.2,44.4,76.1,0.583,0,3,2,3,5,25,3,1,0,1,0.0
"narrow middle, 1 dB cap",sim,500,floor_margin_db=1.0,,poor,-8.0,average,fading,,1000,161.4,49.6,76.1,0.651,1,3,2,2,4,22,2,1,0,1,0.0
"narrow middle, 1 dB cap",sim,500,floor_margin_db=1.0,,poor,-8.0,average,fading,,1000,170.6,46.9,76.1,0.616,1,3,2,2,4,24,4,1,0,1,0.0
"narrow middle, 1 dB cap",sim,500,floor_margin_db=1.0,,poor,-8.0,average,fading,,1000,165.3,48.4,76.1,0.636,0,3,2,3,4,23,1,1,0,1,0.0
"narrow middle, 1 dB cap",sim,500,floor_margin_db=1.0,,poor,-8.0,average,fading,,1000,172.6,46.4,76.1,0.609,1,3,2,2,4,24,4,1,0,1,0.1
"narrow middle, 1 dB cap",sim,500,floor_margin_db=1.0,,poor,-8.0,average,fading,,1000,160.5,49.8,76.1,0.655,1,3,2,2,4,22,2,1,0,1,0.0
"narrow middle, 1 dB cap",sim,500,floor_margin_db=1.0,,poor,-8.0,average,fading,,1000,186.2,43.0,76.1,0.564,0,3,2,3,5,26,4,2,0,1,0.0
"narrow middle, 1 dB cap",sim,500,floor_margin_db=1.0,,poor,-6.0,average,fading,,1000,172.4,46.4,76.1,0.61,0,3,2,3,4,24,2,1,0,1,0.0
"narrow middle, 1 dB cap",sim,500,floor_margin_db=1.0,,poor,-6.0,average,fading,,1000,296.6,27.0,76.1,0.354,0,4,1,4,12,62,25,6,4,1,0.1
"narrow middle, 1 dB cap",sim,500,floor_margin_db=1.0,,poor,-6.0,average,fading,,1000,160.0,50.0,76.1,0.657,1,3,2,2,4,22,2,1,0,1,0.0
"narrow middle, 1 dB cap",sim,500,floor_margin_db=1.0,,poor,-6.0,average,fading,,1000,135.3,59.1,76.1,0.777,1,3,3,1,3,18,0,0,0,1,0.0
"narrow middle, 1 dB cap",sim,500,floor_margin_db=1.0,,poor,-6.0,average,fading,,1000,150.1,53.3,76.1,0.7,1,3,2,2,4,20,2,1,0,1,0.0
"narrow middle, 1 dB cap",sim,500,floor_margin_db=1.0,,poor,-6.0,average,fading,,1000,149.8,53.4,76.1,0.701,1,3,3,3,4,20,1,0,0,1,0.0
"narrow middle, 1 dB cap",sim,500,floor_margin_db=1.0,,poor,-6.0,average,fading,,1000,145.1,55.1,76.1,0.724,1,3,2,2,4,19,1,0,0,1,0.0
"narrow middle, 1 dB cap",sim,500,floor_margin_db=1.0,,poor,-6.0,average,fading,,1000,153.8,52.0,76.1,0.683,1,3,2,2,4,21,1,0,0,1,0.0
"narrow middle, 1 dB cap",sim,500,floor_margin_db=1.0,,poor,-6.0,average,fading,,1000,142.1,56.3,76.1,0.739,1,3,2,4,5,21,2,0,0,1,0.0
"narrow middle, 1 dB cap",sim,500,floor_margin_db=1.0,,poor,-6.0,average,fading,,1000,156.5,51.1,76.1,0.671,0,3,3,2,4,21,0,0,0,1,0.0
"narrow middle, 1 dB cap",sim,500,floor_margin_db=1.0,,poor,-6.0,average,fading,,1000,150.3,53.2,76.1,0.699,1,3,3,3,4,20,1,0,0,1,0.0
"narrow middle, 1 dB cap",sim,500,floor_margin_db=1.0,,poor,-6.0,average,fading,,1000,143.4,55.8,76.1,0.733,1,3,2,2,4,19,1,0,0,1,0.1
"narrow middle, 1 dB cap",sim,500,floor_margin_db=1.0,,poor,-6.0,average,fading,,1000,164.1,48.7,76.1,0.64,0,3,2,2,5,22,3,0,0,1,0.0
"narrow middle, 1 dB cap",sim,500,floor_margin_db=1.0,,poor,-6.0,average,fading,,1000,160.6,49.8,76.1,0.654,1,3,2,2,4,22,2,0,0,1,0.0
"narrow middle, 1 dB cap",sim,500,floor_margin_db=1.0,,poor,-6.0,average,fading,,1000,155.1,51.6,76.1,0.678,1,3,2,2,4,21,1,1,0,1,0.0
"narrow middle, 1 dB cap",sim,500,floor_margin_db=1.0,,poor,-6.0,average,fading,,1000,159.1,50.3,76.1,0.661,1,3,3,3,4,22,3,0,0,1,0.0
"narrow middle, 1 dB cap",sim,500,floor_margin_db=1.0,,poor,-6.0,average,fading,,1000,133.5,59.9,76.1,0.787,1,3,3,1,3,18,0,0,0,1,0.0
"narrow middle, 1 dB cap",sim,500,floor_margin_db=1.0,,poor,-6.0,average,fading,,1000,144.7,55.3,76.1,0.727,1,3,2,2,4,19,1,0,0,1,0.0
"narrow middle, 1 dB cap",sim,500,floor_margin_db=1.0,,poor,-6.0,average,fading,,1000,159.2,50.3,76.1,0.66,0,4,2,3,7,38,12,6,2,1,0.0
"narrow middle, 1 dB cap",sim,500,floor_margin_db=1.0,,poor,-6.0,average,fading,,1000,160.0,50.0,76.1,0.657,1,3,2,2,4,22,2,1,0,1,0.0
"narrow middle, 1 dB cap",sim,500,floor_margin_db=1.0,,poor,-6.0,average,fading,,1000,148.4,53.9,76.1,0.708,1,3,3,3,4,20,1,0,0,1,0.0
"narrow middle, 1 dB cap",sim,500,floor_margin_db=1.0,,poor,-6.0,average,fading,,1000,170.3,47.0,76.1,0.617,0,3,2,2,4,24,2,1,0,1,0.0
"narrow middle, 1 dB cap",sim,500,floor_margin_db=1.0,,poor,-6.0,average,fading,,1000,268.9,29.8,76.1,0.391,0,4,1,6,11,54,15,4,3,1,0.1
"narrow middle, 1 dB cap",sim,500,floor_margin_db=1.0,,poor,-6.0,average,fading,,1000,143.8,55.6,76.1,0.731,1,3,2,2,4,19,1,0,0,1,0.0
"narrow middle, 1 dB cap",sim,500,floor_margin_db=1.0,,poor,-6.0,average,fading,,1000,150.7,53.1,76.1,0.698,1,3,3,3,4,20,1,0,0,1,0.0
"narrow middle, 1 dB cap",sim,500,floor_margin_db=1.0,,poor,-6.0,average,fading,,1000,149.1,53.6,76.1,0.705,1,3,3,3,4,20,1,0,0,1,0.0
"narrow middle, 1 dB cap",sim,500,floor_margin_db=1.0,,poor,-6.0,average,fading,,1000,143.8,55.6,76.1,0.731,1,3,2,2,4,19,1,0,0,1,0.0
"narrow middle, 1 dB cap",sim,500,floor_margin_db=1.0,,poor,-6.0,average,fading,,1000,161.9,49.4,76.1,0.649,1,3,2,2,4,22,2,0,0,1,0.0
"narrow middle, 1 dB cap",sim,500,floor_margin_db=1.0,,poor,-6.0,average,fading,,1000,160.5,49.8,76.1,0.655,1,3,2,2,4,22,2,0,0,1,0.0
"narrow middle, 1 dB cap",sim,500,floor_margin_db=1.0,,poor,-6.0,average,fading,,1000,171.3,46.7,76.1,0.614,0,3,2,3,4,24,2,0,0,1,0.0
"narrow middle, 1 dB cap",sim,500,floor_margin_db=1.0,,poor,-4.0,average,fading,,1000,161.1,49.7,111.9,0.444,0,4,3,3,6,31,7,1,1,1,0.0
"narrow middle, 1 dB cap",sim,500,floor_margin_db=1.0,,poor,-4.0,average,fading,,1000,245.7,32.6,111.9,0.291,0,4,1,5,11,59,18,3,2,1,0.1
"narrow middle, 1 dB cap",sim,500,floor_margin_db=1.0,,poor,-4.0,average,fading,,1000,117.6,68.0,111.9,0.607,1,3,3,1,3,18,0,0,0,1,0.0
"narrow middle, 1 dB cap",sim,500,floor_margin_db=1.0,,poor,-4.0,average,fading,,1000,150.2,53.3,111.9,0.476,0,3,3,1,4,20,1,0,0,1,0.0
"narrow middle, 1 dB cap",sim,500,floor_margin_db=1.0,,poor,-4.0,average,fading,,1000,135.1,59.2,111.9,0.529,1,3,3,1,3,18,0,0,0,1,0.0
"narrow middle, 1 dB cap",sim,500,floor_margin_db=1.0,,poor,-4.0,average,fading,,1000,196.3,40.7,111.9,0.364,0,4,2,6,11,51,14,5,3,1,0.1
"narrow middle, 1 dB cap",sim,500,floor_margin_db=1.0,,poor,-4.0,average,fading,,1000,224.0,35.7,111.9,0.319,0,4,2,4,9,51,18,0,3,1,0.1
"narrow middle, 1 dB cap",sim,500,floor_margin_db=1.0,,poor,-4.0,average,fading,,1000,143.0,55.9,111.9,0.5,1,3,2,2,4,19,1,0,0,1,0.0
"narrow middle, 1 dB cap",sim,500,floor_margin_db=1.0,,poor,-4.0,average,fading,,1000,222.9,35.9,111.9,0.321,0,4,2,4,9,54,24,0,4,1,0.1
"narrow middle, 1 dB cap",sim,500,floor_margin_db=1.0,,poor,-4.0,average,fading,,1000,136.3,58.7,111.9,0.525,1,3,3,1,3,18,0,0,0,1,0.0
"narrow middle, 1 dB cap",sim,500,floor_margin_db=1.0,,poor,-4.0,average,fading,,1000,142.9,56.0,111.9,0.5,0,4,3,4,6,33,12,0,2,1,0.0
"narrow middle, 1 dB cap",sim,500,floor_margin_db=1.0,,poor,-4.0,average,fading,,1000,143.4,55.8,111.9,0.498,1,3,2,2,4,19,1,0,0,1,0.0
"narrow middle, 1 dB cap",sim,500,floor_margin_db=1.0,,poor,-4.0,average,fading,,1000,243.8,32.8,111.9,0.293,0,4,2,4,10,54,25,2,4,1,0.1
"narrow middle, 1 dB cap",sim,500,floor_margin_db=1.0,,poor,-4.0,average,fading,,1000,144.5,55.4,111.9,0.495,1,3,2,2,4,19,1,0,0,1,0.0
"narrow middle, 1 dB cap",sim,500,floor_margin_db=1.0,,poor,-4.0,average,fading,,1000,163.7,48.9,111.9,0.436,0,4,3,3,8,38,11,3,1,1,0.0
"narrow middle, 1 dB cap",sim,500,floor_margin_db=1.0,,poor,-4.0,average,fading,,1000,153.7,52.1,111.9,0.465,0,3,3,2,4,21,1,0,0,1,0.0
"narrow middle, 1 dB cap",sim,500,floor_margin_db=1.0,,poor,-4.0,average,fading,,1000,309.0,25.9,111.9,0.231,0,4,1,6,14,74,25,4,4,1,0.1
"narrow middle, 1 dB cap",sim,500,floor_margin_db=1.0,,poor,-4.0,average,fading,,1000,160.1,50.0,111.9,0.446,0,4,3,3,6,31,7,3,1,1,0.0
"narrow middle, 1 dB cap",sim,500,floor_margin_db=1.0,,poor,-4.0,average,fading,,1000,155.9,51.3,111.9,0.458,0,4,3,4,8,38,13,2,2,1,0.0
"narrow middle, 1 dB cap",sim,500,floor_margin_db=1.0,,poor,-4.0,average,fading,,1000,149.2,53.6,111.9,0.479,1,3,3,3,4,20,1,0,0,1,0.0
"narrow middle, 1 dB cap",sim,500,floor_margin_db=1.0,,poor,-4.0,average,fading,,1000,121.9,65.7,111.9,0.586,1,3,3,1,3,18,0,0,0,1,0.0
"narrow middle, 1 dB cap",sim,500,floor_margin_db=1.0,,poor,-4.0,average,fading,,1000,130.8,61.1,111.9,0.546,1,3,2,2,4,19,1,0,0,1,0.0
"narrow middle, 1 dB cap",sim,500,floor_margin_db=1.0,,poor,-4.0,average,fading,,1000,201.5,39.7,111.9,0.355,0,4,2,3,9,50,24,0,4,1,0.0
"narrow middle, 1 dB cap",sim,500,floor_margin_db=1.0,,poor,-4.0,average,fading,,1000,201.2,39.8,111.9,0.355,0,4,3,4,9,47,19,0,3,1,0.0
"narrow middle, 1 dB cap",sim,500,floor_margin_db=1.0,,poor,-4.0,average,fading,,1000,137.4,58.2,111.9,0.52,1,3,3,3,4,20,1,0,0,1,0.0
"narrow middle, 1 dB cap",sim,500,floor_margin_db=1.0,,poor,-4.0,average,fading,,1000,156.7,51.1,111.9,0.456,0,4,3,4,8,33,8,4,2,1,0.0
"narrow middle, 1 dB cap",sim,500,floor_margin_db=1.0,,poor,-4.0,average,fading,,1000,134.3,59.6,111.9,0.532,1,3,3,1,3,18,0,0,0,1,0.0
"narrow middle, 1 dB cap",sim,500,floor_margin_db=1.0,,poor,-4.0,average,fading,,1000,136.2,58.7,111.9,0.525,1,3,3,1,3,18,0,0,0,1,0.0
"narrow middle, 1 dB cap",sim,500,floor_margin_db=1.0,,poor,-4.0,average,fading,,1000,144.4,55.4,111.9,0.495,1,3,2,2,4,19,1,0,0,1,0.0
"narrow middle, 1 dB cap",sim,500,floor_margin_db=1.0,,poor,-4.0,average,fading,,1000,295.7,27.1,111.9,0.242,0,4,1,4,12,62,25,2,4,1,0.1
"narrow middle, 1 dB cap",sim,500,floor_margin_db=1.0,,poor,-2.0,average,fading,,1000,174.4,45.9,111.9,0.41,0,4,1,7,14,63,15,2,3,1,0.1
"narrow middle, 1 dB cap",sim,500,floor_margin_db=1.0,,poor,-2.0,average,fading,,1000,253.3,31.6,111.9,0.282,0,4,1,8,14,74,27,1,4,1,0.1
"narrow middle, 1 dB cap",sim,500,floor_margin_db=1.0,,poor,-2.0,average,fading,,1000,203.6,39.3,111.9,0.351,0,4,1,5,15,89,27,0,4,1,0.1
"narrow middle, 1 dB cap",sim,500,floor_margin_db=1.0,,poor,-2.0,average,fading,,1000,179.6,44.6,111.9,0.398,0,4,2,10,15,71,22,1,4,1,0.1
"narrow middle, 1 dB cap",sim,500,floor_margin_db=1.0,,poor,-2.0,average,fading,,1000,271.7,29.4,111.9,0.263,0,4,1,12,18,96,50,0,9,1,0.1
"narrow middle, 1 dB cap",sim,500,floor_margin_db=1.0,,poor,-2.0,average,fading,,1000,195.7,40.9,111.9,0.365,0,4,2,8,12,65,25,0,4,1,0.1
"narrow middle, 1 dB cap",sim,500,floor_margin_db=1.0,,poor,-2.0,average,fading,,1000,117.6,68.0,111.9,0.607,1,3,3,1,3,18,0,0,0,1,0.0
"narrow middle, 1 dB cap",sim,500,floor_margin_db=1.0,,poor,-2.0,average,fading,,1000,166.9,47.9,111.9,0.428,0,4,2,6,10,59,24,1,4,1,0.0
"narrow middle, 1 dB cap",sim,500,floor_margin_db=1.0,,poor,-2.0,average,fading,,1000,235.7,33.9,111.9,0.303,0,4,2,14,21,118,58,4,9,1,0.1
"narrow middle, 1 dB cap",sim,500,floor_margin_db=1.0,,poor,-2.0,average,fading,,1000,185.1,43.2,111.9,0.386,0,4,1,9,18,96,31,2,4,1,0.1
"narrow middle, 1 dB cap",sim,500,floor_margin_db=1.0,,poor,-2.0,average,fading,,1000,197.6,40.5,111.9,0.362,0,4,2,11,18,97,36,1,6,1,0.1
"narrow middle, 1 dB cap",sim,500,floor_margin_db=1.0,,poor,-2.0,average,fading,,1000,200.8,39.8,111.9,0.356,0,4,2,11,16,80,32,1,7,1,0.1
"narrow middle, 1 dB cap",sim,500,floor_margin_db=1.0,,poor,-2.0,average,fading,,1000,176.5,45.3,111.9,0.405,0,5,2,9,13,71,27,0,4,1,0.1
"narrow middle, 1 dB cap",sim,500,floor_margin_db=1.0,,poor,-2.0,average,fading,,1000,215.7,37.1,111.9,0.331,0,4,1,10,17,62,14,1,5,1,0.1
"narrow middle, 1 dB cap",sim,500,floor_margin_db=1.0,,poor,-2.0,average,fading,,1000,148.9,53.7,111.9,0.48,0,4,2,5,12,53,11,3,3,1,0.0
"narrow middle, 1 dB cap",sim,500,floor_margin_db=1.0,,poor,-2.0,average,fading,,1000,179.6,44.5,111.9,0.398,0,4,2,4,11,66,20,1,4,1,0.0
"narrow middle, 1 dB cap",sim,500,floor_margin_db=1.0,,poor,-2.0,average,fading,,1000,156.0,51.3,111.9,0.458,0,5,2,9,13,74,25,4,3,1,0.0
"narrow middle, 1 dB cap",sim,500,floor_margin_db=1.0,,poor,-2.0,average,fading,,1000,172.5,46.4,111.9,0.414,0,4,2,8,14,67,18,1,2,1,0.1
"narrow middle, 1 dB cap",sim,500,floor_margin_db=1.0,,poor,-2.0,average,fading,,1000,224.5,35.6,111.9,0.318,0,4,1,15,21,86,27,1,8,1,0.1
"narrow middle, 1 dB cap",sim,500,floor_margin_db=1.0,,poor,-2.0,average,fading,,1000,156.7,51.1,111.9,0.456,1,4,4,8,11,62,19,1,3,1,0.0
"narrow middle, 1 dB cap",sim,500,floor_margin_db=1.0,,poor,-2.0,average,fading,,1000,145.1,55.1,111.9,0.493,2,4,2,1,10,60,12,2,1,1,0.0
"narrow middle, 1 dB cap",sim,500,floor_margin_db=1.0,,poor,-2.0,average,fading,,1000,164.4,48.7,111.9,0.435,1,4,1,9,15,76,19,3,3,1,0.1
"narrow middle, 1 dB cap",sim,500,floor_margin_db=1.0,,poor,-2.0,average,fading,,1000,198.8,40.2,111.9,0.359,0,5,2,9,13,73,42,1,7,1,0.1
"narrow middle, 1 dB cap",sim,500,floor_margin_db=1.0,,poor,-2.0,average,fading,,1000,183.5,43.6,111.9,0.389,0,4,2,9,12,61,26,2,4,1,0.1
"narrow middle, 1 dB cap",sim,500,floor_margin_db=1.0,,poor,-2.0,average,fading,,1000,139.0,57.5,111.9,0.514,0,4,0,7,14,81,27,2,4,1,0.0
"narrow middle, 1 dB cap",sim,500,floor_margin_db=1.0,,poor,-2.0,average,fading,,1000,159.3,50.2,111.9,0.449,2,4,2,4,10,53,14,1,2,1,0.0
"narrow middle, 1 dB cap",sim,500,floor_margin_db=1.0,,poor,-2.0,average,fading,,1000,250.7,31.9,111.9,0.285,0,4,1,9,16,96,43,1,7,1,0.1
"narrow middle, 1 dB cap",sim,500,floor_margin_db=1.0,,poor,-2.0,average,fading,,1000,221.2,36.2,111.9,0.323,0,4,1,9,15,82,28,2,4,1,0.1
"narrow middle, 1 dB cap",sim,500,floor_margin_db=1.0,,poor,-2.0,average,fading,,1000,186.2,43.0,111.9,0.384,0,4,2,5,8,41,14,0,2,1,0.0
"narrow middle, 1 dB cap",sim,500,floor_margin_db=1.0,,poor,-2.0,average,fading,,1000,182.9,43.7,111.9,0.391,0,4,1,10,15,72,25,0,3,1,0.1
"narrow middle, 1 dB cap",sim,500,floor_margin_db=1.0,,poor,0.0,average,fading,,1000,233.9,11.3,189.8,0.059,0,6,0,4,8,48,30,0,5,0,0.0
"narrow middle, 1 dB cap",sim,500,floor_margin_db=1.0,,poor,0.0,average,fading,,1000,185.0,43.3,189.8,0.228,0,4,2,6,18,101,22,1,3,1,0.1
"narrow middle, 1 dB cap",sim,500,floor_margin_db=1.0,,poor,0.0,average,fading,,1000,78.6,101.8,189.8,0.536,4,6,4,4,11,61,4,1,0,1,0.0
"narrow middle, 1 dB cap",sim,500,floor_margin_db=1.0,,poor,0.0,average,fading,,1000,112.1,71.4,189.8,0.376,1,5,4,4,7,40,2,0,0,1,0.0
"narrow middle, 1 dB cap",sim,500,floor_margin_db=1.0,,poor,0.0,average,fading,,1000,134.5,59.5,189.8,0.313,2,4,4,6,18,105,21,0,3,1,0.1
"narrow middle, 1 dB cap",sim,500,floor_margin_db=1.0,,poor,0.0,average,fading,,1000,113.0,70.8,189.8,0.373,2,5,4,4,15,89,10,0,1,1,0.1
"narrow middle, 1 dB cap",sim,500,floor_margin_db=1.0,,poor,0.0,average,fading,,1000,117.2,68.3,189.8,0.36,1,5,5,6,8,44,12,0,2,1,0.0
"narrow middle, 1 dB cap",sim,500,floor_margin_db=1.0,,poor,0.0,average,fading,,1000,131.0,61.1,189.8,0.322,2,6,2,7,13,64,14,1,1,1,0.0
"narrow middle, 1 dB cap",sim,500,floor_margin_db=1.0,,poor,0.0,average,fading,,1000,145.1,55.1,189.8,0.291,1,5,2,11,20,110,31,3,5,1,0.1
"narrow middle, 1 dB cap",sim,500,floor_margin_db=1.0,,poor,0.0,average,fading,,1000,156.6,51.1,189.8,0.269,0,4,2,10,18,93,27,0,5,1,0.1
"narrow middle, 1 dB cap",sim,500,floor_margin_db=1.0,,poor,0.0,average,fading,,1000,138.1,57.9,189.8,0.305,0,5,4,7,14,75,16,0,2,1,0.0
"narrow middle, 1 dB cap",sim,500,floor_margin_db=1.0,,poor,0.0,average,fading,,1000,171.1,46.8,189.8,0.246,0,4,4,11,21,116,32,0,5,1,0.1
"narrow middle, 1 dB cap",sim,500,floor_margin_db=1.0,,poor,0.0,average,fading,,1000,138.5,57.8,189.8,0.304,2,4,2,7,18,108,24,0,4,1,0.1
"narrow middle, 1 dB cap",sim,500,floor_margin_db=1.0,,poor,0.0,average,fading,,1000,181.9,44.0,189.8,0.232,0,4,4,5,14,76,15,0,2,1,0.1
"narrow middle, 1 dB cap",sim,500,floor_margin_db=1.0,,poor,0.0,average,fading,,1000,138.4,57.8,189.8,0.305,0,6,4,10,18,104,31,1,4,1,0.1
"narrow middle, 1 dB cap",sim,500,floor_margin_db=1.0,,poor,0.0,average,fading,,1000,142.0,56.3,189.8,0.297,0,5,4,11,18,106,37,0,6,1,0.1
"narrow middle, 1 dB cap",sim,500,floor_margin_db=1.0,,poor,0.0,average,fading,,1000,113.5,70.5,189.8,0.371,2,6,2,8,15,88,25,3,3,1,0.1
"narrow middle, 1 dB cap",sim,500,floor_margin_db=1.0,,poor,0.0,average,fading,,1000,129.2,61.9,189.8,0.326,0,5,4,7,17,97,23,1,3,1,0.1
"narrow middle, 1 dB cap",sim,500,floor_margin_db=1.0,,poor,0.0,average,fading,,1000,110.4,72.5,189.8,0.382,1,5,4,4,7,40,2,1,0,1,0.0
"narrow middle, 1 dB cap",sim,500,floor_margin_db=1.0,,poor,0.0,average,fading,,1000,122.1,65.5,189.8,0.345,2,5,4,6,16,92,18,1,2,1,0.1
"narrow middle, 1 dB cap",sim,500,floor_margin_db=1.0,,poor,0.0,average,fading,,1000,156.0,51.3,189.8,0.27,0,4,4,11,21,117,33,0,5,1,0.1
"narrow middle, 1 dB cap",sim,500,floor_margin_db=1.0,,poor,0.0,average,fading,,1000,121.6,65.8,189.8,0.347,0,5,0,6,18,92,18,3,4,1,0.0
"narrow middle, 1 dB cap",sim,500,floor_margin_db=1.0,,poor,0.0,average,fading,,1000,122.9,65.1,189.8,0.343,0,6,4,8,12,70,28,1,4,1,0.1
"narrow middle, 1 dB cap",sim,500,floor_margin_db=1.0,,poor,0.0,average,fading,,1000,125.2,63.9,189.8,0.337,2,6,4,8,17,94,21,2,2,1,0.1
"narrow middle, 1 dB cap",sim,500,floor_margin_db=1.0,,poor,0.0,average,fading,,1000,136.8,58.5,189.8,0.308,2,5,2,12,19,104,34,0,6,1,0.1
"narrow middle, 1 dB cap",sim,500,floor_margin_db=1.0,,poor,0.0,average,fading,,1000,130.3,61.4,189.8,0.324,0,5,3,8,18,101,22,2,3,1,0.1
"narrow middle, 1 dB cap",sim,500,floor_margin_db=1.0,,poor,0.0,average,fading,,1000,119.4,67.0,189.8,0.353,2,5,4,7,12,69,20,0,3,1,0.1
"narrow middle, 1 dB cap",sim,500,floor_margin_db=1.0,,poor,0.0,average,fading,,1000,104.1,76.9,189.8,0.405,1,5,4,6,14,80,21,0,3,1,0.0
"narrow middle, 1 dB cap",sim,500,floor_margin_db=1.0,,poor,0.0,average,fading,,1000,160.1,50.0,189.8,0.263,0,4,4,10,21,121,37,0,6,1,0.1
"narrow middle, 1 dB cap",sim,500,floor_margin_db=1.0,,poor,0.0,average,fading,,1000,148.0,54.1,189.8,0.285,0,5,4,6,15,82,13,1,2,1,0.1
"narrow middle, 1 dB cap",sim,500,floor_margin_db=1.0,,poor,2.0,average,fading,,1000,84.4,94.8,189.8,0.5,3,7,4,5,11,65,13,0,2,1,0.0
"narrow middle, 1 dB cap",sim,500,floor_margin_db=1.0,,poor,2.0,average,fading,,1000,62.8,127.3,189.8,0.671,5,6,5,3,9,48,6,4,0,1,0.0
"narrow middle, 1 dB cap",sim,500,floor_margin_db=1.0,,poor,2.0,average,fading,,1000,75.5,106.0,189.8,0.559,4,7,4,4,10,59,3,0,0,1,0.0
"narrow middle, 1 dB cap",sim,500,floor_margin_db=1.0,,poor,2.0,average,fading,,1000,76.0,105.3,189.8,0.555,2,6,6,7,10,58,13,0,2,1,0.0
"narrow middle, 1 dB cap",sim,500,floor_margin_db=1.0,,poor,2.0,average,fading,,1000,79.4,100.8,189.8,0.531,2,6,5,6,11,61,10,2,1,1,0.0
"narrow middle, 1 dB cap",sim,500,floor_margin_db=1.0,,poor,2.0,average,fading,,1000,67.8,117.9,189.8,0.621,3,6,6,5,9,52,7,1,1,1,0.0
"narrow middle, 1 dB cap",sim,500,floor_margin_db=1.0,,poor,2.0,average,fading,,1000,103.8,77.1,189.8,0.406,2,6,5,10,14,79,24,0,4,1,0.0
"narrow middle, 1 dB cap",sim,500,floor_margin_db=1.0,,poor,2.0,average,fading,,1000,87.8,91.1,189.8,0.48,4,7,5,4,12,68,8,1,1,1,0.1
"narrow middle, 1 dB cap",sim,500,floor_margin_db=1.0,,poor,2.0,average,fading,,1000,92.0,86.9,189.8,0.458,3,6,5,4,12,72,8,1,1,1,0.1
"narrow middle, 1 dB cap",sim,500,floor_margin_db=1.0,,poor,2.0,average,fading,,1000,70.0,114.4,189.8,0.603,3,6,5,6,9,54,10,1,1,1,0.0
"narrow middle, 1 dB cap",sim,500,floor_margin_db=1.0,,poor,2.0,average,fading,,1000,110.0,72.7,189.8,0.383,0,6,5,6,11,52,9,0,1,1,0.0
"narrow middle, 1 dB cap",sim,500,floor_margin_db=1.0,,poor,2.0,average,fading,,1000,80.2,99.8,189.8,0.526,3,6,6,7,11,61,12,0,2,1,0.0
"narrow middle, 1 dB cap",sim,500,floor_margin_db=1.0,,poor,2.0,average,fading,,1000,103.7,77.1,189.8,0.406,4,5,4,4,14,78,3,0,0,1,0.0
"narrow middle, 1 dB cap",sim,500,floor_margin_db=1.0,,poor,2.0,average,fading,,1000,95.8,83.5,189.8,0.44,2,6,4,7,12,71,15,1,2,1,0.1
"narrow middle, 1 dB cap",sim,500,floor_margin_db=1.0,,poor,2.0,average,fading,,1000,92.8,86.2,189.8,0.454,2,7,4,8,12,72,16,1,2,1,0.0
"narrow middle, 1 dB cap",sim,500,floor_margin_db=1.0,,poor,2.0,average,fading,,1000,97.7,81.9,189.8,0.431,2,6,3,10,14,74,16,0,3,1,0.0
"narrow middle, 1 dB cap",sim,500,floor_margin_db=1.0,,poor,2.0,average,fading,,1000,64.7,123.7,189.8,0.652,4,7,4,5,9,49,10,0,1,1,0.0
"narrow middle, 1 dB cap",sim,500,floor_margin_db=1.0,,poor,2.0,average,fading,,1000,57.6,138.9,189.8,0.732,4,7,5,4,8,44,5,1,0,1,0.0
"narrow middle, 1 dB cap",sim,500,floor_margin_db=1.0,,poor,2.0,average,fading,,1000,100.1,79.9,189.8,0.421,2,5,4,7,13,78,14,0,2,1,0.1
"narrow middle, 1 dB cap",sim,500,floor_margin_db=1.0,,poor,2.0,average,fading,,1000,75.5,106.0,189.8,0.559,4,6,4,4,10,59,3,0,0,1,0.1
"narrow middle, 1 dB cap",sim,500,floor_margin_db=1.0,,poor,2.0,average,fading,,1000,78.1,102.5,189.8,0.54,1,6,1,5,10,60,14,1,2,1,0.0
"narrow middle, 1 dB cap",sim,500,floor_margin_db=1.0,,poor,2.0,average,fading,,1000,97.2,82.3,189.8,0.434,2,6,4,5,14,75,10,2,1,1,0.1
"narrow middle, 1 dB cap",sim,500,floor_margin_db=1.0,,poor,2.0,average,fading,,1000,94.9,84.3,189.8,0.444,2,7,5,7,13,73,16,0,2,1,0.1
"narrow middle, 1 dB cap",sim,500,floor_margin_db=1.0,,poor,2.0,average,fading,,1000,87.8,91.1,189.8,0.48,3,7,5,6,12,68,11,1,1,1,0.0
"narrow middle, 1 dB cap",sim,500,floor_margin_db=1.0,,poor,2.0,average,fading,,1000,85.3,93.8,189.8,0.494,2,6,4,4,11,65,9,0,1,1,0.1
"narrow middle, 1 dB cap",sim,500,floor_margin_db=1.0,,poor,2.0,average,fading,,1000,64.9,123.3,189.8,0.65,4,6,5,2,8,47,1,1,0,1,0.0
"narrow middle, 1 dB cap",sim,500,floor_margin_db=1.0,,poor,2.0,average,fading,,1000,60.8,131.6,189.8,0.694,4,6,5,2,8,47,1,1,0,1,0.0
"narrow middle, 1 dB cap",sim,500,floor_margin_db=1.0,,poor,2.0,average,fading,,1000,69.2,115.7,189.8,0.609,4,6,4,3,9,54,3,1,0,1,0.0
"narrow middle, 1 dB cap",sim,500,floor_margin_db=1.0,,poor,2.0,average,fading,,1000,80.1,99.8,189.8,0.526,3,7,4,8,12,60,8,0,2,1,0.0
"narrow middle, 1 dB cap",sim,500,floor_margin_db=1.0,,poor,2.0,average,fading,,1000,103.0,77.7,189.8,0.409,2,7,4,7,14,79,20,1,3,1,0.1
"narrow middle, 1 dB cap",sim,500,floor_margin_db=1.0,,poor,6.0,average,fading,,1000,38.7,206.7,296.0,0.698,6,9,6,2,5,29,2,1,0,1,0.0
"narrow middle, 1 dB cap",sim,500,floor_margin_db=1.0,,poor,6.0,average,fading,,1000,41.8,191.2,296.0,0.646,7,9,7,1,6,31,5,3,0,1,0.0
"narrow middle, 1 dB cap",sim,500,floor_margin_db=1.0,,poor,6.0,average,fading,,1000,31.4,255.1,296.0,0.862,6,10,9,3,4,23,2,0,0,1,0.0
"narrow middle, 1 dB cap",sim,500,floor_margin_db=1.0,,poor,6.0,average,fading,,1000,53.1,150.5,296.0,0.509,2,9,6,4,7,40,9,0,1,1,0.0
"narrow middle, 1 dB cap",sim,500,floor_margin_db=1.0,,poor,6.0,average,fading,,1000,52.1,153.6,296.0,0.519,5,7,5,5,7,39,8,0,1,1,0.0
"narrow middle, 1 dB cap",sim,500,floor_margin_db=1.0,,poor,6.0,average,fading,,1000,53.4,149.8,296.0,0.506,4,9,4,4,7,41,3,1,0,1,0.0
"narrow middle, 1 dB cap",sim,500,floor_margin_db=1.0,,poor,6.0,average,fading,,1000,42.9,186.5,296.0,0.63,4,9,7,3,6,32,2,1,0,1,0.0
"narrow middle, 1 dB cap",sim,500,floor_margin_db=1.0,,poor,6.0,average,fading,,1000,30.3,264.0,296.0,0.892,7,10,7,3,4,22,3,1,0,1,0.0
"narrow middle, 1 dB cap",sim,500,floor_margin_db=1.0,,poor,6.0,average,fading,,1000,49.2,162.6,296.0,0.549,5,9,5,3,7,37,4,0,0,1,0.0
"narrow middle, 1 dB cap",sim,500,floor_margin_db=1.0,,poor,6.0,average,fading,,1000,45.0,177.7,296.0,0.6,5,7,7,3,6,34,1,0,0,1,0.0
"narrow middle, 1 dB cap",sim,500,floor_margin_db=1.0,,poor,6.0,average,fading,,1000,50.2,159.4,296.0,0.538,5,7,6,4,6,35,2,0,0,1,0.0
"narrow middle, 1 dB cap",sim,500,floor_margin_db=1.0,,poor,6.0,average,fading,,1000,38.7,206.7,296.0,0.698,4,9,9,3,5,29,0,0,0,1,0.0
"narrow middle, 1 dB cap",sim,500,floor_margin_db=1.0,,poor,6.0,average,fading,,1000,39.8,201.2,296.0,0.68,5,9,7,3,5,30,2,1,0,1,0.0
"narrow middle, 1 dB cap",sim,500,floor_margin_db=1.0,,poor,6.0,average,fading,,1000,53.4,149.8,296.0,0.506,5,7,5,3,7,41,3,0,0,1,0.0
"narrow middle, 1 dB cap",sim,500,floor_margin_db=1.0,,poor,6.0,average,fading,,1000,34.5,231.9,296.0,0.783,6,10,6,4,5,25,4,1,0,1,0.0
"narrow middle, 1 dB cap",sim,500,floor_margin_db=1.0,,poor,6.0,average,fading,,1000,38.7,206.7,296.0,0.698,6,9,7,2,5,29,2,0,0,1,0.0
"narrow middle, 1 dB cap",sim,500,floor_margin_db=1.0,,poor,6.0,average,fading,,1000,31.4,255.1,296.0,0.862,7,10,9,2,4,23,3,0,0,1,0.0
"narrow middle, 1 dB cap",sim,500,floor_margin_db=1.0,,poor,6.0,average,fading,,1000,38.7,206.8,296.0,0.699,6,9,6,3,6,28,4,1,0,1,0.0
"narrow middle, 1 dB cap",sim,500,floor_margin_db=1.0,,poor,6.0,average,fading,,1000,47.1,169.8,296.0,0.574,4,7,7,4,6,36,1,0,0,1,0.0
"narrow middle, 1 dB cap",sim,500,floor_margin_db=1.0,,poor,6.0,average,fading,,1000,38.7,206.7,296.0,0.698,5,9,7,3,5,29,1,1,0,1,0.0
"narrow middle, 1 dB cap",sim,500,floor_margin_db=1.0,,poor,6.0,average,fading,,1000,44.0,182.0,296.0,0.615,5,7,7,3,6,33,1,0,0,1,0.0
"narrow middle, 1 dB cap",sim,500,floor_margin_db=1.0,,poor,6.0,average,fading,,1000,45.0,177.7,296.0,0.6,5,9,5,4,6,34,3,2,0,1,0.0
"narrow middle, 1 dB cap",sim,500,floor_margin_db=1.0,,poor,6.0,average,fading,,1000,30.3,264.2,296.0,0.893,9,11,9,3,5,21,5,1,0,1,0.0
"narrow middle, 1 dB cap",sim,500,floor_margin_db=1.0,,poor,6.0,average,fading,,1000,50.3,159.2,296.0,0.538,5,9,5,2,7,38,2,1,0,1,0.0
"narrow middle, 1 dB cap",sim,500,floor_margin_db=1.0,,poor,6.0,average,fading,,1000,40.8,196.1,296.0,0.662,6,9,6,4,6,30,6,0,0,1,0.0
"narrow middle, 1 dB cap",sim,500,floor_margin_db=1.0,,poor,6.0,average,fading,,1000,37.7,212.4,296.0,0.718,6,9,7,2,5,28,1,1,0,1,0.0
"narrow middle, 1 dB cap",sim,500,floor_margin_db=1.0,,poor,6.0,average,fading,,1000,37.7,212.4,296.0,0.718,6,9,7,2,5,28,1,1,0,1,0.0
"narrow middle, 1 dB cap",sim,500,floor_margin_db=1.0,,poor,6.0,average,fading,,1000,38.7,206.7,296.0,0.698,6,9,7,2,5,29,2,0,0,1,0.0
"narrow middle, 1 dB cap",sim,500,floor_margin_db=1.0,,poor,6.0,average,fading,,1000,59.4,134.6,296.0,0.455,4,9,4,4,8,45,7,1,1,1,0.0
"narrow middle, 1 dB cap",sim,500,floor_margin_db=1.0,,poor,6.0,average,fading,,1000,34.5,231.9,296.0,0.783,7,10,7,3,5,25,4,1,0,1,0.0
