base,engine,run,policy,link,bandwidth_hz,channel,snr_db,pipe,floor_cap,first_trial,sessions,connected,lines,delivered,lost,drops,stalls,median_s,p90_s,mean_s,reply_median_s,reply_p90_s,follow_up_median_s,follow_up_p90_s,file_bytes,file_median_s,keyed_per_line_s,duty,polls_per_line,turns_per_line,requests_per_line
ce23476,before,drops,base,,2300,good,-12.0,fading,1,100,100,100,1534,1527,7,1,0,40.9,66.1,42.8,43.9,69.1,26.8,47.6,0,,44.27,0.752,1.711,0.901,0.0
ce23476,before,drops,request,chat=True,2300,good,-12.0,fading,1,100,100,100,1534,1534,0,0,0,33.2,58.2,36.3,34.1,59.2,25.7,47.9,0,,41.71,0.792,0.978,0.886,0.62
ce23476,before,drops,handover,handover=always,2300,good,-12.0,fading,1,100,100,100,1534,1320,214,26,0,30.8,56.0,33.5,27.9,51.9,43.0,62.1,0,,38.74,0.879,1.443,1.2,0.0
ce23476,before,drops,handover+request,"chat=True,handover=always",2300,good,-12.0,fading,1,100,100,100,1534,1373,161,24,0,29.2,53.4,32.1,27.6,51.4,36.7,59.2,0,,39.82,0.893,1.299,1.272,0.123
ce23476,before,drops,base,,2300,good,-6.0,fading,1,100,100,100,1534,1518,16,1,0,23.9,36.7,23.7,26.0,38.1,7.7,17.0,0,,25.2,0.635,1.292,0.788,0.0
ce23476,before,drops,request,chat=True,2300,good,-6.0,fading,1,100,100,100,1534,1534,0,0,0,17.1,28.3,18.1,17.2,30.9,6.6,16.1,0,,23.72,0.687,0.669,0.8,0.699
ce23476,before,drops,handover,handover=always,2300,good,-6.0,fading,1,100,100,100,1534,1534,0,0,0,12.5,29.5,15.4,10.7,21.6,26.4,40.5,0,,25.32,0.796,1.263,1.171,0.0
ce23476,before,drops,handover+request,"chat=True,handover=always",2300,good,-6.0,fading,1,100,100,100,1534,1532,2,1,0,11.8,23.4,13.6,10.7,21.2,19.3,31.2,0,,24.5,0.815,1.138,1.177,0.15
ce23476,before,drops,base,,2300,good,0.0,fading,1,100,100,100,1534,1534,0,0,0,12.3,24.6,13.4,14.0,25.7,5.3,8.1,0,,12.44,0.418,1.696,0.797,0.0
ce23476,before,drops,request,chat=True,2300,good,0.0,fading,1,100,100,100,1534,1534,0,0,0,7.7,17.2,9.3,10.0,17.3,5.4,10.0,0,,12.05,0.469,1.007,0.806,0.722
ce23476,before,drops,handover,handover=always,2300,good,0.0,fading,1,100,100,100,1534,1534,0,0,0,6.0,17.7,8.5,5.4,11.7,15.9,26.4,0,,14.67,0.589,1.686,1.183,0.0
ce23476,before,drops,handover+request,"chat=True,handover=always",2300,good,0.0,fading,1,100,100,100,1534,1534,0,0,0,5.5,14.4,7.5,5.4,11.5,11.8,20.1,0,,14.67,0.613,1.505,1.194,0.181
ce23476,before,drops,base,,2300,moderate,-12.0,fading,1,100,100,100,1534,1534,0,0,0,34.1,51.7,34.4,36.5,53.4,20.2,36.4,0,,36.11,0.71,1.308,0.8,0.0
ce23476,before,drops,request,chat=True,2300,moderate,-12.0,fading,1,100,100,100,1534,1534,0,0,0,27.9,42.8,28.6,27.9,44.0,18.6,36.4,0,,34.07,0.757,0.679,0.801,0.692
ce23476,before,drops,handover,handover=always,2300,moderate,-12.0,fading,1,100,100,100,1534,1534,0,0,0,25.0,42.5,26.1,21.6,39.8,36.6,53.0,0,,35.93,0.845,1.278,1.178,0.0
ce23476,before,drops,handover+request,"chat=True,handover=always",2300,moderate,-12.0,fading,1,100,100,100,1534,1533,1,1,0,23.3,40.3,24.9,21.5,37.5,32.4,46.0,0,,35.64,0.863,1.144,1.189,0.145
ce23476,before,drops,base,,2300,moderate,-6.0,fading,1,100,100,100,1534,1534,0,0,0,21.7,30.3,20.7,23.3,31.2,5.5,14.9,0,,22.44,0.605,1.272,0.787,0.0
ce23476,before,drops,request,chat=True,2300,moderate,-6.0,fading,1,100,100,100,1534,1534,0,0,0,14.9,21.4,14.7,17.1,22.5,5.4,14.9,0,,20.37,0.655,0.638,0.787,0.701
ce23476,before,drops,handover,handover=always,2300,moderate,-6.0,fading,1,100,100,100,1534,1534,0,0,0,10.7,24.3,12.9,9.4,17.6,23.1,32.8,0,,22.78,0.778,1.241,1.153,0.0
ce23476,before,drops,handover+request,"chat=True,handover=always",2300,moderate,-6.0,fading,1,100,100,100,1534,1534,0,0,0,10.7,19.8,11.6,9.3,17.4,17.2,24.8,0,,22.4,0.8,1.114,1.153,0.149
ce23476,before,drops,base,,2300,moderate,0.0,fading,1,100,100,100,1534,1534,0,0,0,11.1,22.1,12.1,12.8,22.9,4.2,7.0,0,,10.16,0.356,1.729,0.827,0.0
ce23476,before,drops,request,chat=True,2300,moderate,0.0,fading,1,100,100,100,1534,1534,0,0,0,6.3,17.0,8.4,7.2,17.1,5.3,8.4,0,,10.26,0.414,1.012,0.834,0.729
ce23476,before,drops,handover,handover=always,2300,moderate,0.0,fading,1,100,100,100,1534,1534,0,0,0,5.4,15.9,7.7,5.4,10.8,14.2,26.1,0,,12.45,0.516,1.797,1.254,0.0
ce23476,before,drops,handover+request,"chat=True,handover=always",2300,moderate,0.0,fading,1,100,100,100,1534,1534,0,0,0,5.4,12.2,6.7,5.3,10.7,10.7,19.6,0,,12.31,0.534,1.626,1.25,0.189
ce23476,before,drops,base,,2300,poor,-12.0,fading,1,100,100,100,1534,1534,0,0,0,32.1,49.5,32.5,34.9,50.9,16.1,31.0,0,,34.1,0.697,1.271,0.788,0.0
ce23476,before,drops,request,chat=True,2300,poor,-12.0,fading,1,100,100,100,1534,1534,0,0,0,26.5,42.8,26.8,27.9,42.8,16.1,31.0,0,,32.32,0.748,0.64,0.787,0.701
ce23476,before,drops,handover,handover=always,2300,poor,-12.0,fading,1,100,100,100,1534,1534,0,0,0,22.0,39.5,23.9,20.3,36.4,35.2,49.2,0,,33.65,0.836,1.243,1.153,0.0
ce23476,before,drops,handover+request,"chat=True,handover=always",2300,poor,-12.0,fading,1,100,100,100,1534,1534,0,0,0,21.5,36.4,22.4,20.3,35.1,29.1,44.4,0,,33.11,0.853,1.115,1.154,0.149
ce23476,before,drops,base,,2300,poor,-6.0,fading,1,100,100,100,1534,1534,0,0,0,21.9,31.1,21.1,23.8,32.2,6.8,14.9,0,,22.79,0.608,1.272,0.787,0.0
ce23476,before,drops,request,chat=True,2300,poor,-6.0,fading,1,100,100,100,1534,1534,0,0,0,14.9,22.0,15.0,17.1,22.5,6.6,15.1,0,,20.61,0.657,0.638,0.787,0.701
ce23476,before,drops,handover,handover=always,2300,poor,-6.0,fading,1,100,100,100,1534,1534,0,0,0,10.9,24.6,13.2,10.0,17.8,23.9,34.0,0,,23.1,0.78,1.241,1.153,0.0
ce23476,before,drops,handover+request,"chat=True,handover=always",2300,poor,-6.0,fading,1,100,100,100,1534,1534,0,0,0,11.0,20.0,11.9,10.0,17.2,17.6,25.1,0,,22.73,0.802,1.114,1.153,0.149
ce23476,before,drops,base,,2300,poor,0.0,fading,1,100,100,100,1534,1534,0,0,0,10.7,19.7,11.1,12.1,20.8,4.2,6.3,0,,8.93,0.325,1.789,0.851,0.0
ce23476,before,drops,request,chat=True,2300,poor,0.0,fading,1,100,100,100,1534,1534,0,0,0,6.1,14.9,7.5,6.3,16.7,4.2,6.3,0,,8.93,0.373,1.102,0.853,0.731
ce23476,before,drops,handover,handover=always,2300,poor,0.0,fading,1,100,100,100,1534,1520,14,2,0,5.3,14.7,6.8,4.2,9.3,13.8,25.6,0,,10.5,0.456,1.933,1.261,0.0
ce23476,before,drops,handover+request,"chat=True,handover=always",2300,poor,0.0,fading,1,100,100,100,1534,1534,0,0,0,4.2,11.3,5.4,4.2,8.2,7.4,17.1,0,,10.06,0.461,1.767,1.28,0.195
ce23476,before,drops,base,,500,good,-12.0,fading,1,100,100,100,1534,1523,11,2,0,41.4,66.1,43.1,43.6,68.8,26.8,50.2,0,,44.54,0.753,1.728,0.898,0.0
ce23476,before,drops,request,chat=True,500,good,-12.0,fading,1,100,100,100,1534,1534,0,0,0,33.2,58.6,36.5,34.3,59.7,25.7,48.2,0,,41.92,0.792,0.995,0.882,0.616
ce23476,before,drops,handover,handover=always,500,good,-12.0,fading,1,100,100,100,1534,1341,193,24,0,31.0,56.0,33.9,28.4,52.3,42.1,62.2,0,,39.61,0.881,1.44,1.184,0.0
ce23476,before,drops,handover+request,"chat=True,handover=always",500,good,-12.0,fading,1,100,100,100,1534,1376,158,22,0,29.6,53.3,32.5,27.9,51.4,37.4,59.8,0,,40.08,0.892,1.321,1.245,0.122
ce23476,before,drops,base,,500,good,-6.0,fading,1,100,100,100,1534,1503,31,3,0,28.3,42.4,28.1,30.8,43.7,10.7,21.0,0,,29.35,0.671,1.29,0.784,0.0
ce23476,before,drops,request,chat=True,500,good,-6.0,fading,1,100,100,100,1534,1491,43,4,0,22.5,33.2,22.3,22.5,33.7,10.7,21.5,0,,27.07,0.719,0.691,0.775,0.672
ce23476,before,drops,handover,handover=always,500,good,-6.0,fading,1,100,100,100,1534,1504,30,3,0,16.3,33.2,18.7,14.9,26.4,30.8,44.3,0,,28.1,0.812,1.252,1.152,0.0
ce23476,before,drops,handover+request,"chat=True,handover=always",500,good,-6.0,fading,1,100,100,100,1534,1508,26,1,1,16.1,29.5,17.5,14.6,26.7,24.3,38.2,0,,28.09,0.828,1.15,1.154,0.148
ce23476,before,drops,base,,500,good,0.0,fading,1,100,100,100,1534,1507,27,4,0,18.2,32.6,19.1,21.1,34.0,6.3,15.8,0,,17.84,0.509,1.934,0.806,0.0
ce23476,before,drops,request,chat=True,500,good,0.0,fading,1,100,100,100,1534,1508,26,4,0,14.2,27.9,15.3,17.0,27.9,6.3,14.8,0,,17.47,0.557,1.231,0.835,0.68
ce23476,before,drops,handover,handover=always,500,good,0.0,fading,1,100,100,100,1534,1502,32,4,0,10.7,25.7,12.9,10.1,19.3,22.3,35.4,0,,18.86,0.656,1.754,1.199,0.0
ce23476,before,drops,handover+request,"chat=True,handover=always",500,good,0.0,fading,1,100,100,100,1534,1515,19,3,0,10.7,22.5,12.1,10.3,19.7,18.4,28.0,0,,19.45,0.69,1.57,1.219,0.168
ce23476,before,drops,base,,500,moderate,-12.0,fading,1,100,100,100,1534,1534,0,0,0,34.3,52.2,34.9,36.5,53.6,21.5,36.4,0,,36.44,0.711,1.319,0.797,0.0
ce23476,before,drops,request,chat=True,500,moderate,-12.0,fading,1,100,100,100,1534,1534,0,0,0,27.9,43.0,29.0,27.9,44.0,21.5,36.4,0,,34.5,0.76,0.675,0.799,0.688
ce23476,before,drops,handover,handover=always,500,moderate,-12.0,fading,1,100,100,100,1534,1523,11,1,0,26.5,42.8,27.3,23.3,40.4,36.2,54.2,0,,36.9,0.849,1.277,1.175,0.0
ce23476,before,drops,handover+request,"chat=True,handover=always",500,moderate,-12.0,fading,1,100,100,100,1534,1533,1,1,0,25.3,41.4,26.1,23.4,38.9,32.8,45.4,0,,36.78,0.866,1.137,1.188,0.146
ce23476,before,drops,base,,500,moderate,-6.0,fading,1,100,100,100,1534,1534,0,0,0,26.8,37.6,25.8,29.0,38.5,10.7,20.3,0,,27.57,0.653,1.272,0.787,0.0
ce23476,before,drops,request,chat=True,500,moderate,-6.0,fading,1,100,100,100,1534,1534,0,0,0,19.7,27.9,20.0,22.5,28.6,10.7,20.3,0,,25.66,0.705,0.638,0.787,0.701
ce23476,before,drops,handover,handover=always,500,moderate,-6.0,fading,1,100,100,100,1534,1534,0,0,0,14.9,30.8,16.9,12.0,23.5,29.5,41.4,0,,26.8,0.804,1.241,1.153,0.0
ce23476,before,drops,handover+request,"chat=True,handover=always",500,moderate,-6.0,fading,1,100,100,100,1534,1534,0,0,0,14.9,25.9,15.6,12.0,22.2,23.1,33.1,0,,26.4,0.825,1.114,1.153,0.149
ce23476,before,drops,base,,500,moderate,0.0,fading,1,100,100,100,1534,1521,13,1,0,21.4,35.2,21.5,23.9,36.3,8.4,14.8,0,,20.51,0.545,1.797,0.878,0.0
ce23476,before,drops,request,chat=True,500,moderate,0.0,fading,1,100,100,100,1534,1513,21,2,0,17.1,28.1,17.4,18.5,29.6,8.4,15.8,0,,19.8,0.593,1.132,0.889,0.686
ce23476,before,drops,handover,handover=always,500,moderate,0.0,fading,1,100,100,100,1534,1493,41,7,0,10.8,28.3,14.2,10.7,20.2,26.0,37.5,0,,20.69,0.694,1.658,1.277,0.0
ce23476,before,drops,handover+request,"chat=True,handover=always",500,moderate,0.0,fading,1,100,100,100,1534,1499,35,5,0,10.7,24.0,13.1,10.7,18.4,22.0,30.9,0,,21.0,0.727,1.466,1.286,0.168
ce23476,before,drops,base,,500,poor,-12.0,fading,1,100,100,100,1534,1534,0,0,0,32.5,49.7,33.3,34.9,51.1,21.4,36.4,0,,34.85,0.702,1.27,0.787,0.0
ce23476,before,drops,request,chat=True,500,poor,-12.0,fading,1,100,100,100,1534,1534,0,0,0,27.3,42.8,27.5,27.9,42.8,21.5,36.4,0,,33.02,0.751,0.64,0.787,0.701
ce23476,before,drops,handover,handover=always,500,poor,-12.0,fading,1,100,100,100,1534,1534,0,0,0,25.2,40.8,25.9,22.1,36.9,35.6,49.2,0,,35.6,0.842,1.242,1.154,0.0
ce23476,before,drops,handover+request,"chat=True,handover=always",500,poor,-12.0,fading,1,100,100,100,1534,1534,0,0,0,23.2,37.1,24.5,22.0,36.4,29.1,44.4,0,,35.12,0.86,1.113,1.154,0.149
ce23476,before,drops,base,,500,poor,-6.0,fading,1,100,100,100,1534,1534,0,0,0,26.5,37.2,25.4,28.6,37.8,10.7,20.3,0,,27.15,0.65,1.272,0.787,0.0
ce23476,before,drops,request,chat=True,500,poor,-6.0,fading,1,100,100,100,1534,1534,0,0,0,18.8,27.9,19.6,22.5,27.9,10.7,20.3,0,,25.28,0.702,0.638,0.787,0.701
ce23476,before,drops,handover,handover=always,500,poor,-6.0,fading,1,100,100,100,1534,1534,0,0,0,14.5,29.8,16.3,11.6,22.6,28.4,40.4,0,,26.19,0.801,1.241,1.153,0.0
ce23476,before,drops,handover+request,"chat=True,handover=always",500,poor,-6.0,fading,1,100,100,100,1534,1534,0,0,0,14.2,25.4,15.0,11.5,21.6,22.6,31.8,0,,25.83,0.822,1.114,1.153,0.149
ce23476,before,drops,base,,500,poor,0.0,fading,1,100,100,100,1534,1513,21,3,0,17.6,32.4,18.8,20.4,33.3,6.3,11.7,0,,16.93,0.486,1.857,0.904,0.0
ce23476,before,drops,request,chat=True,500,poor,0.0,fading,1,100,100,100,1534,1520,14,3,0,13.1,27.0,14.7,15.7,27.9,6.3,11.6,0,,16.33,0.528,1.205,0.954,0.703
ce23476,before,drops,handover,handover=always,500,poor,0.0,fading,1,100,100,100,1534,1477,57,5,0,9.5,24.0,11.7,8.2,17.4,22.2,34.7,0,,16.76,0.617,1.818,1.322,0.0
ce23476,before,drops,handover+request,"chat=True,handover=always",500,poor,0.0,fading,1,100,100,100,1534,1473,61,7,0,8.9,22.0,11.0,8.1,16.6,18.8,28.8,0,,16.79,0.636,1.639,1.349,0.177
ce23476,after,drops,base,,2300,good,-12.0,fading,1,100,100,100,1534,1524,10,2,0,40.9,64.7,42.4,43.9,66.8,26.8,47.1,0,,43.79,0.749,1.701,0.901,0.0
ce23476,after,drops,request,chat=True,2300,good,-12.0,fading,1,100,100,100,1534,1524,10,3,0,33.2,56.3,36.0,34.0,57.7,25.7,48.3,0,,41.23,0.789,0.971,0.889,0.615
ce23476,after,drops,handover,handover=always,2300,good,-12.0,fading,1,100,100,100,1534,1521,13,2,0,30.8,56.1,33.3,27.1,52.0,42.1,64.4,0,,43.19,0.874,1.486,1.387,0.0
ce23476,after,drops,handover+request,"chat=True,handover=always",2300,good,-12.0,fading,1,100,100,100,1534,1486,48,5,0,29.6,54.2,32.6,27.6,51.8,36.1,61.0,0,,42.27,0.885,1.332,1.342,0.128
ce23476,after,drops,base,,2300,good,-6.0,fading,1,100,100,100,1534,1518,16,1,0,23.8,36.2,23.6,25.8,38.0,7.7,16.8,0,,25.06,0.633,1.293,0.787,0.0
ce23476,after,drops,request,chat=True,2300,good,-6.0,fading,1,100,100,100,1534,1534,0,0,0,17.1,28.2,18.1,17.2,30.7,7.0,16.1,0,,23.66,0.686,0.669,0.8,0.697
ce23476,after,drops,handover,handover=always,2300,good,-6.0,fading,1,100,100,100,1534,1534,0,0,0,12.4,29.1,15.4,10.7,21.5,26.3,40.4,0,,25.24,0.795,1.263,1.171,0.0
ce23476,after,drops,handover+request,"chat=True,handover=always",2300,good,-6.0,fading,1,100,100,100,1534,1534,0,0,0,11.8,23.5,13.6,10.7,21.0,19.3,31.3,0,,24.46,0.814,1.133,1.177,0.151
ce23476,after,drops,base,,2300,good,0.0,fading,1,100,100,100,1534,1534,0,0,0,12.4,24.8,13.4,14.1,25.8,5.3,8.2,0,,12.48,0.418,1.695,0.799,0.0
ce23476,after,drops,request,chat=True,2300,good,0.0,fading,1,100,100,100,1534,1534,0,0,0,7.5,17.2,9.2,10.0,17.2,5.4,9.9,0,,12.0,0.468,1.005,0.806,0.719
ce23476,after,drops,handover,handover=always,2300,good,0.0,fading,1,100,100,100,1534,1534,0,0,0,6.1,18.1,8.6,5.4,11.8,16.2,26.2,0,,14.64,0.586,1.698,1.183,0.0
ce23476,after,drops,handover+request,"chat=True,handover=always",2300,good,0.0,fading,1,100,100,100,1534,1534,0,0,0,5.9,14.4,7.6,5.4,11.4,11.8,20.0,0,,14.76,0.616,1.514,1.19,0.178
ce23476,after,drops,base,,2300,moderate,-12.0,fading,1,100,100,100,1534,1534,0,0,0,34.3,51.7,34.5,36.5,53.4,20.3,36.4,0,,36.08,0.709,1.313,0.799,0.0
ce23476,after,drops,request,chat=True,2300,moderate,-12.0,fading,1,100,100,100,1534,1534,0,0,0,27.9,42.8,28.6,27.9,44.0,17.9,36.4,0,,34.07,0.757,0.684,0.801,0.692
ce23476,after,drops,handover,handover=always,2300,moderate,-12.0,fading,1,100,100,100,1534,1534,0,0,0,25.2,42.5,26.2,21.6,39.7,36.6,52.7,0,,35.98,0.844,1.278,1.179,0.0
ce23476,after,drops,handover+request,"chat=True,handover=always",2300,moderate,-12.0,fading,1,100,100,100,1534,1534,0,0,0,23.6,40.3,24.9,21.6,37.5,32.1,46.0,0,,35.64,0.862,1.141,1.185,0.145
ce23476,after,drops,base,,2300,moderate,-6.0,fading,1,100,100,100,1534,1534,0,0,0,21.7,30.3,20.7,23.3,31.2,5.5,14.9,0,,22.44,0.605,1.272,0.787,0.0
ce23476,after,drops,request,chat=True,2300,moderate,-6.0,fading,1,100,100,100,1534,1534,0,0,0,14.9,21.4,14.7,17.1,22.5,5.4,14.9,0,,20.37,0.655,0.638,0.787,0.701
ce23476,after,drops,handover,handover=always,2300,moderate,-6.0,fading,1,100,100,100,1534,1534,0,0,0,10.7,24.3,12.9,9.4,17.6,23.1,32.8,0,,22.78,0.778,1.241,1.153,0.0
ce23476,after,drops,handover+request,"chat=True,handover=always",2300,moderate,-6.0,fading,1,100,100,100,1534,1534,0,0,0,10.7,19.8,11.6,9.3,17.4,17.2,24.8,0,,22.4,0.8,1.114,1.153,0.149
ce23476,after,drops,base,,2300,moderate,0.0,fading,1,100,100,100,1534,1534,0,0,0,11.3,22.1,12.3,12.9,23.2,4.2,7.0,0,,10.2,0.356,1.741,0.826,0.0
ce23476,after,drops,request,chat=True,2300,moderate,0.0,fading,1,100,100,100,1534,1534,0,0,0,6.3,17.0,8.3,7.2,17.1,5.3,8.1,0,,10.16,0.411,1.017,0.825,0.732
ce23476,after,drops,handover,handover=always,2300,moderate,0.0,fading,1,100,100,100,1534,1534,0,0,0,5.4,16.1,7.7,5.4,10.7,14.5,25.7,0,,12.19,0.506,1.804,1.252,0.0
ce23476,after,drops,handover+request,"chat=True,handover=always",2300,moderate,0.0,fading,1,100,100,100,1534,1534,0,0,0,5.4,12.1,6.7,5.4,10.7,10.7,19.2,0,,12.21,0.529,1.632,1.24,0.188
ce23476,after,drops,base,,2300,poor,-12.0,fading,1,100,100,100,1534,1534,0,0,0,32.1,49.5,32.5,34.9,50.9,16.1,31.0,0,,34.1,0.697,1.271,0.788,0.0
ce23476,after,drops,request,chat=True,2300,poor,-12.0,fading,1,100,100,100,1534,1534,0,0,0,26.5,42.8,26.8,27.9,42.8,16.1,31.0,0,,32.32,0.748,0.64,0.787,0.701
ce23476,after,drops,handover,handover=always,2300,poor,-12.0,fading,1,100,100,100,1534,1534,0,0,0,22.0,39.5,23.9,20.3,36.4,35.2,49.2,0,,33.65,0.836,1.243,1.153,0.0
ce23476,after,drops,handover+request,"chat=True,handover=always",2300,poor,-12.0,fading,1,100,100,100,1534,1534,0,0,0,21.5,36.4,22.4,20.3,35.1,29.1,44.4,0,,33.1,0.853,1.115,1.154,0.149
ce23476,after,drops,base,,2300,poor,-6.0,fading,1,100,100,100,1534,1534,0,0,0,21.9,31.1,21.1,23.8,32.2,6.8,14.9,0,,22.79,0.608,1.272,0.787,0.0
ce23476,after,drops,request,chat=True,2300,poor,-6.0,fading,1,100,100,100,1534,1534,0,0,0,14.9,22.0,15.0,17.1,22.5,6.6,15.1,0,,20.61,0.657,0.638,0.787,0.701
ce23476,after,drops,handover,handover=always,2300,poor,-6.0,fading,1,100,100,100,1534,1534,0,0,0,10.9,24.6,13.2,10.0,17.8,23.9,34.0,0,,23.1,0.78,1.241,1.153,0.0
ce23476,after,drops,handover+request,"chat=True,handover=always",2300,poor,-6.0,fading,1,100,100,100,1534,1534,0,0,0,11.0,20.0,11.9,10.0,17.2,17.6,25.1,0,,22.73,0.802,1.114,1.153,0.149
ce23476,after,drops,base,,2300,poor,0.0,fading,1,100,100,100,1534,1534,0,0,0,10.5,19.9,11.1,12.0,20.8,4.2,6.3,0,,8.83,0.321,1.799,0.851,0.0
ce23476,after,drops,request,chat=True,2300,poor,0.0,fading,1,100,100,100,1534,1534,0,0,0,6.1,14.6,7.4,6.3,16.0,4.2,6.3,0,,8.59,0.361,1.108,0.859,0.735
ce23476,after,drops,handover,handover=always,2300,poor,0.0,fading,1,100,100,100,1534,1523,11,1,0,5.3,14.7,6.8,4.2,9.6,13.3,25.6,0,,10.3,0.447,1.952,1.259,0.0
ce23476,after,drops,handover+request,"chat=True,handover=always",2300,poor,0.0,fading,1,100,100,100,1534,1534,0,0,0,4.9,11.6,5.6,4.2,8.4,8.3,17.1,0,,10.19,0.463,1.771,1.27,0.206
ce23476,after,drops,base,,500,good,-12.0,fading,1,100,100,100,1534,1520,14,3,0,41.0,65.9,42.7,43.7,67.8,26.8,47.1,0,,44.12,0.75,1.712,0.902,0.0
ce23476,after,drops,request,chat=True,500,good,-12.0,fading,1,100,100,100,1534,1530,4,1,0,33.2,56.3,36.0,34.1,57.7,26.4,47.9,0,,41.32,0.789,0.963,0.886,0.617
ce23476,after,drops,handover,handover=always,500,good,-12.0,fading,1,100,100,100,1534,1515,19,2,0,31.0,56.6,33.8,27.9,52.7,41.6,64.0,0,,43.51,0.876,1.481,1.364,0.0
ce23476,after,drops,handover+request,"chat=True,handover=always",500,good,-12.0,fading,1,100,100,100,1534,1501,33,3,0,29.8,55.1,33.1,27.5,52.8,37.4,61.9,0,,43.14,0.887,1.383,1.336,0.12
ce23476,after,drops,base,,500,good,-6.0,fading,1,100,100,100,1534,1503,31,3,0,28.3,42.4,28.2,30.8,43.7,10.7,21.5,0,,29.41,0.672,1.291,0.782,0.0
ce23476,after,drops,request,chat=True,500,good,-6.0,fading,1,100,100,100,1534,1487,47,4,0,22.5,33.2,22.2,22.5,33.5,10.7,21.5,0,,26.93,0.719,0.682,0.769,0.669
ce23476,after,drops,handover,handover=always,500,good,-6.0,fading,1,100,100,100,1534,1508,26,3,0,16.3,33.5,18.8,14.9,26.8,30.9,44.4,0,,28.16,0.811,1.256,1.156,0.0
ce23476,after,drops,handover+request,"chat=True,handover=always",500,good,-6.0,fading,1,100,100,100,1534,1499,35,2,1,16.1,29.6,17.4,14.4,26.7,23.9,38.2,0,,27.85,0.827,1.152,1.147,0.148
ce23476,after,drops,base,,500,good,0.0,fading,1,100,100,100,1534,1498,36,5,0,18.0,33.1,19.1,21.0,34.7,6.3,15.5,0,,17.71,0.508,1.931,0.798,0.0
ce23476,after,drops,request,chat=True,500,good,0.0,fading,1,100,100,100,1534,1505,29,5,0,14.2,27.9,15.3,17.0,27.9,6.3,15.1,0,,17.29,0.55,1.259,0.843,0.677
ce23476,after,drops,handover,handover=always,500,good,0.0,fading,1,100,100,100,1534,1509,25,3,0,10.7,24.9,12.7,9.9,19.1,21.4,35.4,0,,18.62,0.649,1.772,1.217,0.0
ce23476,after,drops,handover+request,"chat=True,handover=always",500,good,0.0,fading,1,100,100,100,1534,1534,0,0,0,10.7,22.5,12.1,10.4,20.1,17.6,28.2,0,,19.54,0.685,1.58,1.233,0.178
ce23476,after,drops,base,,500,moderate,-12.0,fading,1,100,100,100,1534,1534,0,0,0,34.3,52.3,34.9,36.5,53.8,21.5,36.4,0,,36.42,0.71,1.324,0.796,0.0
ce23476,after,drops,request,chat=True,500,moderate,-12.0,fading,1,100,100,100,1534,1534,0,0,0,27.9,42.8,29.0,27.9,43.8,21.5,36.4,0,,34.48,0.759,0.681,0.798,0.688
ce23476,after,drops,handover,handover=always,500,moderate,-12.0,fading,1,100,100,100,1534,1534,0,0,0,26.3,42.5,27.3,23.4,39.9,36.2,54.2,0,,37.03,0.848,1.282,1.179,0.0
ce23476,after,drops,handover+request,"chat=True,handover=always",500,moderate,-12.0,fading,1,100,100,100,1534,1534,0,0,0,25.5,40.9,26.0,23.7,38.5,32.3,45.6,0,,36.66,0.864,1.134,1.179,0.147
ce23476,after,drops,base,,500,moderate,-6.0,fading,1,100,100,100,1534,1534,0,0,0,26.8,37.6,25.8,29.0,38.5,10.7,20.3,0,,27.57,0.653,1.272,0.787,0.0
ce23476,after,drops,request,chat=True,500,moderate,-6.0,fading,1,100,100,100,1534,1534,0,0,0,19.7,27.9,20.0,22.5,28.6,10.7,20.3,0,,25.66,0.705,0.638,0.787,0.701
ce23476,after,drops,handover,handover=always,500,moderate,-6.0,fading,1,100,100,100,1534,1534,0,0,0,14.9,30.8,16.9,12.0,23.5,29.5,41.4,0,,26.8,0.804,1.241,1.153,0.0
ce23476,after,drops,handover+request,"chat=True,handover=always",500,moderate,-6.0,fading,1,100,100,100,1534,1534,0,0,0,14.9,25.9,15.6,12.0,22.2,23.1,33.1,0,,26.4,0.825,1.114,1.153,0.149
ce23476,after,drops,base,,500,moderate,0.0,fading,1,100,100,100,1534,1521,13,1,0,21.3,35.2,21.4,23.8,36.1,8.4,14.8,0,,20.21,0.539,1.77,0.875,0.0
ce23476,after,drops,request,chat=True,500,moderate,0.0,fading,1,100,100,100,1534,1526,8,1,0,17.1,27.9,17.3,18.5,29.4,8.4,16.1,0,,19.64,0.585,1.126,0.892,0.702
ce23476,after,drops,handover,handover=always,500,moderate,0.0,fading,1,100,100,100,1534,1515,19,2,0,11.2,27.9,14.2,10.7,18.3,26.7,37.6,0,,20.92,0.692,1.606,1.286,0.0
ce23476,after,drops,handover+request,"chat=True,handover=always",500,moderate,0.0,fading,1,100,100,100,1534,1491,43,6,0,10.7,23.8,13.0,10.7,18.6,22.3,29.6,0,,20.34,0.711,1.507,1.268,0.173
ce23476,after,drops,base,,500,poor,-12.0,fading,1,100,100,100,1534,1534,0,0,0,32.5,49.7,33.3,34.9,51.1,21.4,36.4,0,,34.85,0.702,1.27,0.787,0.0
ce23476,after,drops,request,chat=True,500,poor,-12.0,fading,1,100,100,100,1534,1534,0,0,0,27.3,42.8,27.5,27.9,42.8,21.5,36.4,0,,33.02,0.751,0.64,0.787,0.701
ce23476,after,drops,handover,handover=always,500,poor,-12.0,fading,1,100,100,100,1534,1534,0,0,0,25.2,40.8,25.9,22.1,36.9,35.6,49.2,0,,35.6,0.842,1.242,1.154,0.0
ce23476,after,drops,handover+request,"chat=True,handover=always",500,poor,-12.0,fading,1,100,100,100,1534,1534,0,0,0,23.3,37.0,24.5,22.1,36.4,29.1,44.4,0,,35.13,0.86,1.113,1.154,0.149
ce23476,after,drops,base,,500,poor,-6.0,fading,1,100,100,100,1534,1534,0,0,0,26.5,37.2,25.4,28.6,37.8,10.7,20.3,0,,27.15,0.65,1.272,0.787,0.0
ce23476,after,drops,request,chat=True,500,poor,-6.0,fading,1,100,100,100,1534,1534,0,0,0,18.8,27.9,19.6,22.5,27.9,10.7,20.3,0,,25.28,0.702,0.638,0.787,0.701
ce23476,after,drops,handover,handover=always,500,poor,-6.0,fading,1,100,100,100,1534,1534,0,0,0,14.5,29.8,16.3,11.6,22.6,28.4,40.4,0,,26.19,0.801,1.241,1.153,0.0
ce23476,after,drops,handover+request,"chat=True,handover=always",500,poor,-6.0,fading,1,100,100,100,1534,1534,0,0,0,14.2,25.4,15.0,11.5,21.6,22.6,31.8,0,,25.83,0.822,1.114,1.153,0.149
ce23476,after,drops,base,,500,poor,0.0,fading,1,100,100,100,1534,1532,2,1,0,17.5,32.7,18.7,20.0,33.7,6.3,11.9,0,,16.58,0.471,1.889,0.934,0.0
ce23476,after,drops,request,chat=True,500,poor,0.0,fading,1,100,100,100,1534,1534,0,0,0,13.2,25.5,14.6,16.3,27.6,6.3,11.6,0,,15.9,0.513,1.233,0.947,0.697
ce23476,after,drops,handover,handover=always,500,poor,0.0,fading,1,100,100,100,1534,1494,40,4,0,9.4,23.9,11.7,8.0,17.3,21.8,34.9,0,,16.44,0.599,1.886,1.359,0.0
ce23476,after,drops,handover+request,"chat=True,handover=always",500,poor,0.0,fading,1,100,100,100,1534,1518,16,1,0,9.2,20.9,10.9,8.1,16.9,18.6,27.9,0,,16.85,0.625,1.678,1.363,0.201
ce23476,before,grid,base,,2300,awgn,-12.0,fading,1,0,30,30,457,457,0,0,0,31.9,47.9,31.3,35.1,49.5,10.7,16.1,0,,32.93,0.689,1.298,0.796,0.0
ce23476,before,grid,request,chat=True,2300,awgn,-12.0,fading,1,0,30,30,457,457,0,0,0,22.8,42.8,25.2,27.9,42.8,10.7,16.1,0,,30.93,0.741,0.648,0.796,0.707
ce23476,before,grid,handover,handover=always,2300,awgn,-12.0,fading,1,0,30,30,457,457,0,0,0,16.1,37.8,19.6,14.6,26.9,34.0,46.3,0,,29.46,0.816,1.258,1.16,0.0
ce23476,before,grid,handover+request,"chat=True,handover=always",2300,awgn,-12.0,fading,1,0,30,30,457,457,0,0,0,16.1,33.2,18.2,14.8,25.6,28.1,42.8,0,,29.11,0.838,1.12,1.16,0.164
ce23476,before,grid,base,,2300,awgn,-6.0,fading,1,0,30,30,457,457,0,0,0,21.3,28.4,19.6,22.9,29.3,5.4,9.6,0,,21.31,0.591,1.298,0.796,0.0
ce23476,before,grid,request,chat=True,2300,awgn,-6.0,fading,1,0,30,30,457,457,0,0,0,12.3,18.9,13.5,15.3,19.5,5.4,9.6,0,,19.31,0.643,0.648,0.796,0.707
ce23476,before,grid,handover,handover=always,2300,awgn,-6.0,fading,1,0,30,30,457,457,0,0,0,8.9,22.8,11.2,7.5,12.0,21.9,29.3,0,,21.13,0.763,1.258,1.16,0.0
ce23476,before,grid,handover+request,"chat=True,handover=always",2300,awgn,-6.0,fading,1,0,30,30,457,457,0,0,0,8.8,17.1,9.8,7.5,11.8,16.8,20.7,0,,20.72,0.788,1.12,1.16,0.164
ce23476,before,grid,base,,2300,awgn,0.0,fading,1,0,30,30,457,457,0,0,0,7.6,12.9,7.6,8.5,13.4,2.1,3.2,0,,4.91,0.204,1.748,0.796,0.0
ce23476,before,grid,request,chat=True,2300,awgn,0.0,fading,1,0,30,30,457,457,0,0,0,3.0,4.4,3.3,3.0,4.5,2.1,3.2,0,,4.54,0.229,1.037,0.796,0.748
ce23476,before,grid,handover,handover=always,2300,awgn,0.0,fading,1,0,30,30,457,457,0,0,0,3.0,9.7,3.9,2.1,3.8,8.7,12.5,0,,5.33,0.261,2.022,1.16,0.0
ce23476,before,grid,handover+request,"chat=True,handover=always",2300,awgn,0.0,fading,1,0,30,30,457,457,0,0,0,2.1,4.1,2.7,2.1,3.4,3.0,4.8,0,,5.26,0.273,1.827,1.16,0.217
ce23476,before,grid,base,,2300,awgn,6.0,fading,1,0,30,30,457,457,0,0,0,6.8,12.0,6.6,7.8,12.4,1.1,1.2,0,,3.77,0.163,1.761,0.796,0.0
ce23476,before,grid,request,chat=True,2300,awgn,6.0,fading,1,0,30,30,457,457,0,0,0,2.0,3.4,2.3,2.5,3.5,1.1,1.2,0,,3.45,0.183,1.044,0.796,0.748
ce23476,before,grid,handover,handover=always,2300,awgn,6.0,fading,1,0,30,30,457,457,0,0,0,1.1,8.5,2.7,1.1,2.1,8.1,12.1,0,,3.97,0.206,2.039,1.16,0.0
ce23476,before,grid,handover+request,"chat=True,handover=always",2300,awgn,6.0,fading,1,0,30,30,457,457,0,0,0,1.1,3.0,1.6,1.1,2.1,2.0,4.1,0,,3.88,0.214,1.838,1.16,0.219
ce23476,before,grid,base,,2300,awgn,12.0,fading,1,0,30,30,457,457,0,0,0,6.3,11.5,6.2,7.2,11.8,1.1,1.1,0,,3.34,0.147,1.761,0.796,0.0
ce23476,before,grid,request,chat=True,2300,awgn,12.0,fading,1,0,30,30,457,457,0,0,0,2.0,2.5,1.9,2.0,2.5,1.1,1.1,0,,3.03,0.164,1.044,0.796,0.748
ce23476,before,grid,handover,handover=always,2300,awgn,12.0,fading,1,0,30,30,457,457,0,0,0,1.1,8.0,2.5,1.1,1.7,7.2,11.1,0,,3.74,0.196,2.039,1.16,0.0
ce23476,before,grid,handover+request,"chat=True,handover=always",2300,awgn,12.0,fading,1,0,30,30,457,457,0,0,0,1.1,2.0,1.4,1.1,1.7,2.0,2.7,0,,3.65,0.204,1.838,1.16,0.219
ce23476,before,grid,base,,2300,good,-12.0,fading,1,0,30,30,457,455,2,1,0,40.9,65.0,42.3,43.6,67.0,26.0,45.9,0,,43.9,0.746,1.755,0.886,0.0
ce23476,before,grid,request,chat=True,2300,good,-12.0,fading,1,0,30,30,457,450,7,1,0,33.2,55.1,36.1,34.2,55.6,25.8,45.7,0,,40.97,0.788,1.0,0.869,0.624
ce23476,before,grid,handover,handover=always,2300,good,-12.0,fading,1,0,30,30,457,420,37,5,0,31.0,55.3,33.5,28.8,50.9,42.5,62.6,0,,40.8,0.872,1.37,1.26,0.0
ce23476,before,grid,handover+request,"chat=True,handover=always",2300,good,-12.0,fading,1,0,30,30,457,423,34,4,0,28.3,52.7,31.9,27.4,49.8,34.8,61.5,0,,40.17,0.885,1.365,1.291,0.136
ce23476,before,grid,base,,2300,good,-6.0,fading,1,0,30,30,457,447,10,1,0,24.5,38.7,24.5,26.4,39.5,6.8,17.9,0,,25.51,0.636,1.372,0.79,0.0
ce23476,before,grid,request,chat=True,2300,good,-6.0,fading,1,0,30,30,457,429,28,2,0,17.1,28.2,18.2,17.2,30.8,5.9,15.8,0,,22.4,0.685,0.694,0.775,0.667
ce23476,before,grid,handover,handover=always,2300,good,-6.0,fading,1,0,30,30,457,457,0,0,0,11.7,28.0,15.2,10.7,22.5,25.2,36.1,0,,25.02,0.789,1.322,1.206,0.0
ce23476,before,grid,handover+request,"chat=True,handover=always",2300,good,-6.0,fading,1,0,30,30,457,457,0,0,0,11.6,24.6,13.5,10.7,20.2,20.6,33.3,0,,24.26,0.808,1.166,1.19,0.151
ce23476,before,grid,base,,2300,good,0.0,fading,1,0,30,30,457,457,0,0,0,12.1,24.7,13.3,13.6,25.7,5.4,9.6,0,,11.88,0.398,1.742,0.816,0.0
ce23476,before,grid,request,chat=True,2300,good,0.0,fading,1,0,30,30,457,457,0,0,0,7.2,17.2,9.3,9.1,18.5,4.7,8.4,0,,11.92,0.462,1.042,0.814,0.707
ce23476,before,grid,handover,handover=always,2300,good,0.0,fading,1,0,30,30,457,457,0,0,0,6.3,16.8,8.3,5.4,11.6,16.3,24.5,0,,13.91,0.561,1.755,1.21,0.0
ce23476,before,grid,handover+request,"chat=True,handover=always",2300,good,0.0,fading,1,0,30,30,457,457,0,0,0,5.4,13.3,7.1,5.4,10.7,11.8,20.7,0,,13.7,0.581,1.567,1.228,0.201
ce23476,before,grid,base,,2300,good,6.0,fading,1,0,30,30,457,457,0,0,0,7.2,12.8,7.2,8.4,13.0,1.1,3.1,0,,4.31,0.182,1.77,0.801,0.0
ce23476,before,grid,request,chat=True,2300,good,6.0,fading,1,0,30,30,457,457,0,0,0,3.0,4.5,2.9,3.0,4.6,1.1,3.1,0,,3.91,0.201,1.053,0.796,0.753
ce23476,before,grid,handover,handover=always,2300,good,6.0,fading,1,0,30,30,457,457,0,0,0,2.1,9.1,3.5,1.8,4.2,8.6,12.6,0,,4.62,0.231,2.046,1.16,0.0
ce23476,before,grid,handover+request,"chat=True,handover=always",2300,good,6.0,fading,1,0,30,30,457,457,0,0,0,2.1,4.1,2.3,1.8,3.4,3.0,5.7,0,,4.53,0.241,1.842,1.16,0.219
ce23476,before,grid,base,,2300,good,12.0,fading,1,0,30,30,457,457,0,0,0,6.6,11.8,6.5,7.4,11.9,1.1,3.1,0,,3.58,0.156,1.764,0.801,0.0
ce23476,before,grid,request,chat=True,2300,good,12.0,fading,1,0,30,30,457,457,0,0,0,2.0,3.4,2.2,2.0,3.5,1.1,3.1,0,,3.22,0.172,1.044,0.796,0.748
ce23476,before,grid,handover,handover=always,2300,good,12.0,fading,1,0,30,30,457,457,0,0,0,1.1,8.0,2.9,1.1,3.1,7.2,11.9,0,,4.0,0.206,2.042,1.16,0.0
ce23476,before,grid,handover+request,"chat=True,handover=always",2300,good,12.0,fading,1,0,30,30,457,457,0,0,0,1.1,3.1,1.8,1.1,3.1,2.0,3.6,0,,3.96,0.216,1.84,1.16,0.219
ce23476,before,grid,base,,2300,moderate,-12.0,fading,1,0,30,30,457,457,0,0,0,34.3,53.1,35.0,36.6,54.9,19.5,36.4,0,,36.51,0.709,1.341,0.805,0.0
ce23476,before,grid,request,chat=True,2300,moderate,-12.0,fading,1,0,30,30,457,457,0,0,0,27.9,42.9,28.7,28.7,43.9,16.3,36.4,0,,34.22,0.756,0.7,0.807,0.696
ce23476,before,grid,handover,handover=always,2300,moderate,-12.0,fading,1,0,30,30,457,457,0,0,0,24.1,42.9,25.5,21.5,40.4,35.5,49.8,0,,35.36,0.841,1.26,1.177,0.0
ce23476,before,grid,handover+request,"chat=True,handover=always",2300,moderate,-12.0,fading,1,0,30,30,457,457,0,0,0,22.5,40.8,24.3,21.3,37.5,31.3,46.2,0,,35.09,0.859,1.155,1.188,0.162
ce23476,before,grid,base,,2300,moderate,-6.0,fading,1,0,30,30,457,457,0,0,0,22.0,29.8,20.7,23.6,31.0,5.4,14.9,0,,22.43,0.602,1.298,0.796,0.0
ce23476,before,grid,request,chat=True,2300,moderate,-6.0,fading,1,0,30,30,457,457,0,0,0,14.9,20.8,14.5,17.1,21.4,5.4,14.9,0,,20.25,0.653,0.648,0.796,0.707
ce23476,before,grid,handover,handover=always,2300,moderate,-6.0,fading,1,0,30,30,457,457,0,0,0,10.7,25.5,13.1,9.4,18.4,24.0,32.7,0,,22.97,0.775,1.256,1.162,0.0
ce23476,before,grid,handover+request,"chat=True,handover=always",2300,moderate,-6.0,fading,1,0,30,30,457,457,0,0,0,10.7,20.4,11.6,9.1,16.1,18.1,23.4,0,,22.42,0.798,1.12,1.16,0.164
ce23476,before,grid,base,,2300,moderate,0.0,fading,1,0,30,30,457,457,0,0,0,11.2,22.4,12.5,13.0,24.0,4.2,8.4,0,,10.66,0.368,1.729,0.832,0.0
ce23476,before,grid,request,chat=True,2300,moderate,0.0,fading,1,0,30,30,457,457,0,0,0,6.9,17.1,8.6,8.2,17.2,5.2,6.7,0,,10.64,0.423,1.059,0.849,0.735
ce23476,before,grid,handover,handover=always,2300,moderate,0.0,fading,1,0,30,30,457,457,0,0,0,5.4,15.5,7.6,5.3,10.9,13.4,23.3,0,,12.61,0.523,1.72,1.256,0.0
ce23476,before,grid,handover+request,"chat=True,handover=always",2300,moderate,0.0,fading,1,0,30,30,457,457,0,0,0,5.4,11.8,6.5,5.4,10.7,10.4,17.2,0,,12.44,0.54,1.58,1.249,0.204
ce23476,before,grid,base,,2300,moderate,6.0,fading,1,0,30,30,457,457,0,0,0,7.2,12.5,7.2,8.3,12.7,1.1,3.2,0,,4.28,0.181,1.772,0.799,0.0
ce23476,before,grid,request,chat=True,2300,moderate,6.0,fading,1,0,30,30,457,457,0,0,0,3.0,4.1,2.8,3.0,4.4,1.1,3.1,0,,3.87,0.2,1.048,0.799,0.751
ce23476,before,grid,handover,handover=always,2300,moderate,6.0,fading,1,0,30,30,457,457,0,0,0,2.1,9.0,3.3,1.3,3.9,8.1,12.5,0,,4.49,0.226,2.042,1.179,0.0
ce23476,before,grid,handover+request,"chat=True,handover=always",2300,moderate,6.0,fading,1,0,30,30,457,457,0,0,0,2.0,4.1,2.2,1.3,3.2,3.0,4.6,0,,4.39,0.235,1.847,1.164,0.221
ce23476,before,grid,base,,2300,moderate,12.0,fading,1,0,30,30,457,457,0,0,0,6.5,11.7,6.3,7.3,11.9,1.1,3.1,0,,3.46,0.152,1.761,0.796,0.0
ce23476,before,grid,request,chat=True,2300,moderate,12.0,fading,1,0,30,30,457,457,0,0,0,2.0,3.1,2.1,2.0,3.3,1.1,3.1,0,,3.14,0.169,1.044,0.796,0.748
ce23476,before,grid,handover,handover=always,2300,moderate,12.0,fading,1,0,30,30,457,457,0,0,0,1.1,8.2,2.8,1.1,3.1,7.2,11.6,0,,3.95,0.204,2.039,1.16,0.0
ce23476,before,grid,handover+request,"chat=True,handover=always",2300,moderate,12.0,fading,1,0,30,30,457,457,0,0,0,1.1,3.1,1.6,1.1,3.1,2.0,3.5,0,,3.84,0.212,1.838,1.16,0.219
ce23476,before,grid,base,,2300,poor,-12.0,fading,1,0,30,30,457,457,0,0,0,32.0,49.3,32.5,35.2,51.5,14.2,26.8,0,,34.06,0.695,1.304,0.796,0.0
ce23476,before,grid,request,chat=True,2300,poor,-12.0,fading,1,0,30,30,457,457,0,0,0,25.7,42.8,26.4,27.9,42.8,14.2,29.3,0,,31.98,0.746,0.646,0.799,0.707
ce23476,before,grid,handover,handover=always,2300,poor,-12.0,fading,1,0,30,30,457,457,0,0,0,22.4,39.6,24.3,21.4,36.4,34.7,48.1,0,,33.97,0.833,1.263,1.16,0.0
ce23476,before,grid,handover+request,"chat=True,handover=always",2300,poor,-12.0,fading,1,0,30,30,457,457,0,0,0,21.5,36.4,22.5,20.3,34.6,28.2,42.8,0,,33.22,0.851,1.125,1.16,0.164
ce23476,before,grid,base,,2300,poor,-6.0,fading,1,0,30,30,457,457,0,0,0,22.2,31.1,21.2,23.8,32.0,5.4,14.9,0,,22.85,0.606,1.298,0.796,0.0
ce23476,before,grid,request,chat=True,2300,poor,-6.0,fading,1,0,30,30,457,457,0,0,0,14.9,22.5,15.3,17.1,22.5,6.5,14.9,0,,21.0,0.66,0.648,0.796,0.707
ce23476,before,grid,handover,handover=always,2300,poor,-6.0,fading,1,0,30,30,457,457,0,0,0,10.7,25.2,13.1,9.1,19.5,23.5,32.5,0,,22.92,0.774,1.258,1.16,0.0
ce23476,before,grid,handover+request,"chat=True,handover=always",2300,poor,-6.0,fading,1,0,30,30,457,457,0,0,0,10.7,20.2,11.6,9.4,17.2,17.2,22.9,0,,22.43,0.797,1.12,1.16,0.164
ce23476,before,grid,base,,2300,poor,0.0,fading,1,0,30,30,457,457,0,0,0,11.0,21.0,11.5,12.5,21.6,4.2,6.3,0,,9.28,0.331,1.794,0.864,0.0
ce23476,before,grid,request,chat=True,2300,poor,0.0,fading,1,0,30,30,457,457,0,0,0,6.1,14.9,7.4,6.3,16.9,3.9,6.3,0,,9.0,0.376,1.118,0.853,0.744
ce23476,before,grid,handover,handover=always,2300,poor,0.0,fading,1,0,30,30,457,451,6,1,0,5.3,14.8,6.9,5.1,9.9,13.5,21.3,0,,10.52,0.454,1.906,1.276,0.0
ce23476,before,grid,handover+request,"chat=True,handover=always",2300,poor,0.0,fading,1,0,30,30,457,457,0,0,0,5.3,10.7,5.7,4.4,8.4,7.4,16.4,0,,10.72,0.483,1.707,1.287,0.197
ce23476,before,grid,base,,2300,poor,6.0,fading,1,0,30,30,457,457,0,0,0,7.2,12.4,7.0,8.1,12.7,1.1,3.1,0,,4.09,0.174,1.761,0.801,0.0
ce23476,before,grid,request,chat=True,2300,poor,6.0,fading,1,0,30,30,457,457,0,0,0,3.0,4.1,2.7,3.0,4.1,1.1,3.1,0,,3.76,0.196,1.046,0.796,0.751
ce23476,before,grid,handover,handover=always,2300,poor,6.0,fading,1,0,30,30,457,457,0,0,0,2.1,9.2,3.2,1.1,3.2,8.1,12.1,0,,4.36,0.221,2.044,1.162,0.0
ce23476,before,grid,handover+request,"chat=True,handover=always",2300,poor,6.0,fading,1,0,30,30,457,457,0,0,0,1.7,3.2,1.9,1.1,3.1,3.0,4.1,0,,4.16,0.226,1.838,1.164,0.219
ce23476,before,grid,base,,2300,poor,12.0,fading,1,0,30,30,457,457,0,0,0,6.4,11.6,6.3,7.2,11.8,1.1,3.1,0,,3.48,0.152,1.761,0.796,0.0
ce23476,before,grid,request,chat=True,2300,poor,12.0,fading,1,0,30,30,457,457,0,0,0,2.0,3.1,2.1,2.0,3.2,1.1,3.1,0,,3.19,0.171,1.044,0.796,0.748
ce23476,before,grid,handover,handover=always,2300,poor,12.0,fading,1,0,30,30,457,457,0,0,0,1.1,8.2,2.9,1.1,3.1,7.2,11.1,0,,4.06,0.209,2.039,1.16,0.0
ce23476,before,grid,handover+request,"chat=True,handover=always",2300,poor,12.0,fading,1,0,30,30,457,457,0,0,0,1.1,3.1,1.7,1.1,3.1,2.0,3.2,0,,3.97,0.218,1.838,1.16,0.219
ce23476,before,grid,base,,500,awgn,-12.0,fading,1,0,30,30,457,457,0,0,0,31.9,47.9,31.8,35.1,49.5,14.2,21.5,0,,33.41,0.692,1.298,0.796,0.0
ce23476,before,grid,request,chat=True,500,awgn,-12.0,fading,1,0,30,30,457,457,0,0,0,22.9,42.8,25.7,27.9,42.8,14.2,21.5,0,,31.42,0.744,0.648,0.796,0.707
ce23476,before,grid,handover,handover=always,500,awgn,-12.0,fading,1,0,30,30,457,457,0,0,0,19.0,37.8,21.2,16.6,27.6,34.0,46.3,0,,31.08,0.824,1.258,1.16,0.0
ce23476,before,grid,handover+request,"chat=True,handover=always",500,awgn,-12.0,fading,1,0,30,30,457,457,0,0,0,18.0,33.2,19.8,16.6,27.0,28.1,42.8,0,,30.68,0.845,1.12,1.16,0.164
ce23476,before,grid,base,,500,awgn,-6.0,fading,1,0,30,30,457,457,0,0,0,26.8,37.2,24.8,28.4,37.7,9.6,10.9,0,,26.56,0.642,1.298,0.796,0.0
ce23476,before,grid,request,chat=True,500,awgn,-6.0,fading,1,0,30,30,457,457,0,0,0,17.6,27.9,18.8,22.5,27.9,9.6,10.9,0,,24.57,0.696,0.648,0.796,0.707
ce23476,before,grid,handover,handover=always,500,awgn,-6.0,fading,1,0,30,30,457,457,0,0,0,11.6,29.5,14.9,10.7,18.4,28.0,36.0,0,,24.84,0.791,1.258,1.16,0.0
ce23476,before,grid,handover+request,"chat=True,handover=always",500,awgn,-6.0,fading,1,0,30,30,457,457,0,0,0,11.6,22.8,13.5,10.7,17.7,22.1,29.4,0,,24.44,0.814,1.12,1.16,0.164
ce23476,before,grid,base,,500,awgn,0.0,fading,1,0,30,30,457,457,0,0,0,11.4,17.8,11.0,12.7,18.4,3.2,4.2,0,,7.95,0.289,1.761,0.796,0.0
ce23476,before,grid,request,chat=True,500,awgn,0.0,fading,1,0,30,30,457,457,0,0,0,6.5,10.4,6.8,7.2,10.4,3.2,4.2,0,,7.64,0.328,1.044,0.796,0.748
ce23476,before,grid,handover,handover=always,500,awgn,0.0,fading,1,0,30,30,457,457,0,0,0,4.2,13.2,5.7,3.2,8.4,12.8,18.2,0,,6.85,0.308,2.039,1.16,0.0
ce23476,before,grid,handover+request,"chat=True,handover=always",500,awgn,0.0,fading,1,0,30,30,457,457,0,0,0,4.2,9.3,4.5,3.2,6.3,7.2,10.4,0,,6.76,0.321,1.838,1.16,0.219
ce23476,before,grid,base,,500,awgn,6.0,fading,1,0,30,30,457,457,0,0,0,7.8,13.1,7.5,8.7,13.5,1.8,2.1,0,,4.72,0.196,1.761,0.796,0.0
ce23476,before,grid,request,chat=True,500,awgn,6.0,fading,1,0,30,30,457,457,0,0,0,3.0,5.1,3.3,4.1,5.1,1.8,2.1,0,,4.42,0.223,1.044,0.796,0.748
ce23476,before,grid,handover,handover=always,500,awgn,6.0,fading,1,0,30,30,457,457,0,0,0,2.1,9.6,3.4,2.1,3.2,8.8,13.0,0,,4.67,0.234,2.039,1.16,0.0
ce23476,before,grid,handover+request,"chat=True,handover=always",500,awgn,6.0,fading,1,0,30,30,457,457,0,0,0,2.1,4.1,2.3,2.1,3.2,3.5,5.1,0,,4.58,0.244,1.838,1.16,0.219
ce23476,before,grid,base,,500,awgn,12.0,fading,1,0,30,30,457,457,0,0,0,6.7,11.9,6.6,7.8,12.4,1.1,2.1,0,,3.76,0.163,1.761,0.796,0.0
ce23476,before,grid,request,chat=True,500,awgn,12.0,fading,1,0,30,30,457,457,0,0,0,2.0,3.2,2.4,2.6,3.4,1.1,1.9,0,,3.45,0.183,1.044,0.796,0.748
ce23476,before,grid,handover,handover=always,500,awgn,12.0,fading,1,0,30,30,457,457,0,0,0,1.1,8.5,2.7,1.1,2.1,8.1,11.9,0,,3.97,0.206,2.039,1.16,0.0
ce23476,before,grid,handover+request,"chat=True,handover=always",500,awgn,12.0,fading,1,0,30,30,457,457,0,0,0,1.1,3.0,1.6,1.1,2.1,2.5,3.8,0,,3.9,0.215,1.838,1.16,0.219
ce23476,before,grid,base,,500,good,-12.0,fading,1,0,30,30,457,455,2,1,0,40.6,64.7,42.0,43.5,67.0,26.8,47.7,0,,43.75,0.746,1.733,0.897,0.0
ce23476,before,grid,request,chat=True,500,good,-12.0,fading,1,0,30,30,457,457,0,0,0,33.2,55.6,36.2,34.4,56.6,26.8,47.1,0,,41.67,0.791,1.02,0.869,0.628
ce23476,before,grid,handover,handover=always,500,good,-12.0,fading,1,0,30,30,457,420,37,5,0,31.1,55.9,33.8,28.9,53.0,39.4,63.8,0,,41.13,0.878,1.387,1.245,0.0
ce23476,before,grid,handover+request,"chat=True,handover=always",500,good,-12.0,fading,1,0,30,30,457,419,38,6,0,28.6,52.0,31.8,27.0,47.7,34.9,62.5,0,,40.25,0.889,1.282,1.284,0.127
ce23476,before,grid,base,,500,good,-6.0,fading,1,0,30,30,457,417,40,3,0,28.7,43.3,28.9,30.7,44.1,10.7,22.3,0,,27.97,0.667,1.271,0.733,0.0
ce23476,before,grid,request,chat=True,500,good,-6.0,fading,1,0,30,30,457,434,23,2,0,22.5,33.9,22.9,22.5,37.3,10.9,25.3,0,,26.91,0.714,0.737,0.779,0.663
ce23476,before,grid,handover,handover=always,500,good,-6.0,fading,1,0,30,30,457,420,37,3,0,16.9,34.2,19.7,15.1,27.4,33.0,48.5,0,,27.2,0.809,1.232,1.096,0.0
ce23476,before,grid,handover+request,"chat=True,handover=always",500,good,-6.0,fading,1,0,30,30,457,407,50,3,1,16.1,28.5,17.7,14.9,25.9,25.4,38.2,0,,26.38,0.802,1.173,1.07,0.142
ce23476,before,grid,base,,500,good,0.0,fading,1,0,30,30,457,444,13,1,0,17.7,32.6,18.5,20.2,33.7,6.0,14.8,0,,17.1,0.502,1.969,0.805,0.0
ce23476,before,grid,request,chat=True,500,good,0.0,fading,1,0,30,30,457,444,13,1,0,14.7,27.4,15.4,17.1,27.9,6.7,14.8,0,,17.67,0.57,1.149,0.827,0.685
ce23476,before,grid,handover,handover=always,500,good,0.0,fading,1,0,30,30,457,444,13,1,0,10.7,26.3,12.4,8.4,17.8,25.3,35.4,0,,18.49,0.657,1.678,1.221,0.0
ce23476,before,grid,handover+request,"chat=True,handover=always",500,good,0.0,fading,1,0,30,30,457,444,13,1,0,9.0,21.1,10.8,7.8,17.3,17.6,28.6,0,,17.0,0.641,1.674,1.221,0.188
ce23476,before,grid,base,,500,good,6.0,fading,1,0,30,30,457,457,0,0,0,9.7,16.3,9.9,11.3,16.8,3.1,6.4,0,,6.97,0.264,1.818,0.814,0.0
ce23476,before,grid,request,chat=True,500,good,6.0,fading,1,0,30,30,457,457,0,0,0,4.6,10.7,5.7,5.1,11.2,3.1,7.2,0,,6.54,0.295,1.103,0.807,0.735
ce23476,before,grid,handover,handover=always,500,good,6.0,fading,1,0,30,30,457,457,0,0,0,3.2,12.3,5.4,3.1,8.4,11.1,19.2,0,,7.03,0.32,2.088,1.195,0.0
ce23476,before,grid,handover+request,"chat=True,handover=always",500,good,6.0,fading,1,0,30,30,457,457,0,0,0,3.2,8.1,4.2,3.0,6.5,5.1,12.2,0,,6.81,0.329,1.869,1.193,0.214
ce23476,before,grid,base,,500,good,12.0,fading,1,0,30,30,457,457,0,0,0,7.3,12.8,7.3,8.4,12.9,1.5,3.2,0,,4.37,0.183,1.781,0.803,0.0
ce23476,before,grid,request,chat=True,500,good,12.0,fading,1,0,30,30,457,457,0,0,0,3.0,5.1,3.0,3.0,5.1,1.4,4.1,0,,4.07,0.208,1.059,0.796,0.746
ce23476,before,grid,handover,handover=always,500,good,12.0,fading,1,0,30,30,457,457,0,0,0,2.1,9.2,3.5,1.8,5.2,8.2,13.8,0,,4.63,0.231,2.048,1.164,0.0
ce23476,before,grid,handover+request,"chat=True,handover=always",500,good,12.0,fading,1,0,30,30,457,457,0,0,0,2.1,4.2,2.4,2.0,4.0,3.0,5.6,0,,4.58,0.242,1.847,1.164,0.219
ce23476,before,grid,base,,500,moderate,-12.0,fading,1,0,30,30,457,457,0,0,0,34.5,53.1,35.2,36.6,54.8,21.5,36.4,0,,36.78,0.711,1.328,0.805,0.0
ce23476,before,grid,request,chat=True,500,moderate,-12.0,fading,1,0,30,30,457,457,0,0,0,27.9,43.0,29.1,28.8,43.8,20.3,36.4,0,,34.53,0.757,0.681,0.807,0.698
ce23476,before,grid,handover,handover=always,500,moderate,-12.0,fading,1,0,30,30,457,457,0,0,0,25.7,43.6,27.0,23.9,41.1,35.5,51.7,0,,36.77,0.844,1.284,1.175,0.0
ce23476,before,grid,handover+request,"chat=True,handover=always",500,moderate,-12.0,fading,1,0,30,30,457,457,0,0,0,24.5,41.6,25.7,22.5,40.0,31.8,46.1,0,,36.42,0.864,1.166,1.197,0.162
ce23476,before,grid,base,,500,moderate,-6.0,fading,1,0,30,30,457,457,0,0,0,26.9,37.7,25.8,28.6,38.4,10.7,20.3,0,,27.47,0.649,1.298,0.796,0.0
ce23476,before,grid,request,chat=True,500,moderate,-6.0,fading,1,0,30,30,457,457,0,0,0,18.9,27.9,19.5,22.5,29.3,10.7,20.3,0,,25.24,0.701,0.648,0.796,0.707
ce23476,before,grid,handover,handover=always,500,moderate,-6.0,fading,1,0,30,30,457,457,0,0,0,14.9,30.7,16.8,12.0,22.4,28.6,39.3,0,,26.62,0.799,1.258,1.16,0.0
ce23476,before,grid,handover+request,"chat=True,handover=always",500,moderate,-6.0,fading,1,0,30,30,457,457,0,0,0,14.9,25.8,15.7,12.6,22.2,22.7,33.1,0,,26.55,0.823,1.12,1.16,0.164
ce23476,before,grid,base,,500,moderate,0.0,fading,1,0,30,30,457,457,0,0,0,21.0,35.4,21.3,23.9,36.7,6.4,14.9,0,,20.46,0.541,1.81,0.88,0.0
ce23476,before,grid,request,chat=True,500,moderate,0.0,fading,1,0,30,30,457,457,0,0,0,17.1,27.9,16.9,17.5,28.6,8.4,16.5,0,,19.55,0.585,1.171,0.906,0.707
ce23476,before,grid,handover,handover=always,500,moderate,0.0,fading,1,0,30,30,457,455,2,1,0,11.2,27.5,14.0,10.7,20.3,26.0,36.1,0,,21.12,0.693,1.687,1.304,0.0
ce23476,before,grid,handover+request,"chat=True,handover=always",500,moderate,0.0,fading,1,0,30,30,457,451,6,1,0,10.7,23.1,12.5,10.5,17.7,20.9,28.1,0,,20.38,0.712,1.457,1.295,0.188
ce23476,before,grid,base,,500,moderate,6.0,fading,1,0,30,30,457,457,0,0,0,9.8,17.3,10.3,11.1,17.7,3.2,5.7,0,,7.37,0.275,1.775,0.823,0.0
ce23476,before,grid,request,chat=True,500,moderate,6.0,fading,1,0,30,30,457,457,0,0,0,5.1,10.4,6.0,5.1,11.4,3.2,5.6,0,,6.85,0.305,1.053,0.814,0.74
ce23476,before,grid,handover,handover=always,500,moderate,6.0,fading,1,0,30,30,457,457,0,0,0,4.2,11.4,5.4,3.2,6.7,10.7,18.8,0,,6.75,0.308,2.046,1.188,0.0
ce23476,before,grid,handover+request,"chat=True,handover=always",500,moderate,6.0,fading,1,0,30,30,457,457,0,0,0,3.2,7.2,4.0,3.2,6.3,5.1,11.3,0,,6.18,0.301,1.871,1.206,0.214
ce23476,before,grid,base,,500,moderate,12.0,fading,1,0,30,30,457,457,0,0,0,7.3,12.6,7.4,8.4,12.8,2.1,4.2,0,,4.42,0.185,1.764,0.796,0.0
ce23476,before,grid,request,chat=True,500,moderate,12.0,fading,1,0,30,30,457,457,0,0,0,3.0,5.1,3.0,3.0,5.1,1.1,4.2,0,,4.01,0.205,1.048,0.799,0.748
ce23476,before,grid,handover,handover=always,500,moderate,12.0,fading,1,0,30,30,457,457,0,0,0,2.1,8.7,3.5,2.1,4.2,8.2,12.1,0,,4.57,0.228,2.039,1.16,0.0
ce23476,before,grid,handover+request,"chat=True,handover=always",500,moderate,12.0,fading,1,0,30,30,457,457,0,0,0,2.1,4.2,2.3,2.1,3.6,3.0,5.1,0,,4.5,0.239,1.836,1.16,0.221
ce23476,before,grid,base,,500,poor,-12.0,fading,1,0,30,30,457,457,0,0,0,32.3,49.3,33.2,35.2,51.7,20.3,31.0,0,,34.77,0.699,1.298,0.796,0.0
ce23476,before,grid,request,chat=True,500,poor,-12.0,fading,1,0,30,30,457,457,0,0,0,26.8,42.8,27.3,27.9,42.8,20.3,31.0,0,,32.87,0.751,0.646,0.796,0.707
ce23476,before,grid,handover,handover=always,500,poor,-12.0,fading,1,0,30,30,457,457,0,0,0,25.1,41.2,25.6,21.9,36.6,34.7,47.9,0,,35.32,0.838,1.258,1.16,0.0
ce23476,before,grid,handover+request,"chat=True,handover=always",500,poor,-12.0,fading,1,0,30,30,457,457,0,0,0,22.5,36.4,23.9,21.5,36.4,28.1,42.8,0,,34.65,0.856,1.118,1.162,0.164
ce23476,before,grid,base,,500,poor,-6.0,fading,1,0,30,30,457,457,0,0,0,26.8,37.6,25.4,28.4,38.5,10.7,20.3,0,,27.11,0.647,1.298,0.796,0.0
ce23476,before,grid,request,chat=True,500,poor,-6.0,fading,1,0,30,30,457,457,0,0,0,18.6,27.9,19.3,22.5,28.7,10.7,20.3,0,,25.11,0.7,0.648,0.796,0.707
ce23476,before,grid,handover,handover=always,500,poor,-6.0,fading,1,0,30,30,457,457,0,0,0,14.5,31.1,16.6,11.6,23.1,30.0,38.9,0,,26.41,0.798,1.258,1.16,0.0
ce23476,before,grid,handover+request,"chat=True,handover=always",500,poor,-6.0,fading,1,0,30,30,457,457,0,0,0,14.9,25.7,15.4,12.6,21.5,22.7,31.1,0,,26.2,0.821,1.12,1.16,0.164
ce23476,before,grid,base,,500,poor,0.0,fading,1,0,30,30,457,441,16,1,0,17.3,32.9,18.6,20.5,34.2,6.3,11.5,0,,16.69,0.492,1.845,0.882,0.0
ce23476,before,grid,request,chat=True,500,poor,0.0,fading,1,0,30,30,457,451,6,1,0,12.8,26.1,14.4,15.7,27.5,5.8,11.3,0,,16.01,0.524,1.201,0.934,0.726
ce23476,before,grid,handover,handover=always,500,poor,0.0,fading,1,0,30,30,457,419,38,3,0,10.1,25.9,12.6,8.4,18.8,24.2,35.8,0,,16.6,0.62,1.847,1.33,0.0
ce23476,before,grid,handover+request,"chat=True,handover=always",500,poor,0.0,fading,1,0,30,30,457,433,24,2,0,9.8,22.5,11.3,8.4,17.6,17.1,29.4,0,,17.19,0.653,1.611,1.359,0.186
ce23476,before,grid,base,,500,poor,6.0,fading,1,0,30,30,457,457,0,0,0,8.8,15.0,8.9,10.1,15.4,3.1,5.3,0,,5.97,0.235,1.764,0.812,0.0
ce23476,before,grid,request,chat=True,500,poor,6.0,fading,1,0,30,30,457,457,0,0,0,4.1,7.7,4.7,4.1,9.1,2.8,5.0,0,,5.56,0.262,1.05,0.821,0.748
ce23476,before,grid,handover,handover=always,500,poor,6.0,fading,1,0,30,30,457,457,0,0,0,3.2,10.1,4.6,3.2,5.3,9.8,15.0,0,,5.87,0.278,2.048,1.186,0.0
ce23476,before,grid,handover+request,"chat=True,handover=always",500,poor,6.0,fading,1,0,30,30,457,457,0,0,0,3.2,6.3,3.7,3.2,5.3,5.1,9.6,0,,5.96,0.294,1.849,1.188,0.219
ce23476,before,grid,base,,500,poor,12.0,fading,1,0,30,30,457,457,0,0,0,7.1,12.4,7.0,8.0,12.6,1.1,3.1,0,,4.11,0.175,1.761,0.796,0.0
ce23476,before,grid,request,chat=True,500,poor,12.0,fading,1,0,30,30,457,457,0,0,0,3.0,4.1,2.8,3.0,4.3,1.4,3.1,0,,3.84,0.199,1.044,0.796,0.746
ce23476,before,grid,handover,handover=always,500,poor,12.0,fading,1,0,30,30,457,457,0,0,0,2.1,8.8,3.3,1.9,4.2,8.2,11.9,0,,4.49,0.226,2.037,1.162,0.0
ce23476,before,grid,handover+request,"chat=True,handover=always",500,poor,12.0,fading,1,0,30,30,457,457,0,0,0,2.1,4.1,2.2,1.9,4.0,3.0,4.4,0,,4.41,0.236,1.838,1.16,0.219
ce23476,after,grid,base,,2300,awgn,-12.0,fading,1,0,30,30,457,457,0,0,0,31.9,47.9,31.3,35.1,49.5,10.7,16.1,0,,32.93,0.689,1.298,0.796,0.0
ce23476,after,grid,request,chat=True,2300,awgn,-12.0,fading,1,0,30,30,457,457,0,0,0,22.8,42.8,25.2,27.9,42.8,10.7,16.1,0,,30.93,0.741,0.648,0.796,0.707
ce23476,after,grid,handover,handover=always,2300,awgn,-12.0,fading,1,0,30,30,457,457,0,0,0,16.1,37.8,19.6,14.6,26.9,34.0,46.3,0,,29.46,0.816,1.258,1.16,0.0
ce23476,after,grid,handover+request,"chat=True,handover=always",2300,awgn,-12.0,fading,1,0,30,30,457,457,0,0,0,16.1,33.2,18.2,14.8,25.6,28.1,42.8,0,,29.11,0.838,1.12,1.16,0.164
ce23476,after,grid,base,,2300,awgn,-6.0,fading,1,0,30,30,457,457,0,0,0,21.3,28.4,19.6,22.9,29.3,5.4,9.6,0,,21.31,0.591,1.298,0.796,0.0
ce23476,after,grid,request,chat=True,2300,awgn,-6.0,fading,1,0,30,30,457,457,0,0,0,12.3,18.9,13.5,15.3,19.5,5.4,9.6,0,,19.31,0.643,0.648,0.796,0.707
ce23476,after,grid,handover,handover=always,2300,awgn,-6.0,fading,1,0,30,30,457,457,0,0,0,8.9,22.8,11.2,7.5,12.0,21.9,29.3,0,,21.13,0.763,1.258,1.16,0.0
ce23476,after,grid,handover+request,"chat=True,handover=always",2300,awgn,-6.0,fading,1,0,30,30,457,457,0,0,0,8.8,17.1,9.8,7.5,11.8,16.8,20.7,0,,20.72,0.788,1.12,1.16,0.164
ce23476,after,grid,base,,2300,awgn,0.0,fading,1,0,30,30,457,457,0,0,0,7.6,12.9,7.6,8.5,13.4,2.1,3.2,0,,4.91,0.204,1.748,0.796,0.0
ce23476,after,grid,request,chat=True,2300,awgn,0.0,fading,1,0,30,30,457,457,0,0,0,3.0,4.4,3.3,3.0,4.5,2.1,3.2,0,,4.54,0.229,1.037,0.796,0.748
ce23476,after,grid,handover,handover=always,2300,awgn,0.0,fading,1,0,30,30,457,457,0,0,0,3.0,9.7,3.9,2.1,3.8,8.7,12.5,0,,5.33,0.261,2.022,1.16,0.0
ce23476,after,grid,handover+request,"chat=True,handover=always",2300,awgn,0.0,fading,1,0,30,30,457,457,0,0,0,2.1,4.1,2.7,2.1,3.4,3.0,4.8,0,,5.26,0.273,1.827,1.16,0.217
ce23476,after,grid,base,,2300,awgn,6.0,fading,1,0,30,30,457,457,0,0,0,6.8,12.0,6.6,7.8,12.4,1.1,1.2,0,,3.77,0.163,1.761,0.796,0.0
ce23476,after,grid,request,chat=True,2300,awgn,6.0,fading,1,0,30,30,457,457,0,0,0,2.0,3.4,2.3,2.5,3.5,1.1,1.2,0,,3.45,0.183,1.044,0.796,0.748
ce23476,after,grid,handover,handover=always,2300,awgn,6.0,fading,1,0,30,30,457,457,0,0,0,1.1,8.5,2.7,1.1,2.1,8.1,12.1,0,,3.97,0.206,2.039,1.16,0.0
ce23476,after,grid,handover+request,"chat=True,handover=always",2300,awgn,6.0,fading,1,0,30,30,457,457,0,0,0,1.1,3.0,1.6,1.1,2.1,2.0,4.1,0,,3.88,0.214,1.838,1.16,0.219
ce23476,after,grid,base,,2300,awgn,12.0,fading,1,0,30,30,457,457,0,0,0,6.3,11.5,6.2,7.2,11.8,1.1,1.1,0,,3.34,0.147,1.761,0.796,0.0
ce23476,after,grid,request,chat=True,2300,awgn,12.0,fading,1,0,30,30,457,457,0,0,0,2.0,2.5,1.9,2.0,2.5,1.1,1.1,0,,3.03,0.164,1.044,0.796,0.748
ce23476,after,grid,handover,handover=always,2300,awgn,12.0,fading,1,0,30,30,457,457,0,0,0,1.1,8.0,2.5,1.1,1.7,7.2,11.1,0,,3.74,0.196,2.039,1.16,0.0
ce23476,after,grid,handover+request,"chat=True,handover=always",2300,awgn,12.0,fading,1,0,30,30,457,457,0,0,0,1.1,2.0,1.4,1.1,1.7,2.0,2.7,0,,3.65,0.204,1.838,1.16,0.219
ce23476,after,grid,base,,2300,good,-12.0,fading,1,0,30,30,457,455,2,1,0,40.6,64.7,42.2,43.7,66.8,26.8,43.4,0,,43.86,0.746,1.707,0.882,0.0
ce23476,after,grid,request,chat=True,2300,good,-12.0,fading,1,0,30,30,457,439,18,2,0,33.2,54.1,35.7,33.7,54.1,26.4,50.7,0,,39.68,0.787,0.958,0.845,0.593
ce23476,after,grid,handover,handover=always,2300,good,-12.0,fading,1,0,30,30,457,440,17,2,0,31.0,55.3,33.4,27.8,50.1,43.7,65.5,0,,41.96,0.866,1.486,1.368,0.0
ce23476,after,grid,handover+request,"chat=True,handover=always",2300,good,-12.0,fading,1,0,30,30,457,454,3,1,0,28.5,52.2,31.8,26.8,50.6,36.4,61.5,0,,42.29,0.878,1.396,1.381,0.14
ce23476,after,grid,base,,2300,good,-6.0,fading,1,0,30,30,457,447,10,1,0,24.5,38.7,24.5,26.2,39.3,6.6,17.9,0,,25.49,0.635,1.383,0.792,0.0
ce23476,after,grid,request,chat=True,2300,good,-6.0,fading,1,0,30,30,457,439,18,1,0,17.1,28.2,18.3,17.2,30.9,5.6,15.8,0,,22.88,0.684,0.685,0.794,0.683
ce23476,after,grid,handover,handover=always,2300,good,-6.0,fading,1,0,30,30,457,457,0,0,0,11.6,28.3,15.0,10.7,22.0,25.2,36.1,0,,24.79,0.787,1.313,1.186,0.0
ce23476,after,grid,handover+request,"chat=True,handover=always",2300,good,-6.0,fading,1,0,30,30,457,457,0,0,0,11.6,24.1,13.4,10.7,20.0,20.6,33.3,0,,24.1,0.806,1.168,1.182,0.151
ce23476,after,grid,base,,2300,good,0.0,fading,1,0,30,30,457,457,0,0,0,12.1,25.1,13.5,13.8,26.2,5.4,10.4,0,,11.99,0.399,1.748,0.816,0.0
ce23476,after,grid,request,chat=True,2300,good,0.0,fading,1,0,30,30,457,457,0,0,0,7.4,17.2,9.2,9.8,18.1,4.7,8.4,0,,11.78,0.458,1.05,0.821,0.707
ce23476,after,grid,handover,handover=always,2300,good,0.0,fading,1,0,30,30,457,457,0,0,0,6.3,17.6,8.4,5.4,11.6,16.3,24.9,0,,14.11,0.565,1.755,1.201,0.0
ce23476,after,grid,handover+request,"chat=True,handover=always",2300,good,0.0,fading,1,0,30,30,457,457,0,0,0,5.4,14.4,7.3,5.4,11.2,11.8,20.5,0,,14.13,0.592,1.536,1.219,0.206
ce23476,after,grid,base,,2300,good,6.0,fading,1,0,30,30,457,457,0,0,0,7.2,12.8,7.2,8.4,13.0,1.1,3.1,0,,4.31,0.182,1.77,0.801,0.0
ce23476,after,grid,request,chat=True,2300,good,6.0,fading,1,0,30,30,457,457,0,0,0,3.0,4.5,2.9,3.0,4.6,1.1,3.1,0,,3.91,0.201,1.053,0.796,0.753
ce23476,after,grid,handover,handover=always,2300,good,6.0,fading,1,0,30,30,457,457,0,0,0,2.1,9.1,3.5,1.8,4.2,8.6,12.6,0,,4.62,0.231,2.046,1.16,0.0
ce23476,after,grid,handover+request,"chat=True,handover=always",2300,good,6.0,fading,1,0,30,30,457,457,0,0,0,2.1,4.1,2.3,1.8,3.4,3.0,5.7,0,,4.53,0.241,1.842,1.16,0.219
ce23476,after,grid,base,,2300,good,12.0,fading,1,0,30,30,457,457,0,0,0,6.6,11.8,6.5,7.4,11.9,1.1,3.1,0,,3.57,0.155,1.764,0.801,0.0
ce23476,after,grid,request,chat=True,2300,good,12.0,fading,1,0,30,30,457,457,0,0,0,2.0,3.4,2.2,2.0,3.5,1.1,3.1,0,,3.22,0.172,1.044,0.796,0.748
ce23476,after,grid,handover,handover=always,2300,good,12.0,fading,1,0,30,30,457,457,0,0,0,1.1,8.0,2.9,1.1,3.1,7.2,11.9,0,,4.0,0.206,2.042,1.16,0.0
ce23476,after,grid,handover+request,"chat=True,handover=always",2300,good,12.0,fading,1,0,30,30,457,457,0,0,0,1.1,3.1,1.8,1.1,3.1,2.0,3.6,0,,3.96,0.216,1.84,1.16,0.219
ce23476,after,grid,base,,2300,moderate,-12.0,fading,1,0,30,30,457,457,0,0,0,34.0,53.6,35.0,36.6,55.7,17.5,36.4,0,,36.45,0.708,1.344,0.807,0.0
ce23476,after,grid,request,chat=True,2300,moderate,-12.0,fading,1,0,30,30,457,457,0,0,0,27.9,42.8,28.7,28.5,43.8,17.7,36.4,0,,34.18,0.756,0.696,0.807,0.696
ce23476,after,grid,handover,handover=always,2300,moderate,-12.0,fading,1,0,30,30,457,457,0,0,0,23.9,42.7,25.5,21.5,39.1,35.5,49.8,0,,35.36,0.841,1.265,1.175,0.0
ce23476,after,grid,handover+request,"chat=True,handover=always",2300,moderate,-12.0,fading,1,0,30,30,457,457,0,0,0,22.0,40.8,24.3,21.1,37.3,33.2,46.1,0,,35.06,0.858,1.153,1.19,0.164
ce23476,after,grid,base,,2300,moderate,-6.0,fading,1,0,30,30,457,457,0,0,0,22.0,29.8,20.7,23.6,31.0,5.4,14.9,0,,22.43,0.602,1.298,0.796,0.0
ce23476,after,grid,request,chat=True,2300,moderate,-6.0,fading,1,0,30,30,457,457,0,0,0,14.9,20.8,14.5,17.1,21.4,5.4,14.9,0,,20.25,0.653,0.648,0.796,0.707
ce23476,after,grid,handover,handover=always,2300,moderate,-6.0,fading,1,0,30,30,457,457,0,0,0,10.7,25.5,13.1,9.4,18.4,24.0,32.7,0,,22.97,0.775,1.256,1.162,0.0
ce23476,after,grid,handover+request,"chat=True,handover=always",2300,moderate,-6.0,fading,1,0,30,30,457,457,0,0,0,10.7,20.4,11.6,9.1,16.1,18.1,23.4,0,,22.42,0.798,1.12,1.16,0.164
ce23476,after,grid,base,,2300,moderate,0.0,fading,1,0,30,30,457,457,0,0,0,11.2,22.5,12.6,13.3,24.3,4.2,7.9,0,,10.66,0.367,1.737,0.84,0.0
ce23476,after,grid,request,chat=True,2300,moderate,0.0,fading,1,0,30,30,457,457,0,0,0,6.5,17.1,8.5,7.9,17.2,4.4,6.3,0,,10.4,0.417,1.037,0.842,0.735
ce23476,after,grid,handover,handover=always,2300,moderate,0.0,fading,1,0,30,30,457,457,0,0,0,5.4,15.6,7.6,5.4,11.2,13.3,24.9,0,,12.27,0.509,1.757,1.28,0.0
ce23476,after,grid,handover+request,"chat=True,handover=always",2300,moderate,0.0,fading,1,0,30,30,457,457,0,0,0,5.4,12.1,6.7,5.4,10.7,11.6,18.6,0,,12.91,0.556,1.523,1.267,0.204
ce23476,after,grid,base,,2300,moderate,6.0,fading,1,0,30,30,457,457,0,0,0,7.2,12.5,7.2,8.3,12.7,1.1,3.2,0,,4.27,0.18,1.772,0.799,0.0
ce23476,after,grid,request,chat=True,2300,moderate,6.0,fading,1,0,30,30,457,457,0,0,0,3.0,4.1,2.8,3.0,4.4,1.1,3.1,0,,3.86,0.2,1.048,0.799,0.751
ce23476,after,grid,handover,handover=always,2300,moderate,6.0,fading,1,0,30,30,457,457,0,0,0,2.1,8.9,3.3,1.1,3.9,8.1,12.5,0,,4.45,0.225,2.044,1.175,0.0
ce23476,after,grid,handover+request,"chat=True,handover=always",2300,moderate,6.0,fading,1,0,30,30,457,457,0,0,0,2.0,4.1,2.2,1.3,3.2,3.0,4.6,0,,4.39,0.235,1.849,1.164,0.221
ce23476,after,grid,base,,2300,moderate,12.0,fading,1,0,30,30,457,457,0,0,0,6.5,11.7,6.3,7.3,11.9,1.1,3.1,0,,3.46,0.152,1.761,0.796,0.0
ce23476,after,grid,request,chat=True,2300,moderate,12.0,fading,1,0,30,30,457,457,0,0,0,2.0,3.1,2.1,2.0,3.3,1.1,3.1,0,,3.14,0.169,1.044,0.796,0.748
ce23476,after,grid,handover,handover=always,2300,moderate,12.0,fading,1,0,30,30,457,457,0,0,0,1.1,8.2,2.8,1.1,3.1,7.2,11.6,0,,3.95,0.204,2.039,1.16,0.0
ce23476,after,grid,handover+request,"chat=True,handover=always",2300,moderate,12.0,fading,1,0,30,30,457,457,0,0,0,1.1,3.1,1.6,1.1,3.1,2.0,3.5,0,,3.84,0.212,1.838,1.16,0.219
ce23476,after,grid,base,,2300,poor,-12.0,fading,1,0,30,30,457,457,0,0,0,32.0,49.3,32.5,35.2,51.5,14.2,26.8,0,,34.06,0.695,1.304,0.796,0.0
ce23476,after,grid,request,chat=True,2300,poor,-12.0,fading,1,0,30,30,457,457,0,0,0,25.7,42.8,26.3,27.9,42.8,12.9,29.3,0,,31.96,0.746,0.646,0.799,0.707
ce23476,after,grid,handover,handover=always,2300,poor,-12.0,fading,1,0,30,30,457,457,0,0,0,22.4,39.6,24.3,21.4,36.4,34.7,48.1,0,,33.97,0.833,1.263,1.16,0.0
ce23476,after,grid,handover+request,"chat=True,handover=always",2300,poor,-12.0,fading,1,0,30,30,457,457,0,0,0,21.5,36.4,22.5,20.3,34.6,28.2,42.8,0,,33.22,0.851,1.125,1.16,0.164
ce23476,after,grid,base,,2300,poor,-6.0,fading,1,0,30,30,457,457,0,0,0,22.2,31.1,21.2,23.8,32.0,5.4,14.9,0,,22.85,0.606,1.298,0.796,0.0
ce23476,after,grid,request,chat=True,2300,poor,-6.0,fading,1,0,30,30,457,457,0,0,0,14.9,22.5,15.3,17.1,22.5,6.5,14.9,0,,21.0,0.66,0.648,0.796,0.707
ce23476,after,grid,handover,handover=always,2300,poor,-6.0,fading,1,0,30,30,457,457,0,0,0,10.7,25.2,13.1,9.1,19.5,23.5,32.5,0,,22.92,0.774,1.258,1.16,0.0
ce23476,after,grid,handover+request,"chat=True,handover=always",2300,poor,-6.0,fading,1,0,30,30,457,457,0,0,0,10.7,20.2,11.6,9.4,17.2,17.2,22.9,0,,22.43,0.797,1.12,1.16,0.164
ce23476,after,grid,base,,2300,poor,0.0,fading,1,0,30,30,457,457,0,0,0,10.9,21.2,11.5,12.3,21.8,4.2,6.3,0,,9.18,0.327,1.803,0.856,0.0
ce23476,after,grid,request,chat=True,2300,poor,0.0,fading,1,0,30,30,457,457,0,0,0,6.1,14.6,7.3,6.3,15.7,4.2,6.0,0,,8.69,0.365,1.118,0.851,0.746
ce23476,after,grid,handover,handover=always,2300,poor,0.0,fading,1,0,30,30,457,457,0,0,0,5.3,14.2,6.7,4.3,8.8,12.4,21.9,0,,10.07,0.434,1.961,1.291,0.0
ce23476,after,grid,handover+request,"chat=True,handover=always",2300,poor,0.0,fading,1,0,30,30,457,457,0,0,0,5.3,10.7,5.6,4.2,8.5,7.2,16.3,0,,10.42,0.471,1.713,1.302,0.199
ce23476,after,grid,base,,2300,poor,6.0,fading,1,0,30,30,457,457,0,0,0,7.2,12.4,7.0,8.1,12.7,1.1,3.1,0,,4.08,0.174,1.761,0.801,0.0
ce23476,after,grid,request,chat=True,2300,poor,6.0,fading,1,0,30,30,457,457,0,0,0,3.0,4.1,2.7,3.0,4.1,1.1,3.1,0,,3.76,0.196,1.046,0.796,0.751
ce23476,after,grid,handover,handover=always,2300,poor,6.0,fading,1,0,30,30,457,457,0,0,0,2.1,9.2,3.2,1.1,3.2,8.1,12.1,0,,4.35,0.221,2.044,1.162,0.0
ce23476,after,grid,handover+request,"chat=True,handover=always",2300,poor,6.0,fading,1,0,30,30,457,457,0,0,0,1.8,3.2,1.9,1.1,3.1,3.0,4.1,0,,4.16,0.226,1.84,1.164,0.219
ce23476,after,grid,base,,2300,poor,12.0,fading,1,0,30,30,457,457,0,0,0,6.4,11.6,6.3,7.2,11.8,1.1,3.1,0,,3.48,0.152,1.761,0.796,0.0
ce23476,after,grid,request,chat=True,2300,poor,12.0,fading,1,0,30,30,457,457,0,0,0,2.0,3.1,2.1,2.0,3.2,1.1,3.1,0,,3.19,0.171,1.044,0.796,0.748
ce23476,after,grid,handover,handover=always,2300,poor,12.0,fading,1,0,30,30,457,457,0,0,0,1.1,8.2,2.9,1.1,3.1,7.2,11.1,0,,4.06,0.209,2.039,1.16,0.0
ce23476,after,grid,handover+request,"chat=True,handover=always",2300,poor,12.0,fading,1,0,30,30,457,457,0,0,0,1.1,3.1,1.7,1.1,3.1,2.0,3.2,0,,3.97,0.218,1.838,1.16,0.219
ce23476,after,grid,base,,500,awgn,-12.0,fading,1,0,30,30,457,457,0,0,0,31.9,47.9,31.8,35.1,49.5,14.2,21.5,0,,33.41,0.692,1.298,0.796,0.0
ce23476,after,grid,request,chat=True,500,awgn,-12.0,fading,1,0,30,30,457,457,0,0,0,22.9,42.8,25.7,27.9,42.8,14.2,21.5,0,,31.42,0.744,0.648,0.796,0.707
ce23476,after,grid,handover,handover=always,500,awgn,-12.0,fading,1,0,30,30,457,457,0,0,0,19.0,37.8,21.2,16.6,27.6,34.0,46.3,0,,31.08,0.824,1.258,1.16,0.0
ce23476,after,grid,handover+request,"chat=True,handover=always",500,awgn,-12.0,fading,1,0,30,30,457,457,0,0,0,18.0,33.2,19.8,16.6,27.0,28.1,42.8,0,,30.68,0.845,1.12,1.16,0.164
ce23476,after,grid,base,,500,awgn,-6.0,fading,1,0,30,30,457,457,0,0,0,26.8,37.2,24.8,28.4,37.7,9.6,10.9,0,,26.56,0.642,1.298,0.796,0.0
ce23476,after,grid,request,chat=True,500,awgn,-6.0,fading,1,0,30,30,457,457,0,0,0,17.6,27.9,18.8,22.5,27.9,9.6,10.9,0,,24.57,0.696,0.648,0.796,0.707
ce23476,after,grid,handover,handover=always,500,awgn,-6.0,fading,1,0,30,30,457,457,0,0,0,11.6,29.5,14.9,10.7,18.4,28.0,36.0,0,,24.84,0.791,1.258,1.16,0.0
ce23476,after,grid,handover+request,"chat=True,handover=always",500,awgn,-6.0,fading,1,0,30,30,457,457,0,0,0,11.6,22.8,13.5,10.7,17.7,22.1,29.4,0,,24.44,0.814,1.12,1.16,0.164
ce23476,after,grid,base,,500,awgn,0.0,fading,1,0,30,30,457,457,0,0,0,11.4,17.8,11.0,12.7,18.4,3.2,4.2,0,,7.95,0.289,1.761,0.796,0.0
ce23476,after,grid,request,chat=True,500,awgn,0.0,fading,1,0,30,30,457,457,0,0,0,6.5,10.4,6.8,7.2,10.4,3.2,4.2,0,,7.64,0.328,1.044,0.796,0.748
ce23476,after,grid,handover,handover=always,500,awgn,0.0,fading,1,0,30,30,457,457,0,0,0,4.2,13.2,5.7,3.2,8.4,12.8,18.2,0,,6.85,0.308,2.039,1.16,0.0
ce23476,after,grid,handover+request,"chat=True,handover=always",500,awgn,0.0,fading,1,0,30,30,457,457,0,0,0,4.2,9.3,4.5,3.2,6.3,7.2,10.4,0,,6.76,0.321,1.838,1.16,0.219
ce23476,after,grid,base,,500,awgn,6.0,fading,1,0,30,30,457,457,0,0,0,7.8,13.1,7.5,8.7,13.5,1.8,2.1,0,,4.72,0.196,1.761,0.796,0.0
ce23476,after,grid,request,chat=True,500,awgn,6.0,fading,1,0,30,30,457,457,0,0,0,3.0,5.1,3.3,4.1,5.1,1.8,2.1,0,,4.42,0.223,1.044,0.796,0.748
ce23476,after,grid,handover,handover=always,500,awgn,6.0,fading,1,0,30,30,457,457,0,0,0,2.1,9.6,3.4,2.1,3.2,8.8,13.0,0,,4.67,0.234,2.039,1.16,0.0
ce23476,after,grid,handover+request,"chat=True,handover=always",500,awgn,6.0,fading,1,0,30,30,457,457,0,0,0,2.1,4.1,2.3,2.1,3.2,3.5,5.1,0,,4.58,0.244,1.838,1.16,0.219
ce23476,after,grid,base,,500,awgn,12.0,fading,1,0,30,30,457,457,0,0,0,6.7,11.9,6.6,7.8,12.4,1.1,2.1,0,,3.76,0.163,1.761,0.796,0.0
ce23476,after,grid,request,chat=True,500,awgn,12.0,fading,1,0,30,30,457,457,0,0,0,2.0,3.2,2.4,2.6,3.4,1.1,1.9,0,,3.45,0.183,1.044,0.796,0.748
ce23476,after,grid,handover,handover=always,500,awgn,12.0,fading,1,0,30,30,457,457,0,0,0,1.1,8.5,2.7,1.1,2.1,8.1,11.9,0,,3.97,0.206,2.039,1.16,0.0
ce23476,after,grid,handover+request,"chat=True,handover=always",500,awgn,12.0,fading,1,0,30,30,457,457,0,0,0,1.1,3.0,1.6,1.1,2.1,2.5,3.8,0,,3.9,0.215,1.838,1.16,0.219
ce23476,after,grid,base,,500,good,-12.0,fading,1,0,30,30,457,455,2,1,0,40.9,64.7,41.9,43.8,67.0,25.7,47.5,0,,43.61,0.745,1.702,0.906,0.0
ce23476,after,grid,request,chat=True,500,good,-12.0,fading,1,0,30,30,457,457,0,0,0,33.2,54.2,35.8,33.8,54.3,26.8,50.7,0,,41.12,0.786,1.022,0.88,0.63
ce23476,after,grid,handover,handover=always,500,good,-12.0,fading,1,0,30,30,457,444,13,3,0,31.1,54.2,33.5,28.9,50.1,41.8,64.6,0,,42.6,0.869,1.396,1.359,0.0
ce23476,after,grid,handover+request,"chat=True,handover=always",500,good,-12.0,fading,1,0,30,30,457,453,4,2,0,29.1,52.2,32.3,27.7,49.8,36.7,62.9,0,,42.73,0.877,1.414,1.407,0.138
ce23476,after,grid,base,,500,good,-6.0,fading,1,0,30,30,457,417,40,3,0,28.7,43.2,28.9,30.7,44.0,10.7,22.3,0,,27.95,0.667,1.265,0.733,0.0
ce23476,after,grid,request,chat=True,500,good,-6.0,fading,1,0,30,30,457,450,7,1,0,22.5,33.5,22.8,22.5,37.1,11.7,24.9,0,,27.71,0.711,0.742,0.821,0.685
ce23476,after,grid,handover,handover=always,500,good,-6.0,fading,1,0,30,30,457,421,36,3,0,17.0,34.2,19.6,15.2,27.4,33.0,48.5,0,,27.22,0.807,1.23,1.098,0.0
ce23476,after,grid,handover+request,"chat=True,handover=always",500,good,-6.0,fading,1,0,30,30,457,407,50,3,1,16.1,28.5,17.8,14.9,25.8,25.4,40.0,0,,26.35,0.8,1.186,1.061,0.142
ce23476,after,grid,base,,500,good,0.0,fading,1,0,30,30,457,444,13,1,0,17.8,32.7,18.7,20.7,33.8,6.2,14.8,0,,17.23,0.504,1.961,0.805,0.0
ce23476,after,grid,request,chat=True,500,good,0.0,fading,1,0,30,30,457,431,26,2,0,14.7,27.1,15.5,17.1,27.9,7.4,15.0,0,,17.27,0.572,1.085,0.794,0.663
ce23476,after,grid,handover,handover=always,500,good,0.0,fading,1,0,30,30,457,436,21,2,0,10.6,25.5,12.2,8.2,18.2,24.0,33.2,0,,17.47,0.636,1.729,1.239,0.0
ce23476,after,grid,handover+request,"chat=True,handover=always",500,good,0.0,fading,1,0,30,30,457,436,21,2,0,9.0,20.9,10.8,8.0,17.4,17.2,28.3,0,,16.78,0.642,1.635,1.19,0.197
ce23476,after,grid,base,,500,good,6.0,fading,1,0,30,30,457,457,0,0,0,9.7,16.3,9.9,11.3,16.8,3.1,6.4,0,,6.94,0.263,1.814,0.814,0.0
ce23476,after,grid,request,chat=True,500,good,6.0,fading,1,0,30,30,457,457,0,0,0,4.6,10.9,5.7,5.1,11.4,3.1,7.2,0,,6.61,0.297,1.101,0.807,0.735
ce23476,after,grid,handover,handover=always,500,good,6.0,fading,1,0,30,30,457,457,0,0,0,3.2,12.3,5.5,3.1,8.2,12.0,20.9,0,,7.06,0.321,2.077,1.19,0.0
ce23476,after,grid,handover+request,"chat=True,handover=always",500,good,6.0,fading,1,0,30,30,457,457,0,0,0,3.2,7.9,4.1,3.0,6.3,5.1,12.2,0,,6.78,0.328,1.875,1.188,0.214
ce23476,after,grid,base,,500,good,12.0,fading,1,0,30,30,457,457,0,0,0,7.3,12.8,7.3,8.4,12.9,1.5,3.2,0,,4.35,0.183,1.781,0.803,0.0
ce23476,after,grid,request,chat=True,500,good,12.0,fading,1,0,30,30,457,457,0,0,0,3.0,5.1,3.0,3.0,5.1,1.4,4.1,0,,4.07,0.208,1.059,0.796,0.746
ce23476,after,grid,handover,handover=always,500,good,12.0,fading,1,0,30,30,457,457,0,0,0,2.1,9.2,3.5,1.8,5.2,8.2,13.8,0,,4.62,0.231,2.048,1.164,0.0
ce23476,after,grid,handover+request,"chat=True,handover=always",500,good,12.0,fading,1,0,30,30,457,457,0,0,0,2.1,4.2,2.4,1.9,4.2,3.0,5.6,0,,4.58,0.242,1.847,1.164,0.219
ce23476,after,grid,base,,500,moderate,-12.0,fading,1,0,30,30,457,457,0,0,0,34.4,53.4,35.2,36.6,55.4,21.5,36.4,0,,36.76,0.711,1.326,0.805,0.0
ce23476,after,grid,request,chat=True,500,moderate,-12.0,fading,1,0,30,30,457,457,0,0,0,27.9,42.8,29.0,28.5,43.6,20.3,36.4,0,,34.49,0.757,0.676,0.807,0.698
ce23476,after,grid,handover,handover=always,500,moderate,-12.0,fading,1,0,30,30,457,457,0,0,0,25.7,42.8,27.1,23.9,41.0,35.9,51.7,0,,36.79,0.844,1.293,1.173,0.0
ce23476,after,grid,handover+request,"chat=True,handover=always",500,moderate,-12.0,fading,1,0,30,30,457,457,0,0,0,24.7,41.7,25.8,22.5,40.7,31.8,46.1,0,,36.52,0.864,1.166,1.195,0.164
ce23476,after,grid,base,,500,moderate,-6.0,fading,1,0,30,30,457,457,0,0,0,26.9,37.7,25.8,28.6,38.4,10.7,20.3,0,,27.47,0.649,1.298,0.796,0.0
ce23476,after,grid,request,chat=True,500,moderate,-6.0,fading,1,0,30,30,457,457,0,0,0,18.9,27.9,19.5,22.5,29.3,10.7,20.3,0,,25.24,0.701,0.648,0.796,0.707
ce23476,after,grid,handover,handover=always,500,moderate,-6.0,fading,1,0,30,30,457,457,0,0,0,14.9,30.7,16.8,12.0,22.4,28.6,39.3,0,,26.62,0.799,1.258,1.16,0.0
ce23476,after,grid,handover+request,"chat=True,handover=always",500,moderate,-6.0,fading,1,0,30,30,457,457,0,0,0,14.9,25.8,15.7,12.6,22.2,22.7,33.1,0,,26.55,0.823,1.12,1.16,0.164
ce23476,after,grid,base,,500,moderate,0.0,fading,1,0,30,30,457,457,0,0,0,20.9,35.7,21.2,23.7,36.7,6.3,13.8,0,,20.2,0.535,1.764,0.884,0.0
ce23476,after,grid,request,chat=True,500,moderate,0.0,fading,1,0,30,30,457,457,0,0,0,17.0,27.9,17.0,17.6,28.7,7.7,15.5,0,,19.55,0.583,1.16,0.897,0.705
ce23476,after,grid,handover,handover=always,500,moderate,0.0,fading,1,0,30,30,457,455,2,1,0,11.2,27.3,13.9,10.7,19.7,26.2,36.4,0,,21.01,0.691,1.731,1.298,0.0
ce23476,after,grid,handover+request,"chat=True,handover=always",500,moderate,0.0,fading,1,0,30,30,457,450,7,2,0,10.7,22.8,12.6,10.7,18.2,19.7,27.9,0,,20.22,0.703,1.58,1.315,0.186
ce23476,after,grid,base,,500,moderate,6.0,fading,1,0,30,30,457,457,0,0,0,9.9,17.2,10.3,11.1,17.7,3.2,6.3,0,,7.4,0.275,1.775,0.821,0.0
ce23476,after,grid,request,chat=True,500,moderate,6.0,fading,1,0,30,30,457,457,0,0,0,5.1,10.4,6.1,5.5,11.4,3.2,5.6,0,,6.96,0.308,1.057,0.812,0.737
ce23476,after,grid,handover,handover=always,500,moderate,6.0,fading,1,0,30,30,457,457,0,0,0,4.2,11.6,5.4,3.2,6.3,10.8,17.5,0,,6.66,0.304,2.057,1.195,0.0
ce23476,after,grid,handover+request,"chat=True,handover=always",500,moderate,6.0,fading,1,0,30,30,457,457,0,0,0,3.2,6.7,4.0,3.2,6.2,5.1,11.3,0,,6.1,0.297,1.871,1.206,0.219
ce23476,after,grid,base,,500,moderate,12.0,fading,1,0,30,30,457,457,0,0,0,7.3,12.6,7.4,8.4,12.8,2.1,4.2,0,,4.42,0.185,1.764,0.796,0.0
ce23476,after,grid,request,chat=True,500,moderate,12.0,fading,1,0,30,30,457,457,0,0,0,3.0,5.1,3.0,3.0,5.1,1.1,4.2,0,,4.02,0.206,1.046,0.799,0.748
ce23476,after,grid,handover,handover=always,500,moderate,12.0,fading,1,0,30,30,457,457,0,0,0,2.1,8.7,3.5,2.1,4.2,8.2,12.1,0,,4.57,0.228,2.039,1.16,0.0
ce23476,after,grid,handover+request,"chat=True,handover=always",500,moderate,12.0,fading,1,0,30,30,457,457,0,0,0,2.1,4.2,2.3,2.1,3.6,3.0,5.1,0,,4.5,0.239,1.836,1.16,0.221
ce23476,after,grid,base,,500,poor,-12.0,fading,1,0,30,30,457,457,0,0,0,32.3,49.3,33.2,35.2,51.7,20.3,31.0,0,,34.77,0.699,1.298,0.796,0.0
ce23476,after,grid,request,chat=True,500,poor,-12.0,fading,1,0,30,30,457,457,0,0,0,26.8,42.8,27.3,27.9,42.8,20.3,31.0,0,,32.87,0.751,0.646,0.796,0.707
ce23476,after,grid,handover,handover=always,500,poor,-12.0,fading,1,0,30,30,457,457,0,0,0,25.1,41.2,25.6,21.9,36.6,34.7,47.9,0,,35.32,0.838,1.258,1.16,0.0
ce23476,after,grid,handover+request,"chat=True,handover=always",500,poor,-12.0,fading,1,0,30,30,457,457,0,0,0,22.5,36.4,24.0,21.5,36.4,28.1,42.8,0,,34.67,0.856,1.118,1.162,0.164
ce23476,after,grid,base,,500,poor,-6.0,fading,1,0,30,30,457,457,0,0,0,26.8,37.6,25.4,28.4,38.5,10.7,20.3,0,,27.11,0.647,1.298,0.796,0.0
ce23476,after,grid,request,chat=True,500,poor,-6.0,fading,1,0,30,30,457,457,0,0,0,18.6,27.9,19.3,22.5,28.7,10.7,20.3,0,,25.11,0.7,0.648,0.796,0.707
ce23476,after,grid,handover,handover=always,500,poor,-6.0,fading,1,0,30,30,457,457,0,0,0,14.5,31.1,16.6,11.6,23.1,30.0,38.9,0,,26.41,0.798,1.258,1.16,0.0
ce23476,after,grid,handover+request,"chat=True,handover=always",500,poor,-6.0,fading,1,0,30,30,457,457,0,0,0,14.9,25.7,15.4,12.6,21.5,22.7,31.1,0,,26.2,0.821,1.12,1.16,0.164
ce23476,after,grid,base,,500,poor,0.0,fading,1,0,30,30,457,441,16,1,0,17.7,33.5,18.8,20.0,34.5,6.0,11.5,0,,16.72,0.49,1.832,0.864,0.0
ce23476,after,grid,request,chat=True,500,poor,0.0,fading,1,0,30,30,457,451,6,1,0,12.7,25.7,14.3,16.2,26.6,5.4,10.7,0,,15.77,0.516,1.225,0.921,0.713
ce23476,after,grid,handover,handover=always,500,poor,0.0,fading,1,0,30,30,457,441,16,1,0,10.5,25.5,12.3,8.4,18.8,23.2,34.7,0,,17.13,0.615,1.764,1.354,0.0
ce23476,after,grid,handover+request,"chat=True,handover=always",500,poor,0.0,fading,1,0,30,30,457,449,8,2,0,10.2,22.7,11.6,8.7,18.7,17.1,27.7,0,,17.95,0.648,1.702,1.398,0.201
ce23476,after,grid,base,,500,poor,6.0,fading,1,0,30,30,457,457,0,0,0,8.9,15.0,8.9,10.2,15.4,3.1,5.3,0,,5.95,0.234,1.766,0.812,0.0
ce23476,after,grid,request,chat=True,500,poor,6.0,fading,1,0,30,30,457,457,0,0,0,4.1,8.0,4.7,4.2,9.3,2.8,5.2,0,,5.54,0.261,1.057,0.818,0.748
ce23476,after,grid,handover,handover=always,500,poor,6.0,fading,1,0,30,30,457,457,0,0,0,3.2,10.4,4.6,3.2,5.3,9.8,15.0,0,,5.84,0.276,2.046,1.186,0.0
ce23476,after,grid,handover+request,"chat=True,handover=always",500,poor,6.0,fading,1,0,30,30,457,457,0,0,0,3.2,6.3,3.8,3.2,5.3,5.1,10.6,0,,5.94,0.293,1.847,1.195,0.219
ce23476,after,grid,base,,500,poor,12.0,fading,1,0,30,30,457,457,0,0,0,7.1,12.4,7.0,8.0,12.6,1.1,3.1,0,,4.11,0.175,1.761,0.796,0.0
ce23476,after,grid,request,chat=True,500,poor,12.0,fading,1,0,30,30,457,457,0,0,0,3.0,4.1,2.8,3.0,4.3,1.4,3.1,0,,3.84,0.199,1.044,0.796,0.746
ce23476,after,grid,handover,handover=always,500,poor,12.0,fading,1,0,30,30,457,457,0,0,0,2.1,8.8,3.3,1.9,4.2,8.2,11.9,0,,4.48,0.226,2.037,1.162,0.0
ce23476,after,grid,handover+request,"chat=True,handover=always",500,poor,12.0,fading,1,0,30,30,457,457,0,0,0,2.1,4.1,2.2,1.9,4.0,3.0,4.4,0,,4.41,0.236,1.838,1.16,0.219
f17fec5,before,drops,base,,2300,good,-12.0,fading,1,100,100,100,1534,1522,12,1,0,38.4,63.3,40.7,41.0,64.8,26.4,46.0,0,,42.65,0.752,1.304,0.915,0.0
f17fec5,before,drops,request,chat=True,2300,good,-12.0,fading,1,100,100,100,1534,1534,0,0,0,32.9,54.8,35.2,33.2,56.9,25.7,44.4,0,,40.85,0.791,0.772,0.889,0.642
f17fec5,before,drops,handover,handover=always,2300,good,-12.0,fading,1,100,100,100,1534,1523,11,2,0,29.7,54.8,32.7,26.8,50.7,42.7,66.1,0,,42.93,0.878,1.225,1.383,0.0
f17fec5,before,drops,handover+request,"chat=True,handover=always",2300,good,-12.0,fading,1,100,100,100,1534,1528,6,1,0,28.1,52.0,31.3,26.8,49.3,37.8,59.8,0,,42.25,0.888,1.063,1.441,0.141
f17fec5,before,drops,base,,2300,good,-6.0,fading,1,100,100,100,1534,1534,0,0,0,24.1,36.1,23.6,26.1,37.7,7.5,16.5,0,,25.39,0.634,1.281,0.795,0.0
f17fec5,before,drops,request,chat=True,2300,good,-6.0,fading,1,100,100,100,1534,1534,0,0,0,17.1,28.2,18.0,17.2,30.1,6.2,16.1,0,,23.56,0.685,0.653,0.799,0.698
f17fec5,before,drops,handover,handover=always,2300,good,-6.0,fading,1,100,100,100,1534,1534,0,0,0,12.0,29.4,15.3,10.7,21.5,26.5,40.4,0,,25.16,0.795,1.244,1.174,0.0
f17fec5,before,drops,handover+request,"chat=True,handover=always",2300,good,-6.0,fading,1,100,100,100,1534,1534,0,0,0,11.8,22.8,13.6,10.7,21.0,19.1,31.1,0,,24.41,0.814,1.109,1.179,0.15
f17fec5,before,drops,base,,2300,good,0.0,fading,1,100,100,100,1534,1534,0,0,0,12.6,25.1,13.6,14.4,25.9,5.4,9.5,0,,12.77,0.425,1.62,0.8,0.0
f17fec5,before,drops,request,chat=True,2300,good,0.0,fading,1,100,100,100,1534,1534,0,0,0,7.4,17.2,9.1,9.0,17.2,5.3,10.0,0,,11.8,0.463,0.967,0.81,0.72
f17fec5,before,drops,handover,handover=always,2300,good,0.0,fading,1,100,100,100,1534,1534,0,0,0,6.0,17.9,8.6,5.4,11.7,16.3,27.8,0,,14.71,0.589,1.64,1.182,0.0
f17fec5,before,drops,handover+request,"chat=True,handover=always",2300,good,0.0,fading,1,100,100,100,1534,1534,0,0,0,5.8,14.2,7.5,5.4,11.4,11.8,20.0,0,,14.73,0.616,1.455,1.196,0.182
f17fec5,before,drops,base,,2300,moderate,-12.0,fading,1,100,100,100,1534,1534,0,0,0,33.9,51.7,34.3,36.4,53.3,19.8,36.4,0,,35.96,0.71,1.273,0.799,0.0
f17fec5,before,drops,request,chat=True,2300,moderate,-12.0,fading,1,100,100,100,1534,1534,0,0,0,27.9,42.8,28.5,27.9,44.0,17.9,36.4,0,,33.95,0.756,0.656,0.8,0.696
f17fec5,before,drops,handover,handover=always,2300,moderate,-12.0,fading,1,100,100,100,1534,1534,0,0,0,24.8,42.2,26.1,21.6,38.2,36.7,52.7,0,,35.92,0.845,1.242,1.183,0.0
f17fec5,before,drops,handover+request,"chat=True,handover=always",2300,moderate,-12.0,fading,1,100,100,100,1534,1534,0,0,0,23.5,40.1,24.7,21.5,37.4,32.3,46.0,0,,35.49,0.863,1.102,1.198,0.143
f17fec5,before,drops,base,,2300,moderate,-6.0,fading,1,100,100,100,1534,1534,0,0,0,21.7,30.3,20.7,23.3,31.2,5.5,14.9,0,,22.44,0.605,1.272,0.787,0.0
f17fec5,before,drops,request,chat=True,2300,moderate,-6.0,fading,1,100,100,100,1534,1534,0,0,0,14.9,21.4,14.7,17.1,22.5,5.4,14.9,0,,20.37,0.655,0.638,0.787,0.701
f17fec5,before,drops,handover,handover=always,2300,moderate,-6.0,fading,1,100,100,100,1534,1534,0,0,0,10.7,24.3,12.9,9.4,17.6,23.1,32.8,0,,22.78,0.778,1.241,1.153,0.0
f17fec5,before,drops,handover+request,"chat=True,handover=always",2300,moderate,-6.0,fading,1,100,100,100,1534,1534,0,0,0,10.7,19.8,11.6,9.3,17.4,17.2,24.8,0,,22.4,0.8,1.114,1.153,0.149
f17fec5,before,drops,base,,2300,moderate,0.0,fading,1,100,100,100,1534,1534,0,0,0,11.4,22.2,12.2,13.1,23.2,4.2,7.3,0,,10.33,0.361,1.692,0.831,0.0
f17fec5,before,drops,request,chat=True,2300,moderate,0.0,fading,1,100,100,100,1534,1534,0,0,0,6.3,17.0,8.4,7.2,17.1,5.3,8.2,0,,10.28,0.414,0.993,0.836,0.729
f17fec5,before,drops,handover,handover=always,2300,moderate,0.0,fading,1,100,100,100,1534,1534,0,0,0,5.6,16.1,7.8,5.4,10.7,14.7,25.5,0,,12.57,0.519,1.75,1.241,0.0
f17fec5,before,drops,handover+request,"chat=True,handover=always",2300,moderate,0.0,fading,1,100,100,100,1534,1534,0,0,0,5.4,12.2,6.6,5.3,10.7,10.3,19.0,0,,12.31,0.535,1.578,1.245,0.186
f17fec5,before,drops,base,,2300,poor,-12.0,fading,1,100,100,100,1534,1534,0,0,0,32.1,49.5,32.5,34.9,50.9,16.1,31.0,0,,34.1,0.697,1.271,0.788,0.0
f17fec5,before,drops,request,chat=True,2300,poor,-12.0,fading,1,100,100,100,1534,1534,0,0,0,26.5,42.8,26.8,27.9,42.8,16.1,31.0,0,,32.33,0.748,0.64,0.787,0.701
f17fec5,before,drops,handover,handover=always,2300,poor,-12.0,fading,1,100,100,100,1534,1534,0,0,0,22.0,39.6,23.9,20.3,36.4,35.2,49.2,0,,33.66,0.836,1.241,1.154,0.0
f17fec5,before,drops,handover+request,"chat=True,handover=always",2300,poor,-12.0,fading,1,100,100,100,1534,1534,0,0,0,21.5,36.4,22.4,20.3,35.1,29.1,44.4,0,,33.12,0.853,1.114,1.155,0.149
f17fec5,before,drops,base,,2300,poor,-6.0,fading,1,100,100,100,1534,1534,0,0,0,21.9,31.1,21.1,23.8,32.2,6.8,14.9,0,,22.79,0.608,1.272,0.787,0.0
f17fec5,before,drops,request,chat=True,2300,poor,-6.0,fading,1,100,100,100,1534,1534,0,0,0,14.9,22.0,15.0,17.1,22.5,6.6,15.1,0,,20.61,0.657,0.638,0.787,0.701
f17fec5,before,drops,handover,handover=always,2300,poor,-6.0,fading,1,100,100,100,1534,1534,0,0,0,10.9,24.6,13.2,10.0,17.8,23.9,34.0,0,,23.1,0.78,1.241,1.153,0.0
f17fec5,before,drops,handover+request,"chat=True,handover=always",2300,poor,-6.0,fading,1,100,100,100,1534,1534,0,0,0,11.0,20.0,11.9,10.0,17.2,17.6,25.1,0,,22.73,0.802,1.114,1.153,0.149
f17fec5,before,drops,base,,2300,poor,0.0,fading,1,100,100,100,1534,1534,0,0,0,10.5,19.7,11.0,12.0,20.6,4.2,6.3,0,,8.78,0.32,1.768,0.849,0.0
f17fec5,before,drops,request,chat=True,2300,poor,0.0,fading,1,100,100,100,1534,1534,0,0,0,6.1,14.4,7.3,6.3,15.1,3.2,6.6,0,,8.88,0.374,1.053,0.843,0.729
f17fec5,before,drops,handover,handover=always,2300,poor,0.0,fading,1,100,100,100,1534,1526,8,1,0,5.3,14.2,6.6,4.2,8.8,13.4,25.3,0,,10.21,0.445,1.882,1.277,0.0
f17fec5,before,drops,handover+request,"chat=True,handover=always",2300,poor,0.0,fading,1,100,100,100,1534,1534,0,0,0,4.3,11.0,5.5,4.2,8.2,8.2,17.3,0,,10.16,0.464,1.718,1.298,0.194
f17fec5,before,drops,base,,500,good,-12.0,fading,1,100,100,100,1534,1522,12,1,0,38.5,63.6,40.8,41.2,65.5,26.6,46.5,0,,42.68,0.751,1.304,0.902,0.0
f17fec5,before,drops,request,chat=True,500,good,-12.0,fading,1,100,100,100,1534,1534,0,0,0,33.2,55.5,35.4,33.5,57.3,25.7,46.0,0,,41.1,0.794,0.748,0.889,0.643
f17fec5,before,drops,handover,handover=always,500,good,-12.0,fading,1,100,100,100,1534,1528,6,1,0,30.3,53.9,33.0,27.1,50.1,40.3,63.1,0,,43.22,0.878,1.251,1.384,0.0
f17fec5,before,drops,handover+request,"chat=True,handover=always",500,good,-12.0,fading,1,100,100,100,1534,1528,6,1,0,29.1,51.4,31.7,26.9,48.5,37.9,61.7,0,,42.73,0.891,1.08,1.427,0.14
f17fec5,before,drops,base,,500,good,-6.0,fading,1,100,100,100,1534,1518,16,2,0,28.4,42.5,28.2,30.7,43.9,10.7,21.5,0,,29.6,0.67,1.28,0.799,0.0
f17fec5,before,drops,request,chat=True,500,good,-6.0,fading,1,100,100,100,1534,1514,20,1,1,22.5,33.2,22.2,22.5,33.6,10.7,21.5,0,,27.7,0.715,0.684,0.789,0.686
f17fec5,before,drops,handover,handover=always,500,good,-6.0,fading,1,100,100,100,1534,1529,5,1,0,16.3,33.7,18.8,14.9,26.8,30.9,43.5,0,,28.59,0.813,1.235,1.173,0.0
f17fec5,before,drops,handover+request,"chat=True,handover=always",500,good,-6.0,fading,1,100,100,100,1534,1534,0,0,0,16.1,29.8,17.5,14.0,26.8,23.9,38.2,0,,28.22,0.833,1.115,1.179,0.149
f17fec5,before,drops,base,,500,good,0.0,fading,1,100,100,100,1534,1525,9,2,0,18.1,32.6,19.1,21.0,33.5,6.3,13.9,0,,18.22,0.513,1.698,0.821,0.0
f17fec5,before,drops,request,chat=True,500,good,0.0,fading,1,100,100,100,1534,1534,0,0,0,14.0,27.9,15.2,17.0,27.9,6.3,14.9,0,,17.76,0.562,1.059,0.851,0.698
f17fec5,before,drops,handover,handover=always,500,good,0.0,fading,1,100,100,100,1534,1521,13,2,0,10.7,25.7,12.7,9.4,18.8,22.6,34.8,0,,18.98,0.656,1.676,1.229,0.0
f17fec5,before,drops,handover+request,"chat=True,handover=always",500,good,0.0,fading,1,100,100,100,1534,1522,12,1,0,10.7,22.6,12.1,10.2,18.8,19.5,29.6,0,,19.42,0.686,1.499,1.225,0.173
f17fec5,before,drops,base,,500,moderate,-12.0,fading,1,100,100,100,1534,1534,0,0,0,34.1,52.2,34.7,36.4,53.6,21.5,36.4,0,,36.31,0.711,1.278,0.797,0.0
f17fec5,before,drops,request,chat=True,500,moderate,-12.0,fading,1,100,100,100,1534,1534,0,0,0,27.9,42.8,28.9,27.9,43.8,21.5,36.4,0,,34.35,0.759,0.658,0.798,0.693
f17fec5,before,drops,handover,handover=always,500,moderate,-12.0,fading,1,100,100,100,1534,1534,0,0,0,26.3,41.8,27.2,23.0,39.3,36.4,54.4,0,,36.97,0.848,1.246,1.184,0.0
f17fec5,before,drops,handover+request,"chat=True,handover=always",500,moderate,-12.0,fading,1,100,100,100,1534,1534,0,0,0,25.3,41.2,26.0,23.1,38.9,32.7,45.7,0,,36.7,0.866,1.1,1.194,0.146
f17fec5,before,drops,base,,500,moderate,-6.0,fading,1,100,100,100,1534,1534,0,0,0,26.8,37.6,25.8,29.0,38.5,10.7,20.3,0,,27.57,0.653,1.272,0.787,0.0
f17fec5,before,drops,request,chat=True,500,moderate,-6.0,fading,1,100,100,100,1534,1534,0,0,0,19.7,27.9,20.0,22.5,28.6,10.7,20.3,0,,25.66,0.705,0.638,0.787,0.701
f17fec5,before,drops,handover,handover=always,500,moderate,-6.0,fading,1,100,100,100,1534,1534,0,0,0,14.9,30.8,16.9,12.0,23.5,29.5,41.4,0,,26.8,0.804,1.241,1.153,0.0
f17fec5,before,drops,handover+request,"chat=True,handover=always",500,moderate,-6.0,fading,1,100,100,100,1534,1534,0,0,0,14.9,25.9,15.6,12.0,22.2,23.1,33.1,0,,26.4,0.825,1.114,1.153,0.149
f17fec5,before,drops,base,,500,moderate,0.0,fading,1,100,100,100,1534,1534,0,0,0,21.5,34.8,21.3,24.0,35.7,8.0,14.8,0,,20.55,0.544,1.606,0.886,0.0
f17fec5,before,drops,request,chat=True,500,moderate,0.0,fading,1,100,100,100,1534,1534,0,0,0,17.1,28.3,17.3,18.5,29.6,7.4,15.1,0,,19.94,0.591,0.961,0.92,0.689
f17fec5,before,drops,handover,handover=always,500,moderate,0.0,fading,1,100,100,100,1534,1526,8,2,0,10.7,26.9,13.7,10.6,18.8,25.0,37.3,0,,20.89,0.696,1.584,1.289,0.0
f17fec5,before,drops,handover+request,"chat=True,handover=always",500,moderate,0.0,fading,1,100,100,100,1534,1534,0,0,0,10.7,23.6,13.0,10.7,18.4,19.7,32.4,0,,21.32,0.725,1.433,1.302,0.171
f17fec5,before,drops,base,,500,poor,-12.0,fading,1,100,100,100,1534,1534,0,0,0,32.5,49.7,33.3,34.9,51.1,21.4,36.4,0,,34.85,0.702,1.27,0.787,0.0
f17fec5,before,drops,request,chat=True,500,poor,-12.0,fading,1,100,100,100,1534,1534,0,0,0,27.3,42.8,27.5,27.9,42.8,21.5,36.4,0,,33.02,0.751,0.64,0.787,0.701
f17fec5,before,drops,handover,handover=always,500,poor,-12.0,fading,1,100,100,100,1534,1534,0,0,0,25.2,40.8,25.9,22.1,37.0,35.6,49.2,0,,35.61,0.842,1.241,1.154,0.0
f17fec5,before,drops,handover+request,"chat=True,handover=always",500,poor,-12.0,fading,1,100,100,100,1534,1534,0,0,0,23.3,37.1,24.5,22.0,36.4,29.1,44.4,0,,35.13,0.86,1.111,1.155,0.149
f17fec5,before,drops,base,,500,poor,-6.0,fading,1,100,100,100,1534,1534,0,0,0,26.5,37.2,25.4,28.6,37.8,10.7,20.3,0,,27.15,0.65,1.272,0.787,0.0
f17fec5,before,drops,request,chat=True,500,poor,-6.0,fading,1,100,100,100,1534,1534,0,0,0,18.8,27.9,19.6,22.5,27.9,10.7,20.3,0,,25.28,0.702,0.638,0.787,0.701
f17fec5,before,drops,handover,handover=always,500,poor,-6.0,fading,1,100,100,100,1534,1534,0,0,0,14.5,29.8,16.3,11.6,22.6,28.4,40.4,0,,26.19,0.801,1.241,1.153,0.0
f17fec5,before,drops,handover+request,"chat=True,handover=always",500,poor,-6.0,fading,1,100,100,100,1534,1534,0,0,0,14.2,25.4,15.0,11.5,21.6,22.6,31.8,0,,25.83,0.822,1.114,1.153,0.149
f17fec5,before,drops,base,,500,poor,0.0,fading,1,100,100,100,1534,1512,22,3,0,17.3,32.4,18.6,19.7,34.1,6.3,11.6,0,,16.68,0.481,1.742,0.934,0.0
f17fec5,before,drops,request,chat=True,500,poor,0.0,fading,1,100,100,100,1534,1534,0,0,0,13.3,26.4,14.6,15.6,27.9,6.3,11.6,0,,16.25,0.524,1.11,0.937,0.696
f17fec5,before,drops,handover,handover=always,500,poor,0.0,fading,1,100,100,100,1534,1518,16,3,0,9.5,25.4,12.2,8.4,17.7,23.2,35.6,0,,17.77,0.627,1.718,1.389,0.0
f17fec5,before,drops,handover+request,"chat=True,handover=always",500,poor,0.0,fading,1,100,100,100,1534,1524,10,2,0,9.2,21.4,10.9,7.8,16.9,18.3,27.9,0,,17.39,0.64,1.576,1.385,0.184
f17fec5,after,drops,base,,2300,good,-12.0,fading,1,100,100,100,1534,1522,12,1,0,38.3,61.8,40.3,41.1,63.4,25.8,46.6,0,,42.13,0.748,1.294,0.907,0.0
f17fec5,after,drops,request,chat=True,2300,good,-12.0,fading,1,100,100,100,1534,1534,0,0,0,32.9,53.5,35.0,33.2,54.4,25.7,44.2,0,,40.42,0.787,0.773,0.907,0.645
f17fec5,after,drops,handover,handover=always,2300,good,-12.0,fading,1,100,100,100,1534,1528,6,1,0,28.7,52.1,31.8,26.8,48.4,41.7,65.9,0,,42.04,0.875,1.188,1.389,0.0
f17fec5,after,drops,handover+request,"chat=True,handover=always",2300,good,-12.0,fading,1,100,100,100,1534,1522,12,2,0,28.0,51.0,31.4,26.8,49.0,36.1,55.4,0,,42.2,0.888,1.109,1.387,0.14
f17fec5,after,drops,base,,2300,good,-6.0,fading,1,100,100,100,1534,1534,0,0,0,24.0,36.0,23.5,26.0,37.6,7.5,16.1,0,,25.28,0.633,1.28,0.795,0.0
f17fec5,after,drops,request,chat=True,2300,good,-6.0,fading,1,100,100,100,1534,1534,0,0,0,17.1,28.0,17.9,17.2,30.1,6.4,16.1,0,,23.51,0.685,0.651,0.799,0.697
f17fec5,after,drops,handover,handover=always,2300,good,-6.0,fading,1,100,100,100,1534,1534,0,0,0,12.0,29.0,15.3,10.7,21.5,26.4,40.4,0,,25.18,0.795,1.25,1.173,0.0
f17fec5,after,drops,handover+request,"chat=True,handover=always",2300,good,-6.0,fading,1,100,100,100,1534,1534,0,0,0,11.8,22.9,13.5,10.7,20.8,19.1,31.2,0,,24.37,0.814,1.113,1.177,0.15
f17fec5,after,drops,base,,2300,good,0.0,fading,1,100,100,100,1534,1534,0,0,0,12.6,25.2,13.6,14.3,25.9,5.3,8.8,0,,12.75,0.425,1.619,0.799,0.0
f17fec5,after,drops,request,chat=True,2300,good,0.0,fading,1,100,100,100,1534,1534,0,0,0,7.4,17.2,9.1,9.1,17.2,5.3,10.0,0,,11.78,0.462,0.966,0.807,0.717
f17fec5,after,drops,handover,handover=always,2300,good,0.0,fading,1,100,100,100,1534,1534,0,0,0,6.1,18.2,8.7,5.4,11.8,16.9,27.8,0,,14.78,0.589,1.651,1.177,0.0
f17fec5,after,drops,handover+request,"chat=True,handover=always",2300,good,0.0,fading,1,100,100,100,1534,1534,0,0,0,5.8,14.0,7.4,5.4,11.3,11.8,19.9,0,,14.64,0.614,1.464,1.186,0.181
f17fec5,after,drops,base,,2300,moderate,-12.0,fading,1,100,100,100,1534,1534,0,0,0,33.9,51.5,34.2,36.3,52.9,20.3,36.4,0,,35.87,0.708,1.276,0.798,0.0
f17fec5,after,drops,request,chat=True,2300,moderate,-12.0,fading,1,100,100,100,1534,1534,0,0,0,27.9,42.8,28.5,27.9,43.9,17.1,36.4,0,,33.93,0.756,0.656,0.798,0.696
f17fec5,after,drops,handover,handover=always,2300,moderate,-12.0,fading,1,100,100,100,1534,1534,0,0,0,25.3,41.8,26.1,21.6,38.7,36.3,52.5,0,,35.9,0.845,1.236,1.175,0.0
f17fec5,after,drops,handover+request,"chat=True,handover=always",2300,moderate,-12.0,fading,1,100,100,100,1534,1534,0,0,0,23.5,39.7,24.7,21.5,37.4,31.2,45.6,0,,35.48,0.862,1.112,1.186,0.145
f17fec5,after,drops,base,,2300,moderate,-6.0,fading,1,100,100,100,1534,1534,0,0,0,21.7,30.3,20.7,23.3,31.2,5.5,14.9,0,,22.44,0.605,1.272,0.787,0.0
f17fec5,after,drops,request,chat=True,2300,moderate,-6.0,fading,1,100,100,100,1534,1534,0,0,0,14.9,21.4,14.7,17.1,22.5,5.4,14.9,0,,20.37,0.655,0.638,0.787,0.701
f17fec5,after,drops,handover,handover=always,2300,moderate,-6.0,fading,1,100,100,100,1534,1534,0,0,0,10.7,24.3,12.9,9.4,17.6,23.1,32.8,0,,22.78,0.778,1.241,1.153,0.0
f17fec5,after,drops,handover+request,"chat=True,handover=always",2300,moderate,-6.0,fading,1,100,100,100,1534,1534,0,0,0,10.7,19.8,11.6,9.3,17.4,17.2,24.8,0,,22.4,0.8,1.114,1.153,0.149
f17fec5,after,drops,base,,2300,moderate,0.0,fading,1,100,100,100,1534,1534,0,0,0,11.5,22.5,12.4,13.3,23.8,4.2,7.4,0,,10.42,0.362,1.7,0.83,0.0
f17fec5,after,drops,request,chat=True,2300,moderate,0.0,fading,1,100,100,100,1534,1534,0,0,0,6.3,17.0,8.4,7.2,17.1,5.3,8.2,0,,10.19,0.411,0.988,0.831,0.727
f17fec5,after,drops,handover,handover=always,2300,moderate,0.0,fading,1,100,100,100,1534,1534,0,0,0,5.6,16.4,7.8,5.4,10.7,14.6,27.9,0,,12.31,0.508,1.77,1.243,0.0
f17fec5,after,drops,handover+request,"chat=True,handover=always",2300,moderate,0.0,fading,1,100,100,100,1534,1534,0,0,0,5.4,12.2,6.6,5.3,10.7,10.2,19.5,0,,12.14,0.529,1.587,1.237,0.187
f17fec5,after,drops,base,,2300,poor,-12.0,fading,1,100,100,100,1534,1534,0,0,0,32.1,49.5,32.5,34.9,50.9,16.1,31.0,0,,34.1,0.697,1.271,0.788,0.0
f17fec5,after,drops,request,chat=True,2300,poor,-12.0,fading,1,100,100,100,1534,1534,0,0,0,26.5,42.8,26.8,27.9,42.8,16.1,31.0,0,,32.33,0.748,0.64,0.787,0.701
f17fec5,after,drops,handover,handover=always,2300,poor,-12.0,fading,1,100,100,100,1534,1534,0,0,0,22.0,39.5,23.8,20.3,36.4,35.2,49.2,0,,33.62,0.835,1.241,1.153,0.0
f17fec5,after,drops,handover+request,"chat=True,handover=always",2300,poor,-12.0,fading,1,100,100,100,1534,1534,0,0,0,21.5,36.4,22.4,20.3,35.1,29.1,44.4,0,,33.1,0.853,1.115,1.154,0.149
f17fec5,after,drops,base,,2300,poor,-6.0,fading,1,100,100,100,1534,1534,0,0,0,21.9,31.1,21.1,23.8,32.2,6.8,14.9,0,,22.79,0.608,1.272,0.787,0.0
f17fec5,after,drops,request,chat=True,2300,poor,-6.0,fading,1,100,100,100,1534,1534,0,0,0,14.9,22.0,15.0,17.1,22.5,6.6,15.1,0,,20.61,0.657,0.638,0.787,0.701
f17fec5,after,drops,handover,handover=always,2300,poor,-6.0,fading,1,100,100,100,1534,1534,0,0,0,10.9,24.6,13.2,10.0,17.8,23.9,34.0,0,,23.1,0.78,1.241,1.153,0.0
f17fec5,after,drops,handover+request,"chat=True,handover=always",2300,poor,-6.0,fading,1,100,100,100,1534,1534,0,0,0,11.0,20.0,11.9,10.0,17.2,17.6,25.1,0,,22.73,0.802,1.114,1.153,0.149
f17fec5,after,drops,base,,2300,poor,0.0,fading,1,100,100,100,1534,1534,0,0,0,10.6,19.3,10.9,12.0,20.4,4.2,6.3,0,,8.53,0.312,1.774,0.855,0.0
f17fec5,after,drops,request,chat=True,2300,poor,0.0,fading,1,100,100,100,1534,1534,0,0,0,6.1,14.3,7.3,6.3,15.0,3.2,6.3,0,,8.68,0.366,1.077,0.844,0.731
f17fec5,after,drops,handover,handover=always,2300,poor,0.0,fading,1,100,100,100,1534,1526,8,1,0,5.3,14.3,6.7,4.2,9.1,13.4,25.0,0,,10.02,0.437,1.912,1.282,0.0
f17fec5,after,drops,handover+request,"chat=True,handover=always",2300,poor,0.0,fading,1,100,100,100,1534,1534,0,0,0,4.7,10.9,5.5,4.2,8.2,8.0,17.2,0,,10.09,0.461,1.721,1.284,0.202
f17fec5,after,drops,base,,500,good,-12.0,fading,1,100,100,100,1534,1522,12,1,0,38.4,62.4,40.4,41.0,63.9,26.6,47.1,0,,42.16,0.747,1.287,0.904,0.0
f17fec5,after,drops,request,chat=True,500,good,-12.0,fading,1,100,100,100,1534,1534,0,0,0,33.1,54.3,35.2,33.3,54.9,25.7,46.6,0,,40.74,0.789,0.748,0.912,0.647
f17fec5,after,drops,handover,handover=always,500,good,-12.0,fading,1,100,100,100,1534,1528,6,1,0,29.4,51.9,32.2,26.8,48.4,42.4,62.1,0,,42.52,0.877,1.207,1.396,0.0
f17fec5,after,drops,handover+request,"chat=True,handover=always",500,good,-12.0,fading,1,100,100,100,1534,1528,6,1,0,28.8,51.1,31.6,26.9,49.6,36.1,55.9,0,,42.61,0.89,1.102,1.373,0.137
f17fec5,after,drops,base,,500,good,-6.0,fading,1,100,100,100,1534,1522,12,1,0,28.4,42.4,28.3,30.8,43.9,10.7,21.5,0,,29.75,0.671,1.276,0.797,0.0
f17fec5,after,drops,request,chat=True,500,good,-6.0,fading,1,100,100,100,1534,1522,12,1,0,22.5,33.2,22.2,22.5,33.5,10.7,21.5,0,,27.52,0.717,0.658,0.798,0.688
f17fec5,after,drops,handover,handover=always,500,good,-6.0,fading,1,100,100,100,1534,1534,0,0,0,16.3,33.6,18.8,14.9,26.8,30.9,43.9,0,,28.63,0.814,1.236,1.176,0.0
f17fec5,after,drops,handover+request,"chat=True,handover=always",500,good,-6.0,fading,1,100,100,100,1534,1534,0,0,0,16.1,29.5,17.4,14.0,26.5,23.9,38.0,0,,28.16,0.833,1.117,1.179,0.151
f17fec5,after,drops,base,,500,good,0.0,fading,1,100,100,100,1534,1525,9,2,0,17.8,32.7,19.0,20.7,33.6,6.3,13.0,0,,18.09,0.511,1.702,0.816,0.0
f17fec5,after,drops,request,chat=True,500,good,0.0,fading,1,100,100,100,1534,1534,0,0,0,14.2,27.9,15.2,17.0,27.9,6.3,15.6,0,,17.63,0.557,1.086,0.857,0.694
f17fec5,after,drops,handover,handover=always,500,good,0.0,fading,1,100,100,100,1534,1521,13,1,0,10.7,26.1,12.9,9.9,18.7,22.5,34.9,0,,19.08,0.657,1.619,1.24,0.0
f17fec5,after,drops,handover+request,"chat=True,handover=always",500,good,0.0,fading,1,100,100,100,1534,1528,6,2,0,10.7,22.5,12.1,10.1,18.8,18.7,28.6,0,,19.41,0.681,1.478,1.245,0.181
f17fec5,after,drops,base,,500,moderate,-12.0,fading,1,100,100,100,1534,1534,0,0,0,34.1,52.2,34.7,36.4,53.6,21.5,36.4,0,,36.25,0.71,1.28,0.796,0.0
f17fec5,after,drops,request,chat=True,500,moderate,-12.0,fading,1,100,100,100,1534,1534,0,0,0,27.9,42.8,28.8,27.9,43.6,21.5,36.4,0,,34.28,0.758,0.659,0.796,0.694
f17fec5,after,drops,handover,handover=always,500,moderate,-12.0,fading,1,100,100,100,1534,1534,0,0,0,26.1,41.7,27.1,23.2,39.2,36.2,53.8,0,,36.9,0.849,1.238,1.177,0.0
f17fec5,after,drops,handover+request,"chat=True,handover=always",500,moderate,-12.0,fading,1,100,100,100,1534,1534,0,0,0,25.3,40.9,25.9,23.4,38.7,31.8,45.7,0,,36.66,0.866,1.113,1.181,0.146
f17fec5,after,drops,base,,500,moderate,-6.0,fading,1,100,100,100,1534,1534,0,0,0,26.8,37.6,25.8,29.0,38.5,10.7,20.3,0,,27.57,0.653,1.272,0.787,0.0
f17fec5,after,drops,request,chat=True,500,moderate,-6.0,fading,1,100,100,100,1534,1534,0,0,0,19.7,27.9,20.0,22.5,28.6,10.7,20.3,0,,25.66,0.705,0.638,0.787,0.701
f17fec5,after,drops,handover,handover=always,500,moderate,-6.0,fading,1,100,100,100,1534,1534,0,0,0,14.9,30.8,16.9,12.0,23.5,29.5,41.4,0,,26.8,0.804,1.241,1.153,0.0
f17fec5,after,drops,handover+request,"chat=True,handover=always",500,moderate,-6.0,fading,1,100,100,100,1534,1534,0,0,0,14.9,25.9,15.6,12.0,22.2,23.1,33.1,0,,26.4,0.825,1.114,1.153,0.149
f17fec5,after,drops,base,,500,moderate,0.0,fading,1,100,100,100,1534,1534,0,0,0,21.2,34.6,21.2,23.7,35.7,7.4,14.8,0,,20.27,0.539,1.593,0.886,0.0
f17fec5,after,drops,request,chat=True,500,moderate,0.0,fading,1,100,100,100,1534,1534,0,0,0,17.0,28.4,17.0,18.2,29.6,8.1,15.4,0,,19.52,0.584,0.959,0.9,0.696
f17fec5,after,drops,handover,handover=always,500,moderate,0.0,fading,1,100,100,100,1534,1534,0,0,0,10.7,27.4,13.7,10.7,18.1,25.3,37.0,0,,20.75,0.688,1.594,1.303,0.0
f17fec5,after,drops,handover+request,"chat=True,handover=always",500,moderate,0.0,fading,1,100,100,100,1534,1534,0,0,0,10.7,23.0,12.7,10.7,17.9,20.8,29.4,0,,20.62,0.709,1.476,1.295,0.184
f17fec5,after,drops,base,,500,poor,-12.0,fading,1,100,100,100,1534,1534,0,0,0,32.5,49.7,33.3,34.9,51.1,21.4,36.4,0,,34.85,0.702,1.27,0.787,0.0
f17fec5,after,drops,request,chat=True,500,poor,-12.0,fading,1,100,100,100,1534,1534,0,0,0,27.3,42.8,27.5,27.9,42.8,21.5,36.4,0,,33.02,0.751,0.64,0.787,0.701
f17fec5,after,drops,handover,handover=always,500,poor,-12.0,fading,1,100,100,100,1534,1534,0,0,0,25.2,40.8,25.9,22.1,36.9,35.6,49.2,0,,35.59,0.842,1.241,1.154,0.0
f17fec5,after,drops,handover+request,"chat=True,handover=always",500,poor,-12.0,fading,1,100,100,100,1534,1534,0,0,0,23.3,37.1,24.5,22.1,36.4,29.1,44.4,0,,35.14,0.86,1.112,1.154,0.149
f17fec5,after,drops,base,,500,poor,-6.0,fading,1,100,100,100,1534,1534,0,0,0,26.5,37.2,25.4,28.6,37.8,10.7,20.3,0,,27.15,0.65,1.272,0.787,0.0
f17fec5,after,drops,request,chat=True,500,poor,-6.0,fading,1,100,100,100,1534,1534,0,0,0,18.8,27.9,19.6,22.5,27.9,10.7,20.3,0,,25.28,0.702,0.638,0.787,0.701
f17fec5,after,drops,handover,handover=always,500,poor,-6.0,fading,1,100,100,100,1534,1534,0,0,0,14.5,29.8,16.3,11.6,22.6,28.4,40.4,0,,26.19,0.801,1.241,1.153,0.0
f17fec5,after,drops,handover+request,"chat=True,handover=always",500,poor,-6.0,fading,1,100,100,100,1534,1534,0,0,0,14.2,25.4,15.0,11.5,21.6,22.6,31.8,0,,25.83,0.822,1.114,1.153,0.149
f17fec5,after,drops,base,,500,poor,0.0,fading,1,100,100,100,1534,1534,0,0,0,17.1,32.3,18.3,19.6,33.3,6.3,11.5,0,,16.42,0.473,1.784,0.931,0.0
f17fec5,after,drops,request,chat=True,500,poor,0.0,fading,1,100,100,100,1534,1534,0,0,0,13.6,27.3,14.9,16.2,27.9,6.3,11.9,0,,16.12,0.515,1.126,0.951,0.701
f17fec5,after,drops,handover,handover=always,500,poor,0.0,fading,1,100,100,100,1534,1534,0,0,0,9.5,24.0,11.8,8.3,17.1,22.0,35.2,0,,17.18,0.608,1.756,1.402,0.0
f17fec5,after,drops,handover+request,"chat=True,handover=always",500,poor,0.0,fading,1,100,100,100,1534,1523,11,2,0,9.5,21.4,11.0,8.4,17.0,18.0,27.8,0,,17.38,0.638,1.597,1.349,0.204
f17fec5,answer-alone,drops,handover,handover=always,2300,good,-12.0,fading,1,100,100,100,1534,1528,6,1,0,29.2,53.7,32.3,26.8,50.1,42.2,61.4,0,,42.72,0.88,1.189,1.355,0.0
f17fec5,answer-alone,drops,handover+request,"chat=True,handover=always",2300,good,-12.0,fading,1,100,100,100,1534,1511,23,3,0,28.8,52.3,31.6,27.0,50.2,35.9,57.7,0,,42.4,0.892,1.073,1.396,0.143
f17fec5,answer-alone,drops,handover,handover=always,2300,good,-6.0,fading,1,100,100,100,1534,1534,0,0,0,12.1,29.5,15.3,10.7,21.5,26.6,40.4,0,,25.25,0.796,1.25,1.175,0.0
f17fec5,answer-alone,drops,handover+request,"chat=True,handover=always",2300,good,-6.0,fading,1,100,100,100,1534,1534,0,0,0,11.8,22.8,13.6,10.7,21.0,19.1,31.1,0,,24.44,0.815,1.113,1.177,0.15
f17fec5,answer-alone,drops,handover,handover=always,2300,good,0.0,fading,1,100,100,100,1534,1534,0,0,0,6.0,17.8,8.6,5.4,11.8,16.1,27.8,0,,14.73,0.59,1.642,1.183,0.0
f17fec5,answer-alone,drops,handover+request,"chat=True,handover=always",2300,good,0.0,fading,1,100,100,100,1534,1534,0,0,0,5.8,14.3,7.5,5.4,11.4,11.8,20.0,0,,14.77,0.618,1.45,1.194,0.182
f17fec5,answer-alone,drops,handover,handover=always,2300,moderate,-12.0,fading,1,100,100,100,1534,1534,0,0,0,25.0,41.9,26.1,21.6,38.5,36.6,52.5,0,,35.93,0.846,1.235,1.177,0.0
f17fec5,answer-alone,drops,handover+request,"chat=True,handover=always",2300,moderate,-12.0,fading,1,100,100,100,1534,1534,0,0,0,23.2,40.1,24.7,21.5,37.4,31.5,45.8,0,,35.51,0.863,1.113,1.191,0.145
f17fec5,answer-alone,drops,handover,handover=always,2300,moderate,-6.0,fading,1,100,100,100,1534,1534,0,0,0,10.7,24.3,12.9,9.4,17.6,23.1,32.8,0,,22.78,0.778,1.241,1.153,0.0
f17fec5,answer-alone,drops,handover+request,"chat=True,handover=always",2300,moderate,-6.0,fading,1,100,100,100,1534,1534,0,0,0,10.7,19.8,11.6,9.3,17.4,17.2,24.8,0,,22.4,0.8,1.114,1.153,0.149
f17fec5,answer-alone,drops,handover,handover=always,2300,moderate,0.0,fading,1,100,100,100,1534,1534,0,0,0,5.6,16.2,7.8,5.4,10.7,14.7,26.0,0,,12.52,0.517,1.774,1.246,0.0
f17fec5,answer-alone,drops,handover+request,"chat=True,handover=always",2300,moderate,0.0,fading,1,100,100,100,1534,1534,0,0,0,5.4,12.1,6.6,5.3,10.7,10.2,18.8,0,,12.31,0.536,1.593,1.241,0.186
f17fec5,answer-alone,drops,handover,handover=always,2300,poor,-12.0,fading,1,100,100,100,1534,1534,0,0,0,22.0,39.5,23.8,20.3,36.4,35.2,49.2,0,,33.62,0.835,1.241,1.153,0.0
f17fec5,answer-alone,drops,handover+request,"chat=True,handover=always",2300,poor,-12.0,fading,1,100,100,100,1534,1534,0,0,0,21.5,36.4,22.4,20.3,35.1,29.1,44.4,0,,33.12,0.853,1.115,1.154,0.149
f17fec5,answer-alone,drops,handover,handover=always,2300,poor,-6.0,fading,1,100,100,100,1534,1534,0,0,0,10.9,24.6,13.2,10.0,17.8,23.9,34.0,0,,23.1,0.78,1.241,1.153,0.0
f17fec5,answer-alone,drops,handover+request,"chat=True,handover=always",2300,poor,-6.0,fading,1,100,100,100,1534,1534,0,0,0,11.0,20.0,11.9,10.0,17.2,17.6,25.1,0,,22.73,0.802,1.114,1.153,0.149
f17fec5,answer-alone,drops,handover,handover=always,2300,poor,0.0,fading,1,100,100,100,1534,1526,8,1,0,5.3,14.3,6.7,4.2,8.4,13.4,25.4,0,,10.19,0.444,1.907,1.273,0.0
f17fec5,answer-alone,drops,handover+request,"chat=True,handover=always",2300,poor,0.0,fading,1,100,100,100,1534,1534,0,0,0,4.4,10.9,5.4,4.2,8.2,7.9,17.3,0,,10.28,0.471,1.716,1.288,0.197
f17fec5,answer-alone,drops,handover,handover=always,500,good,-12.0,fading,1,100,100,100,1534,1528,6,1,0,30.3,53.4,32.7,27.2,49.8,40.1,60.5,0,,43.1,0.88,1.209,1.358,0.0
f17fec5,answer-alone,drops,handover+request,"chat=True,handover=always",500,good,-12.0,fading,1,100,100,100,1534,1523,11,2,0,29.2,52.1,32.0,27.2,50.2,36.8,59.5,0,,42.98,0.893,1.086,1.392,0.14
f17fec5,answer-alone,drops,handover,handover=always,500,good,-6.0,fading,1,100,100,100,1534,1529,5,1,0,16.3,33.6,18.8,14.9,26.7,30.9,43.8,0,,28.61,0.813,1.229,1.172,0.0
f17fec5,answer-alone,drops,handover+request,"chat=True,handover=always",500,good,-6.0,fading,1,100,100,100,1534,1534,0,0,0,16.1,29.6,17.5,14.0,26.5,23.9,38.5,0,,28.25,0.834,1.117,1.179,0.15
f17fec5,answer-alone,drops,handover,handover=always,500,good,0.0,fading,1,100,100,100,1534,1521,13,2,0,10.7,25.7,12.8,9.5,18.8,22.6,34.7,0,,19.18,0.661,1.66,1.226,0.0
f17fec5,answer-alone,drops,handover+request,"chat=True,handover=always",500,good,0.0,fading,1,100,100,100,1534,1519,15,2,0,10.7,22.6,12.2,10.3,18.5,19.3,29.6,0,,19.47,0.688,1.48,1.229,0.174
f17fec5,answer-alone,drops,handover,handover=always,500,moderate,-12.0,fading,1,100,100,100,1534,1534,0,0,0,26.4,41.8,27.2,23.2,39.3,36.2,52.7,0,,37.03,0.849,1.237,1.179,0.0
f17fec5,answer-alone,drops,handover+request,"chat=True,handover=always",500,moderate,-12.0,fading,1,100,100,100,1534,1534,0,0,0,25.3,41.2,26.0,23.1,38.9,32.6,45.7,0,,36.73,0.866,1.108,1.189,0.145
f17fec5,answer-alone,drops,handover,handover=always,500,moderate,-6.0,fading,1,100,100,100,1534,1534,0,0,0,14.9,30.8,16.9,12.0,23.5,29.5,41.4,0,,26.8,0.804,1.241,1.153,0.0
f17fec5,answer-alone,drops,handover+request,"chat=True,handover=always",500,moderate,-6.0,fading,1,100,100,100,1534,1534,0,0,0,14.9,25.9,15.6,12.0,22.2,23.1,33.1,0,,26.4,0.825,1.114,1.153,0.149
f17fec5,answer-alone,drops,handover,handover=always,500,moderate,0.0,fading,1,100,100,100,1534,1526,8,2,0,10.7,27.2,13.7,10.6,18.7,25.3,37.3,0,,20.86,0.695,1.6,1.287,0.0
f17fec5,answer-alone,drops,handover+request,"chat=True,handover=always",500,moderate,0.0,fading,1,100,100,100,1534,1520,14,1,0,10.7,23.3,12.9,10.7,18.0,19.7,31.4,0,,21.15,0.726,1.454,1.3,0.173
f17fec5,answer-alone,drops,handover,handover=always,500,poor,-12.0,fading,1,100,100,100,1534,1534,0,0,0,25.2,40.8,25.9,22.1,36.9,35.6,49.2,0,,35.59,0.842,1.241,1.154,0.0
f17fec5,answer-alone,drops,handover+request,"chat=True,handover=always",500,poor,-12.0,fading,1,100,100,100,1534,1534,0,0,0,23.2,37.1,24.5,22.0,36.4,29.1,44.4,0,,35.13,0.86,1.112,1.154,0.149
f17fec5,answer-alone,drops,handover,handover=always,500,poor,-6.0,fading,1,100,100,100,1534,1534,0,0,0,14.5,29.8,16.3,11.6,22.6,28.4,40.4,0,,26.19,0.801,1.241,1.153,0.0
f17fec5,answer-alone,drops,handover+request,"chat=True,handover=always",500,poor,-6.0,fading,1,100,100,100,1534,1534,0,0,0,14.2,25.4,15.0,11.5,21.6,22.6,31.8,0,,25.83,0.822,1.114,1.153,0.149
f17fec5,answer-alone,drops,handover,handover=always,500,poor,0.0,fading,1,100,100,100,1534,1528,6,1,0,9.5,25.3,12.1,8.4,17.6,23.1,35.1,0,,17.68,0.623,1.743,1.404,0.0
f17fec5,answer-alone,drops,handover+request,"chat=True,handover=always",500,poor,0.0,fading,1,100,100,100,1534,1532,2,1,0,9.2,20.8,10.8,7.6,16.9,17.6,27.9,0,,17.38,0.639,1.59,1.404,0.186
f17fec5,without-answer,drops,handover,handover=always,2300,good,-12.0,fading,1,100,100,100,1534,1528,6,1,0,28.8,53.8,32.3,26.8,49.0,43.4,66.7,0,,42.34,0.872,1.219,1.457,0.0
f17fec5,without-answer,drops,handover+request,"chat=True,handover=always",2300,good,-12.0,fading,1,100,100,100,1534,1522,12,2,0,28.2,51.4,31.5,26.8,49.5,37.6,60.6,0,,42.22,0.886,1.096,1.45,0.138
f17fec5,without-answer,drops,handover,handover=always,2300,good,-6.0,fading,1,100,100,100,1534,1534,0,0,0,12.0,28.9,15.2,10.7,21.4,26.4,40.4,0,,25.1,0.794,1.246,1.174,0.0
f17fec5,without-answer,drops,handover+request,"chat=True,handover=always",2300,good,-6.0,fading,1,100,100,100,1534,1534,0,0,0,11.8,22.9,13.5,10.7,20.9,19.1,31.2,0,,24.36,0.814,1.11,1.179,0.15
f17fec5,without-answer,drops,handover,handover=always,2300,good,0.0,fading,1,100,100,100,1534,1534,0,0,0,6.1,18.4,8.7,5.4,11.7,17.0,27.8,0,,14.77,0.589,1.648,1.177,0.0
f17fec5,without-answer,drops,handover+request,"chat=True,handover=always",2300,good,0.0,fading,1,100,100,100,1534,1534,0,0,0,5.8,14.0,7.4,5.4,11.3,11.8,19.9,0,,14.61,0.613,1.468,1.187,0.181
f17fec5,without-answer,drops,handover,handover=always,2300,moderate,-12.0,fading,1,100,100,100,1534,1534,0,0,0,25.4,41.8,26.1,21.7,38.2,36.6,54.3,0,,35.92,0.844,1.237,1.184,0.0
f17fec5,without-answer,drops,handover+request,"chat=True,handover=always",2300,moderate,-12.0,fading,1,100,100,100,1534,1534,0,0,0,23.6,39.3,24.7,21.5,37.4,32.1,45.4,0,,35.41,0.862,1.104,1.188,0.144
f17fec5,without-answer,drops,handover,handover=always,2300,moderate,-6.0,fading,1,100,100,100,1534,1534,0,0,0,10.7,24.3,12.9,9.4,17.6,23.1,32.8,0,,22.78,0.778,1.241,1.153,0.0
f17fec5,without-answer,drops,handover+request,"chat=True,handover=always",2300,moderate,-6.0,fading,1,100,100,100,1534,1534,0,0,0,10.7,19.8,11.6,9.3,17.4,17.2,24.8,0,,22.4,0.8,1.114,1.153,0.149
f17fec5,without-answer,drops,handover,handover=always,2300,moderate,0.0,fading,1,100,100,100,1534,1534,0,0,0,5.5,16.1,7.7,5.4,10.7,14.5,27.6,0,,12.31,0.51,1.754,1.244,0.0
f17fec5,without-answer,drops,handover+request,"chat=True,handover=always",2300,moderate,0.0,fading,1,100,100,100,1534,1534,0,0,0,5.4,12.1,6.6,5.3,10.6,10.1,19.5,0,,12.1,0.527,1.574,1.242,0.187
f17fec5,without-answer,drops,handover,handover=always,2300,poor,-12.0,fading,1,100,100,100,1534,1534,0,0,0,22.0,39.6,23.9,20.3,36.4,35.2,49.2,0,,33.66,0.836,1.241,1.154,0.0
f17fec5,without-answer,drops,handover+request,"chat=True,handover=always",2300,poor,-12.0,fading,1,100,100,100,1534,1534,0,0,0,21.5,36.4,22.4,20.3,35.1,29.1,44.4,0,,33.11,0.853,1.114,1.155,0.149
f17fec5,without-answer,drops,handover,handover=always,2300,poor,-6.0,fading,1,100,100,100,1534,1534,0,0,0,10.9,24.6,13.2,10.0,17.8,23.9,34.0,0,,23.1,0.78,1.241,1.153,0.0
f17fec5,without-answer,drops,handover+request,"chat=True,handover=always",2300,poor,-6.0,fading,1,100,100,100,1534,1534,0,0,0,11.0,20.0,11.9,10.0,17.2,17.6,25.1,0,,22.73,0.802,1.114,1.153,0.149
f17fec5,without-answer,drops,handover,handover=always,2300,poor,0.0,fading,1,100,100,100,1534,1526,8,1,0,5.3,14.2,6.6,4.2,9.1,13.2,25.0,0,,9.99,0.436,1.874,1.285,0.0
f17fec5,without-answer,drops,handover+request,"chat=True,handover=always",2300,poor,0.0,fading,1,100,100,100,1534,1534,0,0,0,4.7,11.4,5.5,4.2,8.3,8.3,17.2,0,,10.05,0.458,1.714,1.286,0.205
f17fec5,without-answer,drops,handover,handover=always,500,good,-12.0,fading,1,100,100,100,1534,1528,6,1,0,29.9,53.4,32.9,27.0,49.8,42.6,65.0,0,,42.87,0.873,1.225,1.46,0.0
f17fec5,without-answer,drops,handover+request,"chat=True,handover=always",500,good,-12.0,fading,1,100,100,100,1534,1528,6,1,0,29.0,51.3,31.8,27.1,49.5,37.3,59.9,0,,42.65,0.888,1.091,1.425,0.138
f17fec5,without-answer,drops,handover,handover=always,500,good,-6.0,fading,1,100,100,100,1534,1534,0,0,0,16.3,33.7,18.8,14.9,26.8,31.0,44.4,0,,28.65,0.814,1.244,1.184,0.0
f17fec5,without-answer,drops,handover+request,"chat=True,handover=always",500,good,-6.0,fading,1,100,100,100,1534,1534,0,0,0,16.1,29.7,17.4,14.0,26.8,23.9,37.9,0,,28.13,0.833,1.113,1.183,0.149
f17fec5,without-answer,drops,handover,handover=always,500,good,0.0,fading,1,100,100,100,1534,1521,13,1,0,10.7,25.7,12.8,9.7,18.5,22.4,34.8,0,,18.86,0.652,1.635,1.243,0.0
f17fec5,without-answer,drops,handover+request,"chat=True,handover=always",500,good,0.0,fading,1,100,100,100,1534,1531,3,1,0,10.7,22.5,12.1,10.1,19.0,18.7,28.5,0,,19.45,0.682,1.488,1.239,0.18
f17fec5,without-answer,drops,handover,handover=always,500,moderate,-12.0,fading,1,100,100,100,1534,1534,0,0,0,26.2,41.7,27.1,23.0,39.2,36.3,54.9,0,,36.91,0.848,1.244,1.185,0.0
f17fec5,without-answer,drops,handover+request,"chat=True,handover=always",500,moderate,-12.0,fading,1,100,100,100,1534,1534,0,0,0,25.5,40.8,25.9,23.4,38.6,32.5,45.7,0,,36.63,0.865,1.104,1.186,0.147
f17fec5,without-answer,drops,handover,handover=always,500,moderate,-6.0,fading,1,100,100,100,1534,1534,0,0,0,14.9,30.8,16.9,12.0,23.5,29.5,41.4,0,,26.8,0.804,1.241,1.153,0.0
f17fec5,without-answer,drops,handover+request,"chat=True,handover=always",500,moderate,-6.0,fading,1,100,100,100,1534,1534,0,0,0,14.9,25.9,15.6,12.0,22.2,23.1,33.1,0,,26.4,0.825,1.114,1.153,0.149
f17fec5,without-answer,drops,handover,handover=always,500,moderate,0.0,fading,1,100,100,100,1534,1534,0,0,0,10.7,27.3,13.7,10.7,18.0,25.4,37.4,0,,20.79,0.69,1.578,1.304,0.0
f17fec5,without-answer,drops,handover+request,"chat=True,handover=always",500,moderate,0.0,fading,1,100,100,100,1534,1534,0,0,0,10.7,23.2,12.8,10.7,18.1,20.9,29.3,0,,20.75,0.71,1.439,1.297,0.183
f17fec5,without-answer,drops,handover,handover=always,500,poor,-12.0,fading,1,100,100,100,1534,1534,0,0,0,25.2,40.8,25.9,22.1,36.9,35.6,49.2,0,,35.6,0.842,1.241,1.156,0.0
f17fec5,without-answer,drops,handover+request,"chat=True,handover=always",500,poor,-12.0,fading,1,100,100,100,1534,1534,0,0,0,23.3,37.1,24.5,22.1,36.4,29.1,44.4,0,,35.14,0.86,1.111,1.155,0.149
f17fec5,without-answer,drops,handover,handover=always,500,poor,-6.0,fading,1,100,100,100,1534,1534,0,0,0,14.5,29.8,16.3,11.6,22.6,28.4,40.4,0,,26.19,0.801,1.241,1.153,0.0
f17fec5,without-answer,drops,handover+request,"chat=True,handover=always",500,poor,-6.0,fading,1,100,100,100,1534,1534,0,0,0,14.2,25.4,15.0,11.5,21.6,22.6,31.8,0,,25.83,0.822,1.114,1.153,0.149
f17fec5,without-answer,drops,handover,handover=always,500,poor,0.0,fading,1,100,100,100,1534,1534,0,0,0,9.5,24.1,11.9,8.4,17.4,22.0,35.2,0,,17.11,0.604,1.765,1.417,0.0
f17fec5,without-answer,drops,handover+request,"chat=True,handover=always",500,poor,0.0,fading,1,100,100,100,1534,1532,2,1,0,9.4,21.9,11.1,8.4,16.9,18.5,27.9,0,,17.42,0.633,1.572,1.388,0.207
f17fec5,before,grid,base,,2300,awgn,-12.0,fading,1,0,30,30,457,457,0,0,0,31.9,47.9,31.3,35.1,49.5,10.7,16.1,0,,32.93,0.689,1.298,0.796,0.0
f17fec5,before,grid,request,chat=True,2300,awgn,-12.0,fading,1,0,30,30,457,457,0,0,0,22.8,42.8,25.2,27.9,42.8,10.7,16.1,0,,30.93,0.741,0.648,0.796,0.707
f17fec5,before,grid,handover,handover=always,2300,awgn,-12.0,fading,1,0,30,30,457,457,0,0,0,16.1,37.8,19.6,14.6,26.9,34.0,46.3,0,,29.46,0.816,1.258,1.16,0.0
f17fec5,before,grid,handover+request,"chat=True,handover=always",2300,awgn,-12.0,fading,1,0,30,30,457,457,0,0,0,16.1,33.2,18.2,14.8,25.6,28.1,42.8,0,,29.11,0.838,1.12,1.16,0.164
f17fec5,before,grid,base,,2300,awgn,-6.0,fading,1,0,30,30,457,457,0,0,0,21.3,28.4,19.6,22.9,29.3,5.4,9.6,0,,21.31,0.591,1.298,0.796,0.0
f17fec5,before,grid,request,chat=True,2300,awgn,-6.0,fading,1,0,30,30,457,457,0,0,0,12.3,18.9,13.5,15.3,19.5,5.4,9.6,0,,19.31,0.643,0.648,0.796,0.707
f17fec5,before,grid,handover,handover=always,2300,awgn,-6.0,fading,1,0,30,30,457,457,0,0,0,8.9,22.8,11.2,7.5,12.0,21.9,29.3,0,,21.13,0.763,1.258,1.16,0.0
f17fec5,before,grid,handover+request,"chat=True,handover=always",2300,awgn,-6.0,fading,1,0,30,30,457,457,0,0,0,8.8,17.1,9.8,7.5,11.8,16.8,20.7,0,,20.72,0.788,1.12,1.16,0.164
f17fec5,before,grid,base,,2300,awgn,0.0,fading,1,0,30,30,457,457,0,0,0,7.6,12.9,7.6,8.5,13.4,2.1,3.2,0,,4.91,0.204,1.748,0.796,0.0
f17fec5,before,grid,request,chat=True,2300,awgn,0.0,fading,1,0,30,30,457,457,0,0,0,3.0,4.4,3.3,3.0,4.5,2.1,3.2,0,,4.54,0.229,1.037,0.796,0.748
f17fec5,before,grid,handover,handover=always,2300,awgn,0.0,fading,1,0,30,30,457,457,0,0,0,3.0,9.7,3.9,2.1,3.8,8.7,12.5,0,,5.33,0.261,2.022,1.16,0.0
f17fec5,before,grid,handover+request,"chat=True,handover=always",2300,awgn,0.0,fading,1,0,30,30,457,457,0,0,0,2.1,4.1,2.7,2.1,3.4,3.0,4.8,0,,5.26,0.273,1.827,1.16,0.217
f17fec5,before,grid,base,,2300,awgn,6.0,fading,1,0,30,30,457,457,0,0,0,6.8,12.0,6.6,7.8,12.4,1.1,1.2,0,,3.77,0.163,1.761,0.796,0.0
f17fec5,before,grid,request,chat=True,2300,awgn,6.0,fading,1,0,30,30,457,457,0,0,0,2.0,3.4,2.3,2.5,3.5,1.1,1.2,0,,3.45,0.183,1.044,0.796,0.748
f17fec5,before,grid,handover,handover=always,2300,awgn,6.0,fading,1,0,30,30,457,457,0,0,0,1.1,8.5,2.7,1.1,2.1,8.1,12.1,0,,3.97,0.206,2.039,1.16,0.0
f17fec5,before,grid,handover+request,"chat=True,handover=always",2300,awgn,6.0,fading,1,0,30,30,457,457,0,0,0,1.1,3.0,1.6,1.1,2.1,2.0,4.1,0,,3.88,0.214,1.838,1.16,0.219
f17fec5,before,grid,base,,2300,awgn,12.0,fading,1,0,30,30,457,457,0,0,0,6.3,11.5,6.2,7.2,11.8,1.1,1.1,0,,3.34,0.147,1.761,0.796,0.0
f17fec5,before,grid,request,chat=True,2300,awgn,12.0,fading,1,0,30,30,457,457,0,0,0,2.0,2.5,1.9,2.0,2.5,1.1,1.1,0,,3.03,0.164,1.044,0.796,0.748
f17fec5,before,grid,handover,handover=always,2300,awgn,12.0,fading,1,0,30,30,457,457,0,0,0,1.1,8.0,2.5,1.1,1.7,7.2,11.1,0,,3.74,0.196,2.039,1.16,0.0
f17fec5,before,grid,handover+request,"chat=True,handover=always",2300,awgn,12.0,fading,1,0,30,30,457,457,0,0,0,1.1,2.0,1.4,1.1,1.7,2.0,2.7,0,,3.65,0.204,1.838,1.16,0.219
f17fec5,before,grid,base,,2300,good,-12.0,fading,1,0,30,30,457,447,10,1,0,38.5,61.2,40.3,41.6,62.5,22.6,47.9,0,,41.63,0.748,1.274,0.895,0.0
f17fec5,before,grid,request,chat=True,2300,good,-12.0,fading,1,0,30,30,457,450,7,1,0,33.2,55.0,35.3,33.2,57.3,22.2,42.4,0,,40.64,0.793,0.753,0.899,0.595
f17fec5,before,grid,handover,handover=always,2300,good,-12.0,fading,1,0,30,30,457,457,0,0,0,29.0,53.9,32.4,26.8,48.1,40.9,63.1,0,,42.78,0.875,1.188,1.403,0.0
f17fec5,before,grid,handover+request,"chat=True,handover=always",2300,good,-12.0,fading,1,0,30,30,457,457,0,0,0,28.0,51.7,31.5,26.8,47.9,37.7,62.5,0,,42.8,0.891,1.118,1.442,0.133
f17fec5,before,grid,base,,2300,good,-6.0,fading,1,0,30,30,457,457,0,0,0,24.3,37.8,24.0,26.0,38.7,10.7,17.8,0,,25.59,0.632,1.306,0.812,0.0
f17fec5,before,grid,request,chat=True,2300,good,-6.0,fading,1,0,30,30,457,447,10,1,0,17.1,27.9,18.0,17.2,29.7,5.5,15.6,0,,23.05,0.683,0.67,0.807,0.691
f17fec5,before,grid,handover,handover=always,2300,good,-6.0,fading,1,0,30,30,457,457,0,0,0,11.6,28.4,14.9,10.7,21.5,26.0,33.6,0,,24.75,0.788,1.28,1.221,0.0
f17fec5,before,grid,handover+request,"chat=True,handover=always",2300,good,-6.0,fading,1,0,30,30,457,457,0,0,0,11.7,23.0,13.4,10.7,19.6,20.6,33.3,0,,24.24,0.809,1.114,1.197,0.155
f17fec5,before,grid,base,,2300,good,0.0,fading,1,0,30,30,457,457,0,0,0,11.9,24.9,13.3,13.9,25.6,3.2,10.2,0,,11.92,0.4,1.681,0.812,0.0
f17fec5,before,grid,request,chat=True,2300,good,0.0,fading,1,0,30,30,457,457,0,0,0,6.9,17.2,9.2,9.0,18.5,4.2,8.4,0,,11.67,0.454,0.996,0.821,0.716
f17fec5,before,grid,handover,handover=always,2300,good,0.0,fading,1,0,30,30,457,457,0,0,0,6.3,17.3,8.5,5.4,11.7,16.6,26.5,0,,14.34,0.574,1.672,1.201,0.0
f17fec5,before,grid,handover+request,"chat=True,handover=always",2300,good,0.0,fading,1,0,30,30,457,457,0,0,0,5.4,13.2,7.0,5.4,10.7,11.8,20.6,0,,13.42,0.572,1.534,1.197,0.206
f17fec5,before,grid,base,,2300,good,6.0,fading,1,0,30,30,457,457,0,0,0,7.2,12.8,7.2,8.4,12.9,1.1,3.1,0,,4.3,0.181,1.772,0.801,0.0
f17fec5,before,grid,request,chat=True,2300,good,6.0,fading,1,0,30,30,457,457,0,0,0,3.0,4.5,2.9,3.0,4.6,1.1,3.1,0,,3.91,0.201,1.05,0.796,0.751
f17fec5,before,grid,handover,handover=always,2300,good,6.0,fading,1,0,30,30,457,457,0,0,0,2.1,9.1,3.5,1.9,4.2,8.6,12.6,0,,4.64,0.232,2.042,1.16,0.0
f17fec5,before,grid,handover+request,"chat=True,handover=always",2300,good,6.0,fading,1,0,30,30,457,457,0,0,0,2.1,4.1,2.3,1.8,3.4,3.0,5.7,0,,4.53,0.241,1.84,1.16,0.219
f17fec5,before,grid,base,,2300,good,12.0,fading,1,0,30,30,457,457,0,0,0,6.6,11.8,6.5,7.4,11.9,1.1,3.1,0,,3.58,0.156,1.764,0.801,0.0
f17fec5,before,grid,request,chat=True,2300,good,12.0,fading,1,0,30,30,457,457,0,0,0,2.0,3.4,2.2,2.0,3.5,1.1,3.1,0,,3.22,0.172,1.044,0.796,0.748
f17fec5,before,grid,handover,handover=always,2300,good,12.0,fading,1,0,30,30,457,457,0,0,0,1.1,8.0,2.9,1.1,3.1,7.2,11.9,0,,4.0,0.206,2.039,1.16,0.0
f17fec5,before,grid,handover+request,"chat=True,handover=always",2300,good,12.0,fading,1,0,30,30,457,457,0,0,0,1.1,3.1,1.8,1.1,3.1,2.0,3.6,0,,3.96,0.216,1.84,1.16,0.219
f17fec5,before,grid,base,,2300,moderate,-12.0,fading,1,0,30,30,457,457,0,0,0,34.3,52.7,34.7,36.5,54.4,18.3,36.4,0,,36.2,0.707,1.302,0.812,0.0
f17fec5,before,grid,request,chat=True,2300,moderate,-12.0,fading,1,0,30,30,457,457,0,0,0,27.9,42.8,28.4,28.1,43.6,16.1,36.4,0,,33.94,0.755,0.674,0.803,0.7
f17fec5,before,grid,handover,handover=always,2300,moderate,-12.0,fading,1,0,30,30,457,457,0,0,0,24.4,42.7,25.6,21.5,39.9,36.2,49.8,0,,35.43,0.841,1.234,1.197,0.0
f17fec5,before,grid,handover+request,"chat=True,handover=always",2300,moderate,-12.0,fading,1,0,30,30,457,457,0,0,0,23.1,41.1,24.6,21.5,38.5,28.7,46.2,0,,35.41,0.86,1.123,1.199,0.162
f17fec5,before,grid,base,,2300,moderate,-6.0,fading,1,0,30,30,457,457,0,0,0,22.0,29.8,20.7,23.6,31.0,5.4,14.9,0,,22.43,0.602,1.298,0.796,0.0
f17fec5,before,grid,request,chat=True,2300,moderate,-6.0,fading,1,0,30,30,457,457,0,0,0,14.9,20.8,14.5,17.1,21.4,5.4,14.9,0,,20.25,0.653,0.648,0.796,0.707
f17fec5,before,grid,handover,handover=always,2300,moderate,-6.0,fading,1,0,30,30,457,457,0,0,0,10.7,25.5,13.1,9.4,18.4,24.0,32.7,0,,22.97,0.775,1.256,1.162,0.0
f17fec5,before,grid,handover+request,"chat=True,handover=always",2300,moderate,-6.0,fading,1,0,30,30,457,457,0,0,0,10.7,20.4,11.6,9.1,16.1,18.1,23.4,0,,22.42,0.798,1.12,1.16,0.164
f17fec5,before,grid,base,,2300,moderate,0.0,fading,1,0,30,30,457,457,0,0,0,11.0,22.2,12.3,13.2,23.3,5.3,8.4,0,,10.53,0.365,1.685,0.827,0.0
f17fec5,before,grid,request,chat=True,2300,moderate,0.0,fading,1,0,30,30,457,457,0,0,0,6.8,17.1,8.5,8.2,17.2,4.2,6.3,0,,10.6,0.424,0.978,0.84,0.726
f17fec5,before,grid,handover,handover=always,2300,moderate,0.0,fading,1,0,30,30,457,457,0,0,0,5.4,15.5,7.7,5.4,11.2,12.8,24.9,0,,12.96,0.535,1.661,1.254,0.0
f17fec5,before,grid,handover+request,"chat=True,handover=always",2300,moderate,0.0,fading,1,0,30,30,457,457,0,0,0,5.4,11.9,6.6,5.4,10.7,10.0,19.5,0,,12.65,0.548,1.503,1.225,0.199
f17fec5,before,grid,base,,2300,moderate,6.0,fading,1,0,30,30,457,457,0,0,0,7.1,12.3,7.1,8.3,12.6,1.1,3.1,0,,4.22,0.179,1.772,0.796,0.0
f17fec5,before,grid,request,chat=True,2300,moderate,6.0,fading,1,0,30,30,457,457,0,0,0,3.0,4.1,2.8,3.0,4.5,1.1,3.1,0,,3.87,0.2,1.048,0.799,0.751
f17fec5,before,grid,handover,handover=always,2300,moderate,6.0,fading,1,0,30,30,457,457,0,0,0,2.1,9.0,3.3,1.3,3.9,8.1,12.5,0,,4.49,0.226,2.042,1.179,0.0
f17fec5,before,grid,handover+request,"chat=True,handover=always",2300,moderate,6.0,fading,1,0,30,30,457,457,0,0,0,2.0,4.1,2.2,1.8,3.2,3.0,4.7,0,,4.39,0.235,1.847,1.162,0.221
f17fec5,before,grid,base,,2300,moderate,12.0,fading,1,0,30,30,457,457,0,0,0,6.5,11.7,6.3,7.3,11.9,1.1,3.1,0,,3.46,0.152,1.761,0.796,0.0
f17fec5,before,grid,request,chat=True,2300,moderate,12.0,fading,1,0,30,30,457,457,0,0,0,2.0,3.1,2.1,2.0,3.3,1.1,3.1,0,,3.14,0.169,1.044,0.796,0.748
f17fec5,before,grid,handover,handover=always,2300,moderate,12.0,fading,1,0,30,30,457,457,0,0,0,1.1,8.2,2.8,1.1,3.1,7.2,11.6,0,,3.95,0.204,2.039,1.16,0.0
f17fec5,before,grid,handover+request,"chat=True,handover=always",2300,moderate,12.0,fading,1,0,30,30,457,457,0,0,0,1.1,3.1,1.6,1.1,3.1,2.0,3.5,0,,3.84,0.212,1.838,1.16,0.219
f17fec5,before,grid,base,,2300,poor,-12.0,fading,1,0,30,30,457,457,0,0,0,32.0,49.3,32.5,35.2,51.5,14.2,26.8,0,,34.03,0.694,1.298,0.796,0.0
f17fec5,before,grid,request,chat=True,2300,poor,-12.0,fading,1,0,30,30,457,457,0,0,0,25.7,42.8,26.4,27.9,42.8,14.2,29.3,0,,31.98,0.746,0.646,0.799,0.707
f17fec5,before,grid,handover,handover=always,2300,poor,-12.0,fading,1,0,30,30,457,457,0,0,0,22.3,39.5,24.2,21.4,36.4,34.7,48.1,0,,33.91,0.833,1.258,1.16,0.0
f17fec5,before,grid,handover+request,"chat=True,handover=always",2300,poor,-12.0,fading,1,0,30,30,457,457,0,0,0,21.5,36.4,22.5,20.3,34.0,28.2,42.8,0,,33.19,0.851,1.12,1.16,0.164
f17fec5,before,grid,base,,2300,poor,-6.0,fading,1,0,30,30,457,457,0,0,0,22.2,31.1,21.2,23.8,32.0,5.4,14.9,0,,22.85,0.606,1.298,0.796,0.0
f17fec5,before,grid,request,chat=True,2300,poor,-6.0,fading,1,0,30,30,457,457,0,0,0,14.9,22.5,15.3,17.1,22.5,6.5,14.9,0,,21.0,0.66,0.648,0.796,0.707
f17fec5,before,grid,handover,handover=always,2300,poor,-6.0,fading,1,0,30,30,457,457,0,0,0,10.7,25.2,13.1,9.1,19.5,23.5,32.5,0,,22.92,0.774,1.258,1.16,0.0
f17fec5,before,grid,handover+request,"chat=True,handover=always",2300,poor,-6.0,fading,1,0,30,30,457,457,0,0,0,10.7,20.2,11.6,9.4,17.2,17.2,22.9,0,,22.43,0.797,1.12,1.16,0.164
f17fec5,before,grid,base,,2300,poor,0.0,fading,1,0,30,30,457,457,0,0,0,11.4,22.1,12.0,12.7,23.4,4.2,6.9,0,,9.98,0.35,1.729,0.845,0.0
f17fec5,before,grid,request,chat=True,2300,poor,0.0,fading,1,0,30,30,457,457,0,0,0,5.8,14.4,7.3,6.2,16.1,3.2,5.9,0,,8.71,0.366,1.092,0.862,0.746
f17fec5,before,grid,handover,handover=always,2300,poor,0.0,fading,1,0,30,30,457,457,0,0,0,5.3,15.0,6.8,4.4,9.4,13.6,21.0,0,,10.67,0.458,1.845,1.319,0.0
f17fec5,before,grid,handover+request,"chat=True,handover=always",2300,poor,0.0,fading,1,0,30,30,457,457,0,0,0,5.3,10.7,5.7,4.5,8.4,7.4,16.1,0,,10.71,0.482,1.681,1.291,0.204
f17fec5,before,grid,base,,2300,poor,6.0,fading,1,0,30,30,457,457,0,0,0,7.2,12.4,7.0,8.1,12.7,1.1,3.1,0,,4.09,0.174,1.761,0.801,0.0
f17fec5,before,grid,request,chat=True,2300,poor,6.0,fading,1,0,30,30,457,457,0,0,0,3.0,4.1,2.7,3.0,4.1,1.1,3.1,0,,3.76,0.196,1.046,0.796,0.751
f17fec5,before,grid,handover,handover=always,2300,poor,6.0,fading,1,0,30,30,457,457,0,0,0,2.1,9.2,3.2,1.1,3.2,8.1,12.1,0,,4.35,0.221,2.044,1.162,0.0
f17fec5,before,grid,handover+request,"chat=True,handover=always",2300,poor,6.0,fading,1,0,30,30,457,457,0,0,0,1.7,3.2,1.9,1.1,3.1,3.0,4.1,0,,4.16,0.226,1.838,1.164,0.219
f17fec5,before,grid,base,,2300,poor,12.0,fading,1,0,30,30,457,457,0,0,0,6.4,11.6,6.3,7.2,11.8,1.1,3.1,0,,3.48,0.152,1.761,0.796,0.0
f17fec5,before,grid,request,chat=True,2300,poor,12.0,fading,1,0,30,30,457,457,0,0,0,2.0,3.1,2.1,2.0,3.2,1.1,3.1,0,,3.19,0.171,1.044,0.796,0.748
f17fec5,before,grid,handover,handover=always,2300,poor,12.0,fading,1,0,30,30,457,457,0,0,0,1.1,8.2,2.9,1.1,3.1,7.2,11.1,0,,4.06,0.209,2.039,1.16,0.0
f17fec5,before,grid,handover+request,"chat=True,handover=always",2300,poor,12.0,fading,1,0,30,30,457,457,0,0,0,1.1,3.1,1.7,1.1,3.1,2.0,3.2,0,,3.97,0.218,1.838,1.16,0.219
f17fec5,before,grid,base,,500,awgn,-12.0,fading,1,0,30,30,457,457,0,0,0,31.9,47.9,31.8,35.1,49.5,14.2,21.5,0,,33.41,0.692,1.298,0.796,0.0
f17fec5,before,grid,request,chat=True,500,awgn,-12.0,fading,1,0,30,30,457,457,0,0,0,22.9,42.8,25.7,27.9,42.8,14.2,21.5,0,,31.42,0.744,0.648,0.796,0.707
f17fec5,before,grid,handover,handover=always,500,awgn,-12.0,fading,1,0,30,30,457,457,0,0,0,19.0,37.8,21.2,16.6,27.6,34.0,46.3,0,,31.08,0.824,1.258,1.16,0.0
f17fec5,before,grid,handover+request,"chat=True,handover=always",500,awgn,-12.0,fading,1,0,30,30,457,457,0,0,0,18.0,33.2,19.8,16.6,27.0,28.1,42.8,0,,30.68,0.845,1.12,1.16,0.164
f17fec5,before,grid,base,,500,awgn,-6.0,fading,1,0,30,30,457,457,0,0,0,26.8,37.2,24.8,28.4,37.7,9.6,10.9,0,,26.56,0.642,1.298,0.796,0.0
f17fec5,before,grid,request,chat=True,500,awgn,-6.0,fading,1,0,30,30,457,457,0,0,0,17.6,27.9,18.8,22.5,27.9,9.6,10.9,0,,24.57,0.696,0.648,0.796,0.707
f17fec5,before,grid,handover,handover=always,500,awgn,-6.0,fading,1,0,30,30,457,457,0,0,0,11.6,29.5,14.9,10.7,18.4,28.0,36.0,0,,24.84,0.791,1.258,1.16,0.0
f17fec5,before,grid,handover+request,"chat=True,handover=always",500,awgn,-6.0,fading,1,0,30,30,457,457,0,0,0,11.6,22.8,13.5,10.7,17.7,22.1,29.4,0,,24.44,0.814,1.12,1.16,0.164
f17fec5,before,grid,base,,500,awgn,0.0,fading,1,0,30,30,457,457,0,0,0,11.4,17.8,11.0,12.7,18.4,3.2,4.2,0,,7.95,0.289,1.761,0.796,0.0
f17fec5,before,grid,request,chat=True,500,awgn,0.0,fading,1,0,30,30,457,457,0,0,0,6.5,10.4,6.8,7.2,10.4,3.2,4.2,0,,7.64,0.328,1.044,0.796,0.748
f17fec5,before,grid,handover,handover=always,500,awgn,0.0,fading,1,0,30,30,457,457,0,0,0,4.2,13.2,5.7,3.2,8.4,12.8,18.2,0,,6.85,0.308,2.039,1.16,0.0
f17fec5,before,grid,handover+request,"chat=True,handover=always",500,awgn,0.0,fading,1,0,30,30,457,457,0,0,0,4.2,9.3,4.5,3.2,6.3,7.2,10.4,0,,6.76,0.321,1.838,1.16,0.219
f17fec5,before,grid,base,,500,awgn,6.0,fading,1,0,30,30,457,457,0,0,0,7.8,13.1,7.5,8.7,13.5,1.8,2.1,0,,4.72,0.196,1.761,0.796,0.0
f17fec5,before,grid,request,chat=True,500,awgn,6.0,fading,1,0,30,30,457,457,0,0,0,3.0,5.1,3.3,4.1,5.1,1.8,2.1,0,,4.42,0.223,1.044,0.796,0.748
f17fec5,before,grid,handover,handover=always,500,awgn,6.0,fading,1,0,30,30,457,457,0,0,0,2.1,9.6,3.4,2.1,3.2,8.8,13.0,0,,4.67,0.234,2.039,1.16,0.0
f17fec5,before,grid,handover+request,"chat=True,handover=always",500,awgn,6.0,fading,1,0,30,30,457,457,0,0,0,2.1,4.1,2.3,2.1,3.2,3.5,5.1,0,,4.58,0.244,1.838,1.16,0.219
f17fec5,before,grid,base,,500,awgn,12.0,fading,1,0,30,30,457,457,0,0,0,6.7,11.9,6.6,7.8,12.4,1.1,2.1,0,,3.76,0.163,1.761,0.796,0.0
f17fec5,before,grid,request,chat=True,500,awgn,12.0,fading,1,0,30,30,457,457,0,0,0,2.0,3.2,2.4,2.6,3.4,1.1,1.9,0,,3.45,0.183,1.044,0.796,0.748
f17fec5,before,grid,handover,handover=always,500,awgn,12.0,fading,1,0,30,30,457,457,0,0,0,1.1,8.5,2.7,1.1,2.1,8.1,11.9,0,,3.97,0.206,2.039,1.16,0.0
f17fec5,before,grid,handover+request,"chat=True,handover=always",500,awgn,12.0,fading,1,0,30,30,457,457,0,0,0,1.1,3.0,1.6,1.1,2.1,2.5,3.8,0,,3.9,0.215,1.838,1.16,0.219
f17fec5,before,grid,base,,500,good,-12.0,fading,1,0,30,30,457,457,0,0,0,39.3,60.4,40.6,42.4,62.5,21.5,51.0,0,,42.93,0.752,1.291,0.926,0.0
f17fec5,before,grid,request,chat=True,500,good,-12.0,fading,1,0,30,30,457,457,0,0,0,33.2,55.3,35.5,33.2,57.8,22.2,43.0,0,,41.35,0.795,0.766,0.908,0.611
f17fec5,before,grid,handover,handover=always,500,good,-12.0,fading,1,0,30,30,457,457,0,0,0,29.6,53.6,32.6,27.1,48.8,38.8,62.3,0,,43.07,0.876,1.173,1.365,0.0
f17fec5,before,grid,handover+request,"chat=True,handover=always",500,good,-12.0,fading,1,0,30,30,457,449,8,1,0,28.1,53.4,32.0,27.0,50.7,34.1,61.8,0,,42.78,0.892,1.05,1.466,0.131
f17fec5,before,grid,base,,500,good,-6.0,fading,1,0,30,30,457,441,16,2,0,28.6,43.3,28.6,30.6,44.1,10.7,22.0,0,,29.23,0.665,1.282,0.786,0.0
f17fec5,before,grid,request,chat=True,500,good,-6.0,fading,1,0,30,30,457,434,23,2,0,22.5,33.2,22.5,22.5,37.3,10.7,22.5,0,,26.69,0.714,0.665,0.779,0.663
f17fec5,before,grid,handover,handover=always,500,good,-6.0,fading,1,0,30,30,457,437,20,2,0,16.6,34.1,19.6,15.1,27.4,32.5,48.6,0,,28.23,0.808,1.239,1.144,0.0
f17fec5,before,grid,handover+request,"chat=True,handover=always",500,good,-6.0,fading,1,0,30,30,457,441,16,1,1,16.1,28.4,17.6,14.9,25.8,25.4,39.0,0,,28.3,0.803,1.182,1.173,0.158
f17fec5,before,grid,base,,500,good,0.0,fading,1,0,30,30,457,457,0,0,0,17.3,34.5,18.8,20.2,35.9,5.4,11.7,0,,17.81,0.504,1.764,0.834,0.0
f17fec5,before,grid,request,chat=True,500,good,0.0,fading,1,0,30,30,457,457,0,0,0,14.4,27.1,15.2,17.0,27.9,8.2,14.9,0,,17.75,0.559,1.109,0.851,0.716
f17fec5,before,grid,handover,handover=always,500,good,0.0,fading,1,0,30,30,457,451,6,1,0,10.7,27.1,12.9,9.0,18.1,26.0,37.9,0,,19.4,0.668,1.652,1.252,0.0
f17fec5,before,grid,handover+request,"chat=True,handover=always",500,good,0.0,fading,1,0,30,30,457,457,0,0,0,9.7,22.2,11.0,8.2,17.4,18.3,29.5,0,,18.48,0.671,1.543,1.265,0.182
f17fec5,before,grid,base,,500,good,6.0,fading,1,0,30,30,457,457,0,0,0,9.9,16.4,9.9,11.0,17.1,2.6,7.4,0,,6.99,0.264,1.829,0.812,0.0
f17fec5,before,grid,request,chat=True,500,good,6.0,fading,1,0,30,30,457,457,0,0,0,4.6,11.4,5.9,5.1,11.8,3.1,7.2,0,,6.75,0.301,1.109,0.807,0.74
f17fec5,before,grid,handover,handover=always,500,good,6.0,fading,1,0,30,30,457,457,0,0,0,3.2,12.2,5.4,3.1,8.1,11.0,19.9,0,,6.95,0.317,2.074,1.197,0.0
f17fec5,before,grid,handover+request,"chat=True,handover=always",500,good,6.0,fading,1,0,30,30,457,457,0,0,0,3.2,8.2,4.2,3.1,7.1,5.1,12.2,0,,6.96,0.336,1.834,1.195,0.212
f17fec5,before,grid,base,,500,good,12.0,fading,1,0,30,30,457,457,0,0,0,7.3,12.8,7.3,8.4,12.9,1.5,4.2,0,,4.38,0.184,1.777,0.803,0.0
f17fec5,before,grid,request,chat=True,500,good,12.0,fading,1,0,30,30,457,457,0,0,0,3.0,5.1,3.0,3.0,5.1,1.1,4.1,0,,4.06,0.208,1.053,0.796,0.746
f17fec5,before,grid,handover,handover=always,500,good,12.0,fading,1,0,30,30,457,457,0,0,0,2.1,9.2,3.5,1.8,5.2,8.2,13.8,0,,4.63,0.231,2.048,1.164,0.0
f17fec5,before,grid,handover+request,"chat=True,handover=always",500,good,12.0,fading,1,0,30,30,457,457,0,0,0,2.1,4.2,2.4,2.0,4.0,3.0,5.6,0,,4.58,0.242,1.84,1.164,0.219
f17fec5,before,grid,base,,500,moderate,-12.0,fading,1,0,30,30,457,457,0,0,0,34.4,52.9,35.0,36.3,54.1,21.5,36.4,0,,36.54,0.709,1.3,0.807,0.0
f17fec5,before,grid,request,chat=True,500,moderate,-12.0,fading,1,0,30,30,457,457,0,0,0,27.9,43.0,29.0,28.2,43.8,20.3,36.4,0,,34.44,0.757,0.676,0.803,0.7
f17fec5,before,grid,handover,handover=always,500,moderate,-12.0,fading,1,0,30,30,457,457,0,0,0,25.7,42.8,27.0,23.9,39.5,36.2,51.6,0,,36.79,0.844,1.247,1.184,0.0
f17fec5,before,grid,handover+request,"chat=True,handover=always",500,moderate,-12.0,fading,1,0,30,30,457,457,0,0,0,25.5,41.7,26.0,23.0,41.2,31.3,46.2,0,,36.67,0.863,1.136,1.21,0.162
f17fec5,before,grid,base,,500,moderate,-6.0,fading,1,0,30,30,457,457,0,0,0,26.9,37.7,25.8,28.6,38.4,10.7,20.3,0,,27.47,0.649,1.298,0.796,0.0
f17fec5,before,grid,request,chat=True,500,moderate,-6.0,fading,1,0,30,30,457,457,0,0,0,18.9,27.9,19.5,22.5,29.3,10.7,20.3,0,,25.24,0.701,0.648,0.796,0.707
f17fec5,before,grid,handover,handover=always,500,moderate,-6.0,fading,1,0,30,30,457,457,0,0,0,14.9,30.7,16.8,12.0,22.4,28.6,39.3,0,,26.62,0.799,1.258,1.16,0.0
f17fec5,before,grid,handover+request,"chat=True,handover=always",500,moderate,-6.0,fading,1,0,30,30,457,457,0,0,0,14.9,25.8,15.7,12.6,22.2,22.7,33.1,0,,26.55,0.823,1.12,1.16,0.164
f17fec5,before,grid,base,,500,moderate,0.0,fading,1,0,30,30,457,457,0,0,0,22.3,34.9,21.7,24.4,36.0,8.7,15.0,0,,21.13,0.552,1.597,0.882,0.0
f17fec5,before,grid,request,chat=True,500,moderate,0.0,fading,1,0,30,30,457,457,0,0,0,17.1,27.9,16.8,17.9,28.1,6.3,13.1,0,,19.68,0.59,0.947,0.908,0.707
f17fec5,before,grid,handover,handover=always,500,moderate,0.0,fading,1,0,30,30,457,457,0,0,0,11.2,28.7,14.2,10.7,19.6,28.2,37.4,0,,21.5,0.701,1.536,1.284,0.0
f17fec5,before,grid,handover+request,"chat=True,handover=always",500,moderate,0.0,fading,1,0,30,30,457,457,0,0,0,10.7,23.9,12.6,10.3,19.0,21.2,28.4,0,,20.73,0.712,1.466,1.324,0.179
f17fec5,before,grid,base,,500,moderate,6.0,fading,1,0,30,30,457,457,0,0,0,9.5,16.4,10.0,10.9,17.4,3.9,5.4,0,,7.14,0.269,1.772,0.816,0.0
f17fec5,before,grid,request,chat=True,500,moderate,6.0,fading,1,0,30,30,457,457,0,0,0,5.1,10.5,6.0,5.1,11.4,3.2,5.6,0,,6.9,0.306,1.05,0.812,0.735
f17fec5,before,grid,handover,handover=always,500,moderate,6.0,fading,1,0,30,30,457,457,0,0,0,4.2,11.4,5.4,3.2,6.3,10.8,18.0,0,,6.67,0.305,2.05,1.195,0.0
f17fec5,before,grid,handover+request,"chat=True,handover=always",500,moderate,6.0,fading,1,0,30,30,457,457,0,0,0,3.2,7.2,4.0,3.2,6.2,5.1,11.3,0,,6.22,0.303,1.86,1.208,0.217
f17fec5,before,grid,base,,500,moderate,12.0,fading,1,0,30,30,457,457,0,0,0,7.3,12.6,7.4,8.4,12.8,2.1,4.2,0,,4.42,0.185,1.764,0.796,0.0
f17fec5,before,grid,request,chat=True,500,moderate,12.0,fading,1,0,30,30,457,457,0,0,0,3.0,5.1,3.0,3.0,5.1,1.1,4.2,0,,4.01,0.205,1.048,0.799,0.748
f17fec5,before,grid,handover,handover=always,500,moderate,12.0,fading,1,0,30,30,457,457,0,0,0,2.1,8.7,3.5,2.1,4.2,8.2,12.1,0,,4.57,0.228,2.039,1.16,0.0
f17fec5,before,grid,handover+request,"chat=True,handover=always",500,moderate,12.0,fading,1,0,30,30,457,457,0,0,0,2.1,4.2,2.3,2.1,3.6,3.0,5.1,0,,4.5,0.239,1.836,1.16,0.221
f17fec5,before,grid,base,,500,poor,-12.0,fading,1,0,30,30,457,457,0,0,0,32.3,49.3,33.2,35.2,51.7,20.3,31.0,0,,34.77,0.699,1.298,0.796,0.0
f17fec5,before,grid,request,chat=True,500,poor,-12.0,fading,1,0,30,30,457,457,0,0,0,26.8,42.8,27.3,27.9,42.8,20.3,31.0,0,,32.87,0.751,0.646,0.796,0.707
f17fec5,before,grid,handover,handover=always,500,poor,-12.0,fading,1,0,30,30,457,457,0,0,0,25.1,41.2,25.6,21.9,36.6,34.7,47.9,0,,35.32,0.838,1.258,1.16,0.0
f17fec5,before,grid,handover+request,"chat=True,handover=always",500,poor,-12.0,fading,1,0,30,30,457,457,0,0,0,22.5,36.4,23.9,21.5,36.4,28.1,42.8,0,,34.65,0.856,1.118,1.162,0.164
f17fec5,before,grid,base,,500,poor,-6.0,fading,1,0,30,30,457,457,0,0,0,26.8,37.6,25.4,28.4,38.5,10.7,20.3,0,,27.11,0.647,1.298,0.796,0.0
f17fec5,before,grid,request,chat=True,500,poor,-6.0,fading,1,0,30,30,457,457,0,0,0,18.6,27.9,19.3,22.5,28.7,10.7,20.3,0,,25.11,0.7,0.648,0.796,0.707
f17fec5,before,grid,handover,handover=always,500,poor,-6.0,fading,1,0,30,30,457,457,0,0,0,14.5,31.1,16.6,11.6,23.1,30.0,38.9,0,,26.41,0.798,1.258,1.16,0.0
f17fec5,before,grid,handover+request,"chat=True,handover=always",500,poor,-6.0,fading,1,0,30,30,457,457,0,0,0,14.9,25.7,15.4,12.6,21.5,22.7,31.1,0,,26.2,0.821,1.12,1.16,0.164
f17fec5,before,grid,base,,500,poor,0.0,fading,1,0,30,30,457,457,0,0,0,16.6,32.1,18.0,19.5,33.2,5.4,10.7,0,,16.56,0.48,1.742,0.923,0.0
f17fec5,before,grid,request,chat=True,500,poor,0.0,fading,1,0,30,30,457,457,0,0,0,13.9,25.9,14.6,16.6,26.9,5.4,12.2,0,,16.6,0.533,1.096,0.965,0.709
f17fec5,before,grid,handover,handover=always,500,poor,0.0,fading,1,0,30,30,457,441,16,1,0,9.7,25.1,11.9,7.5,16.6,23.0,33.7,0,,17.15,0.624,1.683,1.357,0.0
f17fec5,before,grid,handover+request,"chat=True,handover=always",500,poor,0.0,fading,1,0,30,30,457,457,0,0,0,9.8,20.9,11.1,8.4,16.1,17.8,27.8,0,,18.39,0.666,1.543,1.392,0.173
f17fec5,before,grid,base,,500,poor,6.0,fading,1,0,30,30,457,457,0,0,0,8.9,14.9,8.9,10.2,15.3,3.1,5.3,0,,6.01,0.236,1.766,0.81,0.0
f17fec5,before,grid,request,chat=True,500,poor,6.0,fading,1,0,30,30,457,457,0,0,0,4.1,7.4,4.7,4.1,8.6,2.8,5.0,0,,5.56,0.262,1.05,0.818,0.748
f17fec5,before,grid,handover,handover=always,500,poor,6.0,fading,1,0,30,30,457,457,0,0,0,3.2,10.1,4.6,3.2,5.4,9.9,15.0,0,,5.92,0.28,2.039,1.184,0.0
f17fec5,before,grid,handover+request,"chat=True,handover=always",500,poor,6.0,fading,1,0,30,30,457,457,0,0,0,3.2,6.3,3.7,3.2,5.3,5.1,9.6,0,,5.96,0.294,1.849,1.188,0.219
f17fec5,before,grid,base,,500,poor,12.0,fading,1,0,30,30,457,457,0,0,0,7.1,12.4,7.0,8.0,12.6,1.1,3.1,0,,4.11,0.175,1.761,0.796,0.0
f17fec5,before,grid,request,chat=True,500,poor,12.0,fading,1,0,30,30,457,457,0,0,0,3.0,4.1,2.8,3.0,4.3,1.4,3.1,0,,3.84,0.199,1.044,0.796,0.746
f17fec5,before,grid,handover,handover=always,500,poor,12.0,fading,1,0,30,30,457,457,0,0,0,2.1,8.8,3.3,1.9,4.2,8.2,11.9,0,,4.49,0.226,2.037,1.162,0.0
f17fec5,before,grid,handover+request,"chat=True,handover=always",500,poor,12.0,fading,1,0,30,30,457,457,0,0,0,2.1,4.1,2.2,1.9,4.0,3.0,4.4,0,,4.41,0.236,1.838,1.16,0.219
f17fec5,after,grid,base,,2300,awgn,-12.0,fading,1,0,30,30,457,457,0,0,0,31.9,47.9,31.3,35.1,49.5,10.7,16.1,0,,32.93,0.689,1.298,0.796,0.0
f17fec5,after,grid,request,chat=True,2300,awgn,-12.0,fading,1,0,30,30,457,457,0,0,0,22.8,42.8,25.2,27.9,42.8,10.7,16.1,0,,30.93,0.741,0.648,0.796,0.707
f17fec5,after,grid,handover,handover=always,2300,awgn,-12.0,fading,1,0,30,30,457,457,0,0,0,16.1,37.8,19.6,14.6,26.9,34.0,46.3,0,,29.46,0.816,1.258,1.16,0.0
f17fec5,after,grid,handover+request,"chat=True,handover=always",2300,awgn,-12.0,fading,1,0,30,30,457,457,0,0,0,16.1,33.2,18.2,14.8,25.6,28.1,42.8,0,,29.11,0.838,1.12,1.16,0.164
f17fec5,after,grid,base,,2300,awgn,-6.0,fading,1,0,30,30,457,457,0,0,0,21.3,28.4,19.6,22.9,29.3,5.4,9.6,0,,21.31,0.591,1.298,0.796,0.0
f17fec5,after,grid,request,chat=True,2300,awgn,-6.0,fading,1,0,30,30,457,457,0,0,0,12.3,18.9,13.5,15.3,19.5,5.4,9.6,0,,19.31,0.643,0.648,0.796,0.707
f17fec5,after,grid,handover,handover=always,2300,awgn,-6.0,fading,1,0,30,30,457,457,0,0,0,8.9,22.8,11.2,7.5,12.0,21.9,29.3,0,,21.13,0.763,1.258,1.16,0.0
f17fec5,after,grid,handover+request,"chat=True,handover=always",2300,awgn,-6.0,fading,1,0,30,30,457,457,0,0,0,8.8,17.1,9.8,7.5,11.8,16.8,20.7,0,,20.72,0.788,1.12,1.16,0.164
f17fec5,after,grid,base,,2300,awgn,0.0,fading,1,0,30,30,457,457,0,0,0,7.6,12.9,7.6,8.5,13.4,2.1,3.2,0,,4.91,0.204,1.748,0.796,0.0
f17fec5,after,grid,request,chat=True,2300,awgn,0.0,fading,1,0,30,30,457,457,0,0,0,3.0,4.4,3.3,3.0,4.5,2.1,3.2,0,,4.54,0.229,1.037,0.796,0.748
f17fec5,after,grid,handover,handover=always,2300,awgn,0.0,fading,1,0,30,30,457,457,0,0,0,3.0,9.7,3.9,2.1,3.8,8.7,12.5,0,,5.33,0.261,2.022,1.16,0.0
f17fec5,after,grid,handover+request,"chat=True,handover=always",2300,awgn,0.0,fading,1,0,30,30,457,457,0,0,0,2.1,4.1,2.7,2.1,3.4,3.0,4.8,0,,5.26,0.273,1.827,1.16,0.217
f17fec5,after,grid,base,,2300,awgn,6.0,fading,1,0,30,30,457,457,0,0,0,6.8,12.0,6.6,7.8,12.4,1.1,1.2,0,,3.77,0.163,1.761,0.796,0.0
f17fec5,after,grid,request,chat=True,2300,awgn,6.0,fading,1,0,30,30,457,457,0,0,0,2.0,3.4,2.3,2.5,3.5,1.1,1.2,0,,3.45,0.183,1.044,0.796,0.748
f17fec5,after,grid,handover,handover=always,2300,awgn,6.0,fading,1,0,30,30,457,457,0,0,0,1.1,8.5,2.7,1.1,2.1,8.1,12.1,0,,3.97,0.206,2.039,1.16,0.0
f17fec5,after,grid,handover+request,"chat=True,handover=always",2300,awgn,6.0,fading,1,0,30,30,457,457,0,0,0,1.1,3.0,1.6,1.1,2.1,2.0,4.1,0,,3.88,0.214,1.838,1.16,0.219
f17fec5,after,grid,base,,2300,awgn,12.0,fading,1,0,30,30,457,457,0,0,0,6.3,11.5,6.2,7.2,11.8,1.1,1.1,0,,3.34,0.147,1.761,0.796,0.0
f17fec5,after,grid,request,chat=True,2300,awgn,12.0,fading,1,0,30,30,457,457,0,0,0,2.0,2.5,1.9,2.0,2.5,1.1,1.1,0,,3.03,0.164,1.044,0.796,0.748
f17fec5,after,grid,handover,handover=always,2300,awgn,12.0,fading,1,0,30,30,457,457,0,0,0,1.1,8.0,2.5,1.1,1.7,7.2,11.1,0,,3.74,0.196,2.039,1.16,0.0
f17fec5,after,grid,handover+request,"chat=True,handover=always",2300,awgn,12.0,fading,1,0,30,30,457,457,0,0,0,1.1,2.0,1.4,1.1,1.7,2.0,2.7,0,,3.65,0.204,1.838,1.16,0.219
f17fec5,after,grid,base,,2300,good,-12.0,fading,1,0,30,30,457,437,20,2,0,37.8,59.2,39.5,41.3,61.2,22.3,47.3,0,,40.07,0.744,1.23,0.862,0.0
f17fec5,after,grid,request,chat=True,2300,good,-12.0,fading,1,0,30,30,457,442,15,2,0,33.1,55.6,35.3,33.2,61.4,21.5,42.4,0,,39.99,0.79,0.792,0.882,0.586
f17fec5,after,grid,handover,handover=always,2300,good,-12.0,fading,1,0,30,30,457,457,0,0,0,29.0,50.9,31.5,26.8,46.4,40.1,60.7,0,,41.87,0.873,1.179,1.403,0.0
f17fec5,after,grid,handover+request,"chat=True,handover=always",2300,good,-12.0,fading,1,0,30,30,457,457,0,0,0,27.9,50.1,31.2,26.9,47.6,33.9,62.8,0,,42.37,0.888,1.125,1.442,0.153
f17fec5,after,grid,base,,2300,good,-6.0,fading,1,0,30,30,457,457,0,0,0,24.3,38.3,24.1,26.0,38.7,9.6,16.5,0,,25.62,0.631,1.311,0.816,0.0
f17fec5,after,grid,request,chat=True,2300,good,-6.0,fading,1,0,30,30,457,457,0,0,0,17.1,28.4,18.1,17.2,31.4,5.4,15.8,0,,23.6,0.682,0.665,0.832,0.709
f17fec5,after,grid,handover,handover=always,2300,good,-6.0,fading,1,0,30,30,457,457,0,0,0,11.5,28.4,14.7,10.6,21.2,25.4,34.7,0,,24.57,0.787,1.26,1.197,0.0
f17fec5,after,grid,handover+request,"chat=True,handover=always",2300,good,-6.0,fading,1,0,30,30,457,457,0,0,0,11.6,22.8,13.4,10.7,19.7,21.0,33.3,0,,24.16,0.808,1.112,1.182,0.155
f17fec5,after,grid,base,,2300,good,0.0,fading,1,0,30,30,457,457,0,0,0,11.8,24.9,13.2,13.9,25.9,3.8,9.6,0,,11.8,0.397,1.694,0.818,0.0
f17fec5,after,grid,request,chat=True,2300,good,0.0,fading,1,0,30,30,457,457,0,0,0,7.0,17.2,9.1,9.0,17.7,4.2,8.6,0,,11.51,0.449,1.009,0.821,0.713
f17fec5,after,grid,handover,handover=always,2300,good,0.0,fading,1,0,30,30,457,457,0,0,0,6.2,17.3,8.5,5.4,11.6,16.6,26.5,0,,14.38,0.576,1.691,1.199,0.0
f17fec5,after,grid,handover+request,"chat=True,handover=always",2300,good,0.0,fading,1,0,30,30,457,457,0,0,0,5.4,14.4,7.3,5.4,11.3,11.8,20.5,0,,14.05,0.59,1.501,1.204,0.204
f17fec5,after,grid,base,,2300,good,6.0,fading,1,0,30,30,457,457,0,0,0,7.2,12.8,7.2,8.4,12.9,1.1,3.1,0,,4.3,0.181,1.772,0.801,0.0
f17fec5,after,grid,request,chat=True,2300,good,6.0,fading,1,0,30,30,457,457,0,0,0,3.0,4.5,2.9,3.0,4.6,1.1,3.1,0,,3.91,0.201,1.05,0.796,0.751
f17fec5,after,grid,handover,handover=always,2300,good,6.0,fading,1,0,30,30,457,457,0,0,0,2.1,9.1,3.5,1.9,4.2,8.6,12.6,0,,4.64,0.232,2.042,1.16,0.0
f17fec5,after,grid,handover+request,"chat=True,handover=always",2300,good,6.0,fading,1,0,30,30,457,457,0,0,0,2.1,4.1,2.3,1.8,3.4,3.0,5.7,0,,4.53,0.241,1.84,1.16,0.219
f17fec5,after,grid,base,,2300,good,12.0,fading,1,0,30,30,457,457,0,0,0,6.6,11.8,6.5,7.4,11.9,1.1,3.1,0,,3.57,0.155,1.764,0.801,0.0
f17fec5,after,grid,request,chat=True,2300,good,12.0,fading,1,0,30,30,457,457,0,0,0,2.0,3.4,2.2,2.0,3.5,1.1,3.1,0,,3.22,0.172,1.044,0.796,0.748
f17fec5,after,grid,handover,handover=always,2300,good,12.0,fading,1,0,30,30,457,457,0,0,0,1.1,8.0,2.9,1.1,3.1,7.2,11.9,0,,4.0,0.206,2.039,1.16,0.0
f17fec5,after,grid,handover+request,"chat=True,handover=always",2300,good,12.0,fading,1,0,30,30,457,457,0,0,0,1.1,3.1,1.8,1.1,3.1,2.0,3.6,0,,3.96,0.216,1.84,1.16,0.219
f17fec5,after,grid,base,,2300,moderate,-12.0,fading,1,0,30,30,457,457,0,0,0,34.0,52.7,34.8,36.5,54.6,18.3,36.4,0,,36.28,0.707,1.309,0.81,0.0
f17fec5,after,grid,request,chat=True,2300,moderate,-12.0,fading,1,0,30,30,457,457,0,0,0,27.9,42.8,28.5,28.0,43.6,16.3,36.4,0,,33.93,0.754,0.676,0.803,0.702
f17fec5,after,grid,handover,handover=always,2300,moderate,-12.0,fading,1,0,30,30,457,457,0,0,0,23.9,42.6,25.4,21.5,38.2,36.2,49.1,0,,35.25,0.841,1.234,1.182,0.0
f17fec5,after,grid,handover+request,"chat=True,handover=always",2300,moderate,-12.0,fading,1,0,30,30,457,457,0,0,0,22.5,41.1,24.4,21.5,37.6,28.3,46.1,0,,35.15,0.86,1.129,1.184,0.162
f17fec5,after,grid,base,,2300,moderate,-6.0,fading,1,0,30,30,457,457,0,0,0,22.0,29.8,20.7,23.6,31.0,5.4,14.9,0,,22.43,0.602,1.298,0.796,0.0
f17fec5,after,grid,request,chat=True,2300,moderate,-6.0,fading,1,0,30,30,457,457,0,0,0,14.9,20.8,14.5,17.1,21.4,5.4,14.9,0,,20.25,0.653,0.648,0.796,0.707
f17fec5,after,grid,handover,handover=always,2300,moderate,-6.0,fading,1,0,30,30,457,457,0,0,0,10.7,25.5,13.1,9.4,18.4,24.0,32.7,0,,22.97,0.775,1.256,1.162,0.0
f17fec5,after,grid,handover+request,"chat=True,handover=always",2300,moderate,-6.0,fading,1,0,30,30,457,457,0,0,0,10.7,20.4,11.6,9.1,16.1,18.1,23.4,0,,22.42,0.798,1.12,1.16,0.164
f17fec5,after,grid,base,,2300,moderate,0.0,fading,1,0,30,30,457,457,0,0,0,11.3,22.5,12.5,13.4,24.2,5.3,8.2,0,,10.6,0.365,1.683,0.84,0.0
f17fec5,after,grid,request,chat=True,2300,moderate,0.0,fading,1,0,30,30,457,457,0,0,0,6.6,17.1,8.5,8.4,17.1,5.0,6.3,0,,10.6,0.424,0.954,0.842,0.731
f17fec5,after,grid,handover,handover=always,2300,moderate,0.0,fading,1,0,30,30,457,457,0,0,0,5.4,15.9,7.7,5.4,10.7,12.9,25.5,0,,12.75,0.526,1.667,1.265,0.0
f17fec5,after,grid,handover+request,"chat=True,handover=always",2300,moderate,0.0,fading,1,0,30,30,457,457,0,0,0,5.4,12.1,6.6,5.4,10.7,11.3,19.5,0,,12.7,0.549,1.503,1.236,0.201
f17fec5,after,grid,base,,2300,moderate,6.0,fading,1,0,30,30,457,457,0,0,0,7.1,12.3,7.1,8.3,12.6,1.1,3.1,0,,4.22,0.179,1.772,0.796,0.0
f17fec5,after,grid,request,chat=True,2300,moderate,6.0,fading,1,0,30,30,457,457,0,0,0,3.0,4.1,2.8,3.0,4.4,1.1,3.1,0,,3.86,0.199,1.048,0.799,0.751
f17fec5,after,grid,handover,handover=always,2300,moderate,6.0,fading,1,0,30,30,457,457,0,0,0,2.1,8.9,3.3,1.1,3.9,8.1,12.5,0,,4.45,0.225,2.044,1.175,0.0
f17fec5,after,grid,handover+request,"chat=True,handover=always",2300,moderate,6.0,fading,1,0,30,30,457,457,0,0,0,2.0,4.1,2.2,1.8,3.2,3.0,4.7,0,,4.39,0.235,1.849,1.162,0.221
f17fec5,after,grid,base,,2300,moderate,12.0,fading,1,0,30,30,457,457,0,0,0,6.5,11.7,6.3,7.3,11.9,1.1,3.1,0,,3.46,0.152,1.761,0.796,0.0
f17fec5,after,grid,request,chat=True,2300,moderate,12.0,fading,1,0,30,30,457,457,0,0,0,2.0,3.1,2.1,2.0,3.3,1.1,3.1,0,,3.14,0.169,1.044,0.796,0.748
f17fec5,after,grid,handover,handover=always,2300,moderate,12.0,fading,1,0,30,30,457,457,0,0,0,1.1,8.2,2.8,1.1,3.1,7.2,11.6,0,,3.95,0.204,2.039,1.16,0.0
f17fec5,after,grid,handover+request,"chat=True,handover=always",2300,moderate,12.0,fading,1,0,30,30,457,457,0,0,0,1.1,3.1,1.6,1.1,3.1,2.0,3.5,0,,3.84,0.212,1.838,1.16,0.219
f17fec5,after,grid,base,,2300,poor,-12.0,fading,1,0,30,30,457,457,0,0,0,32.0,49.3,32.5,35.2,51.5,14.2,26.8,0,,34.03,0.694,1.298,0.796,0.0
f17fec5,after,grid,request,chat=True,2300,poor,-12.0,fading,1,0,30,30,457,457,0,0,0,25.7,42.8,26.3,27.9,42.8,12.9,29.3,0,,31.96,0.746,0.646,0.799,0.707
f17fec5,after,grid,handover,handover=always,2300,poor,-12.0,fading,1,0,30,30,457,457,0,0,0,22.3,39.5,24.2,21.4,36.4,34.7,48.1,0,,33.91,0.833,1.258,1.16,0.0
f17fec5,after,grid,handover+request,"chat=True,handover=always",2300,poor,-12.0,fading,1,0,30,30,457,457,0,0,0,21.5,36.4,22.5,20.3,34.0,28.2,42.8,0,,33.19,0.851,1.12,1.16,0.164
f17fec5,after,grid,base,,2300,poor,-6.0,fading,1,0,30,30,457,457,0,0,0,22.2,31.1,21.2,23.8,32.0,5.4,14.9,0,,22.85,0.606,1.298,0.796,0.0
f17fec5,after,grid,request,chat=True,2300,poor,-6.0,fading,1,0,30,30,457,457,0,0,0,14.9,22.5,15.3,17.1,22.5,6.5,14.9,0,,21.0,0.66,0.648,0.796,0.707
f17fec5,after,grid,handover,handover=always,2300,poor,-6.0,fading,1,0,30,30,457,457,0,0,0,10.7,25.2,13.1,9.1,19.5,23.5,32.5,0,,22.92,0.774,1.258,1.16,0.0
f17fec5,after,grid,handover+request,"chat=True,handover=always",2300,poor,-6.0,fading,1,0,30,30,457,457,0,0,0,10.7,20.2,11.6,9.4,17.2,17.2,22.9,0,,22.43,0.797,1.12,1.16,0.164
f17fec5,after,grid,base,,2300,poor,0.0,fading,1,0,30,30,457,457,0,0,0,11.2,21.3,11.8,12.7,22.3,4.2,6.3,0,,9.58,0.339,1.731,0.862,0.0
f17fec5,after,grid,request,chat=True,2300,poor,0.0,fading,1,0,30,30,457,457,0,0,0,5.8,14.4,7.3,6.3,15.2,4.2,6.1,0,,8.63,0.363,1.088,0.853,0.744
f17fec5,after,grid,handover,handover=always,2300,poor,0.0,fading,1,0,30,30,457,457,0,0,0,5.3,14.2,6.7,4.2,8.9,13.2,21.2,0,,9.8,0.422,1.95,1.282,0.0
f17fec5,after,grid,handover+request,"chat=True,handover=always",2300,poor,0.0,fading,1,0,30,30,457,457,0,0,0,5.3,10.3,5.6,4.8,8.2,7.9,15.7,0,,10.41,0.471,1.687,1.278,0.208
f17fec5,after,grid,base,,2300,poor,6.0,fading,1,0,30,30,457,457,0,0,0,7.2,12.4,7.0,8.1,12.7,1.1,3.1,0,,4.08,0.174,1.761,0.801,0.0
f17fec5,after,grid,request,chat=True,2300,poor,6.0,fading,1,0,30,30,457,457,0,0,0,3.0,4.1,2.7,3.0,4.1,1.1,3.1,0,,3.76,0.196,1.046,0.796,0.751
f17fec5,after,grid,handover,handover=always,2300,poor,6.0,fading,1,0,30,30,457,457,0,0,0,2.1,9.2,3.2,1.1,3.2,8.1,12.1,0,,4.35,0.221,2.044,1.162,0.0
f17fec5,after,grid,handover+request,"chat=True,handover=always",2300,poor,6.0,fading,1,0,30,30,457,457,0,0,0,1.8,3.2,1.9,1.1,3.1,3.0,4.1,0,,4.16,0.226,1.84,1.164,0.219
f17fec5,after,grid,base,,2300,poor,12.0,fading,1,0,30,30,457,457,0,0,0,6.4,11.6,6.3,7.2,11.8,1.1,3.1,0,,3.48,0.152,1.761,0.796,0.0
f17fec5,after,grid,request,chat=True,2300,poor,12.0,fading,1,0,30,30,457,457,0,0,0,2.0,3.1,2.1,2.0,3.2,1.1,3.1,0,,3.19,0.171,1.044,0.796,0.748
f17fec5,after,grid,handover,handover=always,2300,poor,12.0,fading,1,0,30,30,457,457,0,0,0,1.1,8.2,2.9,1.1,3.1,7.2,11.1,0,,4.06,0.209,2.039,1.16,0.0
f17fec5,after,grid,handover+request,"chat=True,handover=always",2300,poor,12.0,fading,1,0,30,30,457,457,0,0,0,1.1,3.1,1.7,1.1,3.1,2.0,3.2,0,,3.97,0.218,1.838,1.16,0.219
f17fec5,after,grid,base,,500,awgn,-12.0,fading,1,0,30,30,457,457,0,0,0,31.9,47.9,31.8,35.1,49.5,14.2,21.5,0,,33.41,0.692,1.298,0.796,0.0
f17fec5,after,grid,request,chat=True,500,awgn,-12.0,fading,1,0,30,30,457,457,0,0,0,22.9,42.8,25.7,27.9,42.8,14.2,21.5,0,,31.42,0.744,0.648,0.796,0.707
f17fec5,after,grid,handover,handover=always,500,awgn,-12.0,fading,1,0,30,30,457,457,0,0,0,19.0,37.8,21.2,16.6,27.6,34.0,46.3,0,,31.08,0.824,1.258,1.16,0.0
f17fec5,after,grid,handover+request,"chat=True,handover=always",500,awgn,-12.0,fading,1,0,30,30,457,457,0,0,0,18.0,33.2,19.8,16.6,27.0,28.1,42.8,0,,30.68,0.845,1.12,1.16,0.164
f17fec5,after,grid,base,,500,awgn,-6.0,fading,1,0,30,30,457,457,0,0,0,26.8,37.2,24.8,28.4,37.7,9.6,10.9,0,,26.56,0.642,1.298,0.796,0.0
f17fec5,after,grid,request,chat=True,500,awgn,-6.0,fading,1,0,30,30,457,457,0,0,0,17.6,27.9,18.8,22.5,27.9,9.6,10.9,0,,24.57,0.696,0.648,0.796,0.707
f17fec5,after,grid,handover,handover=always,500,awgn,-6.0,fading,1,0,30,30,457,457,0,0,0,11.6,29.5,14.9,10.7,18.4,28.0,36.0,0,,24.84,0.791,1.258,1.16,0.0
f17fec5,after,grid,handover+request,"chat=True,handover=always",500,awgn,-6.0,fading,1,0,30,30,457,457,0,0,0,11.6,22.8,13.5,10.7,17.7,22.1,29.4,0,,24.44,0.814,1.12,1.16,0.164
f17fec5,after,grid,base,,500,awgn,0.0,fading,1,0,30,30,457,457,0,0,0,11.4,17.8,11.0,12.7,18.4,3.2,4.2,0,,7.95,0.289,1.761,0.796,0.0
f17fec5,after,grid,request,chat=True,500,awgn,0.0,fading,1,0,30,30,457,457,0,0,0,6.5,10.4,6.8,7.2,10.4,3.2,4.2,0,,7.64,0.328,1.044,0.796,0.748
f17fec5,after,grid,handover,handover=always,500,awgn,0.0,fading,1,0,30,30,457,457,0,0,0,4.2,13.2,5.7,3.2,8.4,12.8,18.2,0,,6.85,0.308,2.039,1.16,0.0
f17fec5,after,grid,handover+request,"chat=True,handover=always",500,awgn,0.0,fading,1,0,30,30,457,457,0,0,0,4.2,9.3,4.5,3.2,6.3,7.2,10.4,0,,6.76,0.321,1.838,1.16,0.219
f17fec5,after,grid,base,,500,awgn,6.0,fading,1,0,30,30,457,457,0,0,0,7.8,13.1,7.5,8.7,13.5,1.8,2.1,0,,4.72,0.196,1.761,0.796,0.0
f17fec5,after,grid,request,chat=True,500,awgn,6.0,fading,1,0,30,30,457,457,0,0,0,3.0,5.1,3.3,4.1,5.1,1.8,2.1,0,,4.42,0.223,1.044,0.796,0.748
f17fec5,after,grid,handover,handover=always,500,awgn,6.0,fading,1,0,30,30,457,457,0,0,0,2.1,9.6,3.4,2.1,3.2,8.8,13.0,0,,4.67,0.234,2.039,1.16,0.0
f17fec5,after,grid,handover+request,"chat=True,handover=always",500,awgn,6.0,fading,1,0,30,30,457,457,0,0,0,2.1,4.1,2.3,2.1,3.2,3.5,5.1,0,,4.58,0.244,1.838,1.16,0.219
f17fec5,after,grid,base,,500,awgn,12.0,fading,1,0,30,30,457,457,0,0,0,6.7,11.9,6.6,7.8,12.4,1.1,2.1,0,,3.76,0.163,1.761,0.796,0.0
f17fec5,after,grid,request,chat=True,500,awgn,12.0,fading,1,0,30,30,457,457,0,0,0,2.0,3.2,2.4,2.6,3.4,1.1,1.9,0,,3.45,0.183,1.044,0.796,0.748
f17fec5,after,grid,handover,handover=always,500,awgn,12.0,fading,1,0,30,30,457,457,0,0,0,1.1,8.5,2.7,1.1,2.1,8.1,11.9,0,,3.97,0.206,2.039,1.16,0.0
f17fec5,after,grid,handover+request,"chat=True,handover=always",500,awgn,12.0,fading,1,0,30,30,457,457,0,0,0,1.1,3.0,1.6,1.1,2.1,2.5,3.8,0,,3.9,0.215,1.838,1.16,0.219
f17fec5,after,grid,base,,500,good,-12.0,fading,1,0,30,30,457,447,10,1,0,38.1,59.0,39.7,41.9,61.3,21.5,47.1,0,,41.02,0.743,1.265,0.897,0.0
f17fec5,after,grid,request,chat=True,500,good,-12.0,fading,1,0,30,30,457,450,7,1,0,33.2,55.8,35.6,33.2,61.7,21.5,44.7,0,,40.53,0.788,0.827,0.902,0.611
f17fec5,after,grid,handover,handover=always,500,good,-12.0,fading,1,0,30,30,457,457,0,0,0,29.2,49.0,31.9,26.9,44.9,41.0,60.4,0,,42.34,0.875,1.199,1.409,0.0
f17fec5,after,grid,handover+request,"chat=True,handover=always",500,good,-12.0,fading,1,0,30,30,457,457,0,0,0,28.2,51.8,31.9,27.6,47.7,35.3,63.9,0,,42.94,0.887,1.103,1.442,0.153
f17fec5,after,grid,base,,500,good,-6.0,fading,1,0,30,30,457,450,7,1,0,28.8,43.1,28.8,30.7,44.1,10.7,21.9,0,,29.89,0.665,1.287,0.807,0.0
f17fec5,after,grid,request,chat=True,500,good,-6.0,fading,1,0,30,30,457,434,23,2,0,22.5,33.2,22.5,22.5,37.1,11.2,21.3,0,,26.62,0.712,0.665,0.781,0.665
f17fec5,after,grid,handover,handover=always,500,good,-6.0,fading,1,0,30,30,457,455,2,1,0,16.7,33.9,19.4,15.0,27.2,32.6,48.1,0,,29.15,0.807,1.256,1.186,0.0
f17fec5,after,grid,handover+request,"chat=True,handover=always",500,good,-6.0,fading,1,0,30,30,457,441,16,1,1,16.1,28.0,17.5,14.9,25.7,23.7,38.2,0,,28.23,0.802,1.175,1.151,0.158
f17fec5,after,grid,base,,500,good,0.0,fading,1,0,30,30,457,457,0,0,0,17.7,34.3,19.0,20.5,35.8,5.4,11.4,0,,17.87,0.504,1.775,0.834,0.0
f17fec5,after,grid,request,chat=True,500,good,0.0,fading,1,0,30,30,457,457,0,0,0,14.4,27.9,15.4,17.0,27.9,8.7,13.8,0,,17.77,0.557,1.098,0.871,0.718
f17fec5,after,grid,handover,handover=always,500,good,0.0,fading,1,0,30,30,457,456,1,1,0,10.7,26.1,12.5,8.9,17.7,25.2,37.2,0,,18.99,0.653,1.624,1.236,0.0
f17fec5,after,grid,handover+request,"chat=True,handover=always",500,good,0.0,fading,1,0,30,30,457,457,0,0,0,9.5,21.9,11.0,7.9,17.4,17.8,28.4,0,,18.4,0.668,1.503,1.23,0.188
f17fec5,after,grid,base,,500,good,6.0,fading,1,0,30,30,457,457,0,0,0,9.8,16.3,9.9,10.9,16.8,2.6,7.4,0,,6.95,0.263,1.829,0.812,0.0
f17fec5,after,grid,request,chat=True,500,good,6.0,fading,1,0,30,30,457,457,0,0,0,4.6,11.3,5.9,5.1,11.7,3.1,7.2,0,,6.69,0.299,1.105,0.807,0.737
f17fec5,after,grid,handover,handover=always,500,good,6.0,fading,1,0,30,30,457,457,0,0,0,3.2,12.3,5.5,3.1,8.1,11.1,22.1,0,,7.01,0.319,2.068,1.19,0.0
f17fec5,after,grid,handover+request,"chat=True,handover=always",500,good,6.0,fading,1,0,30,30,457,457,0,0,0,3.2,8.1,4.2,3.0,6.5,5.1,12.2,0,,6.85,0.331,1.847,1.19,0.214
f17fec5,after,grid,base,,500,good,12.0,fading,1,0,30,30,457,457,0,0,0,7.3,12.8,7.3,8.4,12.9,1.5,4.2,0,,4.36,0.183,1.777,0.803,0.0
f17fec5,after,grid,request,chat=True,500,good,12.0,fading,1,0,30,30,457,457,0,0,0,3.0,5.1,3.0,3.0,5.1,1.1,4.1,0,,4.06,0.208,1.053,0.796,0.746
f17fec5,after,grid,handover,handover=always,500,good,12.0,fading,1,0,30,30,457,457,0,0,0,2.1,9.2,3.5,1.8,5.2,8.2,13.8,0,,4.62,0.231,2.048,1.164,0.0
f17fec5,after,grid,handover+request,"chat=True,handover=always",500,good,12.0,fading,1,0,30,30,457,457,0,0,0,2.1,4.2,2.4,1.9,4.2,3.0,5.6,0,,4.58,0.242,1.84,1.164,0.219
f17fec5,after,grid,base,,500,moderate,-12.0,fading,1,0,30,30,457,457,0,0,0,34.4,53.0,35.2,36.5,54.3,21.5,36.4,0,,36.65,0.709,1.302,0.807,0.0
f17fec5,after,grid,request,chat=True,500,moderate,-12.0,fading,1,0,30,30,457,457,0,0,0,27.9,42.8,29.0,28.0,43.6,20.3,36.4,0,,34.4,0.756,0.678,0.803,0.702
f17fec5,after,grid,handover,handover=always,500,moderate,-12.0,fading,1,0,30,30,457,457,0,0,0,25.7,42.6,26.9,23.4,39.9,35.9,51.6,0,,36.73,0.845,1.254,1.175,0.0
f17fec5,after,grid,handover+request,"chat=True,handover=always",500,moderate,-12.0,fading,1,0,30,30,457,457,0,0,0,24.8,41.7,25.9,23.0,40.8,29.4,46.1,0,,36.63,0.864,1.133,1.193,0.162
f17fec5,after,grid,base,,500,moderate,-6.0,fading,1,0,30,30,457,457,0,0,0,26.9,37.7,25.8,28.6,38.4,10.7,20.3,0,,27.47,0.649,1.298,0.796,0.0
f17fec5,after,grid,request,chat=True,500,moderate,-6.0,fading,1,0,30,30,457,457,0,0,0,18.9,27.9,19.5,22.5,29.3,10.7,20.3,0,,25.24,0.701,0.648,0.796,0.707
f17fec5,after,grid,handover,handover=always,500,moderate,-6.0,fading,1,0,30,30,457,457,0,0,0,14.9,30.7,16.8,12.0,22.4,28.6,39.3,0,,26.62,0.799,1.258,1.16,0.0
f17fec5,after,grid,handover+request,"chat=True,handover=always",500,moderate,-6.0,fading,1,0,30,30,457,457,0,0,0,14.9,25.8,15.7,12.6,22.2,22.7,33.1,0,,26.55,0.823,1.12,1.16,0.164
f17fec5,after,grid,base,,500,moderate,0.0,fading,1,0,30,30,457,457,0,0,0,22.5,34.6,21.6,24.4,35.7,6.4,11.6,0,,20.69,0.542,1.602,0.895,0.0
f17fec5,after,grid,request,chat=True,500,moderate,0.0,fading,1,0,30,30,457,457,0,0,0,17.1,27.9,17.0,17.8,28.4,7.4,12.0,0,,19.69,0.588,0.928,0.93,0.7
f17fec5,after,grid,handover,handover=always,500,moderate,0.0,fading,1,0,30,30,457,457,0,0,0,10.7,28.6,14.1,10.7,19.6,27.3,35.6,0,,21.51,0.702,1.667,1.328,0.0
f17fec5,after,grid,handover+request,"chat=True,handover=always",500,moderate,0.0,fading,1,0,30,30,457,457,0,0,0,10.7,24.1,12.8,10.7,19.7,19.7,28.3,0,,20.97,0.715,1.516,1.339,0.193
f17fec5,after,grid,base,,500,moderate,6.0,fading,1,0,30,30,457,457,0,0,0,9.6,16.4,10.0,10.8,17.3,3.9,5.7,0,,7.06,0.267,1.772,0.816,0.0
f17fec5,after,grid,request,chat=True,500,moderate,6.0,fading,1,0,30,30,457,457,0,0,0,5.1,10.7,6.1,5.3,11.5,3.2,5.6,0,,7.01,0.31,1.055,0.81,0.733
f17fec5,after,grid,handover,handover=always,500,moderate,6.0,fading,1,0,30,30,457,457,0,0,0,4.2,11.5,5.3,3.2,6.3,10.8,17.4,0,,6.6,0.302,2.055,1.204,0.0
f17fec5,after,grid,handover+request,"chat=True,handover=always",500,moderate,6.0,fading,1,0,30,30,457,457,0,0,0,3.2,6.7,4.0,3.2,6.2,5.1,10.5,0,,6.13,0.299,1.867,1.206,0.221
f17fec5,after,grid,base,,500,moderate,12.0,fading,1,0,30,30,457,457,0,0,0,7.3,12.6,7.4,8.4,12.8,2.1,4.2,0,,4.42,0.185,1.764,0.796,0.0
f17fec5,after,grid,request,chat=True,500,moderate,12.0,fading,1,0,30,30,457,457,0,0,0,3.0,5.1,3.0,3.0,5.1,1.1,4.2,0,,4.02,0.206,1.046,0.799,0.748
f17fec5,after,grid,handover,handover=always,500,moderate,12.0,fading,1,0,30,30,457,457,0,0,0,2.1,8.7,3.5,2.1,4.2,8.2,12.1,0,,4.57,0.228,2.039,1.16,0.0
f17fec5,after,grid,handover+request,"chat=True,handover=always",500,moderate,12.0,fading,1,0,30,30,457,457,0,0,0,2.1,4.2,2.3,2.1,3.6,3.0,5.1,0,,4.5,0.239,1.836,1.16,0.221
f17fec5,after,grid,base,,500,poor,-12.0,fading,1,0,30,30,457,457,0,0,0,32.3,49.3,33.2,35.2,51.7,20.3,31.0,0,,34.77,0.699,1.298,0.796,0.0
f17fec5,after,grid,request,chat=True,500,poor,-12.0,fading,1,0,30,30,457,457,0,0,0,26.8,42.8,27.3,27.9,42.8,20.3,31.0,0,,32.87,0.751,0.646,0.796,0.707
f17fec5,after,grid,handover,handover=always,500,poor,-12.0,fading,1,0,30,30,457,457,0,0,0,25.1,41.2,25.6,21.9,36.6,34.7,47.9,0,,35.32,0.838,1.258,1.16,0.0
f17fec5,after,grid,handover+request,"chat=True,handover=always",500,poor,-12.0,fading,1,0,30,30,457,457,0,0,0,22.5,36.4,24.0,21.5,36.4,28.1,42.8,0,,34.67,0.856,1.118,1.162,0.164
f17fec5,after,grid,base,,500,poor,-6.0,fading,1,0,30,30,457,457,0,0,0,26.8,37.6,25.4,28.4,38.5,10.7,20.3,0,,27.11,0.647,1.298,0.796,0.0
f17fec5,after,grid,request,chat=True,500,poor,-6.0,fading,1,0,30,30,457,457,0,0,0,18.6,27.9,19.3,22.5,28.7,10.7,20.3,0,,25.11,0.7,0.648,0.796,0.707
f17fec5,after,grid,handover,handover=always,500,poor,-6.0,fading,1,0,30,30,457,457,0,0,0,14.5,31.1,16.6,11.6,23.1,30.0,38.9,0,,26.41,0.798,1.258,1.16,0.0
f17fec5,after,grid,handover+request,"chat=True,handover=always",500,poor,-6.0,fading,1,0,30,30,457,457,0,0,0,14.9,25.7,15.4,12.6,21.5,22.7,31.1,0,,26.2,0.821,1.12,1.16,0.164
f17fec5,after,grid,base,,500,poor,0.0,fading,1,0,30,30,457,457,0,0,0,16.7,32.4,18.0,19.6,33.3,5.4,10.7,0,,16.32,0.472,1.729,0.937,0.0
f17fec5,after,grid,request,chat=True,500,poor,0.0,fading,1,0,30,30,457,457,0,0,0,12.8,25.6,14.3,15.1,26.4,5.4,12.2,0,,15.79,0.512,1.101,0.969,0.705
f17fec5,after,grid,handover,handover=always,500,poor,0.0,fading,1,0,30,30,457,441,16,1,0,9.8,25.2,12.1,7.9,16.7,23.5,34.7,0,,16.69,0.603,1.746,1.396,0.0
f17fec5,after,grid,handover+request,"chat=True,handover=always",500,poor,0.0,fading,1,0,30,30,457,455,2,1,0,9.8,20.4,10.8,8.2,16.5,16.1,27.2,0,,17.46,0.639,1.602,1.396,0.199
f17fec5,after,grid,base,,500,poor,6.0,fading,1,0,30,30,457,457,0,0,0,8.9,14.8,8.9,10.2,15.3,3.1,5.3,0,,6.0,0.236,1.766,0.807,0.0
f17fec5,after,grid,request,chat=True,500,poor,6.0,fading,1,0,30,30,457,457,0,0,0,4.1,7.4,4.7,4.3,8.6,2.8,5.0,0,,5.54,0.261,1.055,0.816,0.748
f17fec5,after,grid,handover,handover=always,500,poor,6.0,fading,1,0,30,30,457,457,0,0,0,3.2,10.4,4.7,3.2,5.3,9.9,15.0,0,,5.9,0.279,2.037,1.184,0.0
f17fec5,after,grid,handover+request,"chat=True,handover=always",500,poor,6.0,fading,1,0,30,30,457,457,0,0,0,3.2,6.3,3.8,3.2,5.3,5.1,10.6,0,,5.94,0.293,1.847,1.195,0.219
f17fec5,after,grid,base,,500,poor,12.0,fading,1,0,30,30,457,457,0,0,0,7.1,12.4,7.0,8.0,12.6,1.1,3.1,0,,4.11,0.175,1.761,0.796,0.0
f17fec5,after,grid,request,chat=True,500,poor,12.0,fading,1,0,30,30,457,457,0,0,0,3.0,4.1,2.8,3.0,4.3,1.4,3.1,0,,3.84,0.199,1.044,0.796,0.746
f17fec5,after,grid,handover,handover=always,500,poor,12.0,fading,1,0,30,30,457,457,0,0,0,2.1,8.8,3.3,1.9,4.2,8.2,11.9,0,,4.48,0.226,2.037,1.162,0.0
f17fec5,after,grid,handover+request,"chat=True,handover=always",500,poor,12.0,fading,1,0,30,30,457,457,0,0,0,2.1,4.1,2.2,1.9,4.0,3.0,4.4,0,,4.41,0.236,1.838,1.16,0.219
