engine,backend,bandwidth_hz,rate,link,channel,snr_db,snr_reference,pipe,ramp,bytes,seconds,goodput_bps,ideal_bps,efficiency,mode_min,mode_max,mode_final,mode_changes,bursts,frames_sent,frames_resent,harq_rescues,ack_timeouts,ok,wall_s
before,sim,2300,,,good,-12.0,average,fading,,2000,740.8,21.6,0.0,,0,0,0,0,20,119,23,1,2,1,0.3
before,sim,2300,,,good,-12.0,average,fading,,2000,752.7,21.3,0.0,,0,2,0,3,21,120,39,0,5,1,0.3
before,sim,2300,,,good,-12.0,average,fading,,2000,657.7,15.7,0.0,,0,1,0,2,14,84,26,0,4,0,0.2
before,sim,2300,,,good,-12.0,average,fading,,2000,813.9,19.7,0.0,,0,1,0,2,23,130,38,3,4,1,0.3
before,sim,2300,,,good,-12.0,average,fading,,2000,520.6,30.7,0.0,,0,3,0,4,15,82,12,5,1,1,0.2
before,sim,2300,,,good,-12.0,average,fading,,2000,651.2,24.6,0.0,,0,2,0,3,18,104,18,2,1,1,0.3
before,sim,2300,,,good,-12.0,average,fading,,2000,719.3,22.2,0.0,,0,0,0,0,20,115,19,3,2,1,0.3
before,sim,2300,,,good,-12.0,average,fading,,2000,730.0,21.9,0.0,,0,0,0,0,20,117,21,2,2,1,0.3
before,sim,2300,,,good,-12.0,average,fading,,2000,778.8,20.5,0.0,,0,2,0,1,21,121,33,2,4,1,0.3
before,sim,2300,,,good,-12.0,average,fading,,2000,739.9,21.6,0.0,,0,0,0,0,20,116,20,3,2,1,0.3
before,sim,2300,,,good,-12.0,average,fading,,2000,573.8,27.9,0.0,,0,2,1,7,16,91,19,2,2,1,0.2
before,sim,2300,,,good,-12.0,average,fading,,2000,741.5,21.6,0.0,,0,1,0,2,20,119,27,2,3,1,0.3
before,sim,2300,,,good,-12.0,average,fading,,2000,746.9,21.4,0.0,,0,1,0,2,20,120,28,1,3,1,0.3
before,sim,2300,,,good,-12.0,average,fading,,2000,872.5,18.3,0.0,,0,0,0,0,24,140,44,2,5,1,0.4
before,sim,2300,,,good,-12.0,average,fading,,2000,741.3,21.6,0.0,,0,0,0,0,21,114,18,3,2,1,0.3
before,sim,2300,,,good,-12.0,average,fading,,2000,899.7,17.8,0.0,,0,0,0,0,25,144,48,3,7,1,0.4
before,sim,2300,,,good,-12.0,average,fading,,2000,646.6,24.7,0.0,,0,2,0,2,18,103,18,0,2,1,0.3
before,sim,2300,,,good,-12.0,average,fading,,2000,773.3,20.7,0.0,,0,0,0,0,21,124,28,1,4,1,0.3
before,sim,2300,,,good,-12.0,average,fading,,2000,298.6,5.3,0.0,,0,1,0,1,4,24,18,0,3,0,0.1
before,sim,2300,,,good,-12.0,average,fading,,2000,782.5,20.4,0.0,,0,2,0,3,23,124,38,2,5,1,0.3
before,sim,2300,,,good,-6.0,average,fading,,2000,151.9,105.3,156.7,0.672,2,5,4,3,4,22,2,2,0,1,0.1
before,sim,2300,,,good,-6.0,average,fading,,2000,177.6,90.1,156.7,0.575,2,4,4,2,5,26,2,0,0,1,0.1
before,sim,2300,,,good,-6.0,average,fading,,2000,250.3,63.9,156.7,0.408,0,4,2,4,7,38,2,0,0,1,0.1
before,sim,2300,,,good,-6.0,average,fading,,2000,150.8,106.1,156.7,0.677,2,5,4,3,5,21,1,0,0,1,0.1
before,sim,2300,,,good,-6.0,average,fading,,2000,151.9,105.3,156.7,0.672,3,5,4,2,4,22,3,1,0,1,0.1
before,sim,2300,,,good,-6.0,average,fading,,2000,161.5,99.1,156.7,0.632,2,5,4,3,5,23,1,1,0,1,0.1
before,sim,2300,,,good,-6.0,average,fading,,2000,266.4,60.1,156.7,0.383,0,3,3,4,7,41,1,0,0,1,0.1
before,sim,2300,,,good,-6.0,average,fading,,2000,292.0,54.8,156.7,0.35,0,3,2,3,8,45,2,0,0,1,0.1
before,sim,2300,,,good,-6.0,average,fading,,2000,172.2,92.9,156.7,0.593,2,5,2,4,5,25,5,1,0,1,0.1
before,sim,2300,,,good,-6.0,average,fading,,2000,199.0,80.4,156.7,0.513,0,4,4,3,5,30,0,0,0,1,0.1
before,sim,2300,,,good,-6.0,average,fading,,2000,141.2,113.3,156.7,0.723,2,5,5,2,4,20,0,0,0,1,0.1
before,sim,2300,,,good,-6.0,average,fading,,2000,426.8,37.5,156.7,0.239,0,2,0,4,12,67,3,0,0,1,0.2
before,sim,2300,,,good,-6.0,average,fading,,2000,213.9,74.8,156.7,0.477,1,4,1,3,6,32,2,0,0,1,0.1
before,sim,2300,,,good,-6.0,average,fading,,2000,281.3,56.9,156.7,0.363,1,3,2,4,8,43,2,0,0,1,0.1
before,sim,2300,,,good,-6.0,average,fading,,2000,228.9,69.9,156.7,0.446,0,4,0,4,7,34,4,0,0,1,0.1
before,sim,2300,,,good,-6.0,average,fading,,2000,426.8,37.5,156.7,0.239,0,3,0,6,12,67,3,1,0,1,0.2
before,sim,2300,,,good,-6.0,average,fading,,2000,166.8,95.9,156.7,0.612,2,5,2,4,5,24,4,0,0,1,0.1
before,sim,2300,,,good,-6.0,average,fading,,2000,177.6,90.1,156.7,0.575,2,5,4,3,5,26,4,2,0,1,0.1
before,sim,2300,,,good,-6.0,average,fading,,2000,203.2,78.7,156.7,0.502,2,4,2,4,6,30,3,0,0,1,0.1
before,sim,2300,,,good,-6.0,average,fading,,2000,157.3,101.7,156.7,0.649,3,5,3,3,4,23,3,1,0,1,0.1
before,sim,2300,,,good,0.0,average,fading,,2000,120.9,132.3,228.4,0.58,3,5,5,1,3,17,0,0,0,1,0.1
before,sim,2300,,,good,0.0,average,fading,,2000,128.3,124.7,228.4,0.546,4,7,4,3,9,45,12,7,1,1,0.1
before,sim,2300,,,good,0.0,average,fading,,2000,120.9,132.3,228.4,0.58,3,5,5,1,3,17,0,0,0,1,0.0
before,sim,2300,,,good,0.0,average,fading,,2000,120.9,132.3,228.4,0.58,3,5,5,1,3,17,0,0,0,1,0.0
before,sim,2300,,,good,0.0,average,fading,,2000,127.4,125.6,228.4,0.55,2,7,2,6,12,68,22,10,2,1,0.1
before,sim,2300,,,good,0.0,average,fading,,2000,120.9,132.3,228.4,0.58,3,5,5,1,3,17,0,0,0,1,0.1
before,sim,2300,,,good,0.0,average,fading,,2000,130.5,122.6,228.4,0.537,3,5,4,2,4,18,1,0,0,1,0.1
before,sim,2300,,,good,0.0,average,fading,,2000,126.3,126.7,228.4,0.555,2,5,5,1,3,18,0,0,0,1,0.0
before,sim,2300,,,good,0.0,average,fading,,2000,83.5,191.6,228.4,0.839,3,8,7,7,11,56,12,4,2,1,0.1
before,sim,2300,,,good,0.0,average,fading,,2000,120.9,132.3,228.4,0.58,3,5,5,1,3,17,0,0,0,1,0.1
before,sim,2300,,,good,0.0,average,fading,,2000,104.3,153.4,228.4,0.672,3,7,7,2,5,28,0,0,0,1,0.1
before,sim,2300,,,good,0.0,average,fading,,2000,130.5,122.6,228.4,0.537,3,5,4,2,4,18,1,0,0,1,0.1
before,sim,2300,,,good,0.0,average,fading,,2000,120.9,132.3,228.4,0.58,3,5,5,1,3,17,0,0,0,1,0.1
before,sim,2300,,,good,0.0,average,fading,,2000,141.2,113.3,228.4,0.496,3,5,5,3,4,20,1,0,0,1,0.1
before,sim,2300,,,good,0.0,average,fading,,2000,120.9,132.3,228.4,0.58,3,5,5,1,3,17,0,0,0,1,0.1
before,sim,2300,,,good,0.0,average,fading,,2000,120.9,132.3,228.4,0.58,3,5,5,1,3,17,0,0,0,1,0.1
before,sim,2300,,,good,0.0,average,fading,,2000,118.7,134.8,228.4,0.59,4,7,4,3,11,51,14,1,0,1,0.1
before,sim,2300,,,good,0.0,average,fading,,2000,120.9,132.3,228.4,0.58,3,5,5,1,3,17,0,0,0,1,0.1
before,sim,2300,,,good,0.0,average,fading,,2000,108.7,147.1,228.4,0.644,4,7,4,3,12,64,19,4,0,1,0.1
before,sim,2300,,,good,0.0,average,fading,,2000,151.9,105.4,228.4,0.461,3,7,3,3,11,59,20,5,0,1,0.1
before,sim,2300,,,good,6.0,average,fading,,2000,50.5,317.1,531.3,0.597,7,9,8,2,6,31,3,0,0,1,0.1
before,sim,2300,,,good,6.0,average,fading,,2000,33.7,475.1,531.3,0.894,9,11,9,2,3,18,4,2,0,1,0.0
before,sim,2300,,,good,6.0,average,fading,,2000,37.9,422.6,531.3,0.795,7,10,10,2,4,21,0,0,0,1,0.0
before,sim,2300,,,good,6.0,average,fading,,2000,39.9,400.5,531.3,0.754,7,10,9,3,5,22,1,0,0,1,0.0
before,sim,2300,,,good,6.0,average,fading,,2000,29.5,543.1,531.3,1.022,9,11,11,1,3,14,0,0,0,1,0.0
before,sim,2300,,,good,6.0,average,fading,,2000,50.5,317.1,531.3,0.597,7,9,8,4,6,31,3,0,0,1,0.0
before,sim,2300,,,good,6.0,average,fading,,2000,47.3,338.1,531.3,0.636,7,10,9,3,5,29,4,0,0,1,0.0
before,sim,2300,,,good,6.0,average,fading,,2000,88.9,179.9,531.3,0.339,3,9,7,4,7,39,5,0,0,1,0.1
before,sim,2300,,,good,6.0,average,fading,,2000,33.7,475.1,531.3,0.894,8,11,11,2,3,18,0,0,0,1,0.0
before,sim,2300,,,good,6.0,average,fading,,2000,44.2,362.3,531.3,0.682,7,10,9,3,5,26,2,0,0,1,0.1
before,sim,2300,,,good,6.0,average,fading,,2000,48.4,330.7,531.3,0.622,7,9,8,2,5,30,2,0,0,1,0.0
before,sim,2300,,,good,6.0,average,fading,,2000,52.6,304.4,531.3,0.573,7,9,9,1,6,33,2,0,0,1,0.0
before,sim,2300,,,good,6.0,average,fading,,2000,69.4,230.7,531.3,0.434,5,9,9,4,9,46,5,0,0,1,0.1
before,sim,2300,,,good,6.0,average,fading,,2000,64.3,248.9,531.3,0.468,7,8,7,2,7,41,1,0,0,1,0.1
before,sim,2300,,,good,6.0,average,fading,,2000,65.2,245.5,531.3,0.462,7,9,7,3,8,43,7,2,0,1,0.1
before,sim,2300,,,good,6.0,average,fading,,2000,61.0,262.4,531.3,0.494,7,9,7,3,7,40,3,0,0,1,0.1
before,sim,2300,,,good,6.0,average,fading,,2000,38.9,411.1,531.3,0.774,9,10,9,1,4,22,3,0,0,1,0.0
before,sim,2300,,,good,6.0,average,fading,,2000,69.4,230.6,531.3,0.434,7,8,7,2,8,47,3,0,0,1,0.1
before,sim,2300,,,good,6.0,average,fading,,2000,49.4,323.8,531.3,0.61,7,9,7,4,6,30,6,0,0,1,0.0
before,sim,2300,,,good,6.0,average,fading,,2000,72.5,220.6,531.3,0.415,5,9,5,3,9,49,10,1,0,1,0.1
before,sim,2300,,,good,12.0,average,fading,,2000,23.2,690.8,1647.1,0.419,11,14,14,1,2,9,0,0,0,1,0.0
before,sim,2300,,,good,12.0,average,fading,,2000,23.2,690.8,1647.1,0.419,12,14,12,1,2,9,1,0,0,1,0.0
before,sim,2300,,,good,12.0,average,fading,,2000,28.4,563.3,1647.1,0.342,9,14,14,2,3,13,0,0,0,1,0.0
before,sim,2300,,,good,12.0,average,fading,,2000,26.3,607.9,1647.1,0.369,10,12,12,1,2,12,0,0,0,1,0.0
before,sim,2300,,,good,12.0,average,fading,,2000,21.1,760.0,1647.1,0.461,14,15,15,1,2,7,0,0,0,1,0.0
before,sim,2300,,,good,12.0,average,fading,,2000,26.3,607.9,1647.1,0.369,10,12,12,1,2,12,0,0,0,1,0.0
before,sim,2300,,,good,12.0,average,fading,,2000,29.5,543.1,1647.1,0.33,8,14,14,2,3,14,0,0,0,1,0.0
before,sim,2300,,,good,12.0,average,fading,,2000,32.6,490.9,1647.1,0.298,7,15,14,3,4,16,2,0,0,1,0.0
before,sim,2300,,,good,12.0,average,fading,,2000,23.2,690.8,1647.1,0.419,11,14,14,1,2,9,0,0,0,1,0.0
before,sim,2300,,,good,12.0,average,fading,,2000,29.5,543.1,1647.1,0.33,8,14,14,2,3,14,0,0,0,1,0.0
before,sim,2300,,,good,12.0,average,fading,,2000,23.2,690.8,1647.1,0.419,11,14,14,1,2,9,0,0,0,1,0.0
before,sim,2300,,,good,12.0,average,fading,,2000,29.5,543.1,1647.1,0.33,10,11,11,2,3,14,2,0,0,1,0.0
before,sim,2300,,,good,12.0,average,fading,,2000,40.0,400.3,1647.1,0.243,9,9,9,0,4,23,1,0,0,1,0.0
before,sim,2300,,,good,12.0,average,fading,,2000,25.3,633.2,1647.1,0.384,11,12,12,1,2,11,0,0,0,1,0.0
before,sim,2300,,,good,12.0,average,fading,,2000,27.4,585.0,1647.1,0.355,11,12,11,2,3,12,1,0,0,1,0.0
before,sim,2300,,,good,12.0,average,fading,,2000,33.7,475.1,1647.1,0.288,8,11,11,2,3,18,0,0,0,1,0.0
before,sim,2300,,,good,12.0,average,fading,,2000,24.2,660.8,1647.1,0.401,12,14,12,1,2,10,2,0,0,1,0.0
before,sim,2300,,,good,12.0,average,fading,,2000,29.5,543.1,1647.1,0.33,10,12,11,2,3,14,2,0,0,1,0.0
before,sim,2300,,,good,12.0,average,fading,,2000,26.3,608.5,1647.1,0.369,12,14,14,2,3,11,3,0,0,1,0.0
before,sim,2300,,,good,12.0,average,fading,,2000,30.5,524.4,1647.1,0.318,10,12,10,2,3,15,5,0,0,1,0.0
before,sim,2300,,,moderate,-12.0,average,fading,,2000,630.9,25.4,35.8,0.708,0,1,0,4,17,101,12,1,1,1,0.2
before,sim,2300,,,moderate,-12.0,average,fading,,2000,645.0,24.8,35.8,0.692,0,0,0,0,18,103,7,0,0,1,0.2
before,sim,2300,,,moderate,-12.0,average,fading,,2000,599.1,26.7,35.8,0.746,0,1,0,4,16,96,7,1,0,1,0.2
before,sim,2300,,,moderate,-12.0,average,fading,,2000,645.8,24.8,35.8,0.692,0,1,0,2,18,103,11,0,1,1,0.2
before,sim,2300,,,moderate,-12.0,average,fading,,2000,514.5,31.1,35.8,0.868,0,2,0,5,15,81,5,1,0,1,0.2
before,sim,2300,,,moderate,-12.0,average,fading,,2000,599.1,26.7,35.8,0.746,0,1,0,2,16,96,4,0,0,1,0.2
before,sim,2300,,,moderate,-12.0,average,fading,,2000,577.6,27.7,35.8,0.773,0,1,0,2,16,92,3,0,0,1,0.2
before,sim,2300,,,moderate,-12.0,average,fading,,2000,572.3,28.0,35.8,0.781,0,2,0,3,16,91,6,1,0,1,0.2
before,sim,2300,,,moderate,-12.0,average,fading,,2000,668.1,23.9,35.8,0.669,0,1,0,4,18,103,14,1,2,1,0.2
before,sim,2300,,,moderate,-12.0,average,fading,,2000,588.4,27.2,35.8,0.759,0,1,0,4,16,94,5,0,0,1,0.2
before,sim,2300,,,moderate,-12.0,average,fading,,2000,521.0,30.7,35.8,0.857,0,2,0,3,14,83,5,0,0,1,0.1
before,sim,2300,,,moderate,-12.0,average,fading,,2000,626.7,25.5,35.8,0.713,0,1,0,2,17,97,5,0,0,1,0.2
before,sim,2300,,,moderate,-12.0,average,fading,,2000,614.8,26.0,35.8,0.727,0,2,0,3,17,98,12,0,1,1,0.2
before,sim,2300,,,moderate,-12.0,average,fading,,2000,636.2,25.1,35.8,0.702,0,1,0,2,17,102,10,0,1,1,0.2
before,sim,2300,,,moderate,-12.0,average,fading,,2000,608.6,26.3,35.8,0.734,0,1,0,2,17,97,5,0,0,1,0.2
before,sim,2300,,,moderate,-12.0,average,fading,,2000,645.8,24.8,35.8,0.692,0,1,0,4,18,103,14,1,1,1,0.2
before,sim,2300,,,moderate,-12.0,average,fading,,2000,577.6,27.7,35.8,0.773,0,2,0,3,16,92,7,0,0,1,0.2
before,sim,2300,,,moderate,-12.0,average,fading,,2000,583.0,27.4,35.8,0.766,0,1,0,4,16,93,4,1,0,1,0.2
before,sim,2300,,,moderate,-12.0,average,fading,,2000,552.0,29.0,35.8,0.809,0,2,0,3,15,88,6,1,0,1,0.2
before,sim,2300,,,moderate,-12.0,average,fading,,2000,603.3,26.5,35.8,0.74,0,1,0,2,17,96,3,0,0,1,0.2
before,sim,2300,,,moderate,-6.0,average,fading,,2000,150.8,106.1,156.7,0.677,2,5,4,3,5,21,1,1,0,1,0.1
before,sim,2300,,,moderate,-6.0,average,fading,,2000,172.2,92.9,156.7,0.593,1,5,4,4,5,25,1,1,0,1,0.1
before,sim,2300,,,moderate,-6.0,average,fading,,2000,151.9,105.3,156.7,0.672,3,5,4,2,4,22,3,1,0,1,0.0
before,sim,2300,,,moderate,-6.0,average,fading,,2000,151.9,105.3,156.7,0.672,3,5,4,2,4,22,3,1,0,1,0.0
before,sim,2300,,,moderate,-6.0,average,fading,,2000,130.5,122.6,156.7,0.783,3,5,4,2,4,18,1,1,0,1,0.0
before,sim,2300,,,moderate,-6.0,average,fading,,2000,146.5,109.2,156.7,0.697,3,5,4,2,4,21,2,0,0,1,0.1
before,sim,2300,,,moderate,-6.0,average,fading,,2000,151.9,105.3,156.7,0.672,2,5,4,3,4,22,2,1,0,1,0.0
before,sim,2300,,,moderate,-6.0,average,fading,,2000,151.9,105.3,156.7,0.672,3,5,4,2,4,22,3,2,0,1,0.0
before,sim,2300,,,moderate,-6.0,average,fading,,2000,146.5,109.2,156.7,0.697,3,5,4,2,4,21,2,0,0,1,0.0
before,sim,2300,,,moderate,-6.0,average,fading,,2000,141.2,113.3,156.7,0.723,3,5,4,2,4,20,1,0,0,1,0.1
before,sim,2300,,,moderate,-6.0,average,fading,,2000,141.2,113.3,156.7,0.723,3,5,4,2,4,20,1,0,0,1,0.1
before,sim,2300,,,moderate,-6.0,average,fading,,2000,261.0,61.3,156.7,0.391,0,4,4,4,7,40,1,0,0,1,0.1
before,sim,2300,,,moderate,-6.0,average,fading,,2000,146.5,109.2,156.7,0.697,3,5,4,2,4,21,2,0,0,1,0.1
before,sim,2300,,,moderate,-6.0,average,fading,,2000,146.5,109.2,156.7,0.697,3,5,4,2,4,21,2,0,0,1,0.1
before,sim,2300,,,moderate,-6.0,average,fading,,2000,141.2,113.3,156.7,0.723,3,5,4,2,4,20,1,0,0,1,0.0
before,sim,2300,,,moderate,-6.0,average,fading,,2000,146.5,109.2,156.7,0.697,3,5,4,2,4,21,2,1,0,1,0.0
before,sim,2300,,,moderate,-6.0,average,fading,,2000,146.5,109.2,156.7,0.697,3,5,4,2,4,21,2,1,0,1,0.1
before,sim,2300,,,moderate,-6.0,average,fading,,2000,157.3,101.7,156.7,0.649,2,5,4,3,4,23,3,1,0,1,0.1
before,sim,2300,,,moderate,-6.0,average,fading,,2000,141.2,113.3,156.7,0.723,2,5,5,2,4,20,0,0,0,1,0.0
before,sim,2300,,,moderate,-6.0,average,fading,,2000,182.9,87.5,156.7,0.558,0,5,5,3,5,27,0,0,0,1,0.1
before,sim,2300,,,moderate,0.0,average,fading,,2000,113.7,140.7,228.4,0.616,3,7,7,4,7,35,7,3,0,1,0.0
before,sim,2300,,,moderate,0.0,average,fading,,2000,120.9,132.3,228.4,0.58,3,5,5,1,3,17,0,0,0,1,0.0
before,sim,2300,,,moderate,0.0,average,fading,,2000,139.2,115.0,228.4,0.503,3,7,3,8,14,66,23,5,2,1,0.1
before,sim,2300,,,moderate,0.0,average,fading,,2000,100.2,159.7,228.4,0.699,4,7,4,5,13,59,13,6,0,1,0.1
before,sim,2300,,,moderate,0.0,average,fading,,2000,106.8,149.9,228.4,0.656,3,7,5,4,10,47,13,7,1,1,0.1
before,sim,2300,,,moderate,0.0,average,fading,,2000,105.5,151.6,228.4,0.664,4,7,4,5,13,60,16,5,0,1,0.1
before,sim,2300,,,moderate,0.0,average,fading,,2000,120.9,132.3,228.4,0.58,3,5,5,1,3,17,0,0,0,1,0.0
before,sim,2300,,,moderate,0.0,average,fading,,2000,123.8,129.3,228.4,0.566,2,7,3,9,14,70,24,8,3,1,0.1
before,sim,2300,,,moderate,0.0,average,fading,,2000,115.6,138.5,228.4,0.606,4,7,4,5,11,48,10,2,0,1,0.1
before,sim,2300,,,moderate,0.0,average,fading,,2000,101.3,157.9,228.4,0.692,5,7,5,1,5,24,4,0,0,1,0.0
before,sim,2300,,,moderate,0.0,average,fading,,2000,120.9,132.3,228.4,0.579,4,7,4,5,11,49,12,0,0,1,0.1
before,sim,2300,,,moderate,0.0,average,fading,,2000,120.9,132.3,228.4,0.58,3,5,5,1,3,17,0,0,0,1,0.0
before,sim,2300,,,moderate,0.0,average,fading,,2000,113.5,141.0,228.4,0.618,3,7,5,3,8,37,12,3,1,1,0.0
before,sim,2300,,,moderate,0.0,average,fading,,2000,113.3,141.2,228.4,0.618,4,7,4,5,11,53,14,7,0,1,0.1
before,sim,2300,,,moderate,0.0,average,fading,,2000,115.7,138.3,228.4,0.606,4,7,5,3,7,36,12,3,1,1,0.1
before,sim,2300,,,moderate,0.0,average,fading,,2000,113.8,140.6,228.4,0.616,5,7,5,3,8,37,12,7,0,1,0.1
before,sim,2300,,,moderate,0.0,average,fading,,2000,118.8,134.6,228.4,0.59,4,7,4,3,10,48,12,3,0,1,0.1
before,sim,2300,,,moderate,0.0,average,fading,,2000,120.9,132.3,228.4,0.58,3,5,5,1,3,17,0,0,0,1,0.0
before,sim,2300,,,moderate,0.0,average,fading,,2000,111.4,143.7,228.4,0.629,3,7,4,3,7,32,4,1,1,1,0.1
before,sim,2300,,,moderate,0.0,average,fading,,2000,120.9,132.3,228.4,0.58,3,5,5,1,3,17,0,0,0,1,0.1
before,sim,2300,,,moderate,6.0,average,fading,,2000,59.9,267.0,531.3,0.503,7,9,7,3,7,39,2,0,0,1,0.1
before,sim,2300,,,moderate,6.0,average,fading,,2000,45.2,353.9,531.3,0.666,7,9,9,2,5,27,0,0,0,1,0.0
before,sim,2300,,,moderate,6.0,average,fading,,2000,61.0,262.4,531.3,0.494,7,8,7,3,7,40,3,0,0,1,0.0
before,sim,2300,,,moderate,6.0,average,fading,,2000,36.8,434.7,531.3,0.818,8,10,10,2,4,20,0,0,0,1,0.0
before,sim,2300,,,moderate,6.0,average,fading,,2000,55.7,287.1,531.3,0.54,7,8,7,3,6,36,2,0,0,1,0.1
before,sim,2300,,,moderate,6.0,average,fading,,2000,38.9,411.1,531.3,0.774,8,10,9,3,4,22,1,1,0,1,0.0
before,sim,2300,,,moderate,6.0,average,fading,,2000,47.3,338.1,531.3,0.636,7,9,8,2,5,29,1,0,0,1,0.0
before,sim,2300,,,moderate,6.0,average,fading,,2000,35.8,447.5,531.3,0.842,8,10,9,2,4,19,1,0,0,1,0.0
before,sim,2300,,,moderate,6.0,average,fading,,2000,32.6,490.5,531.3,0.923,9,11,10,2,3,17,2,1,0,1,0.0
before,sim,2300,,,moderate,6.0,average,fading,,2000,58.9,271.8,531.3,0.512,7,8,8,2,7,38,2,0,0,1,0.1
before,sim,2300,,,moderate,6.0,average,fading,,2000,52.6,304.4,531.3,0.573,7,8,8,2,6,33,1,0,0,1,0.0
before,sim,2300,,,moderate,6.0,average,fading,,2000,47.3,338.1,531.3,0.636,7,9,8,3,5,29,1,0,0,1,0.0
before,sim,2300,,,moderate,6.0,average,fading,,2000,38.9,411.1,531.3,0.774,8,10,9,2,4,22,1,0,0,1,0.0
before,sim,2300,,,moderate,6.0,average,fading,,2000,42.1,380.5,531.3,0.716,8,10,8,3,5,24,3,0,0,1,0.0
before,sim,2300,,,moderate,6.0,average,fading,,2000,41.0,390.2,531.3,0.734,8,10,8,4,5,23,2,0,0,1,0.0
before,sim,2300,,,moderate,6.0,average,fading,,2000,72.5,220.7,531.3,0.415,5,8,7,3,10,48,4,0,0,1,0.1
before,sim,2300,,,moderate,6.0,average,fading,,2000,35.8,447.5,531.3,0.842,8,10,9,2,4,19,1,0,0,1,0.0
before,sim,2300,,,moderate,6.0,average,fading,,2000,43.1,371.2,531.3,0.699,7,10,8,4,5,25,3,1,0,1,0.0
before,sim,2300,,,moderate,6.0,average,fading,,2000,52.6,304.4,531.3,0.573,7,9,8,2,6,33,3,0,0,1,0.0
before,sim,2300,,,moderate,6.0,average,fading,,2000,57.8,276.8,531.3,0.521,7,8,8,1,7,37,1,0,0,1,0.0
before,sim,2300,,,moderate,12.0,average,fading,,2000,25.2,633.9,1464.9,0.433,11,14,12,2,3,10,1,0,0,1,0.0
before,sim,2300,,,moderate,12.0,average,fading,,2000,29.5,543.1,1464.9,0.371,9,12,12,2,3,14,0,0,0,1,0.0
before,sim,2300,,,moderate,12.0,average,fading,,2000,28.4,563.3,1464.9,0.385,10,11,11,2,3,13,1,0,0,1,0.0
before,sim,2300,,,moderate,12.0,average,fading,,2000,23.2,690.8,1464.9,0.472,11,14,14,1,2,9,0,0,0,1,0.0
before,sim,2300,,,moderate,12.0,average,fading,,2000,23.2,690.8,1464.9,0.472,11,14,14,1,2,9,0,0,0,1,0.0
before,sim,2300,,,moderate,12.0,average,fading,,2000,23.2,690.8,1464.9,0.472,11,14,14,1,2,9,0,0,0,1,0.0
before,sim,2300,,,moderate,12.0,average,fading,,2000,26.3,607.9,1464.9,0.415,10,12,12,1,2,12,0,0,0,1,0.0
before,sim,2300,,,moderate,12.0,average,fading,,2000,23.2,690.8,1464.9,0.472,11,14,14,1,2,9,0,0,0,1,0.0
before,sim,2300,,,moderate,12.0,average,fading,,2000,25.2,633.9,1464.9,0.433,11,14,12,2,3,10,1,0,0,1,0.0
before,sim,2300,,,moderate,12.0,average,fading,,2000,29.5,543.1,1464.9,0.371,10,11,11,2,3,14,2,0,0,1,0.0
before,sim,2300,,,moderate,12.0,average,fading,,2000,28.4,563.3,1464.9,0.385,10,11,11,2,3,13,1,0,0,1,0.0
before,sim,2300,,,moderate,12.0,average,fading,,2000,29.5,543.1,1464.9,0.371,9,12,12,2,3,14,0,0,0,1,0.0
before,sim,2300,,,moderate,12.0,average,fading,,2000,23.2,690.8,1464.9,0.472,11,14,14,1,2,9,0,0,0,1,0.0
before,sim,2300,,,moderate,12.0,average,fading,,2000,23.2,690.8,1464.9,0.472,11,14,14,1,2,9,0,0,0,1,0.0
before,sim,2300,,,moderate,12.0,average,fading,,2000,23.2,690.8,1464.9,0.472,11,14,14,1,2,9,0,0,0,1,0.0
before,sim,2300,,,moderate,12.0,average,fading,,2000,28.4,563.3,1464.9,0.385,10,11,11,2,3,13,1,0,0,1,0.0
before,sim,2300,,,moderate,12.0,average,fading,,2000,23.2,690.8,1464.9,0.472,11,14,14,1,2,9,0,0,0,1,0.0
before,sim,2300,,,moderate,12.0,average,fading,,2000,23.2,690.8,1464.9,0.472,11,14,14,1,2,9,0,0,0,1,0.0
before,sim,2300,,,moderate,12.0,average,fading,,2000,27.4,585.0,1464.9,0.399,11,14,12,2,3,12,3,0,0,1,0.1
before,sim,2300,,,moderate,12.0,average,fading,,2000,31.6,506.9,1464.9,0.346,9,11,10,2,3,16,1,0,0,1,0.0
before,sim,2300,,,poor,-12.0,average,fading,,2000,552.0,29.0,35.8,0.809,0,2,0,4,15,88,3,1,0,1,0.2
before,sim,2300,,,poor,-12.0,average,fading,,2000,592.6,27.0,35.8,0.754,0,1,0,6,17,94,6,2,0,1,0.3
before,sim,2300,,,poor,-12.0,average,fading,,2000,608.6,26.3,35.8,0.734,0,1,0,4,17,97,8,0,0,1,0.3
before,sim,2300,,,poor,-12.0,average,fading,,2000,583.0,27.4,35.8,0.766,0,1,0,4,16,93,4,0,0,1,0.2
before,sim,2300,,,poor,-12.0,average,fading,,2000,577.6,27.7,35.8,0.773,0,1,0,5,16,92,6,1,0,1,0.2
before,sim,2300,,,poor,-12.0,average,fading,,2000,494.2,32.4,35.8,0.904,0,2,0,6,14,78,5,0,0,1,0.1
before,sim,2300,,,poor,-12.0,average,fading,,2000,577.6,27.7,35.8,0.773,0,1,0,4,16,92,6,1,0,1,0.2
before,sim,2300,,,poor,-12.0,average,fading,,2000,581.8,27.5,35.8,0.768,0,1,0,6,17,92,4,1,0,1,0.2
before,sim,2300,,,poor,-12.0,average,fading,,2000,541.3,29.6,35.8,0.825,0,2,0,5,15,86,4,2,0,1,0.1
before,sim,2300,,,poor,-12.0,average,fading,,2000,572.3,28.0,35.8,0.781,0,1,1,5,16,91,2,0,0,1,0.2
before,sim,2300,,,poor,-12.0,average,fading,,2000,526.3,30.4,35.8,0.849,0,2,0,6,14,84,5,0,0,1,0.2
before,sim,2300,,,poor,-12.0,average,fading,,2000,606.4,26.4,35.8,0.737,0,1,0,6,16,94,8,2,0,1,0.2
before,sim,2300,,,poor,-12.0,average,fading,,2000,557.3,28.7,35.8,0.801,0,2,0,5,15,89,7,1,0,1,0.2
before,sim,2300,,,poor,-12.0,average,fading,,2000,535.9,29.9,35.8,0.833,0,2,0,6,15,85,6,1,0,1,0.1
before,sim,2300,,,poor,-12.0,average,fading,,2000,483.5,33.1,35.8,0.924,0,2,1,6,14,76,5,0,0,1,0.1
before,sim,2300,,,poor,-12.0,average,fading,,2000,577.6,27.7,35.8,0.773,0,1,0,4,16,92,3,1,0,1,0.1
before,sim,2300,,,poor,-12.0,average,fading,,2000,535.9,29.9,35.8,0.833,0,2,0,3,15,85,6,0,0,1,0.1
before,sim,2300,,,poor,-12.0,average,fading,,2000,572.3,28.0,35.8,0.781,0,1,1,5,16,91,3,1,0,1,0.1
before,sim,2300,,,poor,-12.0,average,fading,,2000,597.9,26.8,35.8,0.747,0,1,0,6,17,95,7,2,0,1,0.1
before,sim,2300,,,poor,-12.0,average,fading,,2000,577.6,27.7,35.8,0.773,0,1,1,5,16,92,4,1,0,1,0.1
before,sim,2300,,,poor,-6.0,average,fading,,2000,151.9,105.3,156.7,0.672,3,5,4,2,4,22,3,2,0,1,0.0
before,sim,2300,,,poor,-6.0,average,fading,,2000,208.6,76.7,156.7,0.49,2,4,4,3,6,31,2,0,0,1,0.0
before,sim,2300,,,poor,-6.0,average,fading,,2000,151.9,105.3,156.7,0.672,2,5,4,2,4,22,2,0,0,1,0.0
before,sim,2300,,,poor,-6.0,average,fading,,2000,151.9,105.3,156.7,0.672,2,5,4,3,4,22,2,1,0,1,0.0
before,sim,2300,,,poor,-6.0,average,fading,,2000,141.2,113.3,156.7,0.723,3,5,4,2,4,20,1,0,0,1,0.0
before,sim,2300,,,poor,-6.0,average,fading,,2000,146.5,109.2,156.7,0.697,2,5,4,3,4,21,1,1,0,1,0.0
before,sim,2300,,,poor,-6.0,average,fading,,2000,162.6,98.4,156.7,0.628,2,5,4,3,4,24,4,2,0,1,0.0
before,sim,2300,,,poor,-6.0,average,fading,,2000,151.9,105.3,156.7,0.672,3,5,4,2,4,22,3,2,0,1,0.0
before,sim,2300,,,poor,-6.0,average,fading,,2000,146.5,109.2,156.7,0.697,3,5,4,2,4,21,2,0,0,1,0.0
before,sim,2300,,,poor,-6.0,average,fading,,2000,151.9,105.3,156.7,0.672,2,5,4,3,4,22,2,0,0,1,0.0
before,sim,2300,,,poor,-6.0,average,fading,,2000,151.9,105.3,156.7,0.672,2,5,4,2,4,22,2,0,0,1,0.0
before,sim,2300,,,poor,-6.0,average,fading,,2000,166.8,95.9,156.7,0.612,1,5,4,3,5,24,2,1,0,1,0.0
before,sim,2300,,,poor,-6.0,average,fading,,2000,146.5,109.2,156.7,0.697,3,5,4,2,4,21,2,1,0,1,0.0
before,sim,2300,,,poor,-6.0,average,fading,,2000,157.3,101.7,156.7,0.649,2,5,4,2,4,23,3,1,0,1,0.0
before,sim,2300,,,poor,-6.0,average,fading,,2000,146.5,109.2,156.7,0.697,3,5,4,2,4,21,2,1,0,1,0.0
before,sim,2300,,,poor,-6.0,average,fading,,2000,151.9,105.3,156.7,0.672,2,5,4,3,4,22,2,1,0,1,0.0
before,sim,2300,,,poor,-6.0,average,fading,,2000,151.9,105.3,156.7,0.672,3,5,4,2,4,22,3,1,0,1,0.0
before,sim,2300,,,poor,-6.0,average,fading,,2000,141.2,113.3,156.7,0.723,3,5,4,2,4,20,1,1,0,1,0.0
before,sim,2300,,,poor,-6.0,average,fading,,2000,151.9,105.3,156.7,0.672,3,5,4,2,4,22,3,1,0,1,0.0
before,sim,2300,,,poor,-6.0,average,fading,,2000,151.9,105.3,156.7,0.672,3,5,4,2,4,22,3,2,0,1,0.0
before,sim,2300,,,poor,0.0,average,fading,,2000,115.3,138.7,228.4,0.608,4,7,4,5,12,58,17,1,0,1,0.1
before,sim,2300,,,poor,0.0,average,fading,,2000,122.1,131.1,228.4,0.574,4,7,4,3,10,47,12,4,0,1,0.0
before,sim,2300,,,poor,0.0,average,fading,,2000,122.4,130.7,228.4,0.572,3,7,5,2,7,38,7,3,0,1,0.0
before,sim,2300,,,poor,0.0,average,fading,,2000,121.6,131.6,228.4,0.576,3,7,5,3,6,27,4,2,0,1,0.0
before,sim,2300,,,poor,0.0,average,fading,,2000,119.8,133.6,228.4,0.585,4,7,4,5,11,52,14,5,0,1,0.0
before,sim,2300,,,poor,0.0,average,fading,,2000,116.6,137.2,228.4,0.601,3,7,7,5,8,36,8,1,1,1,0.0
before,sim,2300,,,poor,0.0,average,fading,,2000,113.7,140.7,228.4,0.616,3,7,7,4,7,35,7,3,0,1,0.0
before,sim,2300,,,poor,0.0,average,fading,,2000,116.6,137.2,228.4,0.601,4,7,4,5,11,49,11,5,0,1,0.0
before,sim,2300,,,poor,0.0,average,fading,,2000,100.4,159.3,228.4,0.698,4,7,4,3,11,53,10,4,0,1,0.0
before,sim,2300,,,poor,0.0,average,fading,,2000,121.6,131.6,228.4,0.576,3,7,5,3,6,27,3,1,0,1,0.0
before,sim,2300,,,poor,0.0,average,fading,,2000,122.7,130.4,228.4,0.571,3,7,4,6,12,60,17,2,3,1,0.0
before,sim,2300,,,poor,0.0,average,fading,,2000,120.9,132.3,228.4,0.58,3,5,5,1,3,17,0,0,0,1,0.0
before,sim,2300,,,poor,0.0,average,fading,,2000,105.3,151.9,228.4,0.665,5,7,5,1,7,34,8,1,0,1,0.1
before,sim,2300,,,poor,0.0,average,fading,,2000,124.7,128.3,228.4,0.562,3,7,4,6,9,42,14,4,2,1,0.1
before,sim,2300,,,poor,0.0,average,fading,,2000,123.8,129.2,228.4,0.566,1,7,4,6,10,39,7,3,2,1,0.0
before,sim,2300,,,poor,0.0,average,fading,,2000,120.9,132.3,228.4,0.58,3,5,5,1,3,17,0,0,0,1,0.0
before,sim,2300,,,poor,0.0,average,fading,,2000,112.7,142.0,228.4,0.622,4,7,7,8,14,77,30,5,3,1,0.1
before,sim,2300,,,poor,0.0,average,fading,,2000,109.6,146.0,228.4,0.639,4,7,4,5,12,60,17,4,1,1,0.0
before,sim,2300,,,poor,0.0,average,fading,,2000,97.0,164.9,228.4,0.722,4,7,4,3,9,44,12,4,1,1,0.0
before,sim,2300,,,poor,0.0,average,fading,,2000,103.4,154.7,228.4,0.677,5,7,5,1,5,26,5,2,0,1,0.0
before,sim,2300,,,poor,6.0,average,fading,,2000,50.5,317.1,1093.0,0.29,7,9,8,2,6,31,1,0,0,1,0.0
before,sim,2300,,,poor,6.0,average,fading,,2000,40.0,400.3,1093.0,0.366,7,10,10,2,4,23,0,0,0,1,0.0
before,sim,2300,,,poor,6.0,average,fading,,2000,42.1,380.5,1093.0,0.348,7,10,9,3,5,24,1,0,0,1,0.0
before,sim,2300,,,poor,6.0,average,fading,,2000,37.9,422.6,1093.0,0.387,7,10,10,2,4,21,0,0,0,1,0.0
before,sim,2300,,,poor,6.0,average,fading,,2000,50.5,317.1,1093.0,0.29,7,9,8,2,6,31,1,0,0,1,0.0
before,sim,2300,,,poor,6.0,average,fading,,2000,37.9,422.6,1093.0,0.387,7,10,10,2,4,21,0,0,0,1,0.0
before,sim,2300,,,poor,6.0,average,fading,,2000,42.1,380.5,1093.0,0.348,7,10,9,3,5,24,1,0,0,1,0.0
before,sim,2300,,,poor,6.0,average,fading,,2000,40.0,400.3,1093.0,0.366,7,10,10,2,4,23,0,0,0,1,0.0
before,sim,2300,,,poor,6.0,average,fading,,2000,62.0,258.1,1093.0,0.236,7,9,8,3,8,40,2,0,0,1,0.0
before,sim,2300,,,poor,6.0,average,fading,,2000,40.0,400.3,1093.0,0.366,7,10,10,2,4,23,0,0,0,1,0.0
before,sim,2300,,,poor,6.0,average,fading,,2000,50.5,317.1,1093.0,0.29,7,9,8,2,6,31,1,0,0,1,0.0
before,sim,2300,,,poor,6.0,average,fading,,2000,49.4,323.8,1093.0,0.296,7,9,7,3,6,30,2,0,0,1,0.0
before,sim,2300,,,poor,6.0,average,fading,,2000,42.1,380.5,1093.0,0.348,7,10,9,3,5,24,1,0,0,1,0.0
before,sim,2300,,,poor,6.0,average,fading,,2000,45.2,353.9,1093.0,0.324,7,9,8,2,5,27,1,0,0,1,0.0
before,sim,2300,,,poor,6.0,average,fading,,2000,47.3,338.1,1093.0,0.309,7,9,8,2,5,29,1,0,0,1,0.0
before,sim,2300,,,poor,6.0,average,fading,,2000,43.1,371.2,1093.0,0.34,7,10,10,2,5,25,0,0,0,1,0.0
before,sim,2300,,,poor,6.0,average,fading,,2000,47.3,338.1,1093.0,0.309,7,9,8,2,5,29,1,0,0,1,0.0
before,sim,2300,,,poor,6.0,average,fading,,2000,42.1,380.5,1093.0,0.348,7,10,9,3,5,24,1,0,0,1,0.0
before,sim,2300,,,poor,6.0,average,fading,,2000,50.5,317.1,1093.0,0.29,7,9,8,2,6,31,1,0,0,1,0.0
before,sim,2300,,,poor,6.0,average,fading,,2000,45.2,353.9,1093.0,0.324,7,9,8,2,5,27,1,0,0,1,0.0
before,sim,2300,,,poor,12.0,average,fading,,2000,32.6,490.5,1647.1,0.298,7,12,12,2,3,17,0,0,0,1,0.0
before,sim,2300,,,poor,12.0,average,fading,,2000,32.6,490.9,1647.1,0.298,7,14,12,3,4,16,1,0,0,1,0.0
before,sim,2300,,,poor,12.0,average,fading,,2000,30.5,524.4,1647.1,0.318,7,14,14,2,3,15,0,0,0,1,0.0
before,sim,2300,,,poor,12.0,average,fading,,2000,30.5,524.4,1647.1,0.318,7,14,14,2,3,15,0,0,0,1,0.0
before,sim,2300,,,poor,12.0,average,fading,,2000,30.5,524.4,1647.1,0.318,7,14,14,2,3,15,0,0,0,1,0.0
before,sim,2300,,,poor,12.0,average,fading,,2000,30.5,524.4,1647.1,0.318,7,14,14,2,3,15,0,0,0,1,0.0
before,sim,2300,,,poor,12.0,average,fading,,2000,32.6,490.9,1647.1,0.298,7,14,12,3,4,16,1,0,0,1,0.0
before,sim,2300,,,poor,12.0,average,fading,,2000,32.6,490.9,1647.1,0.298,7,14,12,3,4,16,1,0,0,1,0.0
before,sim,2300,,,poor,12.0,average,fading,,2000,32.6,490.5,1647.1,0.298,7,12,12,2,3,17,0,0,0,1,0.0
before,sim,2300,,,poor,12.0,average,fading,,2000,32.6,490.5,1647.1,0.298,7,12,12,2,3,17,0,0,0,1,0.0
before,sim,2300,,,poor,12.0,average,fading,,2000,30.5,524.4,1647.1,0.318,7,14,14,2,3,15,0,0,0,1,0.0
before,sim,2300,,,poor,12.0,average,fading,,2000,32.6,490.9,1647.1,0.298,7,14,12,3,4,16,1,1,0,1,0.0
before,sim,2300,,,poor,12.0,average,fading,,2000,30.5,524.4,1647.1,0.318,7,14,14,2,3,15,0,0,0,1,0.0
before,sim,2300,,,poor,12.0,average,fading,,2000,32.6,490.9,1647.1,0.298,7,14,12,3,4,16,1,0,0,1,0.0
before,sim,2300,,,poor,12.0,average,fading,,2000,32.6,490.9,1647.1,0.298,7,14,12,3,4,16,1,0,0,1,0.0
before,sim,2300,,,poor,12.0,average,fading,,2000,32.6,490.5,1647.1,0.298,7,12,12,2,3,17,0,0,0,1,0.0
before,sim,2300,,,poor,12.0,average,fading,,2000,30.5,524.4,1647.1,0.318,7,14,14,2,3,15,0,0,0,1,0.0
before,sim,2300,,,poor,12.0,average,fading,,2000,30.5,524.4,1647.1,0.318,7,14,14,2,3,15,0,0,0,1,0.0
before,sim,2300,,,poor,12.0,average,fading,,2000,30.5,524.4,1647.1,0.318,7,14,14,2,3,15,0,0,0,1,0.0
before,sim,2300,,,poor,12.0,average,fading,,2000,30.5,524.4,1647.1,0.318,7,14,14,2,3,15,0,0,0,1,0.0
after,sim,2300,,,good,-12.0,average,fading,,2000,719.4,22.2,0.0,,0,0,0,0,20,115,19,1,2,1,0.3
after,sim,2300,,,good,-12.0,average,fading,,2000,752.8,21.3,0.0,,0,2,0,3,21,120,39,0,5,1,0.3
after,sim,2300,,,good,-12.0,average,fading,,2000,657.8,15.7,0.0,,0,1,0,2,14,84,26,0,4,0,0.2
after,sim,2300,,,good,-12.0,average,fading,,2000,814.0,19.7,0.0,,0,1,0,2,23,130,38,2,4,1,0.4
after,sim,2300,,,good,-12.0,average,fading,,2000,520.6,30.7,0.0,,0,3,0,4,15,82,12,5,1,1,0.3
after,sim,2300,,,good,-12.0,average,fading,,2000,651.2,24.6,0.0,,0,2,0,3,18,104,18,2,1,1,0.3
after,sim,2300,,,good,-12.0,average,fading,,2000,719.4,22.2,0.0,,0,0,0,0,20,115,19,3,2,1,0.3
after,sim,2300,,,good,-12.0,average,fading,,2000,730.1,21.9,0.0,,0,0,0,0,20,117,21,2,2,1,0.3
after,sim,2300,,,good,-12.0,average,fading,,2000,778.8,20.5,0.0,,0,2,0,1,21,121,33,2,4,1,0.3
after,sim,2300,,,good,-12.0,average,fading,,2000,739.9,21.6,0.0,,0,0,0,0,20,116,20,3,2,1,0.3
after,sim,2300,,,good,-12.0,average,fading,,2000,573.9,27.9,0.0,,0,2,1,7,16,91,19,2,2,1,0.2
after,sim,2300,,,good,-12.0,average,fading,,2000,741.6,21.6,0.0,,0,1,0,2,20,119,27,2,3,1,0.3
after,sim,2300,,,good,-12.0,average,fading,,2000,741.6,21.6,0.0,,0,1,0,2,20,119,27,1,3,1,0.4
after,sim,2300,,,good,-12.0,average,fading,,2000,850.6,18.8,0.0,,0,0,0,0,23,134,38,2,4,1,0.4
after,sim,2300,,,good,-12.0,average,fading,,2000,741.4,21.6,0.0,,0,0,0,0,21,114,18,3,2,1,0.3
after,sim,2300,,,good,-12.0,average,fading,,2000,899.8,17.8,0.0,,0,0,0,0,25,144,48,3,7,1,0.4
after,sim,2300,,,good,-12.0,average,fading,,2000,652.0,24.5,0.0,,0,2,0,2,18,104,19,0,2,1,0.3
after,sim,2300,,,good,-12.0,average,fading,,2000,773.4,20.7,0.0,,0,0,0,0,21,124,28,1,4,1,0.4
after,sim,2300,,,good,-12.0,average,fading,,2000,298.7,5.3,0.0,,0,1,0,1,4,24,18,0,3,0,0.1
after,sim,2300,,,good,-12.0,average,fading,,2000,782.6,20.4,0.0,,0,2,0,3,23,124,38,2,5,1,0.3
after,sim,2300,,,good,-6.0,average,fading,,2000,151.9,105.3,156.7,0.672,2,5,4,3,4,22,2,2,0,1,0.1
after,sim,2300,,,good,-6.0,average,fading,,2000,177.6,90.1,156.7,0.575,2,4,4,2,5,26,2,0,0,1,0.1
after,sim,2300,,,good,-6.0,average,fading,,2000,250.3,63.9,156.7,0.408,0,4,2,4,7,38,2,0,0,1,0.1
after,sim,2300,,,good,-6.0,average,fading,,2000,150.8,106.1,156.7,0.677,2,5,4,3,5,21,1,0,0,1,0.1
after,sim,2300,,,good,-6.0,average,fading,,2000,151.9,105.3,156.7,0.672,3,5,4,2,4,22,3,1,0,1,0.1
after,sim,2300,,,good,-6.0,average,fading,,2000,161.5,99.1,156.7,0.632,2,5,4,3,5,23,1,1,0,1,0.1
after,sim,2300,,,good,-6.0,average,fading,,2000,266.4,60.1,156.7,0.383,0,3,3,4,7,41,1,0,0,1,0.1
after,sim,2300,,,good,-6.0,average,fading,,2000,292.0,54.8,156.7,0.35,0,3,2,3,8,45,2,0,0,1,0.1
after,sim,2300,,,good,-6.0,average,fading,,2000,172.2,92.9,156.7,0.593,2,5,2,4,5,25,5,1,0,1,0.1
after,sim,2300,,,good,-6.0,average,fading,,2000,199.0,80.4,156.7,0.513,0,4,4,3,5,30,0,0,0,1,0.1
after,sim,2300,,,good,-6.0,average,fading,,2000,141.2,113.3,156.7,0.723,2,5,5,2,4,20,0,0,0,1,0.1
after,sim,2300,,,good,-6.0,average,fading,,2000,426.8,37.5,156.7,0.239,0,2,0,4,12,67,3,0,0,1,0.2
after,sim,2300,,,good,-6.0,average,fading,,2000,213.9,74.8,156.7,0.477,1,4,1,3,6,32,2,0,0,1,0.1
after,sim,2300,,,good,-6.0,average,fading,,2000,281.3,56.9,156.7,0.363,1,3,2,4,8,43,2,0,0,1,0.1
after,sim,2300,,,good,-6.0,average,fading,,2000,228.9,69.9,156.7,0.446,0,4,0,4,7,34,4,0,0,1,0.1
after,sim,2300,,,good,-6.0,average,fading,,2000,426.8,37.5,156.7,0.239,0,3,0,6,12,67,3,1,0,1,0.2
after,sim,2300,,,good,-6.0,average,fading,,2000,166.8,95.9,156.7,0.612,2,5,2,4,5,24,4,0,0,1,0.1
after,sim,2300,,,good,-6.0,average,fading,,2000,177.6,90.1,156.7,0.575,2,5,4,3,5,26,4,2,0,1,0.1
after,sim,2300,,,good,-6.0,average,fading,,2000,203.2,78.7,156.7,0.502,2,4,2,4,6,30,3,0,0,1,0.1
after,sim,2300,,,good,-6.0,average,fading,,2000,157.3,101.7,156.7,0.649,3,5,3,3,4,23,3,1,0,1,0.1
after,sim,2300,,,good,0.0,average,fading,,2000,120.9,132.3,228.4,0.58,3,5,5,1,3,17,0,0,0,1,0.1
after,sim,2300,,,good,0.0,average,fading,,2000,128.4,124.6,228.4,0.546,4,7,4,3,9,45,12,7,1,1,0.1
after,sim,2300,,,good,0.0,average,fading,,2000,120.9,132.3,228.4,0.58,3,5,5,1,3,17,0,0,0,1,0.0
after,sim,2300,,,good,0.0,average,fading,,2000,120.9,132.3,228.4,0.58,3,5,5,1,3,17,0,0,0,1,0.1
after,sim,2300,,,good,0.0,average,fading,,2000,127.5,125.5,228.4,0.55,2,7,2,6,12,68,22,10,2,1,0.1
after,sim,2300,,,good,0.0,average,fading,,2000,120.9,132.3,228.4,0.58,3,5,5,1,3,17,0,0,0,1,0.0
after,sim,2300,,,good,0.0,average,fading,,2000,130.5,122.6,228.4,0.537,3,5,4,2,4,18,1,0,0,1,0.1
after,sim,2300,,,good,0.0,average,fading,,2000,126.3,126.7,228.4,0.555,2,5,5,1,3,18,0,0,0,1,0.1
after,sim,2300,,,good,0.0,average,fading,,2000,83.6,191.5,228.4,0.839,3,8,7,7,11,56,12,4,2,1,0.1
after,sim,2300,,,good,0.0,average,fading,,2000,120.9,132.3,228.4,0.58,3,5,5,1,3,17,0,0,0,1,0.1
after,sim,2300,,,good,0.0,average,fading,,2000,104.3,153.4,228.4,0.672,3,7,7,2,5,28,0,0,0,1,0.1
after,sim,2300,,,good,0.0,average,fading,,2000,130.5,122.6,228.4,0.537,3,5,4,2,4,18,1,0,0,1,0.1
after,sim,2300,,,good,0.0,average,fading,,2000,120.9,132.3,228.4,0.58,3,5,5,1,3,17,0,0,0,1,0.1
after,sim,2300,,,good,0.0,average,fading,,2000,141.2,113.3,228.4,0.496,3,5,5,3,4,20,1,0,0,1,0.1
after,sim,2300,,,good,0.0,average,fading,,2000,120.9,132.3,228.4,0.58,3,5,5,1,3,17,0,0,0,1,0.1
after,sim,2300,,,good,0.0,average,fading,,2000,120.9,132.3,228.4,0.58,3,5,5,1,3,17,0,0,0,1,0.1
after,sim,2300,,,good,0.0,average,fading,,2000,118.7,134.8,228.4,0.59,4,7,4,3,11,51,14,1,0,1,0.1
after,sim,2300,,,good,0.0,average,fading,,2000,120.9,132.3,228.4,0.58,3,5,5,1,3,17,0,0,0,1,0.0
after,sim,2300,,,good,0.0,average,fading,,2000,108.7,147.1,228.4,0.644,4,7,4,3,12,64,19,4,0,1,0.1
after,sim,2300,,,good,0.0,average,fading,,2000,151.9,105.4,228.4,0.461,3,7,3,3,11,59,20,5,0,1,0.1
after,sim,2300,,,good,6.0,average,fading,,2000,50.5,317.1,531.3,0.597,7,9,8,2,6,31,3,0,0,1,0.1
after,sim,2300,,,good,6.0,average,fading,,2000,33.7,475.1,531.3,0.894,9,11,9,2,3,18,4,2,0,1,0.0
after,sim,2300,,,good,6.0,average,fading,,2000,37.9,422.6,531.3,0.795,7,10,10,2,4,21,0,0,0,1,0.0
after,sim,2300,,,good,6.0,average,fading,,2000,39.9,400.5,531.3,0.754,7,10,9,3,5,22,1,0,0,1,0.0
after,sim,2300,,,good,6.0,average,fading,,2000,29.5,543.1,531.3,1.022,9,11,11,1,3,14,0,0,0,1,0.0
after,sim,2300,,,good,6.0,average,fading,,2000,50.5,317.1,531.3,0.597,7,9,8,4,6,31,3,0,0,1,0.0
after,sim,2300,,,good,6.0,average,fading,,2000,47.3,338.1,531.3,0.636,7,10,9,3,5,29,4,0,0,1,0.1
after,sim,2300,,,good,6.0,average,fading,,2000,88.9,179.9,531.3,0.339,3,9,7,4,7,39,5,0,0,1,0.1
after,sim,2300,,,good,6.0,average,fading,,2000,33.7,475.1,531.3,0.894,8,11,11,2,3,18,0,0,0,1,0.0
after,sim,2300,,,good,6.0,average,fading,,2000,44.2,362.3,531.3,0.682,7,10,9,3,5,26,2,0,0,1,0.0
after,sim,2300,,,good,6.0,average,fading,,2000,48.4,330.7,531.3,0.622,7,9,8,2,5,30,2,0,0,1,0.0
after,sim,2300,,,good,6.0,average,fading,,2000,52.6,304.4,531.3,0.573,7,9,9,1,6,33,2,0,0,1,0.0
after,sim,2300,,,good,6.0,average,fading,,2000,69.4,230.7,531.3,0.434,5,9,9,4,9,46,5,0,0,1,0.0
after,sim,2300,,,good,6.0,average,fading,,2000,64.3,248.9,531.3,0.468,7,8,7,2,7,41,1,0,0,1,0.1
after,sim,2300,,,good,6.0,average,fading,,2000,65.2,245.5,531.3,0.462,7,9,7,3,8,43,7,2,0,1,0.0
after,sim,2300,,,good,6.0,average,fading,,2000,61.0,262.4,531.3,0.494,7,9,7,3,7,40,3,0,0,1,0.1
after,sim,2300,,,good,6.0,average,fading,,2000,38.9,411.1,531.3,0.774,9,10,9,1,4,22,3,0,0,1,0.0
after,sim,2300,,,good,6.0,average,fading,,2000,69.4,230.6,531.3,0.434,7,8,7,2,8,47,3,0,0,1,0.1
after,sim,2300,,,good,6.0,average,fading,,2000,49.4,323.8,531.3,0.61,7,9,7,4,6,30,6,0,0,1,0.0
after,sim,2300,,,good,6.0,average,fading,,2000,72.5,220.6,531.3,0.415,5,9,5,3,9,49,10,1,0,1,0.1
after,sim,2300,,,good,12.0,average,fading,,2000,23.2,690.8,1647.1,0.419,11,14,14,1,2,9,0,0,0,1,0.0
after,sim,2300,,,good,12.0,average,fading,,2000,23.2,690.8,1647.1,0.419,12,14,12,1,2,9,1,0,0,1,0.0
after,sim,2300,,,good,12.0,average,fading,,2000,28.4,563.3,1647.1,0.342,9,14,14,2,3,13,0,0,0,1,0.0
after,sim,2300,,,good,12.0,average,fading,,2000,26.3,607.9,1647.1,0.369,10,12,12,1,2,12,0,0,0,1,0.0
after,sim,2300,,,good,12.0,average,fading,,2000,21.1,760.0,1647.1,0.461,14,15,15,1,2,7,0,0,0,1,0.0
after,sim,2300,,,good,12.0,average,fading,,2000,26.3,607.9,1647.1,0.369,10,12,12,1,2,12,0,0,0,1,0.0
after,sim,2300,,,good,12.0,average,fading,,2000,29.5,543.1,1647.1,0.33,8,14,14,2,3,14,0,0,0,1,0.0
after,sim,2300,,,good,12.0,average,fading,,2000,32.6,490.9,1647.1,0.298,7,15,14,3,4,16,2,0,0,1,0.0
after,sim,2300,,,good,12.0,average,fading,,2000,23.2,690.8,1647.1,0.419,11,14,14,1,2,9,0,0,0,1,0.0
after,sim,2300,,,good,12.0,average,fading,,2000,29.5,543.1,1647.1,0.33,8,14,14,2,3,14,0,0,0,1,0.0
after,sim,2300,,,good,12.0,average,fading,,2000,23.2,690.8,1647.1,0.419,11,14,14,1,2,9,0,0,0,1,0.0
after,sim,2300,,,good,12.0,average,fading,,2000,29.5,543.1,1647.1,0.33,10,11,11,2,3,14,2,0,0,1,0.0
after,sim,2300,,,good,12.0,average,fading,,2000,40.0,400.3,1647.1,0.243,9,9,9,0,4,23,1,0,0,1,0.0
after,sim,2300,,,good,12.0,average,fading,,2000,25.3,633.2,1647.1,0.384,11,12,12,1,2,11,0,0,0,1,0.0
after,sim,2300,,,good,12.0,average,fading,,2000,27.4,585.0,1647.1,0.355,11,12,11,2,3,12,1,0,0,1,0.0
after,sim,2300,,,good,12.0,average,fading,,2000,33.7,475.1,1647.1,0.288,8,11,11,2,3,18,0,0,0,1,0.0
after,sim,2300,,,good,12.0,average,fading,,2000,24.2,660.8,1647.1,0.401,12,14,12,1,2,10,2,0,0,1,0.0
after,sim,2300,,,good,12.0,average,fading,,2000,29.5,543.1,1647.1,0.33,10,12,11,2,3,14,2,0,0,1,0.0
after,sim,2300,,,good,12.0,average,fading,,2000,26.3,608.5,1647.1,0.369,12,14,14,2,3,11,3,0,0,1,0.0
after,sim,2300,,,good,12.0,average,fading,,2000,30.5,524.4,1647.1,0.318,10,12,10,2,3,15,5,0,0,1,0.0
after,sim,2300,,,moderate,-12.0,average,fading,,2000,630.9,25.4,35.8,0.708,0,1,0,4,17,101,12,1,1,1,0.2
after,sim,2300,,,moderate,-12.0,average,fading,,2000,645.0,24.8,35.8,0.692,0,0,0,0,18,103,7,0,0,1,0.2
after,sim,2300,,,moderate,-12.0,average,fading,,2000,599.1,26.7,35.8,0.746,0,1,0,4,16,96,7,1,0,1,0.2
after,sim,2300,,,moderate,-12.0,average,fading,,2000,645.8,24.8,35.8,0.692,0,1,0,2,18,103,11,0,1,1,0.2
after,sim,2300,,,moderate,-12.0,average,fading,,2000,514.5,31.1,35.8,0.868,0,2,0,5,15,81,5,1,0,1,0.2
after,sim,2300,,,moderate,-12.0,average,fading,,2000,599.1,26.7,35.8,0.746,0,1,0,2,16,96,4,0,0,1,0.2
after,sim,2300,,,moderate,-12.0,average,fading,,2000,577.6,27.7,35.8,0.773,0,1,0,2,16,92,3,0,0,1,0.2
after,sim,2300,,,moderate,-12.0,average,fading,,2000,572.3,28.0,35.8,0.781,0,2,0,3,16,91,6,1,0,1,0.2
after,sim,2300,,,moderate,-12.0,average,fading,,2000,668.1,23.9,35.8,0.669,0,1,0,4,18,103,14,1,2,1,0.2
after,sim,2300,,,moderate,-12.0,average,fading,,2000,588.4,27.2,35.8,0.759,0,1,0,4,16,94,5,0,0,1,0.2
after,sim,2300,,,moderate,-12.0,average,fading,,2000,521.0,30.7,35.8,0.857,0,2,0,3,14,83,5,0,0,1,0.2
after,sim,2300,,,moderate,-12.0,average,fading,,2000,626.7,25.5,35.8,0.713,0,1,0,2,17,97,5,0,0,1,0.2
after,sim,2300,,,moderate,-12.0,average,fading,,2000,614.8,26.0,35.8,0.727,0,2,0,3,17,98,12,0,1,1,0.2
after,sim,2300,,,moderate,-12.0,average,fading,,2000,636.2,25.1,35.8,0.702,0,1,0,2,17,102,10,0,1,1,0.2
after,sim,2300,,,moderate,-12.0,average,fading,,2000,608.6,26.3,35.8,0.734,0,1,0,2,17,97,5,0,0,1,0.2
after,sim,2300,,,moderate,-12.0,average,fading,,2000,645.8,24.8,35.8,0.692,0,1,0,4,18,103,14,1,1,1,0.2
after,sim,2300,,,moderate,-12.0,average,fading,,2000,577.6,27.7,35.8,0.773,0,2,0,3,16,92,7,0,0,1,0.2
after,sim,2300,,,moderate,-12.0,average,fading,,2000,583.0,27.4,35.8,0.766,0,1,0,4,16,93,4,1,0,1,0.2
after,sim,2300,,,moderate,-12.0,average,fading,,2000,552.0,29.0,35.8,0.809,0,2,0,3,15,88,6,1,0,1,0.2
after,sim,2300,,,moderate,-12.0,average,fading,,2000,603.3,26.5,35.8,0.74,0,1,0,2,17,96,3,0,0,1,0.2
after,sim,2300,,,moderate,-6.0,average,fading,,2000,150.8,106.1,156.7,0.677,2,5,4,3,5,21,1,1,0,1,0.0
after,sim,2300,,,moderate,-6.0,average,fading,,2000,172.2,92.9,156.7,0.593,1,5,4,4,5,25,1,1,0,1,0.1
after,sim,2300,,,moderate,-6.0,average,fading,,2000,151.9,105.3,156.7,0.672,3,5,4,2,4,22,3,1,0,1,0.1
after,sim,2300,,,moderate,-6.0,average,fading,,2000,151.9,105.3,156.7,0.672,3,5,4,2,4,22,3,1,0,1,0.0
after,sim,2300,,,moderate,-6.0,average,fading,,2000,130.5,122.6,156.7,0.783,3,5,4,2,4,18,1,1,0,1,0.0
after,sim,2300,,,moderate,-6.0,average,fading,,2000,146.5,109.2,156.7,0.697,3,5,4,2,4,21,2,0,0,1,0.1
after,sim,2300,,,moderate,-6.0,average,fading,,2000,151.9,105.3,156.7,0.672,2,5,4,3,4,22,2,1,0,1,0.0
after,sim,2300,,,moderate,-6.0,average,fading,,2000,151.9,105.3,156.7,0.672,3,5,4,2,4,22,3,2,0,1,0.1
after,sim,2300,,,moderate,-6.0,average,fading,,2000,146.5,109.2,156.7,0.697,3,5,4,2,4,21,2,0,0,1,0.0
after,sim,2300,,,moderate,-6.0,average,fading,,2000,141.2,113.3,156.7,0.723,3,5,4,2,4,20,1,0,0,1,0.1
after,sim,2300,,,moderate,-6.0,average,fading,,2000,141.2,113.3,156.7,0.723,3,5,4,2,4,20,1,0,0,1,0.0
after,sim,2300,,,moderate,-6.0,average,fading,,2000,261.0,61.3,156.7,0.391,0,4,4,4,7,40,1,0,0,1,0.1
after,sim,2300,,,moderate,-6.0,average,fading,,2000,146.5,109.2,156.7,0.697,3,5,4,2,4,21,2,0,0,1,0.1
after,sim,2300,,,moderate,-6.0,average,fading,,2000,146.5,109.2,156.7,0.697,3,5,4,2,4,21,2,0,0,1,0.0
after,sim,2300,,,moderate,-6.0,average,fading,,2000,141.2,113.3,156.7,0.723,3,5,4,2,4,20,1,0,0,1,0.1
after,sim,2300,,,moderate,-6.0,average,fading,,2000,146.5,109.2,156.7,0.697,3,5,4,2,4,21,2,1,0,1,0.0
after,sim,2300,,,moderate,-6.0,average,fading,,2000,146.5,109.2,156.7,0.697,3,5,4,2,4,21,2,1,0,1,0.1
after,sim,2300,,,moderate,-6.0,average,fading,,2000,157.3,101.7,156.7,0.649,2,5,4,3,4,23,3,1,0,1,0.1
after,sim,2300,,,moderate,-6.0,average,fading,,2000,141.2,113.3,156.7,0.723,2,5,5,2,4,20,0,0,0,1,0.1
after,sim,2300,,,moderate,-6.0,average,fading,,2000,182.9,87.5,156.7,0.558,0,5,5,3,5,27,0,0,0,1,0.1
after,sim,2300,,,moderate,0.0,average,fading,,2000,113.7,140.7,228.4,0.616,3,7,7,4,7,35,7,3,0,1,0.1
after,sim,2300,,,moderate,0.0,average,fading,,2000,120.9,132.3,228.4,0.58,3,5,5,1,3,17,0,0,0,1,0.1
after,sim,2300,,,moderate,0.0,average,fading,,2000,139.2,114.9,228.4,0.503,3,7,3,8,14,66,23,5,2,1,0.1
after,sim,2300,,,moderate,0.0,average,fading,,2000,100.2,159.7,228.4,0.699,4,7,4,5,13,59,13,6,0,1,0.1
after,sim,2300,,,moderate,0.0,average,fading,,2000,106.8,149.8,228.4,0.656,3,7,5,4,10,47,13,7,1,1,0.1
after,sim,2300,,,moderate,0.0,average,fading,,2000,105.5,151.6,228.4,0.664,4,7,4,5,13,60,16,5,0,1,0.1
after,sim,2300,,,moderate,0.0,average,fading,,2000,120.9,132.3,228.4,0.58,3,5,5,1,3,17,0,0,0,1,0.0
after,sim,2300,,,moderate,0.0,average,fading,,2000,123.8,129.2,228.4,0.566,2,7,3,9,14,70,25,8,3,1,0.1
after,sim,2300,,,moderate,0.0,average,fading,,2000,115.6,138.5,228.4,0.606,4,7,4,5,11,48,10,2,0,1,0.1
after,sim,2300,,,moderate,0.0,average,fading,,2000,101.3,157.9,228.4,0.692,5,7,5,1,5,24,4,0,0,1,0.0
after,sim,2300,,,moderate,0.0,average,fading,,2000,120.9,132.3,228.4,0.579,4,7,4,5,11,49,12,0,0,1,0.1
after,sim,2300,,,moderate,0.0,average,fading,,2000,120.9,132.3,228.4,0.58,3,5,5,1,3,17,0,0,0,1,0.0
after,sim,2300,,,moderate,0.0,average,fading,,2000,113.5,141.0,228.4,0.617,3,7,5,3,8,37,12,3,1,1,0.0
after,sim,2300,,,moderate,0.0,average,fading,,2000,113.3,141.2,228.4,0.618,4,7,4,5,11,53,14,7,0,1,0.1
after,sim,2300,,,moderate,0.0,average,fading,,2000,115.7,138.3,228.4,0.606,4,7,5,3,7,36,12,3,1,1,0.1
after,sim,2300,,,moderate,0.0,average,fading,,2000,113.8,140.6,228.4,0.616,5,7,5,3,8,37,12,7,0,1,0.1
after,sim,2300,,,moderate,0.0,average,fading,,2000,118.8,134.6,228.4,0.59,4,7,4,3,10,48,12,3,0,1,0.1
after,sim,2300,,,moderate,0.0,average,fading,,2000,120.9,132.3,228.4,0.58,3,5,5,1,3,17,0,0,0,1,0.0
after,sim,2300,,,moderate,0.0,average,fading,,2000,111.4,143.7,228.4,0.629,3,7,4,3,7,32,4,1,1,1,0.0
after,sim,2300,,,moderate,0.0,average,fading,,2000,120.9,132.3,228.4,0.58,3,5,5,1,3,17,0,0,0,1,0.1
after,sim,2300,,,moderate,6.0,average,fading,,2000,59.9,267.0,531.3,0.503,7,9,7,3,7,39,2,0,0,1,0.0
after,sim,2300,,,moderate,6.0,average,fading,,2000,45.2,353.9,531.3,0.666,7,9,9,2,5,27,0,0,0,1,0.0
after,sim,2300,,,moderate,6.0,average,fading,,2000,61.0,262.4,531.3,0.494,7,8,7,3,7,40,3,0,0,1,0.1
after,sim,2300,,,moderate,6.0,average,fading,,2000,36.8,434.7,531.3,0.818,8,10,10,2,4,20,0,0,0,1,0.0
after,sim,2300,,,moderate,6.0,average,fading,,2000,55.7,287.1,531.3,0.54,7,8,7,3,6,36,2,0,0,1,0.1
after,sim,2300,,,moderate,6.0,average,fading,,2000,38.9,411.1,531.3,0.774,8,10,9,3,4,22,1,1,0,1,0.1
after,sim,2300,,,moderate,6.0,average,fading,,2000,47.3,338.1,531.3,0.636,7,9,8,2,5,29,1,0,0,1,0.1
after,sim,2300,,,moderate,6.0,average,fading,,2000,35.8,447.5,531.3,0.842,8,10,9,2,4,19,1,0,0,1,0.0
after,sim,2300,,,moderate,6.0,average,fading,,2000,32.6,490.5,531.3,0.923,9,11,10,2,3,17,2,1,0,1,0.0
after,sim,2300,,,moderate,6.0,average,fading,,2000,58.9,271.8,531.3,0.512,7,8,8,2,7,38,2,0,0,1,0.1
after,sim,2300,,,moderate,6.0,average,fading,,2000,52.6,304.4,531.3,0.573,7,8,8,2,6,33,1,0,0,1,0.1
after,sim,2300,,,moderate,6.0,average,fading,,2000,47.3,338.1,531.3,0.636,7,9,8,3,5,29,1,0,0,1,0.0
after,sim,2300,,,moderate,6.0,average,fading,,2000,38.9,411.1,531.3,0.774,8,10,9,2,4,22,1,0,0,1,0.0
after,sim,2300,,,moderate,6.0,average,fading,,2000,42.1,380.5,531.3,0.716,8,10,8,3,5,24,3,0,0,1,0.0
after,sim,2300,,,moderate,6.0,average,fading,,2000,41.0,390.2,531.3,0.734,8,10,8,4,5,23,2,0,0,1,0.0
after,sim,2300,,,moderate,6.0,average,fading,,2000,72.5,220.7,531.3,0.415,5,8,7,3,10,48,4,0,0,1,0.1
after,sim,2300,,,moderate,6.0,average,fading,,2000,35.8,447.5,531.3,0.842,8,10,9,2,4,19,1,0,0,1,0.0
after,sim,2300,,,moderate,6.0,average,fading,,2000,43.1,371.2,531.3,0.699,7,10,8,4,5,25,3,1,0,1,0.0
after,sim,2300,,,moderate,6.0,average,fading,,2000,52.6,304.4,531.3,0.573,7,9,8,2,6,33,3,0,0,1,0.1
after,sim,2300,,,moderate,6.0,average,fading,,2000,57.8,276.8,531.3,0.521,7,8,8,1,7,37,1,0,0,1,0.1
after,sim,2300,,,moderate,12.0,average,fading,,2000,25.2,633.9,1464.9,0.433,11,14,12,2,3,10,1,0,0,1,0.0
after,sim,2300,,,moderate,12.0,average,fading,,2000,29.5,543.1,1464.9,0.371,9,12,12,2,3,14,0,0,0,1,0.0
after,sim,2300,,,moderate,12.0,average,fading,,2000,28.4,563.3,1464.9,0.385,10,11,11,2,3,13,1,0,0,1,0.0
after,sim,2300,,,moderate,12.0,average,fading,,2000,23.2,690.8,1464.9,0.472,11,14,14,1,2,9,0,0,0,1,0.0
after,sim,2300,,,moderate,12.0,average,fading,,2000,23.2,690.8,1464.9,0.472,11,14,14,1,2,9,0,0,0,1,0.1
after,sim,2300,,,moderate,12.0,average,fading,,2000,23.2,690.8,1464.9,0.472,11,14,14,1,2,9,0,0,0,1,0.0
after,sim,2300,,,moderate,12.0,average,fading,,2000,26.3,607.9,1464.9,0.415,10,12,12,1,2,12,0,0,0,1,0.0
after,sim,2300,,,moderate,12.0,average,fading,,2000,23.2,690.8,1464.9,0.472,11,14,14,1,2,9,0,0,0,1,0.0
after,sim,2300,,,moderate,12.0,average,fading,,2000,25.2,633.9,1464.9,0.433,11,14,12,2,3,10,1,0,0,1,0.0
after,sim,2300,,,moderate,12.0,average,fading,,2000,29.5,543.1,1464.9,0.371,10,11,11,2,3,14,2,0,0,1,0.0
after,sim,2300,,,moderate,12.0,average,fading,,2000,28.4,563.3,1464.9,0.385,10,11,11,2,3,13,1,0,0,1,0.0
after,sim,2300,,,moderate,12.0,average,fading,,2000,29.5,543.1,1464.9,0.371,9,12,12,2,3,14,0,0,0,1,0.0
after,sim,2300,,,moderate,12.0,average,fading,,2000,23.2,690.8,1464.9,0.472,11,14,14,1,2,9,0,0,0,1,0.0
after,sim,2300,,,moderate,12.0,average,fading,,2000,23.2,690.8,1464.9,0.472,11,14,14,1,2,9,0,0,0,1,0.0
after,sim,2300,,,moderate,12.0,average,fading,,2000,23.2,690.8,1464.9,0.472,11,14,14,1,2,9,0,0,0,1,0.0
after,sim,2300,,,moderate,12.0,average,fading,,2000,28.4,563.3,1464.9,0.385,10,11,11,2,3,13,1,0,0,1,0.0
after,sim,2300,,,moderate,12.0,average,fading,,2000,23.2,690.8,1464.9,0.472,11,14,14,1,2,9,0,0,0,1,0.0
after,sim,2300,,,moderate,12.0,average,fading,,2000,23.2,690.8,1464.9,0.472,11,14,14,1,2,9,0,0,0,1,0.0
after,sim,2300,,,moderate,12.0,average,fading,,2000,27.4,585.0,1464.9,0.399,11,14,12,2,3,12,3,0,0,1,0.0
after,sim,2300,,,moderate,12.0,average,fading,,2000,31.6,506.9,1464.9,0.346,9,11,10,2,3,16,1,0,0,1,0.0
after,sim,2300,,,poor,-12.0,average,fading,,2000,552.0,29.0,35.8,0.809,0,2,0,4,15,88,3,1,0,1,0.2
after,sim,2300,,,poor,-12.0,average,fading,,2000,592.6,27.0,35.8,0.754,0,1,0,6,17,94,6,2,0,1,0.2
after,sim,2300,,,poor,-12.0,average,fading,,2000,608.6,26.3,35.8,0.734,0,1,0,4,17,97,8,0,0,1,0.2
after,sim,2300,,,poor,-12.0,average,fading,,2000,583.0,27.4,35.8,0.766,0,1,0,4,16,93,4,0,0,1,0.2
after,sim,2300,,,poor,-12.0,average,fading,,2000,577.6,27.7,35.8,0.773,0,1,0,5,16,92,6,1,0,1,0.2
after,sim,2300,,,poor,-12.0,average,fading,,2000,494.2,32.4,35.8,0.904,0,2,0,6,14,78,5,0,0,1,0.2
after,sim,2300,,,poor,-12.0,average,fading,,2000,577.6,27.7,35.8,0.773,0,1,0,4,16,92,6,1,0,1,0.2
after,sim,2300,,,poor,-12.0,average,fading,,2000,581.8,27.5,35.8,0.768,0,1,0,6,17,92,4,1,0,1,0.2
after,sim,2300,,,poor,-12.0,average,fading,,2000,541.3,29.6,35.8,0.825,0,2,0,5,15,86,4,2,0,1,0.2
after,sim,2300,,,poor,-12.0,average,fading,,2000,572.3,28.0,35.8,0.781,0,1,1,5,16,91,2,0,0,1,0.2
after,sim,2300,,,poor,-12.0,average,fading,,2000,526.3,30.4,35.8,0.849,0,2,0,6,14,84,5,0,0,1,0.2
after,sim,2300,,,poor,-12.0,average,fading,,2000,606.4,26.4,35.8,0.737,0,1,0,6,16,94,8,2,0,1,0.3
after,sim,2300,,,poor,-12.0,average,fading,,2000,557.3,28.7,35.8,0.801,0,2,0,5,15,89,7,1,0,1,0.2
after,sim,2300,,,poor,-12.0,average,fading,,2000,535.9,29.9,35.8,0.833,0,2,0,6,15,85,6,1,0,1,0.3
after,sim,2300,,,poor,-12.0,average,fading,,2000,483.5,33.1,35.8,0.924,0,2,1,6,14,76,5,0,0,1,0.2
after,sim,2300,,,poor,-12.0,average,fading,,2000,577.6,27.7,35.8,0.773,0,1,0,4,16,92,3,1,0,1,0.2
after,sim,2300,,,poor,-12.0,average,fading,,2000,535.9,29.9,35.8,0.833,0,2,0,3,15,85,6,0,0,1,0.2
after,sim,2300,,,poor,-12.0,average,fading,,2000,572.3,28.0,35.8,0.781,0,1,1,5,16,91,3,1,0,1,0.2
after,sim,2300,,,poor,-12.0,average,fading,,2000,597.9,26.8,35.8,0.747,0,1,0,6,17,95,7,2,0,1,0.2
after,sim,2300,,,poor,-12.0,average,fading,,2000,577.6,27.7,35.8,0.773,0,1,1,5,16,92,4,1,0,1,0.2
after,sim,2300,,,poor,-6.0,average,fading,,2000,151.9,105.3,156.7,0.672,3,5,4,2,4,22,3,2,0,1,0.0
after,sim,2300,,,poor,-6.0,average,fading,,2000,208.6,76.7,156.7,0.49,2,4,4,3,6,31,2,0,0,1,0.1
after,sim,2300,,,poor,-6.0,average,fading,,2000,151.9,105.3,156.7,0.672,2,5,4,2,4,22,2,0,0,1,0.1
after,sim,2300,,,poor,-6.0,average,fading,,2000,151.9,105.3,156.7,0.672,2,5,4,3,4,22,2,1,0,1,0.0
after,sim,2300,,,poor,-6.0,average,fading,,2000,141.2,113.3,156.7,0.723,3,5,4,2,4,20,1,0,0,1,0.1
after,sim,2300,,,poor,-6.0,average,fading,,2000,146.5,109.2,156.7,0.697,2,5,4,3,4,21,1,1,0,1,0.0
after,sim,2300,,,poor,-6.0,average,fading,,2000,162.6,98.4,156.7,0.628,2,5,4,3,4,24,4,2,0,1,0.1
after,sim,2300,,,poor,-6.0,average,fading,,2000,151.9,105.3,156.7,0.672,3,5,4,2,4,22,3,2,0,1,0.0
after,sim,2300,,,poor,-6.0,average,fading,,2000,146.5,109.2,156.7,0.697,3,5,4,2,4,21,2,0,0,1,0.0
after,sim,2300,,,poor,-6.0,average,fading,,2000,151.9,105.3,156.7,0.672,2,5,4,3,4,22,2,0,0,1,0.0
after,sim,2300,,,poor,-6.0,average,fading,,2000,151.9,105.3,156.7,0.672,2,5,4,2,4,22,2,0,0,1,0.0
after,sim,2300,,,poor,-6.0,average,fading,,2000,166.8,95.9,156.7,0.612,1,5,4,3,5,24,2,1,0,1,0.1
after,sim,2300,,,poor,-6.0,average,fading,,2000,146.5,109.2,156.7,0.697,3,5,4,2,4,21,2,1,0,1,0.0
after,sim,2300,,,poor,-6.0,average,fading,,2000,157.3,101.7,156.7,0.649,2,5,4,2,4,23,3,1,0,1,0.1
after,sim,2300,,,poor,-6.0,average,fading,,2000,146.5,109.2,156.7,0.697,3,5,4,2,4,21,2,1,0,1,0.1
after,sim,2300,,,poor,-6.0,average,fading,,2000,151.9,105.3,156.7,0.672,2,5,4,3,4,22,2,1,0,1,0.0
after,sim,2300,,,poor,-6.0,average,fading,,2000,151.9,105.3,156.7,0.672,3,5,4,2,4,22,3,1,0,1,0.0
after,sim,2300,,,poor,-6.0,average,fading,,2000,141.2,113.3,156.7,0.723,3,5,4,2,4,20,1,1,0,1,0.0
after,sim,2300,,,poor,-6.0,average,fading,,2000,151.9,105.3,156.7,0.672,3,5,4,2,4,22,3,1,0,1,0.0
after,sim,2300,,,poor,-6.0,average,fading,,2000,151.9,105.3,156.7,0.672,3,5,4,2,4,22,3,2,0,1,0.0
after,sim,2300,,,poor,0.0,average,fading,,2000,115.3,138.7,228.4,0.608,4,7,4,5,12,58,17,1,0,1,0.0
after,sim,2300,,,poor,0.0,average,fading,,2000,122.1,131.1,228.4,0.574,4,7,4,3,10,47,12,4,0,1,0.1
after,sim,2300,,,poor,0.0,average,fading,,2000,122.4,130.7,228.4,0.572,3,7,5,2,7,38,7,3,0,1,0.0
after,sim,2300,,,poor,0.0,average,fading,,2000,121.6,131.6,228.4,0.576,3,7,5,3,6,27,4,2,0,1,0.0
after,sim,2300,,,poor,0.0,average,fading,,2000,119.8,133.6,228.4,0.585,4,7,4,5,11,52,14,5,0,1,0.0
after,sim,2300,,,poor,0.0,average,fading,,2000,116.6,137.2,228.4,0.601,3,7,7,5,8,36,8,1,1,1,0.0
after,sim,2300,,,poor,0.0,average,fading,,2000,113.7,140.7,228.4,0.616,3,7,7,4,7,35,7,3,0,1,0.0
after,sim,2300,,,poor,0.0,average,fading,,2000,116.6,137.2,228.4,0.601,4,7,4,5,11,49,11,5,0,1,0.0
after,sim,2300,,,poor,0.0,average,fading,,2000,100.4,159.3,228.4,0.698,4,7,4,3,11,53,10,4,0,1,0.0
after,sim,2300,,,poor,0.0,average,fading,,2000,121.6,131.6,228.4,0.576,3,7,5,3,6,27,3,1,0,1,0.0
after,sim,2300,,,poor,0.0,average,fading,,2000,122.8,130.3,228.4,0.571,3,7,4,6,12,60,17,2,3,1,0.0
after,sim,2300,,,poor,0.0,average,fading,,2000,120.9,132.3,228.4,0.58,3,5,5,1,3,17,0,0,0,1,0.0
after,sim,2300,,,poor,0.0,average,fading,,2000,105.3,151.9,228.4,0.665,5,7,5,1,7,34,8,1,0,1,0.0
after,sim,2300,,,poor,0.0,average,fading,,2000,124.8,128.2,228.4,0.562,3,7,4,6,9,42,14,4,2,1,0.0
after,sim,2300,,,poor,0.0,average,fading,,2000,123.9,129.2,228.4,0.566,1,7,4,6,10,39,7,3,2,1,0.0
after,sim,2300,,,poor,0.0,average,fading,,2000,120.9,132.3,228.4,0.58,3,5,5,1,3,17,0,0,0,1,0.0
after,sim,2300,,,poor,0.0,average,fading,,2000,112.7,141.9,228.4,0.622,4,7,7,8,14,77,30,5,3,1,0.1
after,sim,2300,,,poor,0.0,average,fading,,2000,109.6,146.0,228.4,0.639,4,7,4,5,12,60,17,4,1,1,0.0
after,sim,2300,,,poor,0.0,average,fading,,2000,97.1,164.8,228.4,0.722,4,7,4,3,9,44,12,4,1,1,0.0
after,sim,2300,,,poor,0.0,average,fading,,2000,103.4,154.7,228.4,0.677,5,7,5,1,5,26,5,2,0,1,0.0
after,sim,2300,,,poor,6.0,average,fading,,2000,50.5,317.1,1093.0,0.29,7,9,8,2,6,31,1,0,0,1,0.0
after,sim,2300,,,poor,6.0,average,fading,,2000,40.0,400.3,1093.0,0.366,7,10,10,2,4,23,0,0,0,1,0.0
after,sim,2300,,,poor,6.0,average,fading,,2000,42.1,380.5,1093.0,0.348,7,10,9,3,5,24,1,0,0,1,0.0
after,sim,2300,,,poor,6.0,average,fading,,2000,37.9,422.6,1093.0,0.387,7,10,10,2,4,21,0,0,0,1,0.0
after,sim,2300,,,poor,6.0,average,fading,,2000,50.5,317.1,1093.0,0.29,7,9,8,2,6,31,1,0,0,1,0.0
after,sim,2300,,,poor,6.0,average,fading,,2000,37.9,422.6,1093.0,0.387,7,10,10,2,4,21,0,0,0,1,0.0
after,sim,2300,,,poor,6.0,average,fading,,2000,42.1,380.5,1093.0,0.348,7,10,9,3,5,24,1,0,0,1,0.0
after,sim,2300,,,poor,6.0,average,fading,,2000,40.0,400.3,1093.0,0.366,7,10,10,2,4,23,0,0,0,1,0.0
after,sim,2300,,,poor,6.0,average,fading,,2000,62.0,258.1,1093.0,0.236,7,9,8,3,8,40,2,0,0,1,0.0
after,sim,2300,,,poor,6.0,average,fading,,2000,40.0,400.3,1093.0,0.366,7,10,10,2,4,23,0,0,0,1,0.0
after,sim,2300,,,poor,6.0,average,fading,,2000,50.5,317.1,1093.0,0.29,7,9,8,2,6,31,1,0,0,1,0.0
after,sim,2300,,,poor,6.0,average,fading,,2000,49.4,323.8,1093.0,0.296,7,9,7,3,6,30,2,0,0,1,0.0
after,sim,2300,,,poor,6.0,average,fading,,2000,42.1,380.5,1093.0,0.348,7,10,9,3,5,24,1,0,0,1,0.0
after,sim,2300,,,poor,6.0,average,fading,,2000,45.2,353.9,1093.0,0.324,7,9,8,2,5,27,1,0,0,1,0.0
after,sim,2300,,,poor,6.0,average,fading,,2000,47.3,338.1,1093.0,0.309,7,9,8,2,5,29,1,0,0,1,0.0
after,sim,2300,,,poor,6.0,average,fading,,2000,43.1,371.2,1093.0,0.34,7,10,10,2,5,25,0,0,0,1,0.0
after,sim,2300,,,poor,6.0,average,fading,,2000,47.3,338.1,1093.0,0.309,7,9,8,2,5,29,1,0,0,1,0.0
after,sim,2300,,,poor,6.0,average,fading,,2000,42.1,380.5,1093.0,0.348,7,10,9,3,5,24,1,0,0,1,0.0
after,sim,2300,,,poor,6.0,average,fading,,2000,50.5,317.1,1093.0,0.29,7,9,8,2,6,31,1,0,0,1,0.0
after,sim,2300,,,poor,6.0,average,fading,,2000,45.2,353.9,1093.0,0.324,7,9,8,2,5,27,1,0,0,1,0.0
after,sim,2300,,,poor,12.0,average,fading,,2000,32.6,490.5,1647.1,0.298,7,12,12,2,3,17,0,0,0,1,0.0
after,sim,2300,,,poor,12.0,average,fading,,2000,32.6,490.9,1647.1,0.298,7,14,12,3,4,16,1,0,0,1,0.0
after,sim,2300,,,poor,12.0,average,fading,,2000,30.5,524.4,1647.1,0.318,7,14,14,2,3,15,0,0,0,1,0.0
after,sim,2300,,,poor,12.0,average,fading,,2000,30.5,524.4,1647.1,0.318,7,14,14,2,3,15,0,0,0,1,0.0
after,sim,2300,,,poor,12.0,average,fading,,2000,30.5,524.4,1647.1,0.318,7,14,14,2,3,15,0,0,0,1,0.0
after,sim,2300,,,poor,12.0,average,fading,,2000,30.5,524.4,1647.1,0.318,7,14,14,2,3,15,0,0,0,1,0.0
after,sim,2300,,,poor,12.0,average,fading,,2000,32.6,490.9,1647.1,0.298,7,14,12,3,4,16,1,0,0,1,0.0
after,sim,2300,,,poor,12.0,average,fading,,2000,32.6,490.9,1647.1,0.298,7,14,12,3,4,16,1,0,0,1,0.0
after,sim,2300,,,poor,12.0,average,fading,,2000,32.6,490.5,1647.1,0.298,7,12,12,2,3,17,0,0,0,1,0.0
after,sim,2300,,,poor,12.0,average,fading,,2000,32.6,490.5,1647.1,0.298,7,12,12,2,3,17,0,0,0,1,0.0
after,sim,2300,,,poor,12.0,average,fading,,2000,30.5,524.4,1647.1,0.318,7,14,14,2,3,15,0,0,0,1,0.0
after,sim,2300,,,poor,12.0,average,fading,,2000,32.6,490.9,1647.1,0.298,7,14,12,3,4,16,1,1,0,1,0.0
after,sim,2300,,,poor,12.0,average,fading,,2000,30.5,524.4,1647.1,0.318,7,14,14,2,3,15,0,0,0,1,0.0
after,sim,2300,,,poor,12.0,average,fading,,2000,32.6,490.9,1647.1,0.298,7,14,12,3,4,16,1,0,0,1,0.0
after,sim,2300,,,poor,12.0,average,fading,,2000,32.6,490.9,1647.1,0.298,7,14,12,3,4,16,1,0,0,1,0.0
after,sim,2300,,,poor,12.0,average,fading,,2000,32.6,490.5,1647.1,0.298,7,12,12,2,3,17,0,0,0,1,0.0
after,sim,2300,,,poor,12.0,average,fading,,2000,30.5,524.4,1647.1,0.318,7,14,14,2,3,15,0,0,0,1,0.0
after,sim,2300,,,poor,12.0,average,fading,,2000,30.5,524.4,1647.1,0.318,7,14,14,2,3,15,0,0,0,1,0.0
after,sim,2300,,,poor,12.0,average,fading,,2000,30.5,524.4,1647.1,0.318,7,14,14,2,3,15,0,0,0,1,0.0
after,sim,2300,,,poor,12.0,average,fading,,2000,30.5,524.4,1647.1,0.318,7,14,14,2,3,15,0,0,0,1,0.0
before,sim,500,,,good,-12.0,average,fading,,2000,740.8,21.6,0.0,,0,0,0,0,20,119,23,1,2,1,0.2
before,sim,500,,,good,-12.0,average,fading,,2000,811.3,19.7,0.0,,0,1,0,3,22,130,44,1,6,1,0.2
before,sim,500,,,good,-12.0,average,fading,,2000,657.7,15.7,0.0,,0,1,0,2,14,84,26,0,4,0,0.1
before,sim,500,,,good,-12.0,average,fading,,2000,813.9,19.7,0.0,,0,1,0,2,23,130,38,3,4,1,0.2
before,sim,500,,,good,-12.0,average,fading,,2000,691.9,23.1,0.0,,0,2,0,4,19,109,24,3,3,1,0.2
before,sim,500,,,good,-12.0,average,fading,,2000,667.2,24.0,0.0,,0,1,0,2,18,107,15,2,1,1,0.2
before,sim,500,,,good,-12.0,average,fading,,2000,719.3,22.2,0.0,,0,0,0,0,20,115,19,3,2,1,0.2
before,sim,500,,,good,-12.0,average,fading,,2000,730.0,21.9,0.0,,0,0,0,0,20,117,21,2,2,1,0.2
before,sim,500,,,good,-12.0,average,fading,,2000,800.2,20.0,0.0,,0,1,0,1,21,125,33,2,4,1,0.2
before,sim,500,,,good,-12.0,average,fading,,2000,739.9,21.6,0.0,,0,0,0,0,20,116,20,3,2,1,0.2
before,sim,500,,,good,-12.0,average,fading,,2000,615.6,26.0,0.0,,0,1,0,4,17,98,16,0,2,1,0.1
before,sim,500,,,good,-12.0,average,fading,,2000,741.5,21.6,0.0,,0,1,0,2,20,119,27,2,3,1,0.2
before,sim,500,,,good,-12.0,average,fading,,2000,746.9,21.4,0.0,,0,1,0,2,20,120,28,1,3,1,0.2
before,sim,500,,,good,-12.0,average,fading,,2000,872.5,18.3,0.0,,0,0,0,0,24,140,44,2,5,1,0.2
before,sim,500,,,good,-12.0,average,fading,,2000,741.3,21.6,0.0,,0,0,0,0,21,114,18,3,2,1,0.2
before,sim,500,,,good,-12.0,average,fading,,2000,899.7,17.8,0.0,,0,0,0,0,25,144,48,3,7,1,0.3
before,sim,500,,,good,-12.0,average,fading,,2000,704.0,22.7,0.0,,0,1,0,1,20,112,20,0,3,1,0.2
before,sim,500,,,good,-12.0,average,fading,,2000,773.3,20.7,0.0,,0,0,0,0,21,124,28,1,4,1,0.2
before,sim,500,,,good,-12.0,average,fading,,2000,298.6,3.4,0.0,,0,0,0,0,4,24,18,0,3,0,0.0
before,sim,500,,,good,-12.0,average,fading,,2000,819.3,19.5,0.0,,0,1,0,2,23,131,39,1,4,1,0.2
before,sim,500,,,good,-6.0,average,fading,,2000,344.5,46.4,76.1,0.61,0,3,0,4,9,54,6,0,0,1,0.1
before,sim,500,,,good,-6.0,average,fading,,2000,514.1,31.1,76.1,0.409,0,4,0,7,16,96,28,2,4,1,0.2
before,sim,500,,,good,-6.0,average,fading,,2000,271.7,58.9,76.1,0.774,0,3,2,3,7,42,2,1,0,1,0.1
before,sim,500,,,good,-6.0,average,fading,,2000,333.8,47.9,76.1,0.63,1,3,1,3,9,52,5,2,0,1,0.1
before,sim,500,,,good,-6.0,average,fading,,2000,297.4,53.8,76.1,0.707,0,3,0,5,8,46,7,1,0,1,0.1
before,sim,500,,,good,-6.0,average,fading,,2000,271.7,58.9,76.1,0.774,1,3,2,2,7,42,1,0,0,1,0.1
before,sim,500,,,good,-6.0,average,fading,,2000,297.4,53.8,76.1,0.707,0,3,2,4,8,46,2,0,0,1,0.1
before,sim,500,,,good,-6.0,average,fading,,2000,395.8,40.4,76.1,0.531,0,2,1,5,11,62,2,0,0,1,0.2
before,sim,500,,,good,-6.0,average,fading,,2000,370.1,43.2,76.1,0.568,0,3,0,4,10,58,3,1,0,1,0.2
before,sim,500,,,good,-6.0,average,fading,,2000,307.0,52.1,76.1,0.685,0,3,1,5,9,47,3,1,0,1,0.1
before,sim,500,,,good,-6.0,average,fading,,2000,224.7,71.2,76.1,0.936,1,3,2,2,6,34,2,1,0,1,0.1
before,sim,500,,,good,-6.0,average,fading,,2000,390.4,41.0,76.1,0.538,0,3,1,5,11,61,4,0,0,1,0.1
before,sim,500,,,good,-6.0,average,fading,,2000,339.1,47.2,76.1,0.62,0,3,1,4,9,53,2,1,0,1,0.1
before,sim,500,,,good,-6.0,average,fading,,2000,406.5,39.4,76.1,0.517,0,2,0,5,11,64,3,0,0,1,0.1
before,sim,500,,,good,-6.0,average,fading,,2000,286.7,55.8,76.1,0.733,1,3,2,4,8,44,6,3,0,1,0.1
before,sim,500,,,good,-6.0,average,fading,,2000,406.5,39.4,76.1,0.517,0,2,0,6,11,64,3,0,0,1,0.1
before,sim,500,,,good,-6.0,average,fading,,2000,344.5,46.4,76.1,0.61,1,3,1,3,9,54,2,0,0,1,0.1
before,sim,500,,,good,-6.0,average,fading,,2000,302.8,52.8,76.1,0.694,1,3,1,3,8,47,3,0,0,1,0.1
before,sim,500,,,good,-6.0,average,fading,,2000,333.8,47.9,76.1,0.63,1,3,2,4,9,52,2,0,0,1,0.1
before,sim,500,,,good,-6.0,average,fading,,2000,442.9,36.1,76.1,0.475,0,3,0,4,12,70,4,1,0,1,0.1
before,sim,500,,,good,0.0,average,fading,,2000,217.3,73.6,111.9,0.658,2,5,2,5,10,51,8,1,1,1,0.1
before,sim,500,,,good,0.0,average,fading,,2000,252.2,63.5,111.9,0.567,2,6,3,7,12,62,14,0,2,1,0.1
before,sim,500,,,good,0.0,average,fading,,2000,295.8,54.1,111.9,0.483,0,4,3,9,14,69,27,0,6,1,0.1
before,sim,500,,,good,0.0,average,fading,,2000,228.8,69.9,111.9,0.625,1,5,3,7,12,64,11,0,1,1,0.1
before,sim,500,,,good,0.0,average,fading,,2000,156.5,102.2,111.9,0.913,3,7,3,3,9,49,5,0,0,1,0.1
before,sim,500,,,good,0.0,average,fading,,2000,182.7,87.6,111.9,0.782,0,7,3,10,14,79,21,3,3,1,0.1
before,sim,500,,,good,0.0,average,fading,,2000,201.0,79.6,111.9,0.711,1,5,5,2,6,34,0,0,0,1,0.1
before,sim,500,,,good,0.0,average,fading,,2000,224.7,71.2,111.9,0.636,1,3,3,3,6,34,1,0,0,1,0.1
before,sim,500,,,good,0.0,average,fading,,2000,160.6,99.6,111.9,0.89,2,7,3,6,11,55,5,3,0,1,0.1
before,sim,500,,,good,0.0,average,fading,,2000,238.0,67.2,111.9,0.601,0,4,3,8,12,59,12,2,3,1,0.1
before,sim,500,,,good,0.0,average,fading,,2000,214.5,74.6,111.9,0.666,2,6,2,8,13,67,15,0,2,1,0.1
before,sim,500,,,good,0.0,average,fading,,2000,240.6,66.5,111.9,0.594,0,4,2,6,10,50,15,1,2,1,0.1
before,sim,500,,,good,0.0,average,fading,,2000,207.9,77.0,111.9,0.687,1,5,3,3,7,38,4,0,1,1,0.1
before,sim,500,,,good,0.0,average,fading,,2000,258.6,61.9,111.9,0.553,2,4,2,4,9,48,7,1,0,1,0.1
before,sim,500,,,good,0.0,average,fading,,2000,208.4,76.8,111.9,0.686,2,4,3,3,7,37,2,0,0,1,0.1
before,sim,500,,,good,0.0,average,fading,,2000,213.4,75.0,111.9,0.67,1,4,4,4,8,43,6,0,0,1,0.1
before,sim,500,,,good,0.0,average,fading,,2000,195.4,81.9,111.9,0.731,3,5,3,3,10,57,12,0,2,1,0.1
before,sim,500,,,good,0.0,average,fading,,2000,220.4,72.6,111.9,0.648,0,7,3,10,13,76,23,2,3,1,0.1
before,sim,500,,,good,0.0,average,fading,,2000,190.5,84.0,111.9,0.75,1,5,3,5,10,52,7,2,1,1,0.1
before,sim,500,,,good,0.0,average,fading,,2000,210.3,76.1,111.9,0.68,2,5,3,6,14,71,9,1,1,1,0.1
before,sim,500,,,good,6.0,average,fading,,2000,118.3,135.2,258.1,0.524,3,9,6,8,12,62,6,1,0,1,0.1
before,sim,500,,,good,6.0,average,fading,,2000,108.7,147.1,258.1,0.57,3,9,3,5,12,64,10,1,0,1,0.0
before,sim,500,,,good,6.0,average,fading,,2000,60.9,262.5,258.1,1.017,4,11,7,5,8,39,4,0,0,1,0.0
before,sim,500,,,good,6.0,average,fading,,2000,109.3,146.4,258.1,0.567,4,9,5,5,14,79,9,1,0,1,0.1
before,sim,500,,,good,6.0,average,fading,,2000,55.7,287.1,258.1,1.113,7,11,7,3,6,36,5,0,0,1,0.0
before,sim,500,,,good,6.0,average,fading,,2000,92.5,173.0,258.1,0.67,4,9,6,5,11,66,5,0,0,1,0.1
before,sim,500,,,good,6.0,average,fading,,2000,99.8,160.3,258.1,0.621,4,7,5,6,12,72,4,0,0,1,0.1
before,sim,500,,,good,6.0,average,fading,,2000,103.1,155.2,258.1,0.601,3,10,3,7,12,62,12,1,1,1,0.1
before,sim,500,,,good,6.0,average,fading,,2000,57.8,276.8,258.1,1.072,6,11,7,4,7,37,3,3,0,1,0.0
before,sim,500,,,good,6.0,average,fading,,2000,95.4,167.8,258.1,0.65,4,11,4,8,12,67,13,0,1,1,0.0
before,sim,500,,,good,6.0,average,fading,,2000,87.2,183.4,258.1,0.711,5,10,6,6,11,61,7,0,0,1,0.1
before,sim,500,,,good,6.0,average,fading,,2000,125.8,127.2,258.1,0.493,3,6,5,9,16,92,13,0,1,1,0.1
before,sim,500,,,good,6.0,average,fading,,2000,113.0,141.5,258.1,0.548,3,9,3,7,12,64,6,0,0,1,0.1
before,sim,500,,,good,6.0,average,fading,,2000,155.7,102.7,258.1,0.398,2,7,7,14,20,115,26,1,3,1,0.1
before,sim,500,,,good,6.0,average,fading,,2000,138.1,115.9,258.1,0.449,3,7,3,5,10,54,5,1,0,1,0.1
before,sim,500,,,good,6.0,average,fading,,2000,102.7,155.8,258.1,0.604,4,9,6,9,13,73,10,0,1,1,0.1
before,sim,500,,,good,6.0,average,fading,,2000,88.3,181.3,258.1,0.702,5,9,6,5,11,62,7,1,0,1,0.1
before,sim,500,,,good,6.0,average,fading,,2000,129.6,123.4,258.1,0.478,3,9,6,7,13,71,8,0,1,1,0.1
before,sim,500,,,good,6.0,average,fading,,2000,133.6,119.8,258.1,0.464,2,9,3,8,16,87,14,1,1,1,0.1
before,sim,500,,,good,6.0,average,fading,,2000,93.5,171.1,258.1,0.663,3,9,3,6,12,66,6,0,0,1,0.1
before,sim,500,,,good,12.0,average,fading,,2000,53.6,298.5,538.9,0.554,7,12,7,6,7,33,6,2,0,1,0.0
before,sim,500,,,good,12.0,average,fading,,2000,47.3,338.3,538.9,0.628,10,12,10,2,6,28,4,1,0,1,0.0
before,sim,500,,,good,12.0,average,fading,,2000,46.2,346.0,538.9,0.642,9,12,11,4,6,27,3,0,0,1,0.0
before,sim,500,,,good,12.0,average,fading,,2000,48.4,330.7,538.9,0.614,9,11,11,3,5,30,1,0,0,1,0.0
before,sim,500,,,good,12.0,average,fading,,2000,34.7,461.1,538.9,0.856,12,14,13,3,4,18,1,0,0,1,0.0
before,sim,500,,,good,12.0,average,fading,,2000,51.5,310.6,538.9,0.576,7,12,11,4,6,32,5,0,0,1,0.0
before,sim,500,,,good,12.0,average,fading,,2000,57.8,276.8,538.9,0.514,6,11,10,5,7,37,3,0,0,1,0.0
before,sim,500,,,good,12.0,average,fading,,2000,47.3,338.5,538.9,0.628,6,13,7,5,7,27,3,0,0,1,0.0
before,sim,500,,,good,12.0,average,fading,,2000,37.9,422.6,538.9,0.784,10,14,13,3,4,21,1,1,0,1,0.0
before,sim,500,,,good,12.0,average,fading,,2000,51.5,310.6,538.9,0.576,6,13,10,5,6,32,6,0,0,1,0.0
before,sim,500,,,good,12.0,average,fading,,2000,49.4,323.8,538.9,0.601,9,12,10,4,6,30,4,1,0,1,0.0
before,sim,500,,,good,12.0,average,fading,,2000,65.2,245.5,538.9,0.456,7,10,10,4,8,43,4,0,0,1,0.0
before,sim,500,,,good,12.0,average,fading,,2000,52.6,304.4,538.9,0.565,9,11,11,3,6,33,3,0,0,1,0.0
before,sim,500,,,good,12.0,average,fading,,2000,59.9,267.0,538.9,0.495,7,11,7,5,7,39,6,0,0,1,0.1
before,sim,500,,,good,12.0,average,fading,,2000,48.4,330.7,538.9,0.614,9,11,10,2,5,30,1,0,0,1,0.0
before,sim,500,,,good,12.0,average,fading,,2000,63.1,253.6,538.9,0.471,6,10,9,3,7,42,1,0,0,1,0.0
before,sim,500,,,good,12.0,average,fading,,2000,46.3,345.8,538.9,0.642,11,12,11,1,5,28,4,0,0,1,0.0
before,sim,500,,,good,12.0,average,fading,,2000,79.9,200.3,538.9,0.372,6,9,6,6,10,55,5,0,0,1,0.1
before,sim,500,,,good,12.0,average,fading,,2000,42.1,380.5,538.9,0.706,11,12,11,3,5,24,4,0,0,1,0.0
before,sim,500,,,good,12.0,average,fading,,2000,44.2,362.3,538.9,0.672,11,12,11,2,5,26,2,0,0,1,0.0
before,sim,500,,,moderate,-12.0,average,fading,,2000,630.9,25.4,35.8,0.708,0,1,0,4,17,101,12,1,1,1,0.2
before,sim,500,,,moderate,-12.0,average,fading,,2000,645.0,24.8,35.8,0.692,0,0,0,0,18,103,7,0,0,1,0.2
before,sim,500,,,moderate,-12.0,average,fading,,2000,599.1,26.7,35.8,0.746,0,1,0,4,16,96,7,1,0,1,0.1
before,sim,500,,,moderate,-12.0,average,fading,,2000,645.8,24.8,35.8,0.692,0,1,0,2,18,103,11,0,1,1,0.1
before,sim,500,,,moderate,-12.0,average,fading,,2000,572.3,28.0,35.8,0.781,0,1,0,4,16,91,5,1,0,1,0.1
before,sim,500,,,moderate,-12.0,average,fading,,2000,599.1,26.7,35.8,0.746,0,1,0,2,16,96,4,0,0,1,0.2
before,sim,500,,,moderate,-12.0,average,fading,,2000,577.6,27.7,35.8,0.773,0,1,0,2,16,92,3,0,0,1,0.1
before,sim,500,,,moderate,-12.0,average,fading,,2000,608.6,26.3,35.8,0.734,0,1,0,2,17,97,5,1,0,1,0.1
before,sim,500,,,moderate,-12.0,average,fading,,2000,668.1,23.9,35.8,0.669,0,1,0,4,18,103,14,1,2,1,0.2
before,sim,500,,,moderate,-12.0,average,fading,,2000,588.4,27.2,35.8,0.759,0,1,0,4,16,94,5,0,0,1,0.1
before,sim,500,,,moderate,-12.0,average,fading,,2000,599.1,26.7,35.8,0.746,0,1,0,2,16,96,4,0,0,1,0.1
before,sim,500,,,moderate,-12.0,average,fading,,2000,626.7,25.5,35.8,0.713,0,1,0,2,17,97,5,0,0,1,0.1
before,sim,500,,,moderate,-12.0,average,fading,,2000,651.2,24.6,35.8,0.686,0,1,0,2,18,104,12,1,1,1,0.2
before,sim,500,,,moderate,-12.0,average,fading,,2000,636.2,25.1,35.8,0.702,0,1,0,2,17,102,10,0,1,1,0.1
before,sim,500,,,moderate,-12.0,average,fading,,2000,608.6,26.3,35.8,0.734,0,1,0,2,17,97,5,0,0,1,0.1
before,sim,500,,,moderate,-12.0,average,fading,,2000,645.8,24.8,35.8,0.692,0,1,0,4,18,103,14,1,1,1,0.2
before,sim,500,,,moderate,-12.0,average,fading,,2000,624.7,25.6,35.8,0.715,0,1,0,2,17,100,8,1,0,1,0.1
before,sim,500,,,moderate,-12.0,average,fading,,2000,583.0,27.4,35.8,0.766,0,1,0,4,16,93,4,1,0,1,0.1
before,sim,500,,,moderate,-12.0,average,fading,,2000,608.6,26.3,35.8,0.734,0,1,0,2,17,97,5,1,0,1,0.1
before,sim,500,,,moderate,-12.0,average,fading,,2000,603.3,26.5,35.8,0.74,0,1,0,2,17,96,3,0,0,1,0.1
before,sim,500,,,moderate,-6.0,average,fading,,2000,281.3,56.9,76.1,0.747,1,3,3,3,8,43,2,0,0,1,0.1
before,sim,500,,,moderate,-6.0,average,fading,,2000,286.7,55.8,76.1,0.733,0,3,3,4,8,44,2,1,0,1,0.1
before,sim,500,,,moderate,-6.0,average,fading,,2000,266.4,60.1,76.1,0.789,1,3,3,3,7,41,2,0,0,1,0.1
before,sim,500,,,moderate,-6.0,average,fading,,2000,261.0,61.3,76.1,0.805,1,3,2,4,7,40,2,0,0,1,0.1
before,sim,500,,,moderate,-6.0,average,fading,,2000,255.7,62.6,76.1,0.822,1,3,2,2,7,39,1,0,0,1,0.1
before,sim,500,,,moderate,-6.0,average,fading,,2000,271.7,58.9,76.1,0.774,1,3,2,2,7,42,1,0,0,1,0.1
before,sim,500,,,moderate,-6.0,average,fading,,2000,213.9,74.8,76.1,0.983,1,3,3,1,6,32,0,0,0,1,0.0
before,sim,500,,,moderate,-6.0,average,fading,,2000,271.7,58.9,76.1,0.774,1,3,2,2,7,42,1,1,0,1,0.1
before,sim,500,,,moderate,-6.0,average,fading,,2000,250.3,63.9,76.1,0.84,1,3,2,4,7,38,3,0,0,1,0.1
before,sim,500,,,moderate,-6.0,average,fading,,2000,270.6,59.1,76.1,0.777,1,3,2,4,8,41,2,0,0,1,0.1
before,sim,500,,,moderate,-6.0,average,fading,,2000,244.9,65.3,76.1,0.858,1,3,2,4,7,37,2,0,0,1,0.1
before,sim,500,,,moderate,-6.0,average,fading,,2000,286.7,55.8,76.1,0.733,0,3,2,3,8,44,1,0,0,1,0.1
before,sim,500,,,moderate,-6.0,average,fading,,2000,276.0,58.0,76.1,0.762,1,3,2,4,8,42,3,2,0,1,0.1
before,sim,500,,,moderate,-6.0,average,fading,,2000,271.7,58.9,76.1,0.774,1,3,2,2,7,42,1,0,0,1,0.1
before,sim,500,,,moderate,-6.0,average,fading,,2000,271.7,58.9,76.1,0.774,1,3,2,2,7,42,1,0,0,1,0.1
before,sim,500,,,moderate,-6.0,average,fading,,2000,271.7,58.9,76.1,0.774,1,3,3,3,7,42,3,1,0,1,0.1
before,sim,500,,,moderate,-6.0,average,fading,,2000,266.4,60.1,76.1,0.789,1,3,3,3,7,41,2,1,0,1,0.1
before,sim,500,,,moderate,-6.0,average,fading,,2000,276.0,58.0,76.1,0.762,1,3,2,4,8,42,3,2,0,1,0.1
before,sim,500,,,moderate,-6.0,average,fading,,2000,281.3,56.9,76.1,0.747,1,3,2,4,8,43,4,0,0,1,0.1
before,sim,500,,,moderate,-6.0,average,fading,,2000,296.2,54.0,76.1,0.71,0,3,2,5,9,45,3,1,0,1,0.1
before,sim,500,,,moderate,0.0,average,fading,,2000,200.3,79.9,111.9,0.713,1,4,3,4,10,42,4,0,1,1,0.0
before,sim,500,,,moderate,0.0,average,fading,,2000,223.0,71.8,111.9,0.641,1,4,3,5,9,41,4,1,1,1,0.1
before,sim,500,,,moderate,0.0,average,fading,,2000,196.4,81.5,111.9,0.728,3,4,3,3,9,40,2,0,0,1,0.1
before,sim,500,,,moderate,0.0,average,fading,,2000,179.1,89.3,111.9,0.798,3,6,3,4,9,47,3,0,0,1,0.1
before,sim,500,,,moderate,0.0,average,fading,,2000,204.4,78.3,111.9,0.699,1,4,3,5,11,49,6,0,1,1,0.1
before,sim,500,,,moderate,0.0,average,fading,,2000,225.0,71.1,111.9,0.635,0,4,3,8,12,63,20,0,3,1,0.1
before,sim,500,,,moderate,0.0,average,fading,,2000,218.0,73.4,111.9,0.656,1,4,3,3,8,38,1,0,0,1,0.1
before,sim,500,,,moderate,0.0,average,fading,,2000,216.2,74.0,111.9,0.661,0,6,3,6,13,72,21,2,3,1,0.1
before,sim,500,,,moderate,0.0,average,fading,,2000,188.6,84.9,111.9,0.758,3,5,3,4,10,48,6,2,0,1,0.0
before,sim,500,,,moderate,0.0,average,fading,,2000,207.8,77.0,111.9,0.688,2,4,3,4,9,47,9,0,1,1,0.1
before,sim,500,,,moderate,0.0,average,fading,,2000,206.2,77.6,111.9,0.693,1,5,3,7,14,63,7,0,1,1,0.1
before,sim,500,,,moderate,0.0,average,fading,,2000,219.1,73.0,111.9,0.652,1,4,3,3,8,39,2,1,0,1,0.0
before,sim,500,,,moderate,0.0,average,fading,,2000,195.2,82.0,111.9,0.732,3,5,3,3,9,50,3,0,0,1,0.1
before,sim,500,,,moderate,0.0,average,fading,,2000,211.5,75.7,111.9,0.676,2,5,3,5,10,60,15,0,2,1,0.1
before,sim,500,,,moderate,0.0,average,fading,,2000,248.3,64.4,111.9,0.576,1,4,3,6,10,48,10,1,2,1,0.1
before,sim,500,,,moderate,0.0,average,fading,,2000,199.6,80.2,111.9,0.716,3,4,3,3,9,43,5,1,0,1,0.1
before,sim,500,,,moderate,0.0,average,fading,,2000,224.1,71.4,111.9,0.638,0,4,3,7,11,56,18,0,3,1,0.1
before,sim,500,,,moderate,0.0,average,fading,,2000,211.5,75.7,111.9,0.676,2,5,3,5,10,60,15,0,2,1,0.1
before,sim,500,,,moderate,0.0,average,fading,,2000,208.8,76.6,111.9,0.684,2,4,3,4,9,48,10,2,1,1,0.1
before,sim,500,,,moderate,0.0,average,fading,,2000,218.0,73.4,111.9,0.656,1,4,3,3,8,38,1,0,0,1,0.1
before,sim,500,,,moderate,6.0,average,fading,,2000,112.4,142.3,258.1,0.551,5,9,5,6,14,82,7,1,0,1,0.1
before,sim,500,,,moderate,6.0,average,fading,,2000,88.3,181.3,258.1,0.702,5,9,5,5,11,62,5,0,0,1,0.0
before,sim,500,,,moderate,6.0,average,fading,,2000,165.1,96.9,258.1,0.376,3,7,3,5,9,49,4,0,0,1,0.0
before,sim,500,,,moderate,6.0,average,fading,,2000,76.7,208.5,258.1,0.808,6,10,6,5,9,53,4,0,0,1,0.0
before,sim,500,,,moderate,6.0,average,fading,,2000,153.4,104.3,258.1,0.404,3,7,3,6,15,80,6,0,0,1,0.1
before,sim,500,,,moderate,6.0,average,fading,,2000,158.4,101.0,258.1,0.391,3,9,3,5,11,57,5,2,0,1,0.1
before,sim,500,,,moderate,6.0,average,fading,,2000,127.6,125.3,258.1,0.486,4,7,5,9,16,93,15,0,2,1,0.1
before,sim,500,,,moderate,6.0,average,fading,,2000,104.8,152.7,258.1,0.592,3,10,3,6,10,54,8,1,0,1,0.1
before,sim,500,,,moderate,6.0,average,fading,,2000,92.5,173.0,258.1,0.67,5,9,5,5,11,66,7,2,0,1,0.1
before,sim,500,,,moderate,6.0,average,fading,,2000,153.0,104.6,258.1,0.405,3,7,3,5,11,56,5,0,0,1,0.1
before,sim,500,,,moderate,6.0,average,fading,,2000,114.3,140.0,258.1,0.543,2,9,5,6,14,83,9,0,1,1,0.1
before,sim,500,,,moderate,6.0,average,fading,,2000,115.3,138.7,258.1,0.538,4,7,4,7,14,84,11,1,1,1,0.1
before,sim,500,,,moderate,6.0,average,fading,,2000,136.5,117.2,258.1,0.454,3,9,3,5,13,73,4,0,0,1,0.1
before,sim,500,,,moderate,6.0,average,fading,,2000,106.1,150.7,258.1,0.584,4,10,4,5,13,77,6,3,0,1,0.1
before,sim,500,,,moderate,6.0,average,fading,,2000,144.6,110.6,258.1,0.429,3,9,3,7,14,79,11,2,1,1,0.1
before,sim,500,,,moderate,6.0,average,fading,,2000,119.8,133.6,258.1,0.518,4,7,7,8,15,88,4,0,0,1,0.1
before,sim,500,,,moderate,6.0,average,fading,,2000,154.4,103.6,258.1,0.402,3,7,3,5,9,47,4,0,0,1,0.1
before,sim,500,,,moderate,6.0,average,fading,,2000,127.4,125.6,258.1,0.487,3,9,3,5,10,52,6,1,0,1,0.1
before,sim,500,,,moderate,6.0,average,fading,,2000,156.8,102.1,258.1,0.395,3,9,3,5,14,76,7,1,0,1,0.0
before,sim,500,,,moderate,6.0,average,fading,,2000,141.2,113.3,258.1,0.439,3,10,3,8,15,83,12,1,1,1,0.1
before,sim,500,,,moderate,12.0,average,fading,,2000,54.7,292.6,402.3,0.727,9,11,9,3,6,35,3,0,0,1,0.0
before,sim,500,,,moderate,12.0,average,fading,,2000,44.2,362.3,402.3,0.901,9,12,11,3,5,26,1,1,0,1,0.0
before,sim,500,,,moderate,12.0,average,fading,,2000,59.9,267.0,402.3,0.664,7,11,7,5,7,39,4,0,0,1,0.0
before,sim,500,,,moderate,12.0,average,fading,,2000,41.0,390.0,402.3,0.969,10,12,11,2,4,24,1,0,0,1,0.0
before,sim,500,,,moderate,12.0,average,fading,,2000,58.9,271.8,402.3,0.676,7,11,7,5,7,38,6,0,0,1,0.0
before,sim,500,,,moderate,12.0,average,fading,,2000,55.7,287.2,402.3,0.714,9,11,9,4,7,35,6,1,0,1,0.0
before,sim,500,,,moderate,12.0,average,fading,,2000,65.2,245.5,402.3,0.61,7,10,9,3,8,43,3,1,0,1,0.0
before,sim,500,,,moderate,12.0,average,fading,,2000,44.2,362.3,402.3,0.901,10,12,11,2,5,26,1,0,0,1,0.0
before,sim,500,,,moderate,12.0,average,fading,,2000,50.5,317.1,402.3,0.788,10,12,10,3,6,31,5,1,0,1,0.0
before,sim,500,,,moderate,12.0,average,fading,,2000,51.5,310.6,402.3,0.772,9,11,10,3,6,32,3,0,0,1,0.0
before,sim,500,,,moderate,12.0,average,fading,,2000,44.2,362.3,402.3,0.901,10,12,11,2,5,26,1,0,0,1,0.0
before,sim,500,,,moderate,12.0,average,fading,,2000,54.7,292.6,402.3,0.727,9,11,9,3,6,35,2,1,0,1,0.0
before,sim,500,,,moderate,12.0,average,fading,,2000,44.2,362.3,402.3,0.901,10,12,11,2,5,26,1,0,0,1,0.0
before,sim,500,,,moderate,12.0,average,fading,,2000,48.4,330.9,402.3,0.823,9,12,9,4,6,29,4,0,0,1,0.0
before,sim,500,,,moderate,12.0,average,fading,,2000,68.3,234.2,402.3,0.582,7,10,7,4,8,46,4,0,0,1,0.0
before,sim,500,,,moderate,12.0,average,fading,,2000,55.7,287.2,402.3,0.714,9,11,9,5,7,35,5,2,0,1,0.0
before,sim,500,,,moderate,12.0,average,fading,,2000,61.0,262.4,402.3,0.652,7,11,7,5,7,40,6,2,0,1,0.0
before,sim,500,,,moderate,12.0,average,fading,,2000,47.3,338.1,402.3,0.84,9,12,11,3,5,29,3,1,0,1,0.0
before,sim,500,,,moderate,12.0,average,fading,,2000,59.9,267.0,402.3,0.664,9,11,9,3,7,39,5,1,0,1,0.0
before,sim,500,,,moderate,12.0,average,fading,,2000,47.3,338.1,402.3,0.84,9,12,11,3,5,29,2,0,0,1,0.0
before,sim,500,,,poor,-12.0,average,fading,,2000,577.6,27.7,35.8,0.773,0,1,1,5,16,92,4,2,0,1,0.1
before,sim,500,,,poor,-12.0,average,fading,,2000,592.6,27.0,35.8,0.754,0,1,0,6,17,94,6,2,0,1,0.1
before,sim,500,,,poor,-12.0,average,fading,,2000,608.6,26.3,35.8,0.734,0,1,0,4,17,97,8,0,0,1,0.2
before,sim,500,,,poor,-12.0,average,fading,,2000,583.0,27.4,35.8,0.766,0,1,0,4,16,93,4,0,0,1,0.1
before,sim,500,,,poor,-12.0,average,fading,,2000,583.0,27.4,35.8,0.766,0,1,0,4,16,93,7,2,0,1,0.2
before,sim,500,,,poor,-12.0,average,fading,,2000,562.7,28.4,35.8,0.794,0,1,0,4,15,90,4,0,0,1,0.2
before,sim,500,,,poor,-12.0,average,fading,,2000,577.6,27.7,35.8,0.773,0,1,0,4,16,92,6,1,0,1,0.2
before,sim,500,,,poor,-12.0,average,fading,,2000,581.8,27.5,35.8,0.768,0,1,0,6,17,92,4,1,0,1,0.1
before,sim,500,,,poor,-12.0,average,fading,,2000,583.0,27.4,35.8,0.766,0,1,0,4,16,93,4,0,0,1,0.2
before,sim,500,,,poor,-12.0,average,fading,,2000,572.3,28.0,35.8,0.781,0,1,1,5,16,91,2,0,0,1,0.2
before,sim,500,,,poor,-12.0,average,fading,,2000,562.7,28.4,35.8,0.794,0,1,0,4,15,90,4,1,0,1,0.2
before,sim,500,,,poor,-12.0,average,fading,,2000,606.4,26.4,35.8,0.737,0,1,0,6,16,94,8,2,0,1,0.2
before,sim,500,,,poor,-12.0,average,fading,,2000,572.3,28.0,35.8,0.781,0,1,1,5,16,91,3,1,0,1,0.2
before,sim,500,,,poor,-12.0,average,fading,,2000,572.3,28.0,35.8,0.781,0,1,1,5,16,91,5,1,0,1,0.2
before,sim,500,,,poor,-12.0,average,fading,,2000,592.6,27.0,35.8,0.754,0,1,0,6,17,94,6,3,0,1,0.2
before,sim,500,,,poor,-12.0,average,fading,,2000,577.6,27.7,35.8,0.773,0,1,0,4,16,92,3,1,0,1,0.2
before,sim,500,,,poor,-12.0,average,fading,,2000,597.9,26.8,35.8,0.747,0,1,0,6,17,95,8,2,0,1,0.1
before,sim,500,,,poor,-12.0,average,fading,,2000,572.3,28.0,35.8,0.781,0,1,1,5,16,91,3,1,0,1,0.1
before,sim,500,,,poor,-12.0,average,fading,,2000,597.9,26.8,35.8,0.747,0,1,0,6,17,95,7,2,0,1,0.2
before,sim,500,,,poor,-12.0,average,fading,,2000,577.6,27.7,35.8,0.773,0,1,1,5,16,92,4,1,0,1,0.2
before,sim,500,,,poor,-6.0,average,fading,,2000,276.0,58.0,76.1,0.762,1,3,2,4,8,42,3,0,0,1,0.1
before,sim,500,,,poor,-6.0,average,fading,,2000,270.6,59.1,76.1,0.777,1,3,2,4,8,41,2,0,0,1,0.1
before,sim,500,,,poor,-6.0,average,fading,,2000,235.4,68.0,76.1,0.893,1,3,2,2,6,36,1,0,0,1,0.1
before,sim,500,,,poor,-6.0,average,fading,,2000,219.3,73.0,76.1,0.959,1,3,2,2,6,33,1,1,0,1,0.0
before,sim,500,,,poor,-6.0,average,fading,,2000,244.9,65.3,76.1,0.858,1,3,2,4,7,37,4,0,0,1,0.0
before,sim,500,,,poor,-6.0,average,fading,,2000,270.6,59.1,76.1,0.777,1,3,1,4,8,41,2,0,0,1,0.1
before,sim,500,,,poor,-6.0,average,fading,,2000,213.9,74.8,76.1,0.983,1,3,3,1,6,32,0,0,0,1,0.0
before,sim,500,,,poor,-6.0,average,fading,,2000,270.6,59.1,76.1,0.777,1,3,2,4,8,41,2,0,0,1,0.1
before,sim,500,,,poor,-6.0,average,fading,,2000,266.4,60.1,76.1,0.789,1,3,2,4,7,41,3,0,0,1,0.1
before,sim,500,,,poor,-6.0,average,fading,,2000,270.6,59.1,76.1,0.777,1,3,2,4,8,41,2,0,0,1,0.1
before,sim,500,,,poor,-6.0,average,fading,,2000,213.9,74.8,76.1,0.983,1,3,3,1,6,32,0,0,0,1,0.0
before,sim,500,,,poor,-6.0,average,fading,,2000,281.3,56.9,76.1,0.747,0,3,3,4,8,43,1,0,0,1,0.1
before,sim,500,,,poor,-6.0,average,fading,,2000,266.4,60.1,76.1,0.789,1,3,2,4,7,41,3,1,0,1,0.1
before,sim,500,,,poor,-6.0,average,fading,,2000,290.9,55.0,76.1,0.723,1,3,2,4,9,44,3,0,0,1,0.1
before,sim,500,,,poor,-6.0,average,fading,,2000,255.7,62.6,76.1,0.822,1,3,3,3,7,39,2,0,0,1,0.1
before,sim,500,,,poor,-6.0,average,fading,,2000,276.0,58.0,76.1,0.762,1,3,2,4,8,42,3,1,0,1,0.1
before,sim,500,,,poor,-6.0,average,fading,,2000,276.0,58.0,76.1,0.762,1,3,2,4,8,42,3,0,0,1,0.1
before,sim,500,,,poor,-6.0,average,fading,,2000,250.3,63.9,76.1,0.84,1,3,3,3,7,38,1,0,0,1,0.1
before,sim,500,,,poor,-6.0,average,fading,,2000,224.7,71.2,76.1,0.936,1,3,2,2,6,34,2,0,0,1,0.1
before,sim,500,,,poor,-6.0,average,fading,,2000,276.0,58.0,76.1,0.762,1,3,2,4,8,42,3,1,0,1,0.1
before,sim,500,,,poor,0.0,average,fading,,2000,218.7,73.1,189.8,0.385,0,4,3,5,11,57,19,0,3,1,0.1
before,sim,500,,,poor,0.0,average,fading,,2000,213.8,74.8,189.8,0.394,2,5,3,8,15,80,19,0,3,1,0.1
before,sim,500,,,poor,0.0,average,fading,,2000,169.1,94.6,189.8,0.499,3,6,3,4,11,59,4,2,0,1,0.1
before,sim,500,,,poor,0.0,average,fading,,2000,252.5,63.4,189.8,0.334,0,5,3,15,22,124,43,1,6,1,0.1
before,sim,500,,,poor,0.0,average,fading,,2000,194.3,82.3,189.8,0.434,3,5,3,2,8,39,2,0,0,1,0.1
before,sim,500,,,poor,0.0,average,fading,,2000,204.1,78.4,189.8,0.413,2,5,3,4,12,64,8,1,1,1,0.1
before,sim,500,,,poor,0.0,average,fading,,2000,186.8,85.7,189.8,0.451,3,5,3,2,8,43,1,0,0,1,0.1
before,sim,500,,,poor,0.0,average,fading,,2000,208.9,76.6,189.8,0.404,0,5,3,5,13,74,13,0,2,1,0.1
before,sim,500,,,poor,0.0,average,fading,,2000,197.5,81.0,189.8,0.427,3,4,3,3,9,41,3,1,0,1,0.1
before,sim,500,,,poor,0.0,average,fading,,2000,188.2,85.0,189.8,0.448,2,5,2,4,10,43,3,1,1,1,0.1
before,sim,500,,,poor,0.0,average,fading,,2000,196.9,81.3,189.8,0.428,3,5,3,5,10,54,8,0,1,1,0.1
before,sim,500,,,poor,0.0,average,fading,,2000,207.8,77.0,189.8,0.406,1,4,4,6,9,39,2,0,1,1,0.1
before,sim,500,,,poor,0.0,average,fading,,2000,181.4,88.2,189.8,0.465,3,6,3,3,8,42,3,0,0,1,0.1
before,sim,500,,,poor,0.0,average,fading,,2000,200.2,79.9,189.8,0.421,1,5,2,6,10,50,8,0,2,1,0.1
before,sim,500,,,poor,0.0,average,fading,,2000,214.6,74.6,189.8,0.393,2,5,3,6,11,62,15,0,2,1,0.1
before,sim,500,,,poor,0.0,average,fading,,2000,217.5,73.6,189.8,0.388,1,5,3,7,10,46,5,0,1,1,0.1
before,sim,500,,,poor,0.0,average,fading,,2000,202.8,78.9,189.8,0.416,0,5,0,7,11,51,9,0,3,1,0.1
before,sim,500,,,poor,0.0,average,fading,,2000,193.5,82.7,189.8,0.436,3,5,3,4,11,58,7,1,1,1,0.1
before,sim,500,,,poor,0.0,average,fading,,2000,192.6,83.1,189.8,0.438,1,5,4,6,10,46,4,0,1,1,0.1
before,sim,500,,,poor,0.0,average,fading,,2000,183.5,87.2,189.8,0.46,3,5,4,3,8,43,1,0,0,1,0.1
before,sim,500,,,poor,6.0,average,fading,,2000,91.4,175.0,296.0,0.591,5,9,6,6,11,65,4,0,0,1,0.1
before,sim,500,,,poor,6.0,average,fading,,2000,88.3,181.3,296.0,0.612,5,9,5,4,11,62,6,0,0,1,0.1
before,sim,500,,,poor,6.0,average,fading,,2000,67.3,237.8,296.0,0.803,6,10,7,4,8,45,4,1,0,1,0.0
before,sim,500,,,poor,6.0,average,fading,,2000,79.9,200.3,296.0,0.677,6,9,7,4,10,55,3,1,0,1,0.0
before,sim,500,,,poor,6.0,average,fading,,2000,88.0,181.8,296.0,0.614,5,9,7,5,11,61,9,0,1,1,0.0
before,sim,500,,,poor,6.0,average,fading,,2000,94.6,169.2,296.0,0.572,5,9,5,4,12,67,4,0,0,1,0.1
before,sim,500,,,poor,6.0,average,fading,,2000,84.1,190.3,296.0,0.643,5,9,7,4,10,59,3,0,0,1,0.1
before,sim,500,,,poor,6.0,average,fading,,2000,87.2,183.4,296.0,0.62,6,9,6,3,11,61,4,2,0,1,0.1
before,sim,500,,,poor,6.0,average,fading,,2000,101.9,157.0,296.0,0.53,5,9,7,7,13,73,3,1,0,1,0.1
before,sim,500,,,poor,6.0,average,fading,,2000,85.1,188.1,296.0,0.635,6,9,6,3,10,56,3,0,0,1,0.0
before,sim,500,,,poor,6.0,average,fading,,2000,89.5,178.8,296.0,0.604,6,9,7,4,11,61,2,0,0,1,0.0
before,sim,500,,,poor,6.0,average,fading,,2000,96.7,165.5,296.0,0.559,5,9,5,5,12,69,3,0,0,1,0.0
before,sim,500,,,poor,6.0,average,fading,,2000,105.9,151.1,296.0,0.511,4,9,6,6,13,76,8,0,1,1,0.1
before,sim,500,,,poor,6.0,average,fading,,2000,98.8,162.0,296.0,0.547,5,9,7,7,13,70,4,1,0,1,0.0
before,sim,500,,,poor,6.0,average,fading,,2000,116.6,137.2,296.0,0.463,4,9,6,6,15,85,3,2,0,1,0.1
before,sim,500,,,poor,6.0,average,fading,,2000,115.3,138.7,296.0,0.469,4,7,5,6,14,84,9,0,1,1,0.1
before,sim,500,,,poor,6.0,average,fading,,2000,147.4,108.5,296.0,0.367,3,7,3,6,12,65,5,0,0,1,0.1
before,sim,500,,,poor,6.0,average,fading,,2000,94.6,169.2,296.0,0.572,5,7,7,5,12,67,2,0,0,1,0.1
before,sim,500,,,poor,6.0,average,fading,,2000,116.6,137.2,296.0,0.463,4,9,6,6,15,85,6,1,0,1,0.1
before,sim,500,,,poor,6.0,average,fading,,2000,83.0,192.7,296.0,0.651,6,9,6,3,10,58,2,0,0,1,0.1
before,sim,500,,,poor,12.0,average,fading,,2000,48.4,330.7,614.8,0.538,6,12,12,3,5,30,0,0,0,1,0.0
before,sim,500,,,poor,12.0,average,fading,,2000,49.4,323.8,614.8,0.527,6,12,11,4,6,30,2,1,0,1,0.0
before,sim,500,,,poor,12.0,average,fading,,2000,45.2,353.9,614.8,0.576,6,12,11,3,5,27,1,1,0,1,0.0
before,sim,500,,,poor,12.0,average,fading,,2000,48.4,330.7,614.8,0.538,6,12,11,3,5,30,2,1,0,1,0.0
before,sim,500,,,poor,12.0,average,fading,,2000,52.6,304.4,614.8,0.495,6,12,11,4,6,33,3,0,0,1,0.1
before,sim,500,,,poor,12.0,average,fading,,2000,66.2,241.6,614.8,0.393,6,10,9,4,8,44,2,0,0,1,0.0
before,sim,500,,,poor,12.0,average,fading,,2000,53.6,298.4,614.8,0.485,6,12,11,4,6,34,4,0,0,1,0.1
before,sim,500,,,poor,12.0,average,fading,,2000,50.5,317.1,614.8,0.516,6,12,11,4,6,31,1,0,0,1,0.0
before,sim,500,,,poor,12.0,average,fading,,2000,50.5,317.1,614.8,0.516,6,12,11,4,6,31,1,0,0,1,0.0
before,sim,500,,,poor,12.0,average,fading,,2000,46.3,345.8,614.8,0.562,6,12,12,3,5,28,0,0,0,1,0.0
before,sim,500,,,poor,12.0,average,fading,,2000,46.3,345.8,614.8,0.562,6,12,11,3,5,28,2,1,0,1,0.0
before,sim,500,,,poor,12.0,average,fading,,2000,51.5,310.6,614.8,0.505,6,12,10,5,6,32,2,0,0,1,0.0
before,sim,500,,,poor,12.0,average,fading,,2000,53.6,298.5,614.8,0.486,6,12,10,5,7,33,3,0,0,1,0.1
before,sim,500,,,poor,12.0,average,fading,,2000,61.0,262.4,614.8,0.427,6,11,9,4,7,40,2,0,0,1,0.1
before,sim,500,,,poor,12.0,average,fading,,2000,53.6,298.4,614.8,0.485,6,11,11,4,6,34,2,0,0,1,0.0
before,sim,500,,,poor,12.0,average,fading,,2000,55.7,287.1,614.8,0.467,6,11,11,4,6,36,1,0,0,1,0.0
before,sim,500,,,poor,12.0,average,fading,,2000,50.5,317.1,614.8,0.516,6,12,11,4,6,31,1,1,0,1,0.0
before,sim,500,,,poor,12.0,average,fading,,2000,51.5,310.6,614.8,0.505,6,12,11,4,6,32,2,1,0,1,0.0
before,sim,500,,,poor,12.0,average,fading,,2000,53.6,298.4,614.8,0.485,6,11,11,4,6,34,1,0,0,1,0.0
before,sim,500,,,poor,12.0,average,fading,,2000,50.5,317.1,614.8,0.516,6,12,11,4,6,31,1,0,0,1,0.0
after,sim,500,,,good,-12.0,average,fading,,2000,719.4,22.2,0.0,,0,0,0,0,20,115,19,1,2,1,0.2
after,sim,500,,,good,-12.0,average,fading,,2000,811.4,19.7,0.0,,0,1,0,3,22,130,44,1,6,1,0.2
after,sim,500,,,good,-12.0,average,fading,,2000,657.8,15.7,0.0,,0,1,0,2,14,84,26,0,4,0,0.1
after,sim,500,,,good,-12.0,average,fading,,2000,814.0,19.7,0.0,,0,1,0,2,23,130,38,2,4,1,0.2
after,sim,500,,,good,-12.0,average,fading,,2000,692.0,23.1,0.0,,0,2,0,4,19,109,24,3,3,1,0.2
after,sim,500,,,good,-12.0,average,fading,,2000,667.3,24.0,0.0,,0,1,0,2,18,107,15,2,1,1,0.2
after,sim,500,,,good,-12.0,average,fading,,2000,719.4,22.2,0.0,,0,0,0,0,20,115,19,3,2,1,0.2
after,sim,500,,,good,-12.0,average,fading,,2000,730.1,21.9,0.0,,0,0,0,0,20,117,21,2,2,1,0.2
after,sim,500,,,good,-12.0,average,fading,,2000,800.3,20.0,0.0,,0,1,0,1,21,125,33,2,4,1,0.2
after,sim,500,,,good,-12.0,average,fading,,2000,739.9,21.6,0.0,,0,0,0,0,20,116,20,3,2,1,0.2
after,sim,500,,,good,-12.0,average,fading,,2000,615.6,26.0,0.0,,0,1,0,4,17,98,16,0,2,1,0.2
after,sim,500,,,good,-12.0,average,fading,,2000,741.6,21.6,0.0,,0,1,0,2,20,119,27,2,3,1,0.2
after,sim,500,,,good,-12.0,average,fading,,2000,741.6,21.6,0.0,,0,1,0,2,20,119,27,1,3,1,0.2
after,sim,500,,,good,-12.0,average,fading,,2000,850.6,18.8,0.0,,0,0,0,0,23,134,38,2,4,1,0.2
after,sim,500,,,good,-12.0,average,fading,,2000,741.4,21.6,0.0,,0,0,0,0,21,114,18,3,2,1,0.2
after,sim,500,,,good,-12.0,average,fading,,2000,899.8,17.8,0.0,,0,0,0,0,25,144,48,3,7,1,0.3
after,sim,500,,,good,-12.0,average,fading,,2000,701.9,22.8,0.0,,0,1,0,1,19,111,19,0,2,1,0.2
after,sim,500,,,good,-12.0,average,fading,,2000,773.4,20.7,0.0,,0,0,0,0,21,124,28,1,4,1,0.2
after,sim,500,,,good,-12.0,average,fading,,2000,298.7,3.4,0.0,,0,0,0,0,4,24,18,0,3,0,0.0
after,sim,500,,,good,-12.0,average,fading,,2000,819.3,19.5,0.0,,0,1,0,2,23,131,39,1,4,1,0.2
after,sim,500,,,good,-6.0,average,fading,,2000,344.5,46.4,76.1,0.61,0,3,0,4,9,54,6,0,0,1,0.1
after,sim,500,,,good,-6.0,average,fading,,2000,514.1,31.1,76.1,0.409,0,4,0,7,16,96,28,2,4,1,0.2
after,sim,500,,,good,-6.0,average,fading,,2000,271.7,58.9,76.1,0.774,0,3,2,3,7,42,2,1,0,1,0.1
after,sim,500,,,good,-6.0,average,fading,,2000,333.8,47.9,76.1,0.63,1,3,1,3,9,52,5,2,0,1,0.1
after,sim,500,,,good,-6.0,average,fading,,2000,297.4,53.8,76.1,0.707,0,3,0,5,8,46,7,1,0,1,0.1
after,sim,500,,,good,-6.0,average,fading,,2000,271.7,58.9,76.1,0.774,1,3,2,2,7,42,1,0,0,1,0.1
after,sim,500,,,good,-6.0,average,fading,,2000,297.4,53.8,76.1,0.707,0,3,2,4,8,46,2,0,0,1,0.1
after,sim,500,,,good,-6.0,average,fading,,2000,395.8,40.4,76.1,0.531,0,2,1,5,11,62,2,0,0,1,0.2
after,sim,500,,,good,-6.0,average,fading,,2000,370.1,43.2,76.1,0.568,0,3,0,4,10,58,3,1,0,1,0.1
after,sim,500,,,good,-6.0,average,fading,,2000,307.0,52.1,76.1,0.685,0,3,1,5,9,47,3,1,0,1,0.1
after,sim,500,,,good,-6.0,average,fading,,2000,224.7,71.2,76.1,0.936,1,3,2,2,6,34,2,1,0,1,0.1
after,sim,500,,,good,-6.0,average,fading,,2000,390.4,41.0,76.1,0.538,0,3,1,5,11,61,4,0,0,1,0.1
after,sim,500,,,good,-6.0,average,fading,,2000,339.1,47.2,76.1,0.62,0,3,1,4,9,53,2,1,0,1,0.1
after,sim,500,,,good,-6.0,average,fading,,2000,406.5,39.4,76.1,0.517,0,2,0,5,11,64,3,0,0,1,0.2
after,sim,500,,,good,-6.0,average,fading,,2000,286.7,55.8,76.1,0.733,1,3,2,4,8,44,6,3,0,1,0.1
after,sim,500,,,good,-6.0,average,fading,,2000,406.5,39.4,76.1,0.517,0,2,0,6,11,64,3,0,0,1,0.2
after,sim,500,,,good,-6.0,average,fading,,2000,344.5,46.4,76.1,0.61,1,3,1,3,9,54,2,0,0,1,0.1
after,sim,500,,,good,-6.0,average,fading,,2000,302.8,52.8,76.1,0.694,1,3,1,3,8,47,3,0,0,1,0.1
after,sim,500,,,good,-6.0,average,fading,,2000,333.8,47.9,76.1,0.63,1,3,2,4,9,52,2,0,0,1,0.1
after,sim,500,,,good,-6.0,average,fading,,2000,442.9,36.1,76.1,0.475,0,3,0,4,12,70,4,1,0,1,0.1
after,sim,500,,,good,0.0,average,fading,,2000,217.3,73.6,111.9,0.658,2,5,2,5,10,51,8,1,1,1,0.1
after,sim,500,,,good,0.0,average,fading,,2000,252.2,63.4,111.9,0.567,2,6,3,7,12,62,14,0,2,1,0.1
after,sim,500,,,good,0.0,average,fading,,2000,295.8,54.1,111.9,0.483,0,4,3,9,14,69,27,0,6,1,0.1
after,sim,500,,,good,0.0,average,fading,,2000,228.8,69.9,111.9,0.625,1,5,3,7,12,64,11,0,1,1,0.1
after,sim,500,,,good,0.0,average,fading,,2000,156.5,102.2,111.9,0.913,3,7,3,3,9,49,5,0,0,1,0.1
after,sim,500,,,good,0.0,average,fading,,2000,171.8,93.1,111.9,0.832,0,7,5,10,14,81,21,3,3,1,0.1
after,sim,500,,,good,0.0,average,fading,,2000,201.0,79.6,111.9,0.711,1,5,5,2,6,34,0,0,0,1,0.1
after,sim,500,,,good,0.0,average,fading,,2000,224.7,71.2,111.9,0.636,1,3,3,3,6,34,1,0,0,1,0.1
after,sim,500,,,good,0.0,average,fading,,2000,160.6,99.6,111.9,0.89,2,7,3,6,11,55,5,3,0,1,0.1
after,sim,500,,,good,0.0,average,fading,,2000,238.0,67.2,111.9,0.601,0,4,3,8,12,59,12,2,3,1,0.1
after,sim,500,,,good,0.0,average,fading,,2000,214.5,74.6,111.9,0.666,2,6,2,8,13,67,15,0,2,1,0.1
after,sim,500,,,good,0.0,average,fading,,2000,240.6,66.5,111.9,0.594,0,4,2,6,10,50,15,1,2,1,0.1
after,sim,500,,,good,0.0,average,fading,,2000,207.9,77.0,111.9,0.687,1,5,3,3,7,38,4,0,1,1,0.1
after,sim,500,,,good,0.0,average,fading,,2000,258.6,61.9,111.9,0.553,2,4,2,4,9,48,7,1,0,1,0.1
after,sim,500,,,good,0.0,average,fading,,2000,208.4,76.8,111.9,0.686,2,4,3,3,7,37,2,0,0,1,0.1
after,sim,500,,,good,0.0,average,fading,,2000,213.4,75.0,111.9,0.67,1,4,4,4,8,43,6,0,0,1,0.1
after,sim,500,,,good,0.0,average,fading,,2000,195.4,81.9,111.9,0.731,3,5,3,3,10,57,12,0,2,1,0.1
after,sim,500,,,good,0.0,average,fading,,2000,220.5,72.6,111.9,0.648,0,7,3,10,13,76,23,2,3,1,0.1
after,sim,500,,,good,0.0,average,fading,,2000,190.5,84.0,111.9,0.75,1,5,3,5,10,52,7,2,1,1,0.1
after,sim,500,,,good,0.0,average,fading,,2000,210.3,76.1,111.9,0.68,2,5,3,6,14,71,9,1,1,1,0.1
after,sim,500,,,good,6.0,average,fading,,2000,118.3,135.2,258.1,0.524,3,9,6,8,12,62,6,1,0,1,0.1
after,sim,500,,,good,6.0,average,fading,,2000,108.7,147.1,258.1,0.57,3,9,3,5,12,64,10,1,0,1,0.1
after,sim,500,,,good,6.0,average,fading,,2000,60.9,262.5,258.1,1.017,4,11,7,5,8,39,4,0,0,1,0.0
after,sim,500,,,good,6.0,average,fading,,2000,109.3,146.4,258.1,0.567,4,9,5,5,14,79,9,1,0,1,0.1
after,sim,500,,,good,6.0,average,fading,,2000,55.7,287.1,258.1,1.113,7,11,7,3,6,36,5,0,0,1,0.0
after,sim,500,,,good,6.0,average,fading,,2000,92.5,173.0,258.1,0.67,4,9,6,5,11,66,5,0,0,1,0.1
after,sim,500,,,good,6.0,average,fading,,2000,99.8,160.3,258.1,0.621,4,7,5,6,12,72,4,0,0,1,0.1
after,sim,500,,,good,6.0,average,fading,,2000,103.1,155.2,258.1,0.601,3,10,3,7,12,62,12,1,1,1,0.1
after,sim,500,,,good,6.0,average,fading,,2000,57.8,276.8,258.1,1.072,6,11,7,4,7,37,3,3,0,1,0.0
after,sim,500,,,good,6.0,average,fading,,2000,95.4,167.8,258.1,0.65,4,11,4,8,12,67,13,0,1,1,0.1
after,sim,500,,,good,6.0,average,fading,,2000,87.2,183.4,258.1,0.711,5,10,6,6,11,61,7,0,0,1,0.1
after,sim,500,,,good,6.0,average,fading,,2000,125.8,127.2,258.1,0.493,3,6,5,9,16,92,13,0,1,1,0.1
after,sim,500,,,good,6.0,average,fading,,2000,113.0,141.5,258.1,0.548,3,9,3,7,12,64,6,0,0,1,0.1
after,sim,500,,,good,6.0,average,fading,,2000,155.8,102.7,258.1,0.398,2,7,7,14,20,115,26,1,3,1,0.1
after,sim,500,,,good,6.0,average,fading,,2000,138.1,115.9,258.1,0.449,3,7,3,5,10,54,5,1,0,1,0.1
after,sim,500,,,good,6.0,average,fading,,2000,102.7,155.8,258.1,0.604,4,9,6,9,13,73,10,0,1,1,0.1
after,sim,500,,,good,6.0,average,fading,,2000,88.3,181.3,258.1,0.702,5,9,6,5,11,62,7,1,0,1,0.1
after,sim,500,,,good,6.0,average,fading,,2000,129.6,123.4,258.1,0.478,3,9,6,7,13,71,8,0,1,1,0.1
after,sim,500,,,good,6.0,average,fading,,2000,133.6,119.8,258.1,0.464,2,9,3,8,16,87,14,1,1,1,0.1
after,sim,500,,,good,6.0,average,fading,,2000,93.5,171.1,258.1,0.663,3,9,3,6,12,66,6,0,0,1,0.1
after,sim,500,,,good,12.0,average,fading,,2000,53.6,298.5,538.9,0.554,7,12,7,6,7,33,6,2,0,1,0.0
after,sim,500,,,good,12.0,average,fading,,2000,47.3,338.3,538.9,0.628,10,12,10,2,6,28,4,1,0,1,0.0
after,sim,500,,,good,12.0,average,fading,,2000,46.2,346.0,538.9,0.642,9,12,11,4,6,27,3,0,0,1,0.0
after,sim,500,,,good,12.0,average,fading,,2000,48.4,330.7,538.9,0.614,9,11,11,3,5,30,1,0,0,1,0.0
after,sim,500,,,good,12.0,average,fading,,2000,34.7,461.1,538.9,0.856,12,14,13,3,4,18,1,0,0,1,0.0
after,sim,500,,,good,12.0,average,fading,,2000,51.5,310.6,538.9,0.576,7,12,11,4,6,32,5,0,0,1,0.0
after,sim,500,,,good,12.0,average,fading,,2000,57.8,276.8,538.9,0.514,6,11,10,5,7,37,3,0,0,1,0.0
after,sim,500,,,good,12.0,average,fading,,2000,47.3,338.5,538.9,0.628,6,13,7,5,7,27,3,0,0,1,0.0
after,sim,500,,,good,12.0,average,fading,,2000,37.9,422.6,538.9,0.784,10,14,13,3,4,21,1,1,0,1,0.0
after,sim,500,,,good,12.0,average,fading,,2000,51.5,310.6,538.9,0.576,6,13,10,5,6,32,6,0,0,1,0.0
after,sim,500,,,good,12.0,average,fading,,2000,49.4,323.8,538.9,0.601,9,12,10,4,6,30,4,1,0,1,0.0
after,sim,500,,,good,12.0,average,fading,,2000,65.2,245.5,538.9,0.456,7,10,10,4,8,43,4,0,0,1,0.1
after,sim,500,,,good,12.0,average,fading,,2000,52.6,304.4,538.9,0.565,9,11,11,3,6,33,3,0,0,1,0.0
after,sim,500,,,good,12.0,average,fading,,2000,59.9,267.0,538.9,0.495,7,11,7,5,7,39,6,0,0,1,0.0
after,sim,500,,,good,12.0,average,fading,,2000,48.4,330.7,538.9,0.614,9,11,10,2,5,30,1,0,0,1,0.0
after,sim,500,,,good,12.0,average,fading,,2000,63.1,253.6,538.9,0.471,6,10,9,3,7,42,1,0,0,1,0.0
after,sim,500,,,good,12.0,average,fading,,2000,46.3,345.8,538.9,0.642,11,12,11,1,5,28,4,0,0,1,0.0
after,sim,500,,,good,12.0,average,fading,,2000,79.9,200.3,538.9,0.372,6,9,6,6,10,55,5,0,0,1,0.0
after,sim,500,,,good,12.0,average,fading,,2000,42.1,380.5,538.9,0.706,11,12,11,3,5,24,4,0,0,1,0.0
after,sim,500,,,good,12.0,average,fading,,2000,44.2,362.3,538.9,0.672,11,12,11,2,5,26,2,0,0,1,0.0
after,sim,500,,,moderate,-12.0,average,fading,,2000,630.9,25.4,35.8,0.708,0,1,0,4,17,101,12,1,1,1,0.2
after,sim,500,,,moderate,-12.0,average,fading,,2000,645.0,24.8,35.8,0.692,0,0,0,0,18,103,7,0,0,1,0.2
after,sim,500,,,moderate,-12.0,average,fading,,2000,599.1,26.7,35.8,0.746,0,1,0,4,16,96,7,1,0,1,0.1
after,sim,500,,,moderate,-12.0,average,fading,,2000,645.8,24.8,35.8,0.692,0,1,0,2,18,103,11,0,1,1,0.2
after,sim,500,,,moderate,-12.0,average,fading,,2000,572.3,28.0,35.8,0.781,0,1,0,4,16,91,5,1,0,1,0.1
after,sim,500,,,moderate,-12.0,average,fading,,2000,599.1,26.7,35.8,0.746,0,1,0,2,16,96,4,0,0,1,0.1
after,sim,500,,,moderate,-12.0,average,fading,,2000,577.6,27.7,35.8,0.773,0,1,0,2,16,92,3,0,0,1,0.1
after,sim,500,,,moderate,-12.0,average,fading,,2000,608.6,26.3,35.8,0.734,0,1,0,2,17,97,5,1,0,1,0.2
after,sim,500,,,moderate,-12.0,average,fading,,2000,668.1,23.9,35.8,0.669,0,1,0,4,18,103,14,1,2,1,0.1
after,sim,500,,,moderate,-12.0,average,fading,,2000,588.4,27.2,35.8,0.759,0,1,0,4,16,94,5,0,0,1,0.1
after,sim,500,,,moderate,-12.0,average,fading,,2000,599.1,26.7,35.8,0.746,0,1,0,2,16,96,4,0,0,1,0.1
after,sim,500,,,moderate,-12.0,average,fading,,2000,626.7,25.5,35.8,0.713,0,1,0,2,17,97,5,0,0,1,0.2
after,sim,500,,,moderate,-12.0,average,fading,,2000,651.2,24.6,35.8,0.686,0,1,0,2,18,104,12,1,1,1,0.2
after,sim,500,,,moderate,-12.0,average,fading,,2000,636.2,25.1,35.8,0.702,0,1,0,2,17,102,10,0,1,1,0.1
after,sim,500,,,moderate,-12.0,average,fading,,2000,608.6,26.3,35.8,0.734,0,1,0,2,17,97,5,0,0,1,0.2
after,sim,500,,,moderate,-12.0,average,fading,,2000,645.8,24.8,35.8,0.692,0,1,0,4,18,103,14,1,1,1,0.2
after,sim,500,,,moderate,-12.0,average,fading,,2000,624.7,25.6,35.8,0.715,0,1,0,2,17,100,8,1,0,1,0.2
after,sim,500,,,moderate,-12.0,average,fading,,2000,583.0,27.4,35.8,0.766,0,1,0,4,16,93,4,1,0,1,0.1
after,sim,500,,,moderate,-12.0,average,fading,,2000,608.6,26.3,35.8,0.734,0,1,0,2,17,97,5,1,0,1,0.1
after,sim,500,,,moderate,-12.0,average,fading,,2000,603.3,26.5,35.8,0.74,0,1,0,2,17,96,3,0,0,1,0.1
after,sim,500,,,moderate,-6.0,average,fading,,2000,281.3,56.9,76.1,0.747,1,3,3,3,8,43,2,0,0,1,0.1
after,sim,500,,,moderate,-6.0,average,fading,,2000,286.7,55.8,76.1,0.733,0,3,3,4,8,44,2,1,0,1,0.1
after,sim,500,,,moderate,-6.0,average,fading,,2000,266.4,60.1,76.1,0.789,1,3,3,3,7,41,2,0,0,1,0.0
after,sim,500,,,moderate,-6.0,average,fading,,2000,261.0,61.3,76.1,0.805,1,3,2,4,7,40,2,0,0,1,0.1
after,sim,500,,,moderate,-6.0,average,fading,,2000,255.7,62.6,76.1,0.822,1,3,2,2,7,39,1,0,0,1,0.1
after,sim,500,,,moderate,-6.0,average,fading,,2000,271.7,58.9,76.1,0.774,1,3,2,2,7,42,1,0,0,1,0.1
after,sim,500,,,moderate,-6.0,average,fading,,2000,213.9,74.8,76.1,0.983,1,3,3,1,6,32,0,0,0,1,0.0
after,sim,500,,,moderate,-6.0,average,fading,,2000,271.7,58.9,76.1,0.774,1,3,2,2,7,42,1,1,0,1,0.1
after,sim,500,,,moderate,-6.0,average,fading,,2000,250.3,63.9,76.1,0.84,1,3,2,4,7,38,3,0,0,1,0.1
after,sim,500,,,moderate,-6.0,average,fading,,2000,270.6,59.1,76.1,0.777,1,3,2,4,8,41,2,0,0,1,0.1
after,sim,500,,,moderate,-6.0,average,fading,,2000,244.9,65.3,76.1,0.858,1,3,2,4,7,37,2,0,0,1,0.1
after,sim,500,,,moderate,-6.0,average,fading,,2000,286.7,55.8,76.1,0.733,0,3,2,3,8,44,1,0,0,1,0.1
after,sim,500,,,moderate,-6.0,average,fading,,2000,276.0,58.0,76.1,0.762,1,3,2,4,8,42,3,2,0,1,0.1
after,sim,500,,,moderate,-6.0,average,fading,,2000,271.7,58.9,76.1,0.774,1,3,2,2,7,42,1,0,0,1,0.1
after,sim,500,,,moderate,-6.0,average,fading,,2000,271.7,58.9,76.1,0.774,1,3,2,2,7,42,1,0,0,1,0.1
after,sim,500,,,moderate,-6.0,average,fading,,2000,271.7,58.9,76.1,0.774,1,3,3,3,7,42,3,1,0,1,0.1
after,sim,500,,,moderate,-6.0,average,fading,,2000,266.4,60.1,76.1,0.789,1,3,3,3,7,41,2,1,0,1,0.1
after,sim,500,,,moderate,-6.0,average,fading,,2000,276.0,58.0,76.1,0.762,1,3,2,4,8,42,3,2,0,1,0.1
after,sim,500,,,moderate,-6.0,average,fading,,2000,281.3,56.9,76.1,0.747,1,3,2,4,8,43,4,0,0,1,0.1
after,sim,500,,,moderate,-6.0,average,fading,,2000,296.2,54.0,76.1,0.71,0,3,2,5,9,45,3,1,0,1,0.1
after,sim,500,,,moderate,0.0,average,fading,,2000,209.3,76.4,111.9,0.683,0,4,3,7,12,47,9,0,3,1,0.1
after,sim,500,,,moderate,0.0,average,fading,,2000,223.0,71.8,111.9,0.641,1,4,3,5,9,41,4,1,1,1,0.0
after,sim,500,,,moderate,0.0,average,fading,,2000,196.4,81.5,111.9,0.728,3,4,3,3,9,40,2,0,0,1,0.0
after,sim,500,,,moderate,0.0,average,fading,,2000,179.1,89.3,111.9,0.798,3,6,3,4,9,47,3,0,0,1,0.0
after,sim,500,,,moderate,0.0,average,fading,,2000,204.5,78.3,111.9,0.699,1,4,3,5,11,49,6,0,1,1,0.1
after,sim,500,,,moderate,0.0,average,fading,,2000,225.0,71.1,111.9,0.635,0,4,3,8,12,63,20,0,3,1,0.1
after,sim,500,,,moderate,0.0,average,fading,,2000,218.0,73.4,111.9,0.656,1,4,3,3,8,38,1,0,0,1,0.1
after,sim,500,,,moderate,0.0,average,fading,,2000,216.3,74.0,111.9,0.661,0,6,3,6,13,72,21,2,3,1,0.1
after,sim,500,,,moderate,0.0,average,fading,,2000,188.6,84.9,111.9,0.758,3,5,3,4,10,48,6,2,0,1,0.0
after,sim,500,,,moderate,0.0,average,fading,,2000,207.8,77.0,111.9,0.688,2,4,3,4,9,47,9,0,1,1,0.1
after,sim,500,,,moderate,0.0,average,fading,,2000,206.2,77.6,111.9,0.693,1,5,3,7,14,63,7,0,1,1,0.1
after,sim,500,,,moderate,0.0,average,fading,,2000,219.1,73.0,111.9,0.652,1,4,3,3,8,39,2,1,0,1,0.1
after,sim,500,,,moderate,0.0,average,fading,,2000,195.2,82.0,111.9,0.732,3,5,3,3,9,50,3,0,0,1,0.1
after,sim,500,,,moderate,0.0,average,fading,,2000,211.5,75.6,111.9,0.676,2,5,3,5,10,60,15,0,2,1,0.1
after,sim,500,,,moderate,0.0,average,fading,,2000,248.3,64.4,111.9,0.576,1,4,3,6,10,48,10,1,2,1,0.1
after,sim,500,,,moderate,0.0,average,fading,,2000,199.6,80.2,111.9,0.716,3,4,3,3,9,43,5,1,0,1,0.1
after,sim,500,,,moderate,0.0,average,fading,,2000,224.1,71.4,111.9,0.638,0,4,3,7,11,56,18,0,3,1,0.1
after,sim,500,,,moderate,0.0,average,fading,,2000,211.5,75.6,111.9,0.676,2,5,3,5,10,60,15,0,2,1,0.1
after,sim,500,,,moderate,0.0,average,fading,,2000,208.8,76.6,111.9,0.684,2,4,3,4,9,48,10,2,1,1,0.1
after,sim,500,,,moderate,0.0,average,fading,,2000,218.0,73.4,111.9,0.656,1,4,3,3,8,38,1,0,0,1,0.1
after,sim,500,,,moderate,6.0,average,fading,,2000,112.4,142.3,258.1,0.551,5,9,5,6,14,82,7,1,0,1,0.1
after,sim,500,,,moderate,6.0,average,fading,,2000,88.3,181.3,258.1,0.702,5,9,5,5,11,62,5,0,0,1,0.0
after,sim,500,,,moderate,6.0,average,fading,,2000,165.1,96.9,258.1,0.376,3,7,3,5,9,49,4,0,0,1,0.0
after,sim,500,,,moderate,6.0,average,fading,,2000,76.7,208.5,258.1,0.808,6,10,6,5,9,53,4,0,0,1,0.0
after,sim,500,,,moderate,6.0,average,fading,,2000,153.4,104.3,258.1,0.404,3,7,3,6,15,80,6,0,0,1,0.1
after,sim,500,,,moderate,6.0,average,fading,,2000,158.4,101.0,258.1,0.391,3,9,3,5,11,57,5,2,0,1,0.0
after,sim,500,,,moderate,6.0,average,fading,,2000,126.6,126.3,258.1,0.49,4,7,6,8,16,92,14,0,2,1,0.1
after,sim,500,,,moderate,6.0,average,fading,,2000,104.8,152.7,258.1,0.592,3,10,3,6,10,54,8,1,0,1,0.1
after,sim,500,,,moderate,6.0,average,fading,,2000,92.5,173.0,258.1,0.67,5,9,5,5,11,66,7,2,0,1,0.1
after,sim,500,,,moderate,6.0,average,fading,,2000,153.0,104.6,258.1,0.405,3,7,3,5,11,56,5,0,0,1,0.1
after,sim,500,,,moderate,6.0,average,fading,,2000,114.3,140.0,258.1,0.542,2,9,5,6,14,83,9,0,1,1,0.1
after,sim,500,,,moderate,6.0,average,fading,,2000,115.3,138.7,258.1,0.538,4,7,4,7,14,84,11,1,1,1,0.1
after,sim,500,,,moderate,6.0,average,fading,,2000,136.5,117.2,258.1,0.454,3,9,3,5,13,73,4,0,0,1,0.1
after,sim,500,,,moderate,6.0,average,fading,,2000,106.1,150.7,258.1,0.584,4,10,4,5,13,77,6,3,0,1,0.1
after,sim,500,,,moderate,6.0,average,fading,,2000,144.6,110.6,258.1,0.429,3,9,3,7,14,79,11,2,1,1,0.2
after,sim,500,,,moderate,6.0,average,fading,,2000,119.8,133.6,258.1,0.518,4,7,7,8,15,88,4,0,0,1,0.1
after,sim,500,,,moderate,6.0,average,fading,,2000,154.4,103.6,258.1,0.402,3,7,3,5,9,47,4,0,0,1,0.1
after,sim,500,,,moderate,6.0,average,fading,,2000,127.4,125.6,258.1,0.487,3,9,3,5,10,52,6,1,0,1,0.0
after,sim,500,,,moderate,6.0,average,fading,,2000,156.8,102.1,258.1,0.395,3,9,3,5,14,76,7,1,0,1,0.1
after,sim,500,,,moderate,6.0,average,fading,,2000,141.3,113.3,258.1,0.439,3,10,3,8,15,83,12,1,1,1,0.1
after,sim,500,,,moderate,12.0,average,fading,,2000,54.7,292.6,402.3,0.727,9,11,9,3,6,35,3,0,0,1,0.0
after,sim,500,,,moderate,12.0,average,fading,,2000,44.2,362.3,402.3,0.901,9,12,11,3,5,26,1,1,0,1,0.0
after,sim,500,,,moderate,12.0,average,fading,,2000,59.9,267.0,402.3,0.664,7,11,7,5,7,39,4,0,0,1,0.0
after,sim,500,,,moderate,12.0,average,fading,,2000,41.0,390.0,402.3,0.969,10,12,11,2,4,24,1,0,0,1,0.0
after,sim,500,,,moderate,12.0,average,fading,,2000,58.9,271.8,402.3,0.676,7,11,7,5,7,38,6,0,0,1,0.0
after,sim,500,,,moderate,12.0,average,fading,,2000,55.7,287.2,402.3,0.714,9,11,9,4,7,35,6,1,0,1,0.0
after,sim,500,,,moderate,12.0,average,fading,,2000,65.2,245.5,402.3,0.61,7,10,9,3,8,43,3,1,0,1,0.0
after,sim,500,,,moderate,12.0,average,fading,,2000,44.2,362.3,402.3,0.901,10,12,11,2,5,26,1,0,0,1,0.0
after,sim,500,,,moderate,12.0,average,fading,,2000,50.5,317.1,402.3,0.788,10,12,10,3,6,31,5,1,0,1,0.0
after,sim,500,,,moderate,12.0,average,fading,,2000,51.5,310.6,402.3,0.772,9,11,10,3,6,32,3,0,0,1,0.0
after,sim,500,,,moderate,12.0,average,fading,,2000,44.2,362.3,402.3,0.901,10,12,11,2,5,26,1,0,0,1,0.0
after,sim,500,,,moderate,12.0,average,fading,,2000,54.7,292.6,402.3,0.727,9,11,9,3,6,35,2,1,0,1,0.0
after,sim,500,,,moderate,12.0,average,fading,,2000,44.2,362.3,402.3,0.901,10,12,11,2,5,26,1,0,0,1,0.0
after,sim,500,,,moderate,12.0,average,fading,,2000,48.4,330.9,402.3,0.823,9,12,9,4,6,29,4,0,0,1,0.0
after,sim,500,,,moderate,12.0,average,fading,,2000,68.3,234.2,402.3,0.582,7,10,7,4,8,46,4,0,0,1,0.0
after,sim,500,,,moderate,12.0,average,fading,,2000,55.7,287.2,402.3,0.714,9,11,9,5,7,35,5,2,0,1,0.1
after,sim,500,,,moderate,12.0,average,fading,,2000,61.0,262.4,402.3,0.652,7,11,7,5,7,40,6,2,0,1,0.0
after,sim,500,,,moderate,12.0,average,fading,,2000,47.3,338.1,402.3,0.84,9,12,11,3,5,29,3,1,0,1,0.0
after,sim,500,,,moderate,12.0,average,fading,,2000,59.9,267.0,402.3,0.664,9,11,9,3,7,39,5,1,0,1,0.0
after,sim,500,,,moderate,12.0,average,fading,,2000,47.3,338.1,402.3,0.84,9,12,11,3,5,29,2,0,0,1,0.0
after,sim,500,,,poor,-12.0,average,fading,,2000,577.6,27.7,35.8,0.773,0,1,1,5,16,92,4,2,0,1,0.1
after,sim,500,,,poor,-12.0,average,fading,,2000,592.6,27.0,35.8,0.754,0,1,0,6,17,94,6,2,0,1,0.1
after,sim,500,,,poor,-12.0,average,fading,,2000,608.6,26.3,35.8,0.734,0,1,0,4,17,97,8,0,0,1,0.2
after,sim,500,,,poor,-12.0,average,fading,,2000,583.0,27.4,35.8,0.766,0,1,0,4,16,93,4,0,0,1,0.2
after,sim,500,,,poor,-12.0,average,fading,,2000,583.0,27.4,35.8,0.766,0,1,0,4,16,93,7,2,0,1,0.2
after,sim,500,,,poor,-12.0,average,fading,,2000,562.7,28.4,35.8,0.794,0,1,0,4,15,90,4,0,0,1,0.2
after,sim,500,,,poor,-12.0,average,fading,,2000,577.6,27.7,35.8,0.773,0,1,0,4,16,92,6,1,0,1,0.2
after,sim,500,,,poor,-12.0,average,fading,,2000,581.8,27.5,35.8,0.768,0,1,0,6,17,92,4,1,0,1,0.2
after,sim,500,,,poor,-12.0,average,fading,,2000,583.0,27.4,35.8,0.766,0,1,0,4,16,93,4,0,0,1,0.2
after,sim,500,,,poor,-12.0,average,fading,,2000,572.3,28.0,35.8,0.781,0,1,1,5,16,91,2,0,0,1,0.2
after,sim,500,,,poor,-12.0,average,fading,,2000,562.7,28.4,35.8,0.794,0,1,0,4,15,90,4,1,0,1,0.2
after,sim,500,,,poor,-12.0,average,fading,,2000,606.4,26.4,35.8,0.737,0,1,0,6,16,94,8,2,0,1,0.2
after,sim,500,,,poor,-12.0,average,fading,,2000,572.3,28.0,35.8,0.781,0,1,1,5,16,91,3,1,0,1,0.2
after,sim,500,,,poor,-12.0,average,fading,,2000,572.3,28.0,35.8,0.781,0,1,1,5,16,91,5,1,0,1,0.2
after,sim,500,,,poor,-12.0,average,fading,,2000,592.6,27.0,35.8,0.754,0,1,0,6,17,94,6,3,0,1,0.2
after,sim,500,,,poor,-12.0,average,fading,,2000,577.6,27.7,35.8,0.773,0,1,0,4,16,92,3,1,0,1,0.2
after,sim,500,,,poor,-12.0,average,fading,,2000,597.9,26.8,35.8,0.747,0,1,0,6,17,95,8,2,0,1,0.1
after,sim,500,,,poor,-12.0,average,fading,,2000,572.3,28.0,35.8,0.781,0,1,1,5,16,91,3,1,0,1,0.2
after,sim,500,,,poor,-12.0,average,fading,,2000,597.9,26.8,35.8,0.747,0,1,0,6,17,95,7,2,0,1,0.2
after,sim,500,,,poor,-12.0,average,fading,,2000,577.6,27.7,35.8,0.773,0,1,1,5,16,92,4,1,0,1,0.2
after,sim,500,,,poor,-6.0,average,fading,,2000,276.0,58.0,76.1,0.762,1,3,2,4,8,42,3,0,0,1,0.1
after,sim,500,,,poor,-6.0,average,fading,,2000,270.6,59.1,76.1,0.777,1,3,2,4,8,41,2,0,0,1,0.1
after,sim,500,,,poor,-6.0,average,fading,,2000,235.4,68.0,76.1,0.893,1,3,2,2,6,36,1,0,0,1,0.1
after,sim,500,,,poor,-6.0,average,fading,,2000,219.3,73.0,76.1,0.959,1,3,2,2,6,33,1,1,0,1,0.0
after,sim,500,,,poor,-6.0,average,fading,,2000,244.9,65.3,76.1,0.858,1,3,2,4,7,37,4,0,0,1,0.1
after,sim,500,,,poor,-6.0,average,fading,,2000,270.6,59.1,76.1,0.777,1,3,1,4,8,41,2,0,0,1,0.1
after,sim,500,,,poor,-6.0,average,fading,,2000,213.9,74.8,76.1,0.983,1,3,3,1,6,32,0,0,0,1,0.1
after,sim,500,,,poor,-6.0,average,fading,,2000,270.6,59.1,76.1,0.777,1,3,2,4,8,41,2,0,0,1,0.1
after,sim,500,,,poor,-6.0,average,fading,,2000,266.4,60.1,76.1,0.789,1,3,2,4,7,41,3,0,0,1,0.1
after,sim,500,,,poor,-6.0,average,fading,,2000,270.6,59.1,76.1,0.777,1,3,2,4,8,41,2,0,0,1,0.1
after,sim,500,,,poor,-6.0,average,fading,,2000,213.9,74.8,76.1,0.983,1,3,3,1,6,32,0,0,0,1,0.1
after,sim,500,,,poor,-6.0,average,fading,,2000,281.3,56.9,76.1,0.747,0,3,3,4,8,43,1,0,0,1,0.1
after,sim,500,,,poor,-6.0,average,fading,,2000,266.4,60.1,76.1,0.789,1,3,2,4,7,41,3,1,0,1,0.1
after,sim,500,,,poor,-6.0,average,fading,,2000,290.9,55.0,76.1,0.723,1,3,2,4,9,44,3,0,0,1,0.1
after,sim,500,,,poor,-6.0,average,fading,,2000,255.7,62.6,76.1,0.822,1,3,3,3,7,39,2,0,0,1,0.1
after,sim,500,,,poor,-6.0,average,fading,,2000,276.0,58.0,76.1,0.762,1,3,2,4,8,42,3,1,0,1,0.1
after,sim,500,,,poor,-6.0,average,fading,,2000,276.0,58.0,76.1,0.762,1,3,2,4,8,42,3,0,0,1,0.1
after,sim,500,,,poor,-6.0,average,fading,,2000,250.3,63.9,76.1,0.84,1,3,3,3,7,38,1,0,0,1,0.1
after,sim,500,,,poor,-6.0,average,fading,,2000,224.7,71.2,76.1,0.936,1,3,2,2,6,34,2,0,0,1,0.1
after,sim,500,,,poor,-6.0,average,fading,,2000,276.0,58.0,76.1,0.762,1,3,2,4,8,42,3,1,0,1,0.1
after,sim,500,,,poor,0.0,average,fading,,2000,205.2,78.0,189.8,0.411,0,5,3,6,11,56,14,0,2,1,0.1
after,sim,500,,,poor,0.0,average,fading,,2000,213.8,74.8,189.8,0.394,2,5,3,8,15,80,19,0,3,1,0.1
after,sim,500,,,poor,0.0,average,fading,,2000,169.1,94.6,189.8,0.499,3,6,3,4,11,59,4,2,0,1,0.1
after,sim,500,,,poor,0.0,average,fading,,2000,258.7,61.8,189.8,0.326,0,5,3,16,22,125,48,1,7,1,0.1
after,sim,500,,,poor,0.0,average,fading,,2000,194.3,82.3,189.8,0.434,3,5,3,2,8,39,2,0,0,1,0.0
after,sim,500,,,poor,0.0,average,fading,,2000,204.1,78.4,189.8,0.413,2,5,3,4,12,64,8,1,1,1,0.1
after,sim,500,,,poor,0.0,average,fading,,2000,186.8,85.7,189.8,0.451,3,5,3,2,8,43,1,0,0,1,0.1
after,sim,500,,,poor,0.0,average,fading,,2000,217.1,73.7,189.8,0.388,0,5,3,5,14,80,19,0,3,1,0.1
after,sim,500,,,poor,0.0,average,fading,,2000,197.5,81.0,189.8,0.427,3,4,3,3,9,41,3,1,0,1,0.1
after,sim,500,,,poor,0.0,average,fading,,2000,188.2,85.0,189.8,0.448,2,5,2,4,10,43,3,1,1,1,0.1
after,sim,500,,,poor,0.0,average,fading,,2000,196.9,81.3,189.8,0.428,3,5,3,5,10,54,8,0,1,1,0.1
after,sim,500,,,poor,0.0,average,fading,,2000,207.9,77.0,189.8,0.406,1,4,4,6,9,39,2,0,1,1,0.1
after,sim,500,,,poor,0.0,average,fading,,2000,181.4,88.2,189.8,0.465,3,6,3,3,8,42,3,0,0,1,0.1
after,sim,500,,,poor,0.0,average,fading,,2000,184.1,86.9,189.8,0.458,1,5,4,5,9,44,2,0,1,1,0.1
after,sim,500,,,poor,0.0,average,fading,,2000,213.6,74.9,189.8,0.395,2,5,3,6,11,61,14,0,2,1,0.1
after,sim,500,,,poor,0.0,average,fading,,2000,217.5,73.6,189.8,0.388,1,5,3,7,10,46,5,0,1,1,0.1
after,sim,500,,,poor,0.0,average,fading,,2000,202.8,78.9,189.8,0.416,0,5,0,7,11,51,9,0,3,1,0.1
after,sim,500,,,poor,0.0,average,fading,,2000,193.5,82.7,189.8,0.436,3,5,3,4,11,58,7,1,1,1,0.1
after,sim,500,,,poor,0.0,average,fading,,2000,192.6,83.1,189.8,0.438,1,5,4,6,10,46,4,0,1,1,0.1
after,sim,500,,,poor,0.0,average,fading,,2000,183.5,87.2,189.8,0.46,3,5,4,3,8,43,1,0,0,1,0.0
after,sim,500,,,poor,6.0,average,fading,,2000,91.4,175.0,296.0,0.591,5,9,6,6,11,65,4,0,0,1,0.0
after,sim,500,,,poor,6.0,average,fading,,2000,88.3,181.3,296.0,0.612,5,9,5,4,11,62,6,0,0,1,0.0
after,sim,500,,,poor,6.0,average,fading,,2000,67.3,237.8,296.0,0.803,6,10,7,4,8,45,4,1,0,1,0.0
after,sim,500,,,poor,6.0,average,fading,,2000,79.9,200.3,296.0,0.677,6,9,7,4,10,55,3,1,0,1,0.0
after,sim,500,,,poor,6.0,average,fading,,2000,88.0,181.8,296.0,0.614,5,9,7,5,11,61,9,0,1,1,0.1
after,sim,500,,,poor,6.0,average,fading,,2000,94.6,169.2,296.0,0.572,5,9,5,4,12,67,4,0,0,1,0.1
after,sim,500,,,poor,6.0,average,fading,,2000,84.1,190.3,296.0,0.643,5,9,7,4,10,59,3,0,0,1,0.1
after,sim,500,,,poor,6.0,average,fading,,2000,87.2,183.4,296.0,0.62,6,9,6,3,11,61,4,2,0,1,0.0
after,sim,500,,,poor,6.0,average,fading,,2000,101.9,157.0,296.0,0.53,5,9,7,7,13,73,3,1,0,1,0.0
after,sim,500,,,poor,6.0,average,fading,,2000,85.1,188.1,296.0,0.635,6,9,6,3,10,56,3,0,0,1,0.0
after,sim,500,,,poor,6.0,average,fading,,2000,89.5,178.8,296.0,0.604,6,9,7,4,11,61,2,0,0,1,0.1
after,sim,500,,,poor,6.0,average,fading,,2000,96.7,165.5,296.0,0.559,5,9,5,5,12,69,3,0,0,1,0.1
after,sim,500,,,poor,6.0,average,fading,,2000,105.9,151.1,296.0,0.51,4,9,6,6,13,76,8,0,1,1,0.1
after,sim,500,,,poor,6.0,average,fading,,2000,98.8,162.0,296.0,0.547,5,9,7,7,13,70,4,1,0,1,0.1
after,sim,500,,,poor,6.0,average,fading,,2000,116.6,137.2,296.0,0.463,4,9,6,6,15,85,3,2,0,1,0.1
after,sim,500,,,poor,6.0,average,fading,,2000,115.3,138.7,296.0,0.469,4,7,5,6,14,84,9,0,1,1,0.1
after,sim,500,,,poor,6.0,average,fading,,2000,147.4,108.5,296.0,0.367,3,7,3,6,12,65,5,0,0,1,0.1
after,sim,500,,,poor,6.0,average,fading,,2000,94.6,169.2,296.0,0.572,5,7,7,5,12,67,2,0,0,1,0.1
after,sim,500,,,poor,6.0,average,fading,,2000,116.6,137.2,296.0,0.463,4,9,6,6,15,85,6,1,0,1,0.1
after,sim,500,,,poor,6.0,average,fading,,2000,83.0,192.7,296.0,0.651,6,9,6,3,10,58,2,0,0,1,0.1
after,sim,500,,,poor,12.0,average,fading,,2000,48.4,330.7,614.8,0.538,6,12,12,3,5,30,0,0,0,1,0.0
after,sim,500,,,poor,12.0,average,fading,,2000,49.4,323.8,614.8,0.527,6,12,11,4,6,30,2,1,0,1,0.0
after,sim,500,,,poor,12.0,average,fading,,2000,45.2,353.9,614.8,0.576,6,12,11,3,5,27,1,1,0,1,0.0
after,sim,500,,,poor,12.0,average,fading,,2000,48.4,330.7,614.8,0.538,6,12,11,3,5,30,2,1,0,1,0.1
after,sim,500,,,poor,12.0,average,fading,,2000,52.6,304.4,614.8,0.495,6,12,11,4,6,33,3,0,0,1,0.0
after,sim,500,,,poor,12.0,average,fading,,2000,66.2,241.6,614.8,0.393,6,10,9,4,8,44,2,0,0,1,0.0
after,sim,500,,,poor,12.0,average,fading,,2000,53.6,298.4,614.8,0.485,6,12,11,4,6,34,4,0,0,1,0.0
after,sim,500,,,poor,12.0,average,fading,,2000,50.5,317.1,614.8,0.516,6,12,11,4,6,31,1,0,0,1,0.0
after,sim,500,,,poor,12.0,average,fading,,2000,50.5,317.1,614.8,0.516,6,12,11,4,6,31,1,0,0,1,0.1
after,sim,500,,,poor,12.0,average,fading,,2000,46.3,345.8,614.8,0.562,6,12,12,3,5,28,0,0,0,1,0.0
after,sim,500,,,poor,12.0,average,fading,,2000,46.3,345.8,614.8,0.562,6,12,11,3,5,28,2,1,0,1,0.0
after,sim,500,,,poor,12.0,average,fading,,2000,51.5,310.6,614.8,0.505,6,12,10,5,6,32,2,0,0,1,0.0
after,sim,500,,,poor,12.0,average,fading,,2000,53.6,298.5,614.8,0.486,6,12,10,5,7,33,3,0,0,1,0.0
after,sim,500,,,poor,12.0,average,fading,,2000,61.0,262.4,614.8,0.427,6,11,9,4,7,40,2,0,0,1,0.0
after,sim,500,,,poor,12.0,average,fading,,2000,53.6,298.4,614.8,0.485,6,11,11,4,6,34,2,0,0,1,0.0
after,sim,500,,,poor,12.0,average,fading,,2000,55.7,287.1,614.8,0.467,6,11,11,4,6,36,1,0,0,1,0.0
after,sim,500,,,poor,12.0,average,fading,,2000,50.5,317.1,614.8,0.516,6,12,11,4,6,31,1,1,0,1,0.1
after,sim,500,,,poor,12.0,average,fading,,2000,51.5,310.6,614.8,0.505,6,12,11,4,6,32,2,1,0,1,0.0
after,sim,500,,,poor,12.0,average,fading,,2000,53.6,298.4,614.8,0.485,6,11,11,4,6,34,1,0,0,1,0.0
after,sim,500,,,poor,12.0,average,fading,,2000,50.5,317.1,614.8,0.516,6,12,11,4,6,31,1,0,0,1,0.0
